<gamelist>
  <game>
    <path>/recalbox/share/rom/No-Intro/Nintendo - Satellaview/3-ji no Wide Shou - 6 Gatsugou (Japan) (Magazine).zip</path>
    <name>3-ji no Wide Shou - 6 Gatsugou (Japan) (Magazine)</name>
    <image>/recalbox/share/thumbs/Nintendo - Satellaview/Named_Titles/3-ji no Wide Shou - 6 Gatsugou (Japan) (Magazine).png</image>
    <video>/recalbox/share/videos/No-Intro/Nintendo - Satellaview/3-ji no Wide Shou - 6 Gatsugou (Japan) (Magazine).mp4</video>
  </game>
  <game>
    <path>/recalbox/share/rom/No-Intro/Nintendo - Satellaview/AK LIVE Hit Gang + Chrono Trigger Unknown Magazine (Japan).zip</path>
    <name>AK LIVE Hit Gang + Chrono Trigger Unknown Magazine (Japan)</name>
    <image>/recalbox/share/thumbs/Nintendo - Satellaview/Named_Titles/AK LIVE Hit Gang + Chrono Trigger Unknown Magazine (Japan).png</image>
    <video>/recalbox/share/videos/No-Intro/Nintendo - Satellaview/AK LIVE Hit Gang + Chrono Trigger Unknown Magazine (Japan).mp4</video>
  </game>
  <game>
    <path>/recalbox/share/rom/No-Intro/Nintendo - Satellaview/Actraiser (Japan).zip</path>
    <name>Actraiser (Japan)</name>
    <image>/recalbox/share/thumbs/Nintendo - Satellaview/Named_Titles/Actraiser (Japan).png</image>
    <video>/recalbox/share/videos/No-Intro/Nintendo - Satellaview/Actraiser (Japan).mp4</video>
  </game>
  <game>
    <path>/recalbox/share/rom/No-Intro/Nintendo - Satellaview/Albert Odyssey (Japan).zip</path>
    <name>Albert Odyssey (Japan)</name>
    <image>/recalbox/share/thumbs/Nintendo - Satellaview/Named_Titles/Albert Odyssey (Japan).png</image>
    <video>/recalbox/share/videos/No-Intro/Nintendo - Satellaview/Albert Odyssey (Japan).mp4</video>
  </game>
  <game>
    <path>/recalbox/share/rom/No-Intro/Nintendo - Satellaview/BS Dragon Quest I (Japan) (SoundLink).zip</path>
    <name>BS Dragon Quest I (Japan) (SoundLink)</name>
    <image>/recalbox/share/thumbs/Nintendo - Satellaview/Named_Titles/BS Dragon Quest I (Japan) (SoundLink).png</image>
    <video>/recalbox/share/videos/No-Intro/Nintendo - Satellaview/BS Dragon Quest I (Japan) (SoundLink).mp4</video>
  </game>
  <game>
    <path>/recalbox/share/rom/No-Intro/Nintendo - Satellaview/BS F-Zero Grand Prix - Dai-2-shuu - Queen League (Japan) (SoundLink).zip</path>
    <name>BS F-Zero Grand Prix - Dai-2-shuu - Queen League (Japan) (SoundLink)</name>
    <image>/recalbox/share/thumbs/Nintendo - Satellaview/Named_Titles/BS F-Zero Grand Prix - Dai-2-shuu - Queen League (Japan) (SoundLink).png</image>
    <video>/recalbox/share/videos/No-Intro/Nintendo - Satellaview/BS F-Zero Grand Prix - Dai-2-shuu - Queen League (Japan) (SoundLink).mp4</video>
  </game>
  <game>
    <path>/recalbox/share/rom/No-Intro/Nintendo - Satellaview/BS F-Zero Grand Prix - Dai-4-shuu - Ace League (Japan) (SoundLink).zip</path>
    <name>BS F-Zero Grand Prix - Dai-4-shuu - Ace League (Japan) (SoundLink)</name>
    <image>/recalbox/share/thumbs/Nintendo - Satellaview/Named_Titles/BS F-Zero Grand Prix - Dai-4-shuu - Ace League (Japan) (SoundLink).png</image>
    <video>/recalbox/share/videos/No-Intro/Nintendo - Satellaview/BS F-Zero Grand Prix - Dai-4-shuu - Ace League (Japan) (SoundLink).mp4</video>
  </game>
  <game>
    <path>/recalbox/share/rom/No-Intro/Nintendo - Satellaview/BS F-Zero Grand Prix 2 - Practice (Japan) (12-6).zip</path>
    <name>BS F-Zero Grand Prix 2 - Practice (Japan) (12-6)</name>
    <image>/recalbox/share/thumbs/Nintendo - Satellaview/Named_Titles/BS F-Zero Grand Prix 2 - Practice (Japan) (12-6).png</image>
    <video>/recalbox/share/videos/No-Intro/Nintendo - Satellaview/BS F-Zero Grand Prix 2 - Practice (Japan) (12-6).mp4</video>
  </game>
  <game>
    <path>/recalbox/share/rom/No-Intro/Nintendo - Satellaview/BS Famitsu Magazine Kawara-ban 4-27 Gou (Japan) (Magazine).zip</path>
    <name>BS Famitsu Magazine Kawara-ban 4-27 Gou (Japan) (Magazine)</name>
    <image>/recalbox/share/thumbs/Nintendo - Satellaview/Named_Titles/BS Famitsu Magazine Kawara-ban 4-27 Gou (Japan) (Magazine).png</image>
    <video>/recalbox/share/videos/No-Intro/Nintendo - Satellaview/BS Famitsu Magazine Kawara-ban 4-27 Gou (Japan) (Magazine).mp4</video>
  </game>
  <game>
    <path>/recalbox/share/rom/No-Intro/Nintendo - Satellaview/BS Famitsu Magazine Kawara-ban 5-24 Gou (Japan) (Magazine).zip</path>
    <name>BS Famitsu Magazine Kawara-ban 5-24 Gou (Japan) (Magazine)</name>
    <image>/recalbox/share/thumbs/Nintendo - Satellaview/Named_Titles/BS Famitsu Magazine Kawara-ban 5-24 Gou (Japan) (Magazine).png</image>
    <video>/recalbox/share/videos/No-Intro/Nintendo - Satellaview/BS Famitsu Magazine Kawara-ban 5-24 Gou (Japan) (Magazine).mp4</video>
  </game>
  <game>
    <path>/recalbox/share/rom/No-Intro/Nintendo - Satellaview/BS Fire Emblem - Akaneia Senki Hen - Dai-1-wa - Palace Kanraku (Japan) (4-4) (SoundLink).zip</path>
    <name>BS Fire Emblem - Akaneia Senki Hen - Dai-1-wa - Palace Kanraku (Japan) (4-4) (SoundLink)</name>
    <image>/recalbox/share/thumbs/Nintendo - Satellaview/Named_Titles/BS Fire Emblem - Akaneia Senki Hen - Dai-1-wa - Palace Kanraku (Japan) (4-4) (SoundLink).png</image>
    <video>/recalbox/share/videos/No-Intro/Nintendo - Satellaview/BS Fire Emblem - Akaneia Senki Hen - Dai-1-wa - Palace Kanraku (Japan) (4-4) (SoundLink).mp4</video>
  </game>
  <game>
    <path>/recalbox/share/rom/No-Intro/Nintendo - Satellaview/BS Fire Emblem - Akaneia Senki Hen - Dai-2-wa - Akai Ryuu Kishi (Japan) (SoundLink).zip</path>
    <name>BS Fire Emblem - Akaneia Senki Hen - Dai-2-wa - Akai Ryuu Kishi (Japan) (SoundLink)</name>
    <image>/recalbox/share/thumbs/Nintendo - Satellaview/Named_Titles/BS Fire Emblem - Akaneia Senki Hen - Dai-2-wa - Akai Ryuu Kishi (Japan) (SoundLink).png</image>
    <video>/recalbox/share/videos/No-Intro/Nintendo - Satellaview/BS Fire Emblem - Akaneia Senki Hen - Dai-2-wa - Akai Ryuu Kishi (Japan) (SoundLink).mp4</video>
  </game>
  <game>
    <path>/recalbox/share/rom/No-Intro/Nintendo - Satellaview/BS Fuurai no Shiren - Surara o Sukue - Dai-2-shuu (Japan) (SoundLink).zip</path>
    <name>BS Fuurai no Shiren - Surara o Sukue - Dai-2-shuu (Japan) (SoundLink)</name>
    <image>/recalbox/share/thumbs/Nintendo - Satellaview/Named_Titles/BS Fuurai no Shiren - Surara o Sukue - Dai-2-shuu (Japan) (SoundLink).png</image>
    <video>/recalbox/share/videos/No-Intro/Nintendo - Satellaview/BS Fuurai no Shiren - Surara o Sukue - Dai-2-shuu (Japan) (SoundLink).mp4</video>
  </game>
  <game>
    <path>/recalbox/share/rom/No-Intro/Nintendo - Satellaview/BS Fuurai no Shiren - Surara o Sukue - Dai-4-shuu (Japan) (SoundLink).zip</path>
    <name>BS Fuurai no Shiren - Surara o Sukue - Dai-4-shuu (Japan) (SoundLink)</name>
    <image>/recalbox/share/thumbs/Nintendo - Satellaview/Named_Titles/BS Fuurai no Shiren - Surara o Sukue - Dai-4-shuu (Japan) (SoundLink).png</image>
    <video>/recalbox/share/videos/No-Intro/Nintendo - Satellaview/BS Fuurai no Shiren - Surara o Sukue - Dai-4-shuu (Japan) (SoundLink).mp4</video>
  </game>
  <game>
    <path>/recalbox/share/rom/No-Intro/Nintendo - Satellaview/BS Marvelous - Camp Arnold Course - Dai-2-shuu (Japan) (SoundLink) [b].zip</path>
    <name>BS Marvelous - Camp Arnold Course - Dai-2-shuu (Japan) (SoundLink) [b]</name>
    <image>/recalbox/share/thumbs/Nintendo - Satellaview/Named_Titles/BS Marvelous - Camp Arnold Course - Dai-2-shuu (Japan) (SoundLink) [b].png</image>
    <video>/recalbox/share/videos/No-Intro/Nintendo - Satellaview/BS Marvelous - Camp Arnold Course - Dai-2-shuu (Japan) (SoundLink) [b].mp4</video>
  </game>
  <game>
    <path>/recalbox/share/rom/No-Intro/Nintendo - Satellaview/BS Marvelous - Camp Arnold Course - Dai-3-shuu (Japan) (SoundLink) [b].zip</path>
    <name>BS Marvelous - Camp Arnold Course - Dai-3-shuu (Japan) (SoundLink) [b]</name>
    <image>/recalbox/share/thumbs/Nintendo - Satellaview/Named_Titles/BS Marvelous - Camp Arnold Course - Dai-3-shuu (Japan) (SoundLink) [b].png</image>
    <video>/recalbox/share/videos/No-Intro/Nintendo - Satellaview/BS Marvelous - Camp Arnold Course - Dai-3-shuu (Japan) (SoundLink) [b].mp4</video>
  </game>
  <game>
    <path>/recalbox/share/rom/No-Intro/Nintendo - Satellaview/BS Nintendo HP - 10-18 Gou (Japan) (Magazine).zip</path>
    <name>BS Nintendo HP - 10-18 Gou (Japan) (Magazine)</name>
    <image>/recalbox/share/thumbs/Nintendo - Satellaview/Named_Titles/BS Nintendo HP - 10-18 Gou (Japan) (Magazine).png</image>
    <video>/recalbox/share/videos/No-Intro/Nintendo - Satellaview/BS Nintendo HP - 10-18 Gou (Japan) (Magazine).mp4</video>
  </game>
  <game>
    <path>/recalbox/share/rom/No-Intro/Nintendo - Satellaview/BS Nintendo HP - 2-21 Gou (Japan) (Magazine).zip</path>
    <name>BS Nintendo HP - 2-21 Gou (Japan) (Magazine)</name>
    <image>/recalbox/share/thumbs/Nintendo - Satellaview/Named_Titles/BS Nintendo HP - 2-21 Gou (Japan) (Magazine).png</image>
    <video>/recalbox/share/videos/No-Intro/Nintendo - Satellaview/BS Nintendo HP - 2-21 Gou (Japan) (Magazine).mp4</video>
  </game>
  <game>
    <path>/recalbox/share/rom/No-Intro/Nintendo - Satellaview/BS Nintendo HP - 5-17 Gou (Japan) (Magazine).zip</path>
    <name>BS Nintendo HP - 5-17 Gou (Japan) (Magazine)</name>
    <image>/recalbox/share/thumbs/Nintendo - Satellaview/Named_Titles/BS Nintendo HP - 5-17 Gou (Japan) (Magazine).png</image>
    <video>/recalbox/share/videos/No-Intro/Nintendo - Satellaview/BS Nintendo HP - 5-17 Gou (Japan) (Magazine).mp4</video>
  </game>
  <game>
    <path>/recalbox/share/rom/No-Intro/Nintendo - Satellaview/BS Nintendo HP - 5-31 Gou (Japan) (Magazine).zip</path>
    <name>BS Nintendo HP - 5-31 Gou (Japan) (Magazine)</name>
    <image>/recalbox/share/thumbs/Nintendo - Satellaview/Named_Titles/BS Nintendo HP - 5-31 Gou (Japan) (Magazine).png</image>
    <video>/recalbox/share/videos/No-Intro/Nintendo - Satellaview/BS Nintendo HP - 5-31 Gou (Japan) (Magazine).mp4</video>
  </game>
  <game>
    <path>/recalbox/share/rom/No-Intro/Nintendo - Satellaview/BS Parlor! Parlor! - Dai-2-shuu (Japan) (5-13) (SoundLink).zip</path>
    <name>BS Parlor! Parlor! - Dai-2-shuu (Japan) (5-13) (SoundLink)</name>
    <image>/recalbox/share/thumbs/Nintendo - Satellaview/Named_Titles/BS Parlor! Parlor! - Dai-2-shuu (Japan) (5-13) (SoundLink).png</image>
    <video>/recalbox/share/videos/No-Intro/Nintendo - Satellaview/BS Parlor! Parlor! - Dai-2-shuu (Japan) (5-13) (SoundLink).mp4</video>
  </game>
  <game>
    <path>/recalbox/share/rom/No-Intro/Nintendo - Satellaview/BS Shin Onigashima - Dai-3-wa (Japan) (1-27) (SoundLink).zip</path>
    <name>BS Shin Onigashima - Dai-3-wa (Japan) (1-27) (SoundLink)</name>
    <image>/recalbox/share/thumbs/Nintendo - Satellaview/Named_Titles/BS Shin Onigashima - Dai-3-wa (Japan) (1-27) (SoundLink).png</image>
    <video>/recalbox/share/videos/No-Intro/Nintendo - Satellaview/BS Shin Onigashima - Dai-3-wa (Japan) (1-27) (SoundLink).mp4</video>
  </game>
  <game>
    <path>/recalbox/share/rom/No-Intro/Nintendo - Satellaview/BS Shin Onigashima - Dai-4-wa (Japan) (1-31) (SoundLink).zip</path>
    <name>BS Shin Onigashima - Dai-4-wa (Japan) (1-31) (SoundLink)</name>
    <image>/recalbox/share/thumbs/Nintendo - Satellaview/Named_Titles/BS Shin Onigashima - Dai-4-wa (Japan) (1-31) (SoundLink).png</image>
    <video>/recalbox/share/videos/No-Intro/Nintendo - Satellaview/BS Shin Onigashima - Dai-4-wa (Japan) (1-31) (SoundLink).mp4</video>
  </game>
  <game>
    <path>/recalbox/share/rom/No-Intro/Nintendo - Satellaview/BS Shin Onigashima - Dai-4-wa (Japan) (2-1) (SoundLink).zip</path>
    <name>BS Shin Onigashima - Dai-4-wa (Japan) (2-1) (SoundLink)</name>
    <image>/recalbox/share/thumbs/Nintendo - Satellaview/Named_Titles/BS Shin Onigashima - Dai-4-wa (Japan) (2-1) (SoundLink).png</image>
    <video>/recalbox/share/videos/No-Intro/Nintendo - Satellaview/BS Shin Onigashima - Dai-4-wa (Japan) (2-1) (SoundLink).mp4</video>
  </game>
  <game>
    <path>/recalbox/share/rom/No-Intro/Nintendo - Satellaview/BS Super Mario USA - Power Challenge - Dai-1-kai (Japan) (SoundLink).zip</path>
    <name>BS Super Mario USA - Power Challenge - Dai-1-kai (Japan) (SoundLink)</name>
    <image>/recalbox/share/thumbs/Nintendo - Satellaview/Named_Titles/BS Super Mario USA - Power Challenge - Dai-1-kai (Japan) (SoundLink).png</image>
    <video>/recalbox/share/videos/No-Intro/Nintendo - Satellaview/BS Super Mario USA - Power Challenge - Dai-1-kai (Japan) (SoundLink).mp4</video>
  </game>
  <game>
    <path>/recalbox/share/rom/No-Intro/Nintendo - Satellaview/BS Super Mario USA - Power Challenge - Dai-2-kai (Japan) (SoundLink).zip</path>
    <name>BS Super Mario USA - Power Challenge - Dai-2-kai (Japan) (SoundLink)</name>
    <image>/recalbox/share/thumbs/Nintendo - Satellaview/Named_Titles/BS Super Mario USA - Power Challenge - Dai-2-kai (Japan) (SoundLink).png</image>
    <video>/recalbox/share/videos/No-Intro/Nintendo - Satellaview/BS Super Mario USA - Power Challenge - Dai-2-kai (Japan) (SoundLink).mp4</video>
  </game>
  <game>
    <path>/recalbox/share/rom/No-Intro/Nintendo - Satellaview/BS Super Mario USA - Power Challenge - Dai-3-kai (Japan) (SoundLink).zip</path>
    <name>BS Super Mario USA - Power Challenge - Dai-3-kai (Japan) (SoundLink)</name>
    <image>/recalbox/share/thumbs/Nintendo - Satellaview/Named_Titles/BS Super Mario USA - Power Challenge - Dai-3-kai (Japan) (SoundLink).png</image>
    <video>/recalbox/share/videos/No-Intro/Nintendo - Satellaview/BS Super Mario USA - Power Challenge - Dai-3-kai (Japan) (SoundLink).mp4</video>
  </game>
  <game>
    <path>/recalbox/share/rom/No-Intro/Nintendo - Satellaview/BS Supercooked! (World) (Aftermarket) (Unl).zip</path>
    <name>BS Supercooked! (World) (Aftermarket) (Unl)</name>
    <image>/recalbox/share/thumbs/Nintendo - Satellaview/Named_Titles/BS Supercooked! (World) (Aftermarket) (Unl).png</image>
    <video>/recalbox/share/videos/No-Intro/Nintendo - Satellaview/BS Supercooked! (World) (Aftermarket) (Unl).mp4</video>
  </game>
  <game>
    <path>/recalbox/share/rom/No-Intro/Nintendo - Satellaview/BS Tantei Club - Yuki ni Kieta Kako - Chuuhen (Japan) (6-20) (SoundLink).zip</path>
    <name>BS Tantei Club - Yuki ni Kieta Kako - Chuuhen (Japan) (6-20) (SoundLink)</name>
    <image>/recalbox/share/thumbs/Nintendo - Satellaview/Named_Titles/BS Tantei Club - Yuki ni Kieta Kako - Chuuhen (Japan) (6-20) (SoundLink).png</image>
    <video>/recalbox/share/videos/No-Intro/Nintendo - Satellaview/BS Tantei Club - Yuki ni Kieta Kako - Chuuhen (Japan) (6-20) (SoundLink).mp4</video>
  </game>
  <game>
    <path>/recalbox/share/rom/No-Intro/Nintendo - Satellaview/BS Tantei Club - Yuki ni Kieta Kako - Kouhen (Japan) (SoundLink).zip</path>
    <name>BS Tantei Club - Yuki ni Kieta Kako - Kouhen (Japan) (SoundLink)</name>
    <image>/recalbox/share/thumbs/Nintendo - Satellaview/Named_Titles/BS Tantei Club - Yuki ni Kieta Kako - Kouhen (Japan) (SoundLink).png</image>
    <video>/recalbox/share/videos/No-Intro/Nintendo - Satellaview/BS Tantei Club - Yuki ni Kieta Kako - Kouhen (Japan) (SoundLink).mp4</video>
  </game>
  <game>
    <path>/recalbox/share/rom/No-Intro/Nintendo - Satellaview/BS Zelda no Densetsu - Dai-1-wa (Japan) (Rerun) (SoundLink).zip</path>
    <name>BS Zelda no Densetsu - Dai-1-wa (Japan) (Rerun) (SoundLink)</name>
    <image>/recalbox/share/thumbs/Nintendo - Satellaview/Named_Titles/BS Zelda no Densetsu - Dai-1-wa (Japan) (Rerun) (SoundLink).png</image>
    <video>/recalbox/share/videos/No-Intro/Nintendo - Satellaview/BS Zelda no Densetsu - Dai-1-wa (Japan) (Rerun) (SoundLink).mp4</video>
  </game>
  <game>
    <path>/recalbox/share/rom/No-Intro/Nintendo - Satellaview/BS Zelda no Densetsu - Inishie no Sekiban - Dai-4-wa (Japan) (SoundLink).zip</path>
    <name>BS Zelda no Densetsu - Inishie no Sekiban - Dai-4-wa (Japan) (SoundLink)</name>
    <image>/recalbox/share/thumbs/Nintendo - Satellaview/Named_Titles/BS Zelda no Densetsu - Inishie no Sekiban - Dai-4-wa (Japan) (SoundLink).png</image>
    <video>/recalbox/share/videos/No-Intro/Nintendo - Satellaview/BS Zelda no Densetsu - Inishie no Sekiban - Dai-4-wa (Japan) (SoundLink).mp4</video>
  </game>
  <game>
    <path>/recalbox/share/rom/No-Intro/Nintendo - Satellaview/BS Zelda no Densetsu - Map 2 - Dai-1-wa (Japan) (SoundLink).zip</path>
    <name>BS Zelda no Densetsu - Map 2 - Dai-1-wa (Japan) (SoundLink)</name>
    <image>/recalbox/share/thumbs/Nintendo - Satellaview/Named_Titles/BS Zelda no Densetsu - Map 2 - Dai-1-wa (Japan) (SoundLink).png</image>
    <video>/recalbox/share/videos/No-Intro/Nintendo - Satellaview/BS Zelda no Densetsu - Map 2 - Dai-1-wa (Japan) (SoundLink).mp4</video>
  </game>
  <game>
    <path>/recalbox/share/rom/No-Intro/Nintendo - Satellaview/Bakushow Mondai no Silicon Chounaikai (2-1) + Bakushow Mondai no Silicon Chounaikai (2-8) (Japan) (SoundLink Magazine) [b].zip</path>
    <name>Bakushow Mondai no Silicon Chounaikai (2-1) + Bakushow Mondai no Silicon Chounaikai (2-8) (Japan) (SoundLink Magazine) [b]</name>
    <image>/recalbox/share/thumbs/Nintendo - Satellaview/Named_Titles/Bakushow Mondai no Silicon Chounaikai (2-1) + Bakushow Mondai no Silicon Chounaikai (2-8) (Japan) (SoundLink Magazine) [b].png</image>
    <video>/recalbox/share/videos/No-Intro/Nintendo - Satellaview/Bakushow Mondai no Silicon Chounaikai (2-1) + Bakushow Mondai no Silicon Chounaikai (2-8) (Japan) (SoundLink Magazine) [b].mp4</video>
  </game>
  <game>
    <path>/recalbox/share/rom/No-Intro/Nintendo - Satellaview/Bakushow Mondai no Silicon Chounaikai (Japan) (2-8) (SoundLink Magazine) [b].zip</path>
    <name>Bakushow Mondai no Silicon Chounaikai (Japan) (2-8) (SoundLink Magazine) [b]</name>
    <image>/recalbox/share/thumbs/Nintendo - Satellaview/Named_Titles/Bakushow Mondai no Silicon Chounaikai (Japan) (2-8) (SoundLink Magazine) [b].png</image>
    <video>/recalbox/share/videos/No-Intro/Nintendo - Satellaview/Bakushow Mondai no Silicon Chounaikai (Japan) (2-8) (SoundLink Magazine) [b].mp4</video>
  </game>
  <game>
    <path>/recalbox/share/rom/No-Intro/Nintendo - Satellaview/Bakushow Mondai no Silicon Chounaikai (Japan) (6-22) (SoundLink Magazine) [b].zip</path>
    <name>Bakushow Mondai no Silicon Chounaikai (Japan) (6-22) (SoundLink Magazine) [b]</name>
    <image>/recalbox/share/thumbs/Nintendo - Satellaview/Named_Titles/Bakushow Mondai no Silicon Chounaikai (Japan) (6-22) (SoundLink Magazine) [b].png</image>
    <video>/recalbox/share/videos/No-Intro/Nintendo - Satellaview/Bakushow Mondai no Silicon Chounaikai (Japan) (6-22) (SoundLink Magazine) [b].mp4</video>
  </game>
  <game>
    <path>/recalbox/share/rom/No-Intro/Nintendo - Satellaview/Cheap de Gorgeous Vol. 1 (Japan) (Magazine).zip</path>
    <name>Cheap de Gorgeous Vol. 1 (Japan) (Magazine)</name>
    <image>/recalbox/share/thumbs/Nintendo - Satellaview/Named_Titles/Cheap de Gorgeous Vol. 1 (Japan) (Magazine).png</image>
    <video>/recalbox/share/videos/No-Intro/Nintendo - Satellaview/Cheap de Gorgeous Vol. 1 (Japan) (Magazine).mp4</video>
  </game>
  <game>
    <path>/recalbox/share/rom/No-Intro/Nintendo - Satellaview/Columbus no Tamagoyaki - Dai-1-kai (Japan) (7-7) (Magazine).zip</path>
    <name>Columbus no Tamagoyaki - Dai-1-kai (Japan) (7-7) (Magazine)</name>
    <image>/recalbox/share/thumbs/Nintendo - Satellaview/Named_Titles/Columbus no Tamagoyaki - Dai-1-kai (Japan) (7-7) (Magazine).png</image>
    <video>/recalbox/share/videos/No-Intro/Nintendo - Satellaview/Columbus no Tamagoyaki - Dai-1-kai (Japan) (7-7) (Magazine).mp4</video>
  </game>
  <game>
    <path>/recalbox/share/rom/No-Intro/Nintendo - Satellaview/Columbus no Tamagoyaki - Dai-2-kai (Japan) (3-15) (Magazine).zip</path>
    <name>Columbus no Tamagoyaki - Dai-2-kai (Japan) (3-15) (Magazine)</name>
    <image>/recalbox/share/thumbs/Nintendo - Satellaview/Named_Titles/Columbus no Tamagoyaki - Dai-2-kai (Japan) (3-15) (Magazine).png</image>
    <video>/recalbox/share/videos/No-Intro/Nintendo - Satellaview/Columbus no Tamagoyaki - Dai-2-kai (Japan) (3-15) (Magazine).mp4</video>
  </game>
  <game>
    <path>/recalbox/share/rom/No-Intro/Nintendo - Satellaview/Columbus no Tamagoyaki - Dai-3-kai (Japan) (7-24) (Magazine).zip</path>
    <name>Columbus no Tamagoyaki - Dai-3-kai (Japan) (7-24) (Magazine)</name>
    <image>/recalbox/share/thumbs/Nintendo - Satellaview/Named_Titles/Columbus no Tamagoyaki - Dai-3-kai (Japan) (7-24) (Magazine).png</image>
    <video>/recalbox/share/videos/No-Intro/Nintendo - Satellaview/Columbus no Tamagoyaki - Dai-3-kai (Japan) (7-24) (Magazine).mp4</video>
  </game>
  <game>
    <path>/recalbox/share/rom/No-Intro/Nintendo - Satellaview/Cu-On-Pa BS Ban (Japan) (10-27).zip</path>
    <name>Cu-On-Pa BS Ban (Japan) (10-27)</name>
    <image>/recalbox/share/thumbs/Nintendo - Satellaview/Named_Titles/Cu-On-Pa BS Ban (Japan) (10-27).png</image>
    <video>/recalbox/share/videos/No-Intro/Nintendo - Satellaview/Cu-On-Pa BS Ban (Japan) (10-27).mp4</video>
  </game>
  <game>
    <path>/recalbox/share/rom/No-Intro/Nintendo - Satellaview/Cu-On-Pa BS Ban (Japan) (6-15).zip</path>
    <name>Cu-On-Pa BS Ban (Japan) (6-15)</name>
    <image>/recalbox/share/thumbs/Nintendo - Satellaview/Named_Titles/Cu-On-Pa BS Ban (Japan) (6-15).png</image>
    <video>/recalbox/share/videos/No-Intro/Nintendo - Satellaview/Cu-On-Pa BS Ban (Japan) (6-15).mp4</video>
  </game>
  <game>
    <path>/recalbox/share/rom/No-Intro/Nintendo - Satellaview/Dandan Belt Conveyor - Gyuunyuu no Maki (Japan) (Magazine).zip</path>
    <name>Dandan Belt Conveyor - Gyuunyuu no Maki (Japan) (Magazine)</name>
    <image>/recalbox/share/thumbs/Nintendo - Satellaview/Named_Titles/Dandan Belt Conveyor - Gyuunyuu no Maki (Japan) (Magazine).png</image>
    <video>/recalbox/share/videos/No-Intro/Nintendo - Satellaview/Dandan Belt Conveyor - Gyuunyuu no Maki (Japan) (Magazine).mp4</video>
  </game>
  <game>
    <path>/recalbox/share/rom/No-Intro/Nintendo - Satellaview/Darius Force (Japan).zip</path>
    <name>Darius Force (Japan)</name>
    <image>/recalbox/share/thumbs/Nintendo - Satellaview/Named_Titles/Darius Force (Japan).png</image>
    <video>/recalbox/share/videos/No-Intro/Nintendo - Satellaview/Darius Force (Japan).mp4</video>
  </game>
  <game>
    <path>/recalbox/share/rom/No-Intro/Nintendo - Satellaview/Derby Stallion BS (Japan).zip</path>
    <name>Derby Stallion BS (Japan)</name>
    <image>/recalbox/share/thumbs/Nintendo - Satellaview/Named_Titles/Derby Stallion BS (Japan).png</image>
    <video>/recalbox/share/videos/No-Intro/Nintendo - Satellaview/Derby Stallion BS (Japan).mp4</video>
  </game>
  <game>
    <path>/recalbox/share/rom/No-Intro/Nintendo - Satellaview/Dezaemon BSX Version - Sugoi STG 2 - Crystal Guardian (Japan) (En).zip</path>
    <name>Dezaemon BSX Version - Sugoi STG 2 - Crystal Guardian (Japan) (En)</name>
    <image>/recalbox/share/thumbs/Nintendo - Satellaview/Named_Titles/Dezaemon BSX Version - Sugoi STG 2 - Crystal Guardian (Japan) (En).png</image>
    <video>/recalbox/share/videos/No-Intro/Nintendo - Satellaview/Dezaemon BSX Version - Sugoi STG 2 - Crystal Guardian (Japan) (En).mp4</video>
  </game>
  <game>
    <path>/recalbox/share/rom/No-Intro/Nintendo - Satellaview/Digital Magazine Busters BS - 6-7 Gou (Japan) (Magazine).zip</path>
    <name>Digital Magazine Busters BS - 6-7 Gou (Japan) (Magazine)</name>
    <image>/recalbox/share/thumbs/Nintendo - Satellaview/Named_Titles/Digital Magazine Busters BS - 6-7 Gou (Japan) (Magazine).png</image>
    <video>/recalbox/share/videos/No-Intro/Nintendo - Satellaview/Digital Magazine Busters BS - 6-7 Gou (Japan) (Magazine).mp4</video>
  </game>
  <game>
    <path>/recalbox/share/rom/No-Intro/Nintendo - Satellaview/Digital Magazine Busters BS - 8-23 Gou (Japan) (Magazine).zip</path>
    <name>Digital Magazine Busters BS - 8-23 Gou (Japan) (Magazine)</name>
    <image>/recalbox/share/thumbs/Nintendo - Satellaview/Named_Titles/Digital Magazine Busters BS - 8-23 Gou (Japan) (Magazine).png</image>
    <video>/recalbox/share/videos/No-Intro/Nintendo - Satellaview/Digital Magazine Busters BS - 8-23 Gou (Japan) (Magazine).mp4</video>
  </game>
  <game>
    <path>/recalbox/share/rom/No-Intro/Nintendo - Satellaview/Do-Re-Mi de Faa 2~! Vol. 9 - 5-25 Gou (Japan) (Magazine).zip</path>
    <name>Do-Re-Mi de Faa 2~! Vol. 9 - 5-25 Gou (Japan) (Magazine)</name>
    <image>/recalbox/share/thumbs/Nintendo - Satellaview/Named_Titles/Do-Re-Mi de Faa 2~! Vol. 9 - 5-25 Gou (Japan) (Magazine).png</image>
    <video>/recalbox/share/videos/No-Intro/Nintendo - Satellaview/Do-Re-Mi de Faa 2~! Vol. 9 - 5-25 Gou (Japan) (Magazine).mp4</video>
  </game>
  <game>
    <path>/recalbox/share/rom/No-Intro/Nintendo - Satellaview/Do-Re-Mi de Faa~! Vol. 6 - 5-4 Gou (Japan) (Magazine) [b].zip</path>
    <name>Do-Re-Mi de Faa~! Vol. 6 - 5-4 Gou (Japan) (Magazine) [b]</name>
    <image>/recalbox/share/thumbs/Nintendo - Satellaview/Named_Titles/Do-Re-Mi de Faa~! Vol. 6 - 5-4 Gou (Japan) (Magazine) [b].png</image>
    <video>/recalbox/share/videos/No-Intro/Nintendo - Satellaview/Do-Re-Mi de Faa~! Vol. 6 - 5-4 Gou (Japan) (Magazine) [b].mp4</video>
  </game>
  <game>
    <path>/recalbox/share/rom/No-Intro/Nintendo - Satellaview/Do-Re-Mi de Faa~! Vol. 9 - 5-25 Gou (Japan) (Magazine).zip</path>
    <name>Do-Re-Mi de Faa~! Vol. 9 - 5-25 Gou (Japan) (Magazine)</name>
    <image>/recalbox/share/thumbs/Nintendo - Satellaview/Named_Titles/Do-Re-Mi de Faa~! Vol. 9 - 5-25 Gou (Japan) (Magazine).png</image>
    <video>/recalbox/share/videos/No-Intro/Nintendo - Satellaview/Do-Re-Mi de Faa~! Vol. 9 - 5-25 Gou (Japan) (Magazine).mp4</video>
  </game>
  <game>
    <path>/recalbox/share/rom/No-Intro/Nintendo - Satellaview/Do-Re-Mi de Faa~! Vol. X - 3-30 Gou (Japan) (Magazine) [b].zip</path>
    <name>Do-Re-Mi de Faa~! Vol. X - 3-30 Gou (Japan) (Magazine) [b]</name>
    <image>/recalbox/share/thumbs/Nintendo - Satellaview/Named_Titles/Do-Re-Mi de Faa~! Vol. X - 3-30 Gou (Japan) (Magazine) [b].png</image>
    <video>/recalbox/share/videos/No-Intro/Nintendo - Satellaview/Do-Re-Mi de Faa~! Vol. X - 3-30 Gou (Japan) (Magazine) [b].mp4</video>
  </game>
  <game>
    <path>/recalbox/share/rom/No-Intro/Nintendo - Satellaview/Excitebike - Bunbun Mario Battle - Stadium 1 (Japan) (6-30) (SoundLink).zip</path>
    <name>Excitebike - Bunbun Mario Battle - Stadium 1 (Japan) (6-30) (SoundLink)</name>
    <image>/recalbox/share/thumbs/Nintendo - Satellaview/Named_Titles/Excitebike - Bunbun Mario Battle - Stadium 1 (Japan) (6-30) (SoundLink).png</image>
    <video>/recalbox/share/videos/No-Intro/Nintendo - Satellaview/Excitebike - Bunbun Mario Battle - Stadium 1 (Japan) (6-30) (SoundLink).mp4</video>
  </game>
  <game>
    <path>/recalbox/share/rom/No-Intro/Nintendo - Satellaview/Excitebike - Bunbun Mario Battle - Stadium 2 (Japan) (5-18) (SoundLink).zip</path>
    <name>Excitebike - Bunbun Mario Battle - Stadium 2 (Japan) (5-18) (SoundLink)</name>
    <image>/recalbox/share/thumbs/Nintendo - Satellaview/Named_Titles/Excitebike - Bunbun Mario Battle - Stadium 2 (Japan) (5-18) (SoundLink).png</image>
    <video>/recalbox/share/videos/No-Intro/Nintendo - Satellaview/Excitebike - Bunbun Mario Battle - Stadium 2 (Japan) (5-18) (SoundLink).mp4</video>
  </game>
  <game>
    <path>/recalbox/share/rom/No-Intro/Nintendo - Satellaview/Fenek - 6 Gatsugou (Japan) (Magazine).zip</path>
    <name>Fenek - 6 Gatsugou (Japan) (Magazine)</name>
    <image>/recalbox/share/thumbs/Nintendo - Satellaview/Named_Titles/Fenek - 6 Gatsugou (Japan) (Magazine).png</image>
    <video>/recalbox/share/videos/No-Intro/Nintendo - Satellaview/Fenek - 6 Gatsugou (Japan) (Magazine).mp4</video>
  </game>
  <game>
    <path>/recalbox/share/rom/No-Intro/Nintendo - Satellaview/Freud no Chousenjou - Dai-11-gou (Japan) (Magazine).zip</path>
    <name>Freud no Chousenjou - Dai-11-gou (Japan) (Magazine)</name>
    <image>/recalbox/share/thumbs/Nintendo - Satellaview/Named_Titles/Freud no Chousenjou - Dai-11-gou (Japan) (Magazine).png</image>
    <video>/recalbox/share/videos/No-Intro/Nintendo - Satellaview/Freud no Chousenjou - Dai-11-gou (Japan) (Magazine).mp4</video>
  </game>
  <game>
    <path>/recalbox/share/rom/No-Intro/Nintendo - Satellaview/Freud no Chousenjou - Dai-2-gou (Japan) (Magazine).zip</path>
    <name>Freud no Chousenjou - Dai-2-gou (Japan) (Magazine)</name>
    <image>/recalbox/share/thumbs/Nintendo - Satellaview/Named_Titles/Freud no Chousenjou - Dai-2-gou (Japan) (Magazine).png</image>
    <video>/recalbox/share/videos/No-Intro/Nintendo - Satellaview/Freud no Chousenjou - Dai-2-gou (Japan) (Magazine).mp4</video>
  </game>
  <game>
    <path>/recalbox/share/rom/No-Intro/Nintendo - Satellaview/Freud no Chousenjou - Dai-5-gou (Japan) (Magazine).zip</path>
    <name>Freud no Chousenjou - Dai-5-gou (Japan) (Magazine)</name>
    <image>/recalbox/share/thumbs/Nintendo - Satellaview/Named_Titles/Freud no Chousenjou - Dai-5-gou (Japan) (Magazine).png</image>
    <video>/recalbox/share/videos/No-Intro/Nintendo - Satellaview/Freud no Chousenjou - Dai-5-gou (Japan) (Magazine).mp4</video>
  </game>
  <game>
    <path>/recalbox/share/rom/No-Intro/Nintendo - Satellaview/Game Tora no Taikoban - 5-17 Gou (Japan) (Magazine).zip</path>
    <name>Game Tora no Taikoban - 5-17 Gou (Japan) (Magazine)</name>
    <image>/recalbox/share/thumbs/Nintendo - Satellaview/Named_Titles/Game Tora no Taikoban - 5-17 Gou (Japan) (Magazine).png</image>
    <video>/recalbox/share/videos/No-Intro/Nintendo - Satellaview/Game Tora no Taikoban - 5-17 Gou (Japan) (Magazine).mp4</video>
  </game>
  <game>
    <path>/recalbox/share/rom/No-Intro/Nintendo - Satellaview/Game Tora no Taikoban - 5-31 Gou (Japan) (Magazine).zip</path>
    <name>Game Tora no Taikoban - 5-31 Gou (Japan) (Magazine)</name>
    <image>/recalbox/share/thumbs/Nintendo - Satellaview/Named_Titles/Game Tora no Taikoban - 5-31 Gou (Japan) (Magazine).png</image>
    <video>/recalbox/share/videos/No-Intro/Nintendo - Satellaview/Game Tora no Taikoban - 5-31 Gou (Japan) (Magazine).mp4</video>
  </game>
  <game>
    <path>/recalbox/share/rom/No-Intro/Nintendo - Satellaview/Gekkan Coin Toss - Deck 1 (Japan) (Magazine).zip</path>
    <name>Gekkan Coin Toss - Deck 1 (Japan) (Magazine)</name>
    <image>/recalbox/share/thumbs/Nintendo - Satellaview/Named_Titles/Gekkan Coin Toss - Deck 1 (Japan) (Magazine).png</image>
    <video>/recalbox/share/videos/No-Intro/Nintendo - Satellaview/Gekkan Coin Toss - Deck 1 (Japan) (Magazine).mp4</video>
  </game>
  <game>
    <path>/recalbox/share/rom/No-Intro/Nintendo - Satellaview/Golf Daisuki! O.B. Club (Japan).zip</path>
    <name>Golf Daisuki! O.B. Club (Japan)</name>
    <image>/recalbox/share/thumbs/Nintendo - Satellaview/Named_Titles/Golf Daisuki! O.B. Club (Japan).png</image>
    <video>/recalbox/share/videos/No-Intro/Nintendo - Satellaview/Golf Daisuki! O.B. Club (Japan).mp4</video>
  </game>
  <game>
    <path>/recalbox/share/rom/No-Intro/Nintendo - Satellaview/GoodsPress - 3 Gatsugou (Japan) (Magazine).zip</path>
    <name>GoodsPress - 3 Gatsugou (Japan) (Magazine)</name>
    <image>/recalbox/share/thumbs/Nintendo - Satellaview/Named_Titles/GoodsPress - 3 Gatsugou (Japan) (Magazine).png</image>
    <video>/recalbox/share/videos/No-Intro/Nintendo - Satellaview/GoodsPress - 3 Gatsugou (Japan) (Magazine).mp4</video>
  </game>
  <game>
    <path>/recalbox/share/rom/No-Intro/Nintendo - Satellaview/GoodsPress - 7 Gatsugou (Japan) (Magazine).zip</path>
    <name>GoodsPress - 7 Gatsugou (Japan) (Magazine)</name>
    <image>/recalbox/share/thumbs/Nintendo - Satellaview/Named_Titles/GoodsPress - 7 Gatsugou (Japan) (Magazine).png</image>
    <video>/recalbox/share/videos/No-Intro/Nintendo - Satellaview/GoodsPress - 7 Gatsugou (Japan) (Magazine).mp4</video>
  </game>
  <game>
    <path>/recalbox/share/rom/No-Intro/Nintendo - Satellaview/Ijuin Hikaru no Houkago no Ousama (Japan) (Magazine).zip</path>
    <name>Ijuin Hikaru no Houkago no Ousama (Japan) (Magazine)</name>
    <image>/recalbox/share/thumbs/Nintendo - Satellaview/Named_Titles/Ijuin Hikaru no Houkago no Ousama (Japan) (Magazine).png</image>
    <video>/recalbox/share/videos/No-Intro/Nintendo - Satellaview/Ijuin Hikaru no Houkago no Ousama (Japan) (Magazine).mp4</video>
  </game>
  <game>
    <path>/recalbox/share/rom/No-Intro/Nintendo - Satellaview/Ikari no Yousai (Japan).zip</path>
    <name>Ikari no Yousai (Japan)</name>
    <image>/recalbox/share/thumbs/Nintendo - Satellaview/Named_Titles/Ikari no Yousai (Japan).png</image>
    <video>/recalbox/share/videos/No-Intro/Nintendo - Satellaview/Ikari no Yousai (Japan).mp4</video>
  </game>
  <game>
    <path>/recalbox/share/rom/No-Intro/Nintendo - Satellaview/Izumiya Shigeru &amp; Hamasaki Ayumi - Okami Ga Kita!! (Japan) (Magazine) [b].zip</path>
    <name>Izumiya Shigeru &amp; Hamasaki Ayumi - Okami Ga Kita!! (Japan) (Magazine) [b]</name>
    <image>/recalbox/share/thumbs/Nintendo - Satellaview/Named_Titles/Izumiya Shigeru &amp; Hamasaki Ayumi - Okami Ga Kita!! (Japan) (Magazine) [b].png</image>
    <video>/recalbox/share/videos/No-Intro/Nintendo - Satellaview/Izumiya Shigeru &amp; Hamasaki Ayumi - Okami Ga Kita!! (Japan) (Magazine) [b].mp4</video>
  </game>
  <game>
    <path>/recalbox/share/rom/No-Intro/Nintendo - Satellaview/Kirby no Omochabako - Arrange Ball (Japan).zip</path>
    <name>Kirby no Omochabako - Arrange Ball (Japan)</name>
    <image>/recalbox/share/thumbs/Nintendo - Satellaview/Named_Titles/Kirby no Omochabako - Arrange Ball (Japan).png</image>
    <video>/recalbox/share/videos/No-Intro/Nintendo - Satellaview/Kirby no Omochabako - Arrange Ball (Japan).mp4</video>
  </game>
  <game>
    <path>/recalbox/share/rom/No-Intro/Nintendo - Satellaview/Kirby no Omochabako - Baseball (Japan) (3-13).zip</path>
    <name>Kirby no Omochabako - Baseball (Japan) (3-13)</name>
    <image>/recalbox/share/thumbs/Nintendo - Satellaview/Named_Titles/Kirby no Omochabako - Baseball (Japan) (3-13).png</image>
    <video>/recalbox/share/videos/No-Intro/Nintendo - Satellaview/Kirby no Omochabako - Baseball (Japan) (3-13).mp4</video>
  </game>
  <game>
    <path>/recalbox/share/rom/No-Intro/Nintendo - Satellaview/Kirby no Omochabako - Cannon Ball (Japan).zip</path>
    <name>Kirby no Omochabako - Cannon Ball (Japan)</name>
    <image>/recalbox/share/thumbs/Nintendo - Satellaview/Named_Titles/Kirby no Omochabako - Cannon Ball (Japan).png</image>
    <video>/recalbox/share/videos/No-Intro/Nintendo - Satellaview/Kirby no Omochabako - Cannon Ball (Japan).mp4</video>
  </game>
  <game>
    <path>/recalbox/share/rom/No-Intro/Nintendo - Satellaview/Kirby no Omochabako - Hoshi Kuzushi (Japan).zip</path>
    <name>Kirby no Omochabako - Hoshi Kuzushi (Japan)</name>
    <image>/recalbox/share/thumbs/Nintendo - Satellaview/Named_Titles/Kirby no Omochabako - Hoshi Kuzushi (Japan).png</image>
    <video>/recalbox/share/videos/No-Intro/Nintendo - Satellaview/Kirby no Omochabako - Hoshi Kuzushi (Japan).mp4</video>
  </game>
  <game>
    <path>/recalbox/share/rom/No-Intro/Nintendo - Satellaview/Kirby no Omochabako - Pinball (Japan).zip</path>
    <name>Kirby no Omochabako - Pinball (Japan)</name>
    <image>/recalbox/share/thumbs/Nintendo - Satellaview/Named_Titles/Kirby no Omochabako - Pinball (Japan).png</image>
    <video>/recalbox/share/videos/No-Intro/Nintendo - Satellaview/Kirby no Omochabako - Pinball (Japan).mp4</video>
  </game>
  <game>
    <path>/recalbox/share/rom/No-Intro/Nintendo - Satellaview/Kodomo Chousadan Mighty Pockets - Chousa 1 - Junk-ya Black no Ie (Japan) (SoundLink) [b].zip</path>
    <name>Kodomo Chousadan Mighty Pockets - Chousa 1 - Junk-ya Black no Ie (Japan) (SoundLink) [b]</name>
    <image>/recalbox/share/thumbs/Nintendo - Satellaview/Named_Titles/Kodomo Chousadan Mighty Pockets - Chousa 1 - Junk-ya Black no Ie (Japan) (SoundLink) [b].png</image>
    <video>/recalbox/share/videos/No-Intro/Nintendo - Satellaview/Kodomo Chousadan Mighty Pockets - Chousa 1 - Junk-ya Black no Ie (Japan) (SoundLink) [b].mp4</video>
  </game>
  <game>
    <path>/recalbox/share/rom/No-Intro/Nintendo - Satellaview/Kodomo Chousadan Mighty Pockets - Chousa 2 - Hanzai Toshi Big Apple (Japan) (SoundLink) [b].zip</path>
    <name>Kodomo Chousadan Mighty Pockets - Chousa 2 - Hanzai Toshi Big Apple (Japan) (SoundLink) [b]</name>
    <image>/recalbox/share/thumbs/Nintendo - Satellaview/Named_Titles/Kodomo Chousadan Mighty Pockets - Chousa 2 - Hanzai Toshi Big Apple (Japan) (SoundLink) [b].png</image>
    <video>/recalbox/share/videos/No-Intro/Nintendo - Satellaview/Kodomo Chousadan Mighty Pockets - Chousa 2 - Hanzai Toshi Big Apple (Japan) (SoundLink) [b].mp4</video>
  </game>
  <game>
    <path>/recalbox/share/rom/No-Intro/Nintendo - Satellaview/Kodomo Chousadan Mighty Pockets - Chousa 3 - Kyakusen Queen Patra no Nazo (Japan) (SoundLink).zip</path>
    <name>Kodomo Chousadan Mighty Pockets - Chousa 3 - Kyakusen Queen Patra no Nazo (Japan) (SoundLink)</name>
    <image>/recalbox/share/thumbs/Nintendo - Satellaview/Named_Titles/Kodomo Chousadan Mighty Pockets - Chousa 3 - Kyakusen Queen Patra no Nazo (Japan) (SoundLink).png</image>
    <video>/recalbox/share/videos/No-Intro/Nintendo - Satellaview/Kodomo Chousadan Mighty Pockets - Chousa 3 - Kyakusen Queen Patra no Nazo (Japan) (SoundLink).mp4</video>
  </game>
  <game>
    <path>/recalbox/share/rom/No-Intro/Nintendo - Satellaview/Koi wa Balance - Tatoeba K-kun no Tabou na Ichinichi Hen (Japan).zip</path>
    <name>Koi wa Balance - Tatoeba K-kun no Tabou na Ichinichi Hen (Japan)</name>
    <image>/recalbox/share/thumbs/Nintendo - Satellaview/Named_Titles/Koi wa Balance - Tatoeba K-kun no Tabou na Ichinichi Hen (Japan).png</image>
    <video>/recalbox/share/videos/No-Intro/Nintendo - Satellaview/Koi wa Balance - Tatoeba K-kun no Tabou na Ichinichi Hen (Japan).mp4</video>
  </game>
  <game>
    <path>/recalbox/share/rom/No-Intro/Nintendo - Satellaview/Konae-chan no Dokidoki Penguin Kazoku - Event-ban (Japan) (1-4).zip</path>
    <name>Konae-chan no Dokidoki Penguin Kazoku - Event-ban (Japan) (1-4)</name>
    <image>/recalbox/share/thumbs/Nintendo - Satellaview/Named_Titles/Konae-chan no Dokidoki Penguin Kazoku - Event-ban (Japan) (1-4).png</image>
    <video>/recalbox/share/videos/No-Intro/Nintendo - Satellaview/Konae-chan no Dokidoki Penguin Kazoku - Event-ban (Japan) (1-4).mp4</video>
  </game>
  <game>
    <path>/recalbox/share/rom/No-Intro/Nintendo - Satellaview/Kouryaku Casino Bar Nichiyoubi - Roulette (Japan) [b].zip</path>
    <name>Kouryaku Casino Bar Nichiyoubi - Roulette (Japan) [b]</name>
    <image>/recalbox/share/thumbs/Nintendo - Satellaview/Named_Titles/Kouryaku Casino Bar Nichiyoubi - Roulette (Japan) [b].png</image>
    <video>/recalbox/share/videos/No-Intro/Nintendo - Satellaview/Kouryaku Casino Bar Nichiyoubi - Roulette (Japan) [b].mp4</video>
  </game>
  <game>
    <path>/recalbox/share/rom/No-Intro/Nintendo - Satellaview/Kouryaku Casino Bar Nichiyoubi - Roulette + Game Tora no Ooana Special (2-24) (Japan) [b].zip</path>
    <name>Kouryaku Casino Bar Nichiyoubi - Roulette + Game Tora no Ooana Special (2-24) (Japan) [b]</name>
    <image>/recalbox/share/thumbs/Nintendo - Satellaview/Named_Titles/Kouryaku Casino Bar Nichiyoubi - Roulette + Game Tora no Ooana Special (2-24) (Japan) [b].png</image>
    <video>/recalbox/share/videos/No-Intro/Nintendo - Satellaview/Kouryaku Casino Bar Nichiyoubi - Roulette + Game Tora no Ooana Special (2-24) (Japan) [b].mp4</video>
  </game>
  <game>
    <path>/recalbox/share/rom/No-Intro/Nintendo - Satellaview/Let's Pachinko Nante Gindama 4 (Japan) (11-25).zip</path>
    <name>Let&apos;s Pachinko Nante Gindama 4 (Japan) (11-25)</name>
    <image>/recalbox/share/thumbs/Nintendo - Satellaview/Named_Titles/Let&apos;s Pachinko Nante Gindama 4 (Japan) (11-25).png</image>
    <video>/recalbox/share/videos/No-Intro/Nintendo - Satellaview/Let&apos;s Pachinko Nante Gindama 4 (Japan) (11-25).mp4</video>
  </game>
  <game>
    <path>/recalbox/share/rom/No-Intro/Nintendo - Satellaview/Let's Pachinko Nante Gindama 4 (Japan) (3-21).zip</path>
    <name>Let&apos;s Pachinko Nante Gindama 4 (Japan) (3-21)</name>
    <image>/recalbox/share/thumbs/Nintendo - Satellaview/Named_Titles/Let&apos;s Pachinko Nante Gindama 4 (Japan) (3-21).png</image>
    <video>/recalbox/share/videos/No-Intro/Nintendo - Satellaview/Let&apos;s Pachinko Nante Gindama 4 (Japan) (3-21).mp4</video>
  </game>
  <game>
    <path>/recalbox/share/rom/No-Intro/Nintendo - Satellaview/Machi Magazine (Japan) (11-4) (Magazine).zip</path>
    <name>Machi Magazine (Japan) (11-4) (Magazine)</name>
    <image>/recalbox/share/thumbs/Nintendo - Satellaview/Named_Titles/Machi Magazine (Japan) (11-4) (Magazine).png</image>
    <video>/recalbox/share/videos/No-Intro/Nintendo - Satellaview/Machi Magazine (Japan) (11-4) (Magazine).mp4</video>
  </game>
  <game>
    <path>/recalbox/share/rom/No-Intro/Nintendo - Satellaview/Mario Paint - BS Ban (Japan).zip</path>
    <name>Mario Paint - BS Ban (Japan)</name>
    <image>/recalbox/share/thumbs/Nintendo - Satellaview/Named_Titles/Mario Paint - BS Ban (Japan).png</image>
    <video>/recalbox/share/videos/No-Intro/Nintendo - Satellaview/Mario Paint - BS Ban (Japan).mp4</video>
  </game>
  <game>
    <path>/recalbox/share/rom/No-Intro/Nintendo - Satellaview/Mirai-gata Idol Kaihatsu System - Media Strawberry (Japan) (Magazine).zip</path>
    <name>Mirai-gata Idol Kaihatsu System - Media Strawberry (Japan) (Magazine)</name>
    <image>/recalbox/share/thumbs/Nintendo - Satellaview/Named_Titles/Mirai-gata Idol Kaihatsu System - Media Strawberry (Japan) (Magazine).png</image>
    <video>/recalbox/share/videos/No-Intro/Nintendo - Satellaview/Mirai-gata Idol Kaihatsu System - Media Strawberry (Japan) (Magazine).mp4</video>
  </game>
  <game>
    <path>/recalbox/share/rom/No-Intro/Nintendo - Satellaview/Mirai-gata Idol Kaihatsu System - Media Strawberry - Vol. 12 (Japan) (Magazine).zip</path>
    <name>Mirai-gata Idol Kaihatsu System - Media Strawberry - Vol. 12 (Japan) (Magazine)</name>
    <image>/recalbox/share/thumbs/Nintendo - Satellaview/Named_Titles/Mirai-gata Idol Kaihatsu System - Media Strawberry - Vol. 12 (Japan) (Magazine).png</image>
    <video>/recalbox/share/videos/No-Intro/Nintendo - Satellaview/Mirai-gata Idol Kaihatsu System - Media Strawberry - Vol. 12 (Japan) (Magazine).mp4</video>
  </game>
  <game>
    <path>/recalbox/share/rom/No-Intro/Nintendo - Satellaview/Ryouma de Yuku (Japan) (Data Pack).zip</path>
    <name>Ryouma de Yuku (Japan) (Data Pack)</name>
    <image>/recalbox/share/thumbs/Nintendo - Satellaview/Named_Titles/Ryouma de Yuku (Japan) (Data Pack).png</image>
    <video>/recalbox/share/videos/No-Intro/Nintendo - Satellaview/Ryouma de Yuku (Japan) (Data Pack).mp4</video>
  </game>
  <game>
    <path>/recalbox/share/rom/No-Intro/Nintendo - Satellaview/Ryouma de Yuku - Kanaderu Score (6-30) + Ryouma de Yuku - Kanaderu Score (8-4) (Japan) (Data Pack) [b].zip</path>
    <name>Ryouma de Yuku - Kanaderu Score (6-30) + Ryouma de Yuku - Kanaderu Score (8-4) (Japan) (Data Pack) [b]</name>
    <image>/recalbox/share/thumbs/Nintendo - Satellaview/Named_Titles/Ryouma de Yuku - Kanaderu Score (6-30) + Ryouma de Yuku - Kanaderu Score (8-4) (Japan) (Data Pack) [b].png</image>
    <video>/recalbox/share/videos/No-Intro/Nintendo - Satellaview/Ryouma de Yuku - Kanaderu Score (6-30) + Ryouma de Yuku - Kanaderu Score (8-4) (Japan) (Data Pack) [b].mp4</video>
  </game>
  <game>
    <path>/recalbox/share/rom/No-Intro/Nintendo - Satellaview/SD Gundam G Next - Map Data (Japan) (3-25) (Data Pack).zip</path>
    <name>SD Gundam G Next - Map Data (Japan) (3-25) (Data Pack)</name>
    <image>/recalbox/share/thumbs/Nintendo - Satellaview/Named_Titles/SD Gundam G Next - Map Data (Japan) (3-25) (Data Pack).png</image>
    <video>/recalbox/share/videos/No-Intro/Nintendo - Satellaview/SD Gundam G Next - Map Data (Japan) (3-25) (Data Pack).mp4</video>
  </game>
  <game>
    <path>/recalbox/share/rom/No-Intro/Nintendo - Satellaview/SD Gundam G Next - Unit &amp; Map Collection (Japan) (ROM).zip</path>
    <name>SD Gundam G Next - Unit &amp; Map Collection (Japan) (ROM)</name>
    <image>/recalbox/share/thumbs/Nintendo - Satellaview/Named_Titles/SD Gundam G Next - Unit &amp; Map Collection (Japan) (ROM).png</image>
    <video>/recalbox/share/videos/No-Intro/Nintendo - Satellaview/SD Gundam G Next - Unit &amp; Map Collection (Japan) (ROM).mp4</video>
  </game>
  <game>
    <path>/recalbox/share/rom/No-Intro/Nintendo - Satellaview/Same Game - Chara Data Shuu (Japan) (ROM).zip</path>
    <name>Same Game - Chara Data Shuu (Japan) (ROM)</name>
    <image>/recalbox/share/thumbs/Nintendo - Satellaview/Named_Titles/Same Game - Chara Data Shuu (Japan) (ROM).png</image>
    <video>/recalbox/share/videos/No-Intro/Nintendo - Satellaview/Same Game - Chara Data Shuu (Japan) (ROM).mp4</video>
  </game>
  <game>
    <path>/recalbox/share/rom/No-Intro/Nintendo - Satellaview/Same Game - Koma Editor 4 (Japan).zip</path>
    <name>Same Game - Koma Editor 4 (Japan)</name>
    <image>/recalbox/share/thumbs/Nintendo - Satellaview/Named_Titles/Same Game - Koma Editor 4 (Japan).png</image>
    <video>/recalbox/share/videos/No-Intro/Nintendo - Satellaview/Same Game - Koma Editor 4 (Japan).mp4</video>
  </game>
  <game>
    <path>/recalbox/share/rom/No-Intro/Nintendo - Satellaview/Satella Walker 2 - Sate Bou o Sukuidase! (Japan) (SoundLink).zip</path>
    <name>Satella Walker 2 - Sate Bou o Sukuidase! (Japan) (SoundLink)</name>
    <image>/recalbox/share/thumbs/Nintendo - Satellaview/Named_Titles/Satella Walker 2 - Sate Bou o Sukuidase! (Japan) (SoundLink).png</image>
    <video>/recalbox/share/videos/No-Intro/Nintendo - Satellaview/Satella Walker 2 - Sate Bou o Sukuidase! (Japan) (SoundLink).mp4</video>
  </game>
  <game>
    <path>/recalbox/share/rom/No-Intro/Nintendo - Satellaview/Satella Yokochou - 8-24 Gou (Japan) (Magazine).zip</path>
    <name>Satella Yokochou - 8-24 Gou (Japan) (Magazine)</name>
    <image>/recalbox/share/thumbs/Nintendo - Satellaview/Named_Titles/Satella Yokochou - 8-24 Gou (Japan) (Magazine).png</image>
    <video>/recalbox/share/videos/No-Intro/Nintendo - Satellaview/Satella Yokochou - 8-24 Gou (Japan) (Magazine).mp4</video>
  </game>
  <game>
    <path>/recalbox/share/rom/No-Intro/Nintendo - Satellaview/Sound Journal for Lovers - Valentine Special Vol. 1 (Japan) (SoundLink) [b].zip</path>
    <name>Sound Journal for Lovers - Valentine Special Vol. 1 (Japan) (SoundLink) [b]</name>
    <image>/recalbox/share/thumbs/Nintendo - Satellaview/Named_Titles/Sound Journal for Lovers - Valentine Special Vol. 1 (Japan) (SoundLink) [b].png</image>
    <video>/recalbox/share/videos/No-Intro/Nintendo - Satellaview/Sound Journal for Lovers - Valentine Special Vol. 1 (Japan) (SoundLink) [b].mp4</video>
  </game>
  <game>
    <path>/recalbox/share/rom/No-Intro/Nintendo - Satellaview/Sound Novel Tsukuru Data - Okirakukouza (Japan) (Data Pack) [b].zip</path>
    <name>Sound Novel Tsukuru Data - Okirakukouza (Japan) (Data Pack) [b]</name>
    <image>/recalbox/share/thumbs/Nintendo - Satellaview/Named_Titles/Sound Novel Tsukuru Data - Okirakukouza (Japan) (Data Pack) [b].png</image>
    <video>/recalbox/share/videos/No-Intro/Nintendo - Satellaview/Sound Novel Tsukuru Data - Okirakukouza (Japan) (Data Pack) [b].mp4</video>
  </game>
  <game>
    <path>/recalbox/share/rom/No-Intro/Nintendo - Satellaview/Sousa Sentai Wappers - Extra Mission (Japan) (Magazine).zip</path>
    <name>Sousa Sentai Wappers - Extra Mission (Japan) (Magazine)</name>
    <image>/recalbox/share/thumbs/Nintendo - Satellaview/Named_Titles/Sousa Sentai Wappers - Extra Mission (Japan) (Magazine).png</image>
    <video>/recalbox/share/videos/No-Intro/Nintendo - Satellaview/Sousa Sentai Wappers - Extra Mission (Japan) (Magazine).mp4</video>
  </game>
  <game>
    <path>/recalbox/share/rom/No-Intro/Nintendo - Satellaview/Sousa Sentai Wappers - Mission 01 (Japan) (Magazine).zip</path>
    <name>Sousa Sentai Wappers - Mission 01 (Japan) (Magazine)</name>
    <image>/recalbox/share/thumbs/Nintendo - Satellaview/Named_Titles/Sousa Sentai Wappers - Mission 01 (Japan) (Magazine).png</image>
    <video>/recalbox/share/videos/No-Intro/Nintendo - Satellaview/Sousa Sentai Wappers - Mission 01 (Japan) (Magazine).mp4</video>
  </game>
  <game>
    <path>/recalbox/share/rom/No-Intro/Nintendo - Satellaview/Sousa Sentai Wappers - Mission 02 (Japan) (Magazine).zip</path>
    <name>Sousa Sentai Wappers - Mission 02 (Japan) (Magazine)</name>
    <image>/recalbox/share/thumbs/Nintendo - Satellaview/Named_Titles/Sousa Sentai Wappers - Mission 02 (Japan) (Magazine).png</image>
    <video>/recalbox/share/videos/No-Intro/Nintendo - Satellaview/Sousa Sentai Wappers - Mission 02 (Japan) (Magazine).mp4</video>
  </game>
  <game>
    <path>/recalbox/share/rom/No-Intro/Nintendo - Satellaview/Special Tee Shot (Japan).zip</path>
    <name>Special Tee Shot (Japan)</name>
    <image>/recalbox/share/thumbs/Nintendo - Satellaview/Named_Titles/Special Tee Shot (Japan).png</image>
    <video>/recalbox/share/videos/No-Intro/Nintendo - Satellaview/Special Tee Shot (Japan).mp4</video>
  </game>
  <game>
    <path>/recalbox/share/rom/No-Intro/Nintendo - Satellaview/Square Magazine (Japan) (11-21) (Magazine) [b].zip</path>
    <name>Square Magazine (Japan) (11-21) (Magazine) [b]</name>
    <image>/recalbox/share/thumbs/Nintendo - Satellaview/Named_Titles/Square Magazine (Japan) (11-21) (Magazine) [b].png</image>
    <video>/recalbox/share/videos/No-Intro/Nintendo - Satellaview/Square Magazine (Japan) (11-21) (Magazine) [b].mp4</video>
  </game>
  <game>
    <path>/recalbox/share/rom/No-Intro/Nintendo - Satellaview/Star Soldier - 2 Minute Mode (Japan) (En).zip</path>
    <name>Star Soldier - 2 Minute Mode (Japan) (En)</name>
    <image>/recalbox/share/thumbs/Nintendo - Satellaview/Named_Titles/Star Soldier - 2 Minute Mode (Japan) (En).png</image>
    <video>/recalbox/share/videos/No-Intro/Nintendo - Satellaview/Star Soldier - 2 Minute Mode (Japan) (En).mp4</video>
  </game>
  <game>
    <path>/recalbox/share/rom/No-Intro/Nintendo - Satellaview/Sugoi RPG - Kouhen (Japan).zip</path>
    <name>Sugoi RPG - Kouhen (Japan)</name>
    <image>/recalbox/share/thumbs/Nintendo - Satellaview/Named_Titles/Sugoi RPG - Kouhen (Japan).png</image>
    <video>/recalbox/share/videos/No-Intro/Nintendo - Satellaview/Sugoi RPG - Kouhen (Japan).mp4</video>
  </game>
  <game>
    <path>/recalbox/share/rom/No-Intro/Nintendo - Satellaview/Super Aleste (Japan).zip</path>
    <name>Super Aleste (Japan)</name>
    <image>/recalbox/share/thumbs/Nintendo - Satellaview/Named_Titles/Super Aleste (Japan).png</image>
    <video>/recalbox/share/videos/No-Intro/Nintendo - Satellaview/Super Aleste (Japan).mp4</video>
  </game>
  <game>
    <path>/recalbox/share/rom/No-Intro/Nintendo - Satellaview/Super Bomberman (Japan) (En) (5-20).zip</path>
    <name>Super Bomberman (Japan) (En) (5-20)</name>
    <image>/recalbox/share/thumbs/Nintendo - Satellaview/Named_Titles/Super Bomberman (Japan) (En) (5-20).png</image>
    <video>/recalbox/share/videos/No-Intro/Nintendo - Satellaview/Super Bomberman (Japan) (En) (5-20).mp4</video>
  </game>
  <game>
    <path>/recalbox/share/rom/No-Intro/Nintendo - Satellaview/Sutte Hakkun - BS Version 2 (Japan) (10-6).zip</path>
    <name>Sutte Hakkun - BS Version 2 (Japan) (10-6)</name>
    <image>/recalbox/share/thumbs/Nintendo - Satellaview/Named_Titles/Sutte Hakkun - BS Version 2 (Japan) (10-6).png</image>
    <video>/recalbox/share/videos/No-Intro/Nintendo - Satellaview/Sutte Hakkun - BS Version 2 (Japan) (10-6).mp4</video>
  </game>
  <game>
    <path>/recalbox/share/rom/No-Intro/Nintendo - Satellaview/Sutte Hakkun - BS Version 2 (Japan) (10-8).zip</path>
    <name>Sutte Hakkun - BS Version 2 (Japan) (10-8)</name>
    <image>/recalbox/share/thumbs/Nintendo - Satellaview/Named_Titles/Sutte Hakkun - BS Version 2 (Japan) (10-8).png</image>
    <video>/recalbox/share/videos/No-Intro/Nintendo - Satellaview/Sutte Hakkun - BS Version 2 (Japan) (10-8).mp4</video>
  </game>
  <game>
    <path>/recalbox/share/rom/No-Intro/Nintendo - Satellaview/Sutte Hakkun - BS Version 2 (Japan) (6-3).zip</path>
    <name>Sutte Hakkun - BS Version 2 (Japan) (6-3)</name>
    <image>/recalbox/share/thumbs/Nintendo - Satellaview/Named_Titles/Sutte Hakkun - BS Version 2 (Japan) (6-3).png</image>
    <video>/recalbox/share/videos/No-Intro/Nintendo - Satellaview/Sutte Hakkun - BS Version 2 (Japan) (6-3).mp4</video>
  </game>
  <game>
    <path>/recalbox/share/rom/No-Intro/Nintendo - Satellaview/Tactics Ogre - Let Us Cling Together (Japan) (Demo).zip</path>
    <name>Tactics Ogre - Let Us Cling Together (Japan) (Demo)</name>
    <image>/recalbox/share/thumbs/Nintendo - Satellaview/Named_Titles/Tactics Ogre - Let Us Cling Together (Japan) (Demo).png</image>
    <video>/recalbox/share/videos/No-Intro/Nintendo - Satellaview/Tactics Ogre - Let Us Cling Together (Japan) (Demo).mp4</video>
  </game>
  <game>
    <path>/recalbox/share/rom/No-Intro/Nintendo - Satellaview/Tamori no Picross (8-13) + Bakushow Mondai no Houkago Ousama - Kayoubi (Japan) (Game, Magazine) [b].zip</path>
    <name>Tamori no Picross (8-13) + Bakushow Mondai no Houkago Ousama - Kayoubi (Japan) (Game, Magazine) [b]</name>
    <image>/recalbox/share/thumbs/Nintendo - Satellaview/Named_Titles/Tamori no Picross (8-13) + Bakushow Mondai no Houkago Ousama - Kayoubi (Japan) (Game, Magazine) [b].png</image>
    <video>/recalbox/share/videos/No-Intro/Nintendo - Satellaview/Tamori no Picross (8-13) + Bakushow Mondai no Houkago Ousama - Kayoubi (Japan) (Game, Magazine) [b].mp4</video>
  </game>
  <game>
    <path>/recalbox/share/rom/No-Intro/Nintendo - Satellaview/Tamori no Picross (Japan) (6-13).zip</path>
    <name>Tamori no Picross (Japan) (6-13)</name>
    <image>/recalbox/share/thumbs/Nintendo - Satellaview/Named_Titles/Tamori no Picross (Japan) (6-13).png</image>
    <video>/recalbox/share/videos/No-Intro/Nintendo - Satellaview/Tamori no Picross (Japan) (6-13).mp4</video>
  </game>
  <game>
    <path>/recalbox/share/rom/No-Intro/Nintendo - Satellaview/Tenchi Souzou (Japan) (Demo).zip</path>
    <name>Tenchi Souzou (Japan) (Demo)</name>
    <image>/recalbox/share/thumbs/Nintendo - Satellaview/Named_Titles/Tenchi Souzou (Japan) (Demo).png</image>
    <video>/recalbox/share/videos/No-Intro/Nintendo - Satellaview/Tenchi Souzou (Japan) (Demo).mp4</video>
  </game>
  <game>
    <path>/recalbox/share/rom/No-Intro/Nintendo - Satellaview/Undake 30 - Same Game Daisakusen - Mario Version (Japan) [b].zip</path>
    <name>Undake 30 - Same Game Daisakusen - Mario Version (Japan) [b]</name>
    <image>/recalbox/share/thumbs/Nintendo - Satellaview/Named_Titles/Undake 30 - Same Game Daisakusen - Mario Version (Japan) [b].png</image>
    <video>/recalbox/share/videos/No-Intro/Nintendo - Satellaview/Undake 30 - Same Game Daisakusen - Mario Version (Japan) [b].mp4</video>
  </game>
  <game>
    <path>/recalbox/share/rom/No-Intro/Nintendo - Satellaview/Undake 30 - Uragame Daisakusen (Japan).zip</path>
    <name>Undake 30 - Uragame Daisakusen (Japan)</name>
    <image>/recalbox/share/thumbs/Nintendo - Satellaview/Named_Titles/Undake 30 - Uragame Daisakusen (Japan).png</image>
    <video>/recalbox/share/videos/No-Intro/Nintendo - Satellaview/Undake 30 - Uragame Daisakusen (Japan).mp4</video>
  </game>
  <game>
    <path>/recalbox/share/rom/No-Intro/Nintendo - Satellaview/Undake 30 - Uragame Daisakusen + Kouryaku Casino Bar Kinyoubi - Slots (Japan) [b].zip</path>
    <name>Undake 30 - Uragame Daisakusen + Kouryaku Casino Bar Kinyoubi - Slots (Japan) [b]</name>
    <image>/recalbox/share/thumbs/Nintendo - Satellaview/Named_Titles/Undake 30 - Uragame Daisakusen + Kouryaku Casino Bar Kinyoubi - Slots (Japan) [b].png</image>
    <video>/recalbox/share/videos/No-Intro/Nintendo - Satellaview/Undake 30 - Uragame Daisakusen + Kouryaku Casino Bar Kinyoubi - Slots (Japan) [b].mp4</video>
  </game>
  <game>
    <path>/recalbox/share/rom/No-Intro/Nintendo - Satellaview/Wario no Mori - Futatabi (Japan) (8-11).zip</path>
    <name>Wario no Mori - Futatabi (Japan) (8-11)</name>
    <image>/recalbox/share/thumbs/Nintendo - Satellaview/Named_Titles/Wario no Mori - Futatabi (Japan) (8-11).png</image>
    <video>/recalbox/share/videos/No-Intro/Nintendo - Satellaview/Wario no Mori - Futatabi (Japan) (8-11).mp4</video>
  </game>
  <game>
    <path>/recalbox/share/rom/No-Intro/Nintendo - Satellaview/Weekly Bass Tsuri No.1 Magazine - Vol.24 (Japan) (Magazine).zip</path>
    <name>Weekly Bass Tsuri No.1 Magazine - Vol.24 (Japan) (Magazine)</name>
    <image>/recalbox/share/thumbs/Nintendo - Satellaview/Named_Titles/Weekly Bass Tsuri No.1 Magazine - Vol.24 (Japan) (Magazine).png</image>
    <video>/recalbox/share/videos/No-Intro/Nintendo - Satellaview/Weekly Bass Tsuri No.1 Magazine - Vol.24 (Japan) (Magazine).mp4</video>
  </game>
  <game>
    <path>/recalbox/share/rom/No-Intro/Nintendo - Satellaview/Wild Guns (Japan).zip</path>
    <name>Wild Guns (Japan)</name>
    <image>/recalbox/share/thumbs/Nintendo - Satellaview/Named_Titles/Wild Guns (Japan).png</image>
    <video>/recalbox/share/videos/No-Intro/Nintendo - Satellaview/Wild Guns (Japan).mp4</video>
  </game>
  <game>
    <path>/recalbox/share/rom/No-Intro/Nintendo - Satellaview/Wizardry V - Saika no Chuushin (Japan).zip</path>
    <name>Wizardry V - Saika no Chuushin (Japan)</name>
    <image>/recalbox/share/thumbs/Nintendo - Satellaview/Named_Titles/Wizardry V - Saika no Chuushin (Japan).png</image>
    <video>/recalbox/share/videos/No-Intro/Nintendo - Satellaview/Wizardry V - Saika no Chuushin (Japan).mp4</video>
  </game>
  <game>
    <path>/recalbox/share/rom/No-Intro/Nintendo - Satellaview/Zootto Mahjong! - Preview Ban (Japan).zip</path>
    <name>Zootto Mahjong! - Preview Ban (Japan)</name>
    <image>/recalbox/share/thumbs/Nintendo - Satellaview/Named_Titles/Zootto Mahjong! - Preview Ban (Japan).png</image>
    <video>/recalbox/share/videos/No-Intro/Nintendo - Satellaview/Zootto Mahjong! - Preview Ban (Japan).mp4</video>
  </game>
</gamelist>