<gamelist>
  <game>
    <path>/recalbox/share/zip/megaduck/2nd Space (World).zip</path>
    <name>2nd Space (World)</name>
    <image>/recalbox/share/thumbs2/Welback - Mega Duck/2nd Space (World).png</image>
    <video>/recalbox/share/videos/Welback - Mega Duck/2nd Space (World).mp4</video>
  </game>
  <game>
    <path>/recalbox/share/zip/megaduck/Ant Soldiers (World).zip</path>
    <name>Ant Soldiers (World)</name>
    <image>/recalbox/share/thumbs2/Welback - Mega Duck/Ant Soldiers (World).png</image>
    <video>/recalbox/share/videos/Welback - Mega Duck/Ant Soldiers (World).mp4</video>
  </game>
  <game>
    <path>/recalbox/share/zip/megaduck/Arctic Zone (World).zip</path>
    <name>Arctic Zone (World)</name>
    <image>/recalbox/share/thumbs2/Welback - Mega Duck/Arctic Zone (World).png</image>
    <video>/recalbox/share/videos/Welback - Mega Duck/Arctic Zone (World).mp4</video>
  </game>
  <game>
    <path>/recalbox/share/zip/megaduck/Armour Force (World).zip</path>
    <name>Armour Force (World)</name>
    <image>/recalbox/share/thumbs2/Welback - Mega Duck/Armour Force (World).png</image>
    <video>/recalbox/share/videos/Welback - Mega Duck/Armour Force (World).mp4</video>
  </game>
  <game>
    <path>/recalbox/share/zip/megaduck/Beast Fighter (World).zip</path>
    <name>Beast Fighter (World)</name>
    <image>/recalbox/share/thumbs2/Welback - Mega Duck/Beast Fighter (World).png</image>
    <video>/recalbox/share/videos/Welback - Mega Duck/Beast Fighter (World).mp4</video>
  </game>
  <game>
    <path>/recalbox/share/zip/megaduck/Black Forest Tale (World).zip</path>
    <name>Black Forest Tale (World)</name>
    <image>/recalbox/share/thumbs2/Welback - Mega Duck/Black Forest Tale (World).png</image>
    <video>/recalbox/share/videos/Welback - Mega Duck/Black Forest Tale (World).mp4</video>
  </game>
  <game>
    <path>/recalbox/share/zip/megaduck/Bomb Disposer (World).zip</path>
    <name>Bomb Disposer (World)</name>
    <image>/recalbox/share/thumbs2/Welback - Mega Duck/Bomb Disposer (World).png</image>
    <video>/recalbox/share/videos/Welback - Mega Duck/Bomb Disposer (World).mp4</video>
  </game>
  <game>
    <path>/recalbox/share/zip/megaduck/Captain Knick Knack (World).zip</path>
    <name>Captain Knick Knack (World)</name>
    <image>/recalbox/share/thumbs2/Welback - Mega Duck/Captain Knick Knack (World).png</image>
    <video>/recalbox/share/videos/Welback - Mega Duck/Captain Knick Knack (World).mp4</video>
  </game>
  <game>
    <path>/recalbox/share/zip/megaduck/Commin 5 in 1 (World).zip</path>
    <name>Commin 5 in 1 (World)</name>
    <image>/recalbox/share/thumbs2/Welback - Mega Duck/Commin 5 in 1 (World).png</image>
    <video>/recalbox/share/videos/Welback - Mega Duck/Commin 5 in 1 (World).mp4</video>
  </game>
  <game>
    <path>/recalbox/share/zip/megaduck/Duck Adventures (World).zip</path>
    <name>Duck Adventures (World)</name>
    <image>/recalbox/share/thumbs2/Welback - Mega Duck/Duck Adventures (World).png</image>
    <video>/recalbox/share/videos/Welback - Mega Duck/Duck Adventures (World).mp4</video>
  </game>
  <game>
    <path>/recalbox/share/zip/megaduck/Magic Maze (World).zip</path>
    <name>Magic Maze (World)</name>
    <image>/recalbox/share/thumbs2/Welback - Mega Duck/Magic Maze (World).png</image>
    <video>/recalbox/share/videos/Welback - Mega Duck/Magic Maze (World).mp4</video>
  </game>
  <game>
    <path>/recalbox/share/zip/megaduck/Magical Tower (World).zip</path>
    <name>Magical Tower (World)</name>
    <image>/recalbox/share/thumbs2/Welback - Mega Duck/Magical Tower (World).png</image>
    <video>/recalbox/share/videos/Welback - Mega Duck/Magical Tower (World).mp4</video>
  </game>
  <game>
    <path>/recalbox/share/zip/megaduck/Mega Duck 4 in 1 (World).zip</path>
    <name>Mega Duck 4 in 1 (World)</name>
    <image>/recalbox/share/thumbs2/Welback - Mega Duck/Mega Duck 4 in 1 (World).png</image>
    <video>/recalbox/share/videos/Welback - Mega Duck/Mega Duck 4 in 1 (World).mp4</video>
  </game>
  <game>
    <path>/recalbox/share/zip/megaduck/Pile Wonder (World) (Alt).zip</path>
    <name>Pile Wonder (World) (Alt)</name>
    <image>/recalbox/share/thumbs2/Welback - Mega Duck/Pile Wonder (World) (Alt).png</image>
    <video>/recalbox/share/videos/Welback - Mega Duck/Pile Wonder (World) (Alt).mp4</video>
  </game>
  <game>
    <path>/recalbox/share/zip/megaduck/Pile Wonder (World).zip</path>
    <name>Pile Wonder (World)</name>
    <image>/recalbox/share/thumbs2/Welback - Mega Duck/Pile Wonder (World).png</image>
    <video>/recalbox/share/videos/Welback - Mega Duck/Pile Wonder (World).mp4</video>
  </game>
  <game>
    <path>/recalbox/share/zip/megaduck/Puppet Knight (World).zip</path>
    <name>Puppet Knight (World)</name>
    <image>/recalbox/share/thumbs2/Welback - Mega Duck/Puppet Knight (World).png</image>
    <video>/recalbox/share/videos/Welback - Mega Duck/Puppet Knight (World).mp4</video>
  </game>
  <game>
    <path>/recalbox/share/zip/megaduck/Railway (World).zip</path>
    <name>Railway (World)</name>
    <image>/recalbox/share/thumbs2/Welback - Mega Duck/Railway (World).png</image>
    <video>/recalbox/share/videos/Welback - Mega Duck/Railway (World).mp4</video>
  </game>
  <game>
    <path>/recalbox/share/zip/megaduck/Snake Roy (World).zip</path>
    <name>Snake Roy (World)</name>
    <image>/recalbox/share/thumbs2/Welback - Mega Duck/Snake Roy (World).png</image>
    <video>/recalbox/share/videos/Welback - Mega Duck/Snake Roy (World).mp4</video>
  </game>
  <game>
    <path>/recalbox/share/zip/megaduck/Street Rider (World).zip</path>
    <name>Street Rider (World)</name>
    <image>/recalbox/share/thumbs2/Welback - Mega Duck/Street Rider (World).png</image>
    <video>/recalbox/share/videos/Welback - Mega Duck/Street Rider (World).mp4</video>
  </game>
  <game>
    <path>/recalbox/share/zip/megaduck/Suleiman&apos;s Treasure (World).zip</path>
    <name>Suleiman&apos;s Treasure (World)</name>
    <image>/recalbox/share/thumbs2/Welback - Mega Duck/Suleiman&apos;s Treasure (World).png</image>
    <video>/recalbox/share/videos/Welback - Mega Duck/Suleiman&apos;s Treasure (World).mp4</video>
  </game>
  <game>
    <path>/recalbox/share/zip/megaduck/The Brick Wall (World).zip</path>
    <name>The Brick Wall (World)</name>
    <image>/recalbox/share/thumbs2/Welback - Mega Duck/The Brick Wall (World).png</image>
    <video>/recalbox/share/videos/Welback - Mega Duck/The Brick Wall (World).mp4</video>
  </game>
  <game>
    <path>/recalbox/share/zip/megaduck/Trap Turn (World).zip</path>
    <name>Trap Turn (World)</name>
    <image>/recalbox/share/thumbs2/Welback - Mega Duck/Trap Turn (World).png</image>
    <video>/recalbox/share/videos/Welback - Mega Duck/Trap Turn (World).mp4</video>
  </game>
  <game>
    <path>/recalbox/share/zip/megaduck/Vex (World).zip</path>
    <name>Vex (World)</name>
    <image>/recalbox/share/thumbs2/Welback - Mega Duck/Vex (World).png</image>
    <video>/recalbox/share/videos/Welback - Mega Duck/Vex (World).mp4</video>
  </game>
  <game>
    <path>/recalbox/share/zip/megaduck/Waternet (World) (Aftermarket) (Homebrew).zip</path>
    <name>Waternet (World) (Aftermarket) (Homebrew)</name>
    <image>/recalbox/share/thumbs2/Welback - Mega Duck/Waternet (World) (Aftermarket) (Homebrew).png</image>
    <video>/recalbox/share/videos/Welback - Mega Duck/Waternet (World) (Aftermarket) (Homebrew).mp4</video>
  </game>
  <game>
    <path>/recalbox/share/zip/megaduck/Worm Visitor (World).zip</path>
    <name>Worm Visitor (World)</name>
    <image>/recalbox/share/thumbs2/Welback - Mega Duck/Worm Visitor (World).png</image>
    <video>/recalbox/share/videos/Welback - Mega Duck/Worm Visitor (World).mp4</video>
  </game>
  <game>
    <path>/recalbox/share/zip/megaduck/Zipball (World).zip</path>
    <name>Zipball (World)</name>
    <image>/recalbox/share/thumbs2/Welback - Mega Duck/Zipball (World).png</image>
    <video>/recalbox/share/videos/Welback - Mega Duck/Zipball (World).mp4</video>
  </game>
</gamelist>
