<gamelist>
  <game>
    <path>/recalbox/share/zip/vg5000/Abeille, L&apos; - Spina the Bee (1984)(Philips)[8].k7</path>
    <name>Abeille, L&apos; - Spina the Bee (1984)(Philips)[8]</name>
    <image>/recalbox/share/Philips/VG 5000/Abeille, L&apos; - Spina the Bee (1984)(Philips)[8].png</image>
    <video>/recalbox/share/videos/Philips/VG 5000/Abeille, L&apos; - Spina the Bee (1984)(Philips)[8].mp4</video>
  </game>
  <game>
    <path>/recalbox/share/zip/vg5000/Alunissage (1985)(Carl Hervier).k7</path>
    <name>Alunissage (1985)(Carl Hervier)</name>
    <image>/recalbox/share/Philips/VG 5000/Alunissage (1985)(Carl Hervier).png</image>
    <video>/recalbox/share/videos/Philips/VG 5000/Alunissage (1985)(Carl Hervier).mp4</video>
  </game>
  <game>
    <path>/recalbox/share/zip/vg5000/Backgammon (1984)(Philips)[13].k7</path>
    <name>Backgammon (1984)(Philips)[13]</name>
    <image>/recalbox/share/Philips/VG 5000/Backgammon (1984)(Philips)[13].png</image>
    <video>/recalbox/share/videos/Philips/VG 5000/Backgammon (1984)(Philips)[13].mp4</video>
  </game>
  <game>
    <path>/recalbox/share/zip/vg5000/Blitz (198x)(-).k7</path>
    <name>Blitz (198x)(-)</name>
    <image>/recalbox/share/Philips/VG 5000/Blitz (198x)(-).png</image>
    <video>/recalbox/share/videos/Philips/VG 5000/Blitz (198x)(-).mp4</video>
  </game>
  <game>
    <path>/recalbox/share/zip/vg5000/Bris de Glace (1984)(Philips)[9].k7</path>
    <name>Bris de Glace (1984)(Philips)[9]</name>
    <image>/recalbox/share/Philips/VG 5000/Bris de Glace (1984)(Philips)[9].png</image>
    <video>/recalbox/share/videos/Philips/VG 5000/Bris de Glace (1984)(Philips)[9].mp4</video>
  </game>
  <game>
    <path>/recalbox/share/zip/vg5000/Carotte Malicieuse, La - Reperage et Deplacement Sur un Plan Quadrille (1985)(VIFI Nathan)[4P0007].k7</path>
    <name>Carotte Malicieuse, La - Reperage et Deplacement Sur un Plan Quadrille (1985)(VIFI Nathan)[4P0007]</name>
    <image>/recalbox/share/Philips/VG 5000/Carotte Malicieuse, La - Reperage et Deplacement Sur un Plan Quadrille (1985)(VIFI Nathan)[4P0007].png</image>
    <video>/recalbox/share/videos/Philips/VG 5000/Carotte Malicieuse, La - Reperage et Deplacement Sur un Plan Quadrille (1985)(VIFI Nathan)[4P0007].mp4</video>
  </game>
  <game>
    <path>/recalbox/share/zip/vg5000/Citadelle (1984)(Philips)[10].k7</path>
    <name>Citadelle (1984)(Philips)[10]</name>
    <image>/recalbox/share/Philips/VG 5000/Citadelle (1984)(Philips)[10].png</image>
    <video>/recalbox/share/videos/Philips/VG 5000/Citadelle (1984)(Philips)[10].mp4</video>
  </game>
  <game>
    <path>/recalbox/share/zip/vg5000/Compilation (19xx)(-)[21 games].k7</path>
    <name>Compilation (19xx)(-)[21 games]</name>
    <image>/recalbox/share/Philips/VG 5000/Compilation (19xx)(-)[21 games].png</image>
    <video>/recalbox/share/videos/Philips/VG 5000/Compilation (19xx)(-)[21 games].mp4</video>
  </game>
  <game>
    <path>/recalbox/share/zip/vg5000/Cross Bomber (2020-08-26)(Caruso, Fabrizio).k7</path>
    <name>Cross Bomber (2020-08-26)(Caruso, Fabrizio)</name>
    <image>/recalbox/share/Philips/VG 5000/Cross Bomber (2020-08-26)(Caruso, Fabrizio).png</image>
    <video>/recalbox/share/videos/Philips/VG 5000/Cross Bomber (2020-08-26)(Caruso, Fabrizio).mp4</video>
  </game>
  <game>
    <path>/recalbox/share/zip/vg5000/Cross Bomber (2021-05-13)(Caruso, Fabrizio).k7</path>
    <name>Cross Bomber (2021-05-13)(Caruso, Fabrizio)</name>
    <image>/recalbox/share/Philips/VG 5000/Cross Bomber (2021-05-13)(Caruso, Fabrizio).png</image>
    <video>/recalbox/share/videos/Philips/VG 5000/Cross Bomber (2021-05-13)(Caruso, Fabrizio).mp4</video>
  </game>
  <game>
    <path>/recalbox/share/zip/vg5000/Cross Chase (2017-08-26)(Caruso, Fabrizio)[16K][experimental].k7</path>
    <name>Cross Chase (2017-08-26)(Caruso, Fabrizio)[16K][experimental]</name>
    <image>/recalbox/share/Philips/VG 5000/Cross Chase (2017-08-26)(Caruso, Fabrizio)[16K][experimental].png</image>
    <video>/recalbox/share/videos/Philips/VG 5000/Cross Chase (2017-08-26)(Caruso, Fabrizio)[16K][experimental].mp4</video>
  </game>
  <game>
    <path>/recalbox/share/zip/vg5000/Cross Chase (2017-08-26)(Caruso, Fabrizio)[experimental][minimal].k7</path>
    <name>Cross Chase (2017-08-26)(Caruso, Fabrizio)[experimental][minimal]</name>
    <image>/recalbox/share/Philips/VG 5000/Cross Chase (2017-08-26)(Caruso, Fabrizio)[experimental][minimal].png</image>
    <video>/recalbox/share/videos/Philips/VG 5000/Cross Chase (2017-08-26)(Caruso, Fabrizio)[experimental][minimal].mp4</video>
  </game>
  <game>
    <path>/recalbox/share/zip/vg5000/Cross Chase (2017-08-27)(Caruso, Fabrizio)[16K][experimental].k7</path>
    <name>Cross Chase (2017-08-27)(Caruso, Fabrizio)[16K][experimental]</name>
    <image>/recalbox/share/Philips/VG 5000/Cross Chase (2017-08-27)(Caruso, Fabrizio)[16K][experimental].png</image>
    <video>/recalbox/share/videos/Philips/VG 5000/Cross Chase (2017-08-27)(Caruso, Fabrizio)[16K][experimental].mp4</video>
  </game>
  <game>
    <path>/recalbox/share/zip/vg5000/Cross Chase (2017-08-27)(Caruso, Fabrizio)[experimental][minimal].k7</path>
    <name>Cross Chase (2017-08-27)(Caruso, Fabrizio)[experimental][minimal]</name>
    <image>/recalbox/share/Philips/VG 5000/Cross Chase (2017-08-27)(Caruso, Fabrizio)[experimental][minimal].png</image>
    <video>/recalbox/share/videos/Philips/VG 5000/Cross Chase (2017-08-27)(Caruso, Fabrizio)[experimental][minimal].mp4</video>
  </game>
  <game>
    <path>/recalbox/share/zip/vg5000/Cross Chase (2017-09-15)(Caruso, Fabrizio)[full][experimental].k7</path>
    <name>Cross Chase (2017-09-15)(Caruso, Fabrizio)[full][experimental]</name>
    <image>/recalbox/share/Philips/VG 5000/Cross Chase (2017-09-15)(Caruso, Fabrizio)[full][experimental].png</image>
    <video>/recalbox/share/videos/Philips/VG 5000/Cross Chase (2017-09-15)(Caruso, Fabrizio)[full][experimental].mp4</video>
  </game>
  <game>
    <path>/recalbox/share/zip/vg5000/Cross Chase (2017-09-15)(Caruso, Fabrizio)[minimal][experimental].k7</path>
    <name>Cross Chase (2017-09-15)(Caruso, Fabrizio)[minimal][experimental]</name>
    <image>/recalbox/share/Philips/VG 5000/Cross Chase (2017-09-15)(Caruso, Fabrizio)[minimal][experimental].png</image>
    <video>/recalbox/share/videos/Philips/VG 5000/Cross Chase (2017-09-15)(Caruso, Fabrizio)[minimal][experimental].mp4</video>
  </game>
  <game>
    <path>/recalbox/share/zip/vg5000/Cross Chase (2017-10-11)(Caruso, Fabrizio)[16K][full].k7</path>
    <name>Cross Chase (2017-10-11)(Caruso, Fabrizio)[16K][full]</name>
    <image>/recalbox/share/Philips/VG 5000/Cross Chase (2017-10-11)(Caruso, Fabrizio)[16K][full].png</image>
    <video>/recalbox/share/videos/Philips/VG 5000/Cross Chase (2017-10-11)(Caruso, Fabrizio)[16K][full].mp4</video>
  </game>
  <game>
    <path>/recalbox/share/zip/vg5000/Cross Chase (2017-10-11)(Caruso, Fabrizio)[light].k7</path>
    <name>Cross Chase (2017-10-11)(Caruso, Fabrizio)[light]</name>
    <image>/recalbox/share/Philips/VG 5000/Cross Chase (2017-10-11)(Caruso, Fabrizio)[light].png</image>
    <video>/recalbox/share/videos/Philips/VG 5000/Cross Chase (2017-10-11)(Caruso, Fabrizio)[light].mp4</video>
  </game>
  <game>
    <path>/recalbox/share/zip/vg5000/Cross Chase (2017-10-30)(Caruso, Fabrizio)[16K][full].k7</path>
    <name>Cross Chase (2017-10-30)(Caruso, Fabrizio)[16K][full]</name>
    <image>/recalbox/share/Philips/VG 5000/Cross Chase (2017-10-30)(Caruso, Fabrizio)[16K][full].png</image>
    <video>/recalbox/share/videos/Philips/VG 5000/Cross Chase (2017-10-30)(Caruso, Fabrizio)[16K][full].mp4</video>
  </game>
  <game>
    <path>/recalbox/share/zip/vg5000/Cross Chase (2017-10-30)(Caruso, Fabrizio)[light].k7</path>
    <name>Cross Chase (2017-10-30)(Caruso, Fabrizio)[light]</name>
    <image>/recalbox/share/Philips/VG 5000/Cross Chase (2017-10-30)(Caruso, Fabrizio)[light].png</image>
    <video>/recalbox/share/videos/Philips/VG 5000/Cross Chase (2017-10-30)(Caruso, Fabrizio)[light].mp4</video>
  </game>
  <game>
    <path>/recalbox/share/zip/vg5000/Cross Chase (2017-12-10)(Caruso, Fabrizio)[16K][full].k7</path>
    <name>Cross Chase (2017-12-10)(Caruso, Fabrizio)[16K][full]</name>
    <image>/recalbox/share/Philips/VG 5000/Cross Chase (2017-12-10)(Caruso, Fabrizio)[16K][full].png</image>
    <video>/recalbox/share/videos/Philips/VG 5000/Cross Chase (2017-12-10)(Caruso, Fabrizio)[16K][full].mp4</video>
  </game>
  <game>
    <path>/recalbox/share/zip/vg5000/Cross Chase (2017-12-10)(Caruso, Fabrizio)[light].k7</path>
    <name>Cross Chase (2017-12-10)(Caruso, Fabrizio)[light]</name>
    <image>/recalbox/share/Philips/VG 5000/Cross Chase (2017-12-10)(Caruso, Fabrizio)[light].png</image>
    <video>/recalbox/share/videos/Philips/VG 5000/Cross Chase (2017-12-10)(Caruso, Fabrizio)[light].mp4</video>
  </game>
  <game>
    <path>/recalbox/share/zip/vg5000/Cross Chase (2018-02-03)(Caruso, Fabrizio)[16K][full].k7</path>
    <name>Cross Chase (2018-02-03)(Caruso, Fabrizio)[16K][full]</name>
    <image>/recalbox/share/Philips/VG 5000/Cross Chase (2018-02-03)(Caruso, Fabrizio)[16K][full].png</image>
    <video>/recalbox/share/videos/Philips/VG 5000/Cross Chase (2018-02-03)(Caruso, Fabrizio)[16K][full].mp4</video>
  </game>
  <game>
    <path>/recalbox/share/zip/vg5000/Cross Chase (2018-02-03)(Caruso, Fabrizio)[light].k7</path>
    <name>Cross Chase (2018-02-03)(Caruso, Fabrizio)[light]</name>
    <image>/recalbox/share/Philips/VG 5000/Cross Chase (2018-02-03)(Caruso, Fabrizio)[light].png</image>
    <video>/recalbox/share/videos/Philips/VG 5000/Cross Chase (2018-02-03)(Caruso, Fabrizio)[light].mp4</video>
  </game>
  <game>
    <path>/recalbox/share/zip/vg5000/Cross Chase (2018-04-15)(Caruso, Fabrizio)[16K].k7</path>
    <name>Cross Chase (2018-04-15)(Caruso, Fabrizio)[16K]</name>
    <image>/recalbox/share/Philips/VG 5000/Cross Chase (2018-04-15)(Caruso, Fabrizio)[16K].png</image>
    <video>/recalbox/share/videos/Philips/VG 5000/Cross Chase (2018-04-15)(Caruso, Fabrizio)[16K].mp4</video>
  </game>
  <game>
    <path>/recalbox/share/zip/vg5000/Cross Chase (2018-04-15)(Caruso, Fabrizio)[less text].k7</path>
    <name>Cross Chase (2018-04-15)(Caruso, Fabrizio)[less text]</name>
    <image>/recalbox/share/Philips/VG 5000/Cross Chase (2018-04-15)(Caruso, Fabrizio)[less text].png</image>
    <video>/recalbox/share/videos/Philips/VG 5000/Cross Chase (2018-04-15)(Caruso, Fabrizio)[less text].mp4</video>
  </game>
  <game>
    <path>/recalbox/share/zip/vg5000/Cross Chase (2018-05-19)(Caruso, Fabrizio)[16K][full].k7</path>
    <name>Cross Chase (2018-05-19)(Caruso, Fabrizio)[16K][full]</name>
    <image>/recalbox/share/Philips/VG 5000/Cross Chase (2018-05-19)(Caruso, Fabrizio)[16K][full].png</image>
    <video>/recalbox/share/videos/Philips/VG 5000/Cross Chase (2018-05-19)(Caruso, Fabrizio)[16K][full].mp4</video>
  </game>
  <game>
    <path>/recalbox/share/zip/vg5000/Cross Chase (2018-05-19)(Caruso, Fabrizio)[full][less text].k7</path>
    <name>Cross Chase (2018-05-19)(Caruso, Fabrizio)[full][less text]</name>
    <image>/recalbox/share/Philips/VG 5000/Cross Chase (2018-05-19)(Caruso, Fabrizio)[full][less text].png</image>
    <video>/recalbox/share/videos/Philips/VG 5000/Cross Chase (2018-05-19)(Caruso, Fabrizio)[full][less text].mp4</video>
  </game>
  <game>
    <path>/recalbox/share/zip/vg5000/Cross Chase (2018-05-19)(Caruso, Fabrizio)[light].k7</path>
    <name>Cross Chase (2018-05-19)(Caruso, Fabrizio)[light]</name>
    <image>/recalbox/share/Philips/VG 5000/Cross Chase (2018-05-19)(Caruso, Fabrizio)[light].png</image>
    <video>/recalbox/share/videos/Philips/VG 5000/Cross Chase (2018-05-19)(Caruso, Fabrizio)[light].mp4</video>
  </game>
  <game>
    <path>/recalbox/share/zip/vg5000/Cross Chase (2018-07-19)(Caruso, Fabrizio)[16K].k7</path>
    <name>Cross Chase (2018-07-19)(Caruso, Fabrizio)[16K]</name>
    <image>/recalbox/share/Philips/VG 5000/Cross Chase (2018-07-19)(Caruso, Fabrizio)[16K].png</image>
    <video>/recalbox/share/videos/Philips/VG 5000/Cross Chase (2018-07-19)(Caruso, Fabrizio)[16K].mp4</video>
  </game>
  <game>
    <path>/recalbox/share/zip/vg5000/Cross Chase (2018-07-19)(Caruso, Fabrizio)[less text].k7</path>
    <name>Cross Chase (2018-07-19)(Caruso, Fabrizio)[less text]</name>
    <image>/recalbox/share/Philips/VG 5000/Cross Chase (2018-07-19)(Caruso, Fabrizio)[less text].png</image>
    <video>/recalbox/share/videos/Philips/VG 5000/Cross Chase (2018-07-19)(Caruso, Fabrizio)[less text].mp4</video>
  </game>
  <game>
    <path>/recalbox/share/zip/vg5000/Cross Chase (2018-08-04)(Caruso, Fabrizio)[16K][UDG].k7</path>
    <name>Cross Chase (2018-08-04)(Caruso, Fabrizio)[16K][UDG]</name>
    <image>/recalbox/share/Philips/VG 5000/Cross Chase (2018-08-04)(Caruso, Fabrizio)[16K][UDG].png</image>
    <video>/recalbox/share/videos/Philips/VG 5000/Cross Chase (2018-08-04)(Caruso, Fabrizio)[16K][UDG].mp4</video>
  </game>
  <game>
    <path>/recalbox/share/zip/vg5000/Cross Chase (2018-08-04)(Caruso, Fabrizio)[less text].k7</path>
    <name>Cross Chase (2018-08-04)(Caruso, Fabrizio)[less text]</name>
    <image>/recalbox/share/Philips/VG 5000/Cross Chase (2018-08-04)(Caruso, Fabrizio)[less text].png</image>
    <video>/recalbox/share/videos/Philips/VG 5000/Cross Chase (2018-08-04)(Caruso, Fabrizio)[less text].mp4</video>
  </game>
  <game>
    <path>/recalbox/share/zip/vg5000/Cross Chase (2018-10-29)(Caruso, Fabrizio)[16K][UDG].k7</path>
    <name>Cross Chase (2018-10-29)(Caruso, Fabrizio)[16K][UDG]</name>
    <image>/recalbox/share/Philips/VG 5000/Cross Chase (2018-10-29)(Caruso, Fabrizio)[16K][UDG].png</image>
    <video>/recalbox/share/videos/Philips/VG 5000/Cross Chase (2018-10-29)(Caruso, Fabrizio)[16K][UDG].mp4</video>
  </game>
  <game>
    <path>/recalbox/share/zip/vg5000/Cross Chase (2018-10-29)(Caruso, Fabrizio)[UDG][less text].k7</path>
    <name>Cross Chase (2018-10-29)(Caruso, Fabrizio)[UDG][less text]</name>
    <image>/recalbox/share/Philips/VG 5000/Cross Chase (2018-10-29)(Caruso, Fabrizio)[UDG][less text].png</image>
    <video>/recalbox/share/videos/Philips/VG 5000/Cross Chase (2018-10-29)(Caruso, Fabrizio)[UDG][less text].mp4</video>
  </game>
  <game>
    <path>/recalbox/share/zip/vg5000/Cross Chase (2020-04-02)(Caruso, Fabrizio)[16K].k7</path>
    <name>Cross Chase (2020-04-02)(Caruso, Fabrizio)[16K]</name>
    <image>/recalbox/share/Philips/VG 5000/Cross Chase (2020-04-02)(Caruso, Fabrizio)[16K].png</image>
    <video>/recalbox/share/videos/Philips/VG 5000/Cross Chase (2020-04-02)(Caruso, Fabrizio)[16K].mp4</video>
  </game>
  <game>
    <path>/recalbox/share/zip/vg5000/Cross Chase (2020-04-02)(Caruso, Fabrizio)[less text].k7</path>
    <name>Cross Chase (2020-04-02)(Caruso, Fabrizio)[less text]</name>
    <image>/recalbox/share/Philips/VG 5000/Cross Chase (2020-04-02)(Caruso, Fabrizio)[less text].png</image>
    <video>/recalbox/share/videos/Philips/VG 5000/Cross Chase (2020-04-02)(Caruso, Fabrizio)[less text].mp4</video>
  </game>
  <game>
    <path>/recalbox/share/zip/vg5000/Cross Chase (2021-05-13)(Caruso, Fabrizio)[16K].k7</path>
    <name>Cross Chase (2021-05-13)(Caruso, Fabrizio)[16K]</name>
    <image>/recalbox/share/Philips/VG 5000/Cross Chase (2021-05-13)(Caruso, Fabrizio)[16K].png</image>
    <video>/recalbox/share/videos/Philips/VG 5000/Cross Chase (2021-05-13)(Caruso, Fabrizio)[16K].mp4</video>
  </game>
  <game>
    <path>/recalbox/share/zip/vg5000/Cross Chase (2021-05-13)(Caruso, Fabrizio)[less text].k7</path>
    <name>Cross Chase (2021-05-13)(Caruso, Fabrizio)[less text]</name>
    <image>/recalbox/share/Philips/VG 5000/Cross Chase (2021-05-13)(Caruso, Fabrizio)[less text].png</image>
    <video>/recalbox/share/videos/Philips/VG 5000/Cross Chase (2021-05-13)(Caruso, Fabrizio)[less text].mp4</video>
  </game>
  <game>
    <path>/recalbox/share/zip/vg5000/Cross Horde (2021-04-16)(Caruso, Fabrizio)[16K].k7</path>
    <name>Cross Horde (2021-04-16)(Caruso, Fabrizio)[16K]</name>
    <image>/recalbox/share/Philips/VG 5000/Cross Horde (2021-04-16)(Caruso, Fabrizio)[16K].png</image>
    <video>/recalbox/share/videos/Philips/VG 5000/Cross Horde (2021-04-16)(Caruso, Fabrizio)[16K].mp4</video>
  </game>
  <game>
    <path>/recalbox/share/zip/vg5000/Cross Horde (2021-04-25)(Caruso, Fabrizio)[16K].k7</path>
    <name>Cross Horde (2021-04-25)(Caruso, Fabrizio)[16K]</name>
    <image>/recalbox/share/Philips/VG 5000/Cross Horde (2021-04-25)(Caruso, Fabrizio)[16K].png</image>
    <video>/recalbox/share/videos/Philips/VG 5000/Cross Horde (2021-04-25)(Caruso, Fabrizio)[16K].mp4</video>
  </game>
  <game>
    <path>/recalbox/share/zip/vg5000/Cross Horde v1.0 (2021-05-01)(Caruso, Fabrizio)[16K].k7</path>
    <name>Cross Horde v1.0 (2021-05-01)(Caruso, Fabrizio)[16K]</name>
    <image>/recalbox/share/Philips/VG 5000/Cross Horde v1.0 (2021-05-01)(Caruso, Fabrizio)[16K].png</image>
    <video>/recalbox/share/videos/Philips/VG 5000/Cross Horde v1.0 (2021-05-01)(Caruso, Fabrizio)[16K].mp4</video>
  </game>
  <game>
    <path>/recalbox/share/zip/vg5000/Cross Shoot (2020-07-03)(Caruso, Fabrizio)[16K].k7</path>
    <name>Cross Shoot (2020-07-03)(Caruso, Fabrizio)[16K]</name>
    <image>/recalbox/share/Philips/VG 5000/Cross Shoot (2020-07-03)(Caruso, Fabrizio)[16K].png</image>
    <video>/recalbox/share/videos/Philips/VG 5000/Cross Shoot (2020-07-03)(Caruso, Fabrizio)[16K].mp4</video>
  </game>
  <game>
    <path>/recalbox/share/zip/vg5000/Cross Shoot (2021-05-13)(Caruso, Fabrizio)[16K].k7</path>
    <name>Cross Shoot (2021-05-13)(Caruso, Fabrizio)[16K]</name>
    <image>/recalbox/share/Philips/VG 5000/Cross Shoot (2021-05-13)(Caruso, Fabrizio)[16K].png</image>
    <video>/recalbox/share/videos/Philips/VG 5000/Cross Shoot (2021-05-13)(Caruso, Fabrizio)[16K].mp4</video>
  </game>
  <game>
    <path>/recalbox/share/zip/vg5000/Cross Snake Preview (2020-12-05)(Caruso, Fabrizio).k7</path>
    <name>Cross Snake Preview (2020-12-05)(Caruso, Fabrizio)</name>
    <image>/recalbox/share/Philips/VG 5000/Cross Snake Preview (2020-12-05)(Caruso, Fabrizio).png</image>
    <video>/recalbox/share/videos/Philips/VG 5000/Cross Snake Preview (2020-12-05)(Caruso, Fabrizio).mp4</video>
  </game>
  <game>
    <path>/recalbox/share/zip/vg5000/Cross Snake v1.0 (2020-12-12)(Caruso, Fabrizio)[16K].k7</path>
    <name>Cross Snake v1.0 (2020-12-12)(Caruso, Fabrizio)[16K]</name>
    <image>/recalbox/share/Philips/VG 5000/Cross Snake v1.0 (2020-12-12)(Caruso, Fabrizio)[16K].png</image>
    <video>/recalbox/share/videos/Philips/VG 5000/Cross Snake v1.0 (2020-12-12)(Caruso, Fabrizio)[16K].mp4</video>
  </game>
  <game>
    <path>/recalbox/share/zip/vg5000/Cross Snake v2.0 (2020-12-31)(Caruso, Fabrizio)[16K].k7</path>
    <name>Cross Snake v2.0 (2020-12-31)(Caruso, Fabrizio)[16K]</name>
    <image>/recalbox/share/Philips/VG 5000/Cross Snake v2.0 (2020-12-31)(Caruso, Fabrizio)[16K].png</image>
    <video>/recalbox/share/videos/Philips/VG 5000/Cross Snake v2.0 (2020-12-31)(Caruso, Fabrizio)[16K].mp4</video>
  </game>
  <game>
    <path>/recalbox/share/zip/vg5000/DCA (1986)(Carl Hervier).k7</path>
    <name>DCA (1986)(Carl Hervier)</name>
    <image>/recalbox/share/Philips/VG 5000/DCA (1986)(Carl Hervier).png</image>
    <video>/recalbox/share/videos/Philips/VG 5000/DCA (1986)(Carl Hervier).mp4</video>
  </game>
  <game>
    <path>/recalbox/share/zip/vg5000/Divertissement (1984)(Philips)[15].k7</path>
    <name>Divertissement (1984)(Philips)[15]</name>
    <image>/recalbox/share/Philips/VG 5000/Divertissement (1984)(Philips)[15].png</image>
    <video>/recalbox/share/videos/Philips/VG 5000/Divertissement (1984)(Philips)[15].mp4</video>
  </game>
  <game>
    <path>/recalbox/share/zip/vg5000/Football (1984)(Philips)[7].k7</path>
    <name>Football (1984)(Philips)[7]</name>
    <image>/recalbox/share/Philips/VG 5000/Football (1984)(Philips)[7].png</image>
    <video>/recalbox/share/videos/Philips/VG 5000/Football (1984)(Philips)[7].mp4</video>
  </game>
  <game>
    <path>/recalbox/share/zip/vg5000/Fou Volant, Le - Air Battle (1984)(Philips)[2].k7</path>
    <name>Fou Volant, Le - Air Battle (1984)(Philips)[2]</name>
    <image>/recalbox/share/Philips/VG 5000/Fou Volant, Le - Air Battle (1984)(Philips)[2].png</image>
    <video>/recalbox/share/videos/Philips/VG 5000/Fou Volant, Le - Air Battle (1984)(Philips)[2].mp4</video>
  </game>
  <game>
    <path>/recalbox/share/zip/vg5000/Glouton - Munchkin (1984)(Philips)[4].k7</path>
    <name>Glouton - Munchkin (1984)(Philips)[4]</name>
    <image>/recalbox/share/Philips/VG 5000/Glouton - Munchkin (1984)(Philips)[4].png</image>
    <video>/recalbox/share/videos/Philips/VG 5000/Glouton - Munchkin (1984)(Philips)[4].mp4</video>
  </game>
  <game>
    <path>/recalbox/share/zip/vg5000/Helicoptere - Helicopter Rescue (1984)(Philips)[11].k7</path>
    <name>Helicoptere - Helicopter Rescue (1984)(Philips)[11]</name>
    <image>/recalbox/share/Philips/VG 5000/Helicoptere - Helicopter Rescue (1984)(Philips)[11].png</image>
    <video>/recalbox/share/videos/Philips/VG 5000/Helicoptere - Helicopter Rescue (1984)(Philips)[11].mp4</video>
  </game>
  <game>
    <path>/recalbox/share/zip/vg5000/Jeu de Dames (1985)(Carl Hervier).k7</path>
    <name>Jeu de Dames (1985)(Carl Hervier)</name>
    <image>/recalbox/share/Philips/VG 5000/Jeu de Dames (1985)(Carl Hervier).png</image>
    <video>/recalbox/share/videos/Philips/VG 5000/Jeu de Dames (1985)(Carl Hervier).mp4</video>
  </game>
  <game>
    <path>/recalbox/share/zip/vg5000/Jeu de Tarot (1985)(Nice Ideas).k7</path>
    <name>Jeu de Tarot (1985)(Nice Ideas)</name>
    <image>/recalbox/share/Philips/VG 5000/Jeu de Tarot (1985)(Nice Ideas).png</image>
    <video>/recalbox/share/videos/Philips/VG 5000/Jeu de Tarot (1985)(Nice Ideas).mp4</video>
  </game>
  <game>
    <path>/recalbox/share/zip/vg5000/Labyrinthe et la Princesse, Le (1985)(Edisoft)[expansion needed].k7</path>
    <name>Labyrinthe et la Princesse, Le (1985)(Edisoft)[expansion needed]</name>
    <image>/recalbox/share/Philips/VG 5000/Labyrinthe et la Princesse, Le (1985)(Edisoft)[expansion needed].png</image>
    <video>/recalbox/share/videos/Philips/VG 5000/Labyrinthe et la Princesse, Le (1985)(Edisoft)[expansion needed].mp4</video>
  </game>
  <game>
    <path>/recalbox/share/zip/vg5000/Labyrinthe et la Princesse, Le (1986)(Logiciel)[expansion needed].k7</path>
    <name>Labyrinthe et la Princesse, Le (1986)(Logiciel)[expansion needed]</name>
    <image>/recalbox/share/Philips/VG 5000/Labyrinthe et la Princesse, Le (1986)(Logiciel)[expansion needed].png</image>
    <video>/recalbox/share/videos/Philips/VG 5000/Labyrinthe et la Princesse, Le (1986)(Logiciel)[expansion needed].mp4</video>
  </game>
  <game>
    <path>/recalbox/share/zip/vg5000/Memory (1985)(Carl Hervier).k7</path>
    <name>Memory (1985)(Carl Hervier)</name>
    <image>/recalbox/share/Philips/VG 5000/Memory (1985)(Carl Hervier).png</image>
    <video>/recalbox/share/videos/Philips/VG 5000/Memory (1985)(Carl Hervier).mp4</video>
  </game>
  <game>
    <path>/recalbox/share/zip/vg5000/Microjeux - Cocktail de Juex (1985)(VIFI Nathan).k7</path>
    <name>Microjeux - Cocktail de Juex (1985)(VIFI Nathan)</name>
    <image>/recalbox/share/Philips/VG 5000/Microjeux - Cocktail de Juex (1985)(VIFI Nathan).png</image>
    <video>/recalbox/share/videos/Philips/VG 5000/Microjeux - Cocktail de Juex (1985)(VIFI Nathan).mp4</video>
  </game>
  <game>
    <path>/recalbox/share/zip/vg5000/Mission Omega (1984)(Philips)[16].k7</path>
    <name>Mission Omega (1984)(Philips)[16]</name>
    <image>/recalbox/share/Philips/VG 5000/Mission Omega (1984)(Philips)[16].png</image>
    <video>/recalbox/share/videos/Philips/VG 5000/Mission Omega (1984)(Philips)[16].mp4</video>
  </game>
  <game>
    <path>/recalbox/share/zip/vg5000/Monstre, Le - Space Monster (1984)(Philips)[5].k7</path>
    <name>Monstre, Le - Space Monster (1984)(Philips)[5]</name>
    <image>/recalbox/share/Philips/VG 5000/Monstre, Le - Space Monster (1984)(Philips)[5].png</image>
    <video>/recalbox/share/videos/Philips/VG 5000/Monstre, Le - Space Monster (1984)(Philips)[5].mp4</video>
  </game>
  <game>
    <path>/recalbox/share/zip/vg5000/Moto Infernale, La (1984)(Philips)[1].k7</path>
    <name>Moto Infernale, La (1984)(Philips)[1]</name>
    <image>/recalbox/share/Philips/VG 5000/Moto Infernale, La (1984)(Philips)[1].png</image>
    <video>/recalbox/share/videos/Philips/VG 5000/Moto Infernale, La (1984)(Philips)[1].mp4</video>
  </game>
  <game>
    <path>/recalbox/share/zip/vg5000/Penalty (1985)(Carl Hervier).k7</path>
    <name>Penalty (1985)(Carl Hervier)</name>
    <image>/recalbox/share/Philips/VG 5000/Penalty (1985)(Carl Hervier).png</image>
    <video>/recalbox/share/videos/Philips/VG 5000/Penalty (1985)(Carl Hervier).mp4</video>
  </game>
  <game>
    <path>/recalbox/share/zip/vg5000/Pierre Philosophale, La - Chapter 1- La Pierre Philosophale (198x)(Elite Diffusion).k7</path>
    <name>Pierre Philosophale, La - Chapter 1- La Pierre Philosophale (198x)(Elite Diffusion)</name>
    <image>/recalbox/share/Philips/VG 5000/Pierre Philosophale, La - Chapter 1- La Pierre Philosophale (198x)(Elite Diffusion).png</image>
    <video>/recalbox/share/videos/Philips/VG 5000/Pierre Philosophale, La - Chapter 1- La Pierre Philosophale (198x)(Elite Diffusion).mp4</video>
  </game>
  <game>
    <path>/recalbox/share/zip/vg5000/Pierre Philosophale, La - Chapter 2- La Clef de l&apos;Ile (198x)(Elite Diffusion).k7</path>
    <name>Pierre Philosophale, La - Chapter 2- La Clef de l&apos;Ile (198x)(Elite Diffusion)</name>
    <image>/recalbox/share/Philips/VG 5000/Pierre Philosophale, La - Chapter 2- La Clef de l&apos;Ile (198x)(Elite Diffusion).png</image>
    <video>/recalbox/share/videos/Philips/VG 5000/Pierre Philosophale, La - Chapter 2- La Clef de l&apos;Ile (198x)(Elite Diffusion).mp4</video>
  </game>
  <game>
    <path>/recalbox/share/zip/vg5000/Pierre Philosophale, La - Chapter 3- La Porte du Jardin des Hesperides (198x)(Elite Diffusion).k7</path>
    <name>Pierre Philosophale, La - Chapter 3- La Porte du Jardin des Hesperides (198x)(Elite Diffusion)</name>
    <image>/recalbox/share/Philips/VG 5000/Pierre Philosophale, La - Chapter 3- La Porte du Jardin des Hesperides (198x)(Elite Diffusion).png</image>
    <video>/recalbox/share/videos/Philips/VG 5000/Pierre Philosophale, La - Chapter 3- La Porte du Jardin des Hesperides (198x)(Elite Diffusion).mp4</video>
  </game>
  <game>
    <path>/recalbox/share/zip/vg5000/Pierre Philosophale, La - Chapter 4- La Porte des Gnomes (198x)(Elite Diffusion).k7</path>
    <name>Pierre Philosophale, La - Chapter 4- La Porte des Gnomes (198x)(Elite Diffusion)</name>
    <image>/recalbox/share/Philips/VG 5000/Pierre Philosophale, La - Chapter 4- La Porte des Gnomes (198x)(Elite Diffusion).png</image>
    <video>/recalbox/share/videos/Philips/VG 5000/Pierre Philosophale, La - Chapter 4- La Porte des Gnomes (198x)(Elite Diffusion).mp4</video>
  </game>
  <game>
    <path>/recalbox/share/zip/vg5000/Pierre Philosophale, La - Chapter 5- La Porte des Pieuvres (198x)(Elite Diffusion).k7</path>
    <name>Pierre Philosophale, La - Chapter 5- La Porte des Pieuvres (198x)(Elite Diffusion)</name>
    <image>/recalbox/share/Philips/VG 5000/Pierre Philosophale, La - Chapter 5- La Porte des Pieuvres (198x)(Elite Diffusion).png</image>
    <video>/recalbox/share/videos/Philips/VG 5000/Pierre Philosophale, La - Chapter 5- La Porte des Pieuvres (198x)(Elite Diffusion).mp4</video>
  </game>
  <game>
    <path>/recalbox/share/zip/vg5000/Pierre Philosophale, La - Chapter 6- La Porte du Harpie (198x)(Elite Diffusion).k7</path>
    <name>Pierre Philosophale, La - Chapter 6- La Porte du Harpie (198x)(Elite Diffusion)</name>
    <image>/recalbox/share/Philips/VG 5000/Pierre Philosophale, La - Chapter 6- La Porte du Harpie (198x)(Elite Diffusion).png</image>
    <video>/recalbox/share/videos/Philips/VG 5000/Pierre Philosophale, La - Chapter 6- La Porte du Harpie (198x)(Elite Diffusion).mp4</video>
  </game>
  <game>
    <path>/recalbox/share/zip/vg5000/Pierre Philosophale, La - Chapter 7- La Porte du Gouffre (198x)(Elite Diffusion).k7</path>
    <name>Pierre Philosophale, La - Chapter 7- La Porte du Gouffre (198x)(Elite Diffusion)</name>
    <image>/recalbox/share/Philips/VG 5000/Pierre Philosophale, La - Chapter 7- La Porte du Gouffre (198x)(Elite Diffusion).png</image>
    <video>/recalbox/share/videos/Philips/VG 5000/Pierre Philosophale, La - Chapter 7- La Porte du Gouffre (198x)(Elite Diffusion).mp4</video>
  </game>
  <game>
    <path>/recalbox/share/zip/vg5000/Simulateur de Vol (1984)(Philips)[19].k7</path>
    <name>Simulateur de Vol (1984)(Philips)[19]</name>
    <image>/recalbox/share/Philips/VG 5000/Simulateur de Vol (1984)(Philips)[19].png</image>
    <video>/recalbox/share/videos/Philips/VG 5000/Simulateur de Vol (1984)(Philips)[19].mp4</video>
  </game>
  <game>
    <path>/recalbox/share/zip/vg5000/Space Invaders (1985)(Carl Hervier).k7</path>
    <name>Space Invaders (1985)(Carl Hervier)</name>
    <image>/recalbox/share/Philips/VG 5000/Space Invaders (1985)(Carl Hervier).png</image>
    <video>/recalbox/share/videos/Philips/VG 5000/Space Invaders (1985)(Carl Hervier).mp4</video>
  </game>
  <game>
    <path>/recalbox/share/zip/vg5000/Squash (198x)(-).k7</path>
    <name>Squash (198x)(-)</name>
    <image>/recalbox/share/Philips/VG 5000/Squash (198x)(-).png</image>
    <video>/recalbox/share/videos/Philips/VG 5000/Squash (198x)(-).mp4</video>
  </game>
  <game>
    <path>/recalbox/share/zip/vg5000/Staroc (1984)(Philips)[18].k7</path>
    <name>Staroc (1984)(Philips)[18]</name>
    <image>/recalbox/share/Philips/VG 5000/Staroc (1984)(Philips)[18].png</image>
    <video>/recalbox/share/videos/Philips/VG 5000/Staroc (1984)(Philips)[18].mp4</video>
  </game>
  <game>
    <path>/recalbox/share/zip/vg5000/Stricker (1985)(Carl Hervier).k7</path>
    <name>Stricker (1985)(Carl Hervier)</name>
    <image>/recalbox/share/Philips/VG 5000/Stricker (1985)(Carl Hervier).png</image>
    <video>/recalbox/share/videos/Philips/VG 5000/Stricker (1985)(Carl Hervier).mp4</video>
  </game>
  <game>
    <path>/recalbox/share/zip/vg5000/Submarine (1985)(Carl Hervier).k7</path>
    <name>Submarine (1985)(Carl Hervier)</name>
    <image>/recalbox/share/Philips/VG 5000/Submarine (1985)(Carl Hervier).png</image>
    <video>/recalbox/share/videos/Philips/VG 5000/Submarine (1985)(Carl Hervier).mp4</video>
  </game>
  <game>
    <path>/recalbox/share/zip/vg5000/Tortues - Turtles (1984)(Philips)[6].k7</path>
    <name>Tortues - Turtles (1984)(Philips)[6]</name>
    <image>/recalbox/share/Philips/VG 5000/Tortues - Turtles (1984)(Philips)[6].png</image>
    <video>/recalbox/share/videos/Philips/VG 5000/Tortues - Turtles (1984)(Philips)[6].mp4</video>
  </game>
  <game>
    <path>/recalbox/share/zip/vg5000/US Rallye (1984)(Philips)[3].k7</path>
    <name>US Rallye (1984)(Philips)[3]</name>
    <image>/recalbox/share/Philips/VG 5000/US Rallye (1984)(Philips)[3].png</image>
    <video>/recalbox/share/videos/Philips/VG 5000/US Rallye (1984)(Philips)[3].mp4</video>
  </game>
  <game>
    <path>/recalbox/share/zip/vg5000/Viking (1984)(Philips)[12].k7</path>
    <name>Viking (1984)(Philips)[12]</name>
    <image>/recalbox/share/Philips/VG 5000/Viking (1984)(Philips)[12].png</image>
    <video>/recalbox/share/videos/Philips/VG 5000/Viking (1984)(Philips)[12].mp4</video>
  </game>
</gamelist>
