<gamelist>
  <game>
    <path>/recalbox/share/rom/Redump/Atari - Jaguar CD Interactive Multimedia System/Ants (USA) (Unl).zip</path>
    <name>Ants (USA) (Unl)</name>
    <image>/recalbox/share/thumbs/Atari - Jaguar/Named_Titles/Ants (USA) (Unl).png</image>
    <video>/recalbox/share/videos/Atari - Jaguar/Named_Titles//Ants (USA) (Unl).mp4</video>
  </game>
  <game>
    <path>/recalbox/share/rom/Redump/Atari - Jaguar CD Interactive Multimedia System/Baldies (USA) (Rev 1).zip</path>
    <name>Baldies (USA) (Rev 1)</name>
    <image>/recalbox/share/thumbs/Atari - Jaguar/Named_Titles/Baldies (USA) (Rev 1).png</image>
    <video>/recalbox/share/videos/Atari - Jaguar/Named_Titles//Baldies (USA) (Rev 1).mp4</video>
  </game>
  <game>
    <path>/recalbox/share/rom/Redump/Atari - Jaguar CD Interactive Multimedia System/Battle Morph (USA).zip</path>
    <name>Battle Morph (USA)</name>
    <image>/recalbox/share/thumbs/Atari - Jaguar/Named_Titles/Battle Morph (USA).png</image>
    <video>/recalbox/share/videos/Atari - Jaguar/Named_Titles//Battle Morph (USA).mp4</video>
  </game>
  <game>
    <path>/recalbox/share/rom/Redump/Atari - Jaguar CD Interactive Multimedia System/Blue Lightning (USA).zip</path>
    <name>Blue Lightning (USA)</name>
    <image>/recalbox/share/thumbs/Atari - Jaguar/Named_Titles/Blue Lightning (USA).png</image>
    <video>/recalbox/share/videos/Atari - Jaguar/Named_Titles//Blue Lightning (USA).mp4</video>
  </game>
  <game>
    <path>/recalbox/share/rom/Redump/Atari - Jaguar CD Interactive Multimedia System/BrainDead 13 (USA).zip</path>
    <name>BrainDead 13 (USA)</name>
    <image>/recalbox/share/thumbs/Atari - Jaguar/Named_Titles/BrainDead 13 (USA).png</image>
    <video>/recalbox/share/videos/Atari - Jaguar/Named_Titles//BrainDead 13 (USA).mp4</video>
  </game>
  <game>
    <path>/recalbox/share/rom/Redump/Atari - Jaguar CD Interactive Multimedia System/Dragon&apos;s Lair (USA).zip</path>
    <name>Dragon&apos;s Lair (USA)</name>
    <image>/recalbox/share/thumbs/Atari - Jaguar/Named_Titles/Dragon&apos;s Lair (USA).png</image>
    <video>/recalbox/share/videos/Atari - Jaguar/Named_Titles//Dragon&apos;s Lair (USA).mp4</video>
  </game>
  <game>
    <path>/recalbox/share/rom/Redump/Atari - Jaguar CD Interactive Multimedia System/Fast Food 64 (USA) (Unl).zip</path>
    <name>Fast Food 64 (USA) (Unl)</name>
    <image>/recalbox/share/thumbs/Atari - Jaguar/Named_Titles/Fast Food 64 (USA) (Unl).png</image>
    <video>/recalbox/share/videos/Atari - Jaguar/Named_Titles//Fast Food 64 (USA) (Unl).mp4</video>
  </game>
  <game>
    <path>/recalbox/share/rom/Redump/Atari - Jaguar CD Interactive Multimedia System/Fast Food 64 - Holiday Snacks (USA) (Unl).zip</path>
    <name>Fast Food 64 - Holiday Snacks (USA) (Unl)</name>
    <image>/recalbox/share/thumbs/Atari - Jaguar/Named_Titles/Fast Food 64 - Holiday Snacks (USA) (Unl).png</image>
    <video>/recalbox/share/videos/Atari - Jaguar/Named_Titles//Fast Food 64 - Holiday Snacks (USA) (Unl).mp4</video>
  </game>
  <game>
    <path>/recalbox/share/rom/Redump/Atari - Jaguar CD Interactive Multimedia System/Frog Feast (USA) (Unl).zip</path>
    <name>Frog Feast (USA) (Unl)</name>
    <image>/recalbox/share/thumbs/Atari - Jaguar/Named_Titles/Frog Feast (USA) (Unl).png</image>
    <video>/recalbox/share/videos/Atari - Jaguar/Named_Titles//Frog Feast (USA) (Unl).mp4</video>
  </game>
  <game>
    <path>/recalbox/share/rom/Redump/Atari - Jaguar CD Interactive Multimedia System/Frogz 64 (USA) (Unl).zip</path>
    <name>Frogz 64 (USA) (Unl)</name>
    <image>/recalbox/share/thumbs/Atari - Jaguar/Named_Titles/Frogz 64 (USA) (Unl).png</image>
    <video>/recalbox/share/videos/Atari - Jaguar/Named_Titles//Frogz 64 (USA) (Unl).mp4</video>
  </game>
  <game>
    <path>/recalbox/share/rom/Redump/Atari - Jaguar CD Interactive Multimedia System/Highlander - The Last of the MacLeods (USA).zip</path>
    <name>Highlander - The Last of the MacLeods (USA)</name>
    <image>/recalbox/share/thumbs/Atari - Jaguar/Named_Titles/Highlander - The Last of the MacLeods (USA).png</image>
    <video>/recalbox/share/videos/Atari - Jaguar/Named_Titles//Highlander - The Last of the MacLeods (USA).mp4</video>
  </game>
  <game>
    <path>/recalbox/share/rom/Redump/Atari - Jaguar CD Interactive Multimedia System/Hover Strike - Unconquered Lands (USA).zip</path>
    <name>Hover Strike - Unconquered Lands (USA)</name>
    <image>/recalbox/share/thumbs/Atari - Jaguar/Named_Titles/Hover Strike - Unconquered Lands (USA).png</image>
    <video>/recalbox/share/videos/Atari - Jaguar/Named_Titles//Hover Strike - Unconquered Lands (USA).mp4</video>
  </game>
  <game>
    <path>/recalbox/share/rom/Redump/Atari - Jaguar CD Interactive Multimedia System/Iron Soldier 2 (USA) (Songbird Limited Edition).zip</path>
    <name>Iron Soldier 2 (USA) (Songbird Limited Edition)</name>
    <image>/recalbox/share/thumbs/Atari - Jaguar/Named_Titles/Iron Soldier 2 (USA) (Songbird Limited Edition).png</image>
    <video>/recalbox/share/videos/Atari - Jaguar/Named_Titles//Iron Soldier 2 (USA) (Songbird Limited Edition).mp4</video>
  </game>
  <game>
    <path>/recalbox/share/rom/Redump/Atari - Jaguar CD Interactive Multimedia System/Klax (USA) (Unl).zip</path>
    <name>Klax (USA) (Unl)</name>
    <image>/recalbox/share/thumbs/Atari - Jaguar/Named_Titles/Klax (USA) (Unl).png</image>
    <video>/recalbox/share/videos/Atari - Jaguar/Named_Titles//Klax (USA) (Unl).mp4</video>
  </game>
  <game>
    <path>/recalbox/share/rom/Redump/Atari - Jaguar CD Interactive Multimedia System/Myst (USA) (Demo) (Alt).zip</path>
    <name>Myst (USA) (Demo) (Alt)</name>
    <image>/recalbox/share/thumbs/Atari - Jaguar/Named_Titles/Myst (USA) (Demo) (Alt).png</image>
    <video>/recalbox/share/videos/Atari - Jaguar/Named_Titles//Myst (USA) (Demo) (Alt).mp4</video>
  </game>
  <game>
    <path>/recalbox/share/rom/Redump/Atari - Jaguar CD Interactive Multimedia System/Myst (USA) (Demo).zip</path>
    <name>Myst (USA) (Demo)</name>
    <image>/recalbox/share/thumbs/Atari - Jaguar/Named_Titles/Myst (USA) (Demo).png</image>
    <video>/recalbox/share/videos/Atari - Jaguar/Named_Titles//Myst (USA) (Demo).mp4</video>
  </game>
  <game>
    <path>/recalbox/share/rom/Redump/Atari - Jaguar CD Interactive Multimedia System/Myst (USA).zip</path>
    <name>Myst (USA)</name>
    <image>/recalbox/share/thumbs/Atari - Jaguar/Named_Titles/Myst (USA).png</image>
    <video>/recalbox/share/videos/Atari - Jaguar/Named_Titles//Myst (USA).mp4</video>
  </game>
  <game>
    <path>/recalbox/share/rom/Redump/Atari - Jaguar CD Interactive Multimedia System/Primal Rage (USA).zip</path>
    <name>Primal Rage (USA)</name>
    <image>/recalbox/share/thumbs/Atari - Jaguar/Named_Titles/Primal Rage (USA).png</image>
    <video>/recalbox/share/videos/Atari - Jaguar/Named_Titles//Primal Rage (USA).mp4</video>
  </game>
  <game>
    <path>/recalbox/share/rom/Redump/Atari - Jaguar CD Interactive Multimedia System/Robinson&apos;s Requiem (USA) (Unl).zip</path>
    <name>Robinson&apos;s Requiem (USA) (Unl)</name>
    <image>/recalbox/share/thumbs/Atari - Jaguar/Named_Titles/Robinson&apos;s Requiem (USA) (Unl).png</image>
    <video>/recalbox/share/videos/Atari - Jaguar/Named_Titles//Robinson&apos;s Requiem (USA) (Unl).mp4</video>
  </game>
  <game>
    <path>/recalbox/share/rom/Redump/Atari - Jaguar CD Interactive Multimedia System/Saucer Wars (USA) (Unl).zip</path>
    <name>Saucer Wars (USA) (Unl)</name>
    <image>/recalbox/share/thumbs/Atari - Jaguar/Named_Titles/Saucer Wars (USA) (Unl).png</image>
    <video>/recalbox/share/videos/Atari - Jaguar/Named_Titles//Saucer Wars (USA) (Unl).mp4</video>
  </game>
  <game>
    <path>/recalbox/share/rom/Redump/Atari - Jaguar CD Interactive Multimedia System/Space Ace (USA).zip</path>
    <name>Space Ace (USA)</name>
    <image>/recalbox/share/thumbs/Atari - Jaguar/Named_Titles/Space Ace (USA).png</image>
    <video>/recalbox/share/videos/Atari - Jaguar/Named_Titles//Space Ace (USA).mp4</video>
  </game>
  <game>
    <path>/recalbox/share/rom/Redump/Atari - Jaguar CD Interactive Multimedia System/Vid Grid (USA).zip</path>
    <name>Vid Grid (USA)</name>
    <image>/recalbox/share/thumbs/Atari - Jaguar/Named_Titles/Vid Grid (USA).png</image>
    <video>/recalbox/share/videos/Atari - Jaguar/Named_Titles//Vid Grid (USA).mp4</video>
  </game>
  <game>
    <path>/recalbox/share/rom/Redump/Atari - Jaguar CD Interactive Multimedia System/World Tour Racing (USA) (Songbird).zip</path>
    <name>World Tour Racing (USA) (Songbird)</name>
    <image>/recalbox/share/thumbs/Atari - Jaguar/Named_Titles/World Tour Racing (USA) (Songbird).png</image>
    <video>/recalbox/share/videos/Atari - Jaguar/Named_Titles//World Tour Racing (USA) (Songbird).mp4</video>
  </game>
  <game>
    <path>/recalbox/share/rom/Redump/Atari - Jaguar CD Interactive Multimedia System/World Tour Racing (USA).zip</path>
    <name>World Tour Racing (USA)</name>
    <image>/recalbox/share/thumbs/Atari - Jaguar/Named_Titles/World Tour Racing (USA).png</image>
    <video>/recalbox/share/videos/Atari - Jaguar/Named_Titles//World Tour Racing (USA).mp4</video>
  </game>
</gamelist>
