<gamelist>
  <game>
    <path>/recalbox/share/roms/readystream/virtualboy/3-D BattleSnake (World) (Aftermarket) (Unl).zip</path>
    <name>3-D BattleSnake (World) (Aftermarket) (Unl)</name>
    <image>/recalbox/share/thumbs/Nintendo - Virtual Boy/Named_Titles/3-D BattleSnake (World) (Aftermarket) (Unl).png</image>
    <video>/recalbox/share/videos/No-Intro/Nintendo - Virtual Boy/3-D BattleSnake (World) (Aftermarket) (Unl).mp4</video>
  </game>
  <game>
    <path>/recalbox/share/roms/readystream/virtualboy/3-D Tetris (USA).zip</path>
    <name>3-D Tetris (USA)</name>
    <image>/recalbox/share/thumbs/Nintendo - Virtual Boy/Named_Titles/3-D Tetris (USA).png</image>
    <video>/recalbox/share/videos/No-Intro/Nintendo - Virtual Boy/3-D Tetris (USA).mp4</video>
  </game>
  <game>
    <path>/recalbox/share/roms/readystream/virtualboy/3D Crosswords (World) (Emulator Version) (Aftermarket) (Unl).zip</path>
    <name>3D Crosswords (World) (Emulator Version) (Aftermarket) (Unl)</name>
    <image>/recalbox/share/thumbs/Nintendo - Virtual Boy/Named_Titles/3D Crosswords (World) (Emulator Version) (Aftermarket) (Unl).png</image>
    <video>/recalbox/share/videos/No-Intro/Nintendo - Virtual Boy/3D Crosswords (World) (Emulator Version) (Aftermarket) (Unl).mp4</video>
  </game>
  <game>
    <path>/recalbox/share/roms/readystream/virtualboy/3D Crosswords (World) (Hardware Version) (Aftermarket) (Unl).zip</path>
    <name>3D Crosswords (World) (Hardware Version) (Aftermarket) (Unl)</name>
    <image>/recalbox/share/thumbs/Nintendo - Virtual Boy/Named_Titles/3D Crosswords (World) (Hardware Version) (Aftermarket) (Unl).png</image>
    <video>/recalbox/share/videos/No-Intro/Nintendo - Virtual Boy/3D Crosswords (World) (Hardware Version) (Aftermarket) (Unl).mp4</video>
  </game>
  <game>
    <path>/recalbox/share/roms/readystream/virtualboy/BLOX (World) (v1.0) (Aftermarket) (Unl).zip</path>
    <name>BLOX (World) (v1.0) (Aftermarket) (Unl)</name>
    <image>/recalbox/share/thumbs/Nintendo - Virtual Boy/Named_Titles/BLOX (World) (v1.0) (Aftermarket) (Unl).png</image>
    <video>/recalbox/share/videos/No-Intro/Nintendo - Virtual Boy/BLOX (World) (v1.0) (Aftermarket) (Unl).mp4</video>
  </game>
  <game>
    <path>/recalbox/share/roms/readystream/virtualboy/BLOX (World) (v1.1) (Aftermarket) (Unl).zip</path>
    <name>BLOX (World) (v1.1) (Aftermarket) (Unl)</name>
    <image>/recalbox/share/thumbs/Nintendo - Virtual Boy/Named_Titles/BLOX (World) (v1.1) (Aftermarket) (Unl).png</image>
    <video>/recalbox/share/videos/No-Intro/Nintendo - Virtual Boy/BLOX (World) (v1.1) (Aftermarket) (Unl).mp4</video>
  </game>
  <game>
    <path>/recalbox/share/roms/readystream/virtualboy/BLOX 2 (World) (En,Fr,De,Es,It,Sv,Fi,Cs,Sl) (Aftermarket) (Unl).zip</path>
    <name>BLOX 2 (World) (En,Fr,De,Es,It,Sv,Fi,Cs,Sl) (Aftermarket) (Unl)</name>
    <image>/recalbox/share/thumbs/Nintendo - Virtual Boy/Named_Titles/BLOX 2 (World) (En,Fr,De,Es,It,Sv,Fi,Cs,Sl) (Aftermarket) (Unl).png</image>
    <video>/recalbox/share/videos/No-Intro/Nintendo - Virtual Boy/BLOX 2 (World) (En,Fr,De,Es,It,Sv,Fi,Cs,Sl) (Aftermarket) (Unl).mp4</video>
  </game>
  <game>
    <path>/recalbox/share/roms/readystream/virtualboy/Bad Apple (World) (Demo) (Emulator Version) (Aftermarket) (Unl).zip</path>
    <name>Bad Apple (World) (Demo) (Emulator Version) (Aftermarket) (Unl)</name>
    <image>/recalbox/share/thumbs/Nintendo - Virtual Boy/Named_Titles/Bad Apple (World) (Demo) (Emulator Version) (Aftermarket) (Unl).png</image>
    <video>/recalbox/share/videos/No-Intro/Nintendo - Virtual Boy/Bad Apple (World) (Demo) (Emulator Version) (Aftermarket) (Unl).mp4</video>
  </game>
  <game>
    <path>/recalbox/share/roms/readystream/virtualboy/Bad Apple (World) (Demo) (Hardware Version) (Aftermarket) (Unl).zip</path>
    <name>Bad Apple (World) (Demo) (Hardware Version) (Aftermarket) (Unl)</name>
    <image>/recalbox/share/thumbs/Nintendo - Virtual Boy/Named_Titles/Bad Apple (World) (Demo) (Hardware Version) (Aftermarket) (Unl).png</image>
    <video>/recalbox/share/videos/No-Intro/Nintendo - Virtual Boy/Bad Apple (World) (Demo) (Hardware Version) (Aftermarket) (Unl).mp4</video>
  </game>
  <game>
    <path>/recalbox/share/roms/readystream/virtualboy/Ballface (World) (Demo) (Aftermarket) (Unl).zip</path>
    <name>Ballface (World) (Demo) (Aftermarket) (Unl)</name>
    <image>/recalbox/share/thumbs/Nintendo - Virtual Boy/Named_Titles/Ballface (World) (Demo) (Aftermarket) (Unl).png</image>
    <video>/recalbox/share/videos/No-Intro/Nintendo - Virtual Boy/Ballface (World) (Demo) (Aftermarket) (Unl).mp4</video>
  </game>
  <game>
    <path>/recalbox/share/roms/readystream/virtualboy/Bound High (Japan) (En) (Proto).zip</path>
    <name>Bound High (Japan) (En) (Proto)</name>
    <image>/recalbox/share/thumbs/Nintendo - Virtual Boy/Named_Titles/Bound High (Japan) (En) (Proto).png</image>
    <video>/recalbox/share/videos/No-Intro/Nintendo - Virtual Boy/Bound High (Japan) (En) (Proto).mp4</video>
  </game>
  <game>
    <path>/recalbox/share/roms/readystream/virtualboy/Capitan Sevilla 2 (World) (Es) (Aftermarket) (Unl).zip</path>
    <name>Capitan Sevilla 2 (World) (Es) (Aftermarket) (Unl)</name>
    <image>/recalbox/share/thumbs/Nintendo - Virtual Boy/Named_Titles/Capitan Sevilla 2 (World) (Es) (Aftermarket) (Unl).png</image>
    <video>/recalbox/share/videos/No-Intro/Nintendo - Virtual Boy/Capitan Sevilla 2 (World) (Es) (Aftermarket) (Unl).mp4</video>
  </game>
  <game>
    <path>/recalbox/share/roms/readystream/virtualboy/Capitan Sevilla 3D (World) (En,De,Es) (Demo) (Aftermarket) (Unl).zip</path>
    <name>Capitan Sevilla 3D (World) (En,De,Es) (Demo) (Aftermarket) (Unl)</name>
    <image>/recalbox/share/thumbs/Nintendo - Virtual Boy/Named_Titles/Capitan Sevilla 3D (World) (En,De,Es) (Demo) (Aftermarket) (Unl).png</image>
    <video>/recalbox/share/videos/No-Intro/Nintendo - Virtual Boy/Capitan Sevilla 3D (World) (En,De,Es) (Demo) (Aftermarket) (Unl).mp4</video>
  </game>
  <game>
    <path>/recalbox/share/roms/readystream/virtualboy/Elevated Speed (World) (High Resolution Version) (Aftermarket) (Unl).zip</path>
    <name>Elevated Speed (World) (High Resolution Version) (Aftermarket) (Unl)</name>
    <image>/recalbox/share/thumbs/Nintendo - Virtual Boy/Named_Titles/Elevated Speed (World) (High Resolution Version) (Aftermarket) (Unl).png</image>
    <video>/recalbox/share/videos/No-Intro/Nintendo - Virtual Boy/Elevated Speed (World) (High Resolution Version) (Aftermarket) (Unl).mp4</video>
  </game>
  <game>
    <path>/recalbox/share/roms/readystream/virtualboy/Elevated Speed (World) (Low Resolution Version) (Aftermarket) (Unl).zip</path>
    <name>Elevated Speed (World) (Low Resolution Version) (Aftermarket) (Unl)</name>
    <image>/recalbox/share/thumbs/Nintendo - Virtual Boy/Named_Titles/Elevated Speed (World) (Low Resolution Version) (Aftermarket) (Unl).png</image>
    <video>/recalbox/share/videos/No-Intro/Nintendo - Virtual Boy/Elevated Speed (World) (Low Resolution Version) (Aftermarket) (Unl).mp4</video>
  </game>
  <game>
    <path>/recalbox/share/roms/readystream/virtualboy/Fishbone (World) (Aftermarket) (Unl).zip</path>
    <name>Fishbone (World) (Aftermarket) (Unl)</name>
    <image>/recalbox/share/thumbs/Nintendo - Virtual Boy/Named_Titles/Fishbone (World) (Aftermarket) (Unl).png</image>
    <video>/recalbox/share/videos/No-Intro/Nintendo - Virtual Boy/Fishbone (World) (Aftermarket) (Unl).mp4</video>
  </game>
  <game>
    <path>/recalbox/share/roms/readystream/virtualboy/Fishbone (World) (Demo 1) (Aftermarket) (Unl).zip</path>
    <name>Fishbone (World) (Demo 1) (Aftermarket) (Unl)</name>
    <image>/recalbox/share/thumbs/Nintendo - Virtual Boy/Named_Titles/Fishbone (World) (Demo 1) (Aftermarket) (Unl).png</image>
    <video>/recalbox/share/videos/No-Intro/Nintendo - Virtual Boy/Fishbone (World) (Demo 1) (Aftermarket) (Unl).mp4</video>
  </game>
  <game>
    <path>/recalbox/share/roms/readystream/virtualboy/Fishbone (World) (Demo 2) (Aftermarket) (Unl).zip</path>
    <name>Fishbone (World) (Demo 2) (Aftermarket) (Unl)</name>
    <image>/recalbox/share/thumbs/Nintendo - Virtual Boy/Named_Titles/Fishbone (World) (Demo 2) (Aftermarket) (Unl).png</image>
    <video>/recalbox/share/videos/No-Intro/Nintendo - Virtual Boy/Fishbone (World) (Demo 2) (Aftermarket) (Unl).mp4</video>
  </game>
  <game>
    <path>/recalbox/share/roms/readystream/virtualboy/Fishbone (World) (Demo 3) (Aftermarket) (Unl).zip</path>
    <name>Fishbone (World) (Demo 3) (Aftermarket) (Unl)</name>
    <image>/recalbox/share/thumbs/Nintendo - Virtual Boy/Named_Titles/Fishbone (World) (Demo 3) (Aftermarket) (Unl).png</image>
    <video>/recalbox/share/videos/No-Intro/Nintendo - Virtual Boy/Fishbone (World) (Demo 3) (Aftermarket) (Unl).mp4</video>
  </game>
  <game>
    <path>/recalbox/share/roms/readystream/virtualboy/Formula V (World) (Demo) (Emulator Version) (Aftermarket) (Unl).zip</path>
    <name>Formula V (World) (Demo) (Emulator Version) (Aftermarket) (Unl)</name>
    <image>/recalbox/share/thumbs/Nintendo - Virtual Boy/Named_Titles/Formula V (World) (Demo) (Emulator Version) (Aftermarket) (Unl).png</image>
    <video>/recalbox/share/videos/No-Intro/Nintendo - Virtual Boy/Formula V (World) (Demo) (Emulator Version) (Aftermarket) (Unl).mp4</video>
  </game>
  <game>
    <path>/recalbox/share/roms/readystream/virtualboy/Formula V (World) (Demo) (Hardware Version) (Aftermarket) (Unl).zip</path>
    <name>Formula V (World) (Demo) (Hardware Version) (Aftermarket) (Unl)</name>
    <image>/recalbox/share/thumbs/Nintendo - Virtual Boy/Named_Titles/Formula V (World) (Demo) (Hardware Version) (Aftermarket) (Unl).png</image>
    <video>/recalbox/share/videos/No-Intro/Nintendo - Virtual Boy/Formula V (World) (Demo) (Hardware Version) (Aftermarket) (Unl).mp4</video>
  </game>
  <game>
    <path>/recalbox/share/roms/readystream/virtualboy/Galactic Pinball (Japan, USA) (En).zip</path>
    <name>Galactic Pinball (Japan, USA) (En)</name>
    <image>/recalbox/share/thumbs/Nintendo - Virtual Boy/Named_Titles/Galactic Pinball (Japan, USA) (En).png</image>
    <video>/recalbox/share/videos/No-Intro/Nintendo - Virtual Boy/Galactic Pinball (Japan, USA) (En).mp4</video>
  </game>
  <game>
    <path>/recalbox/share/roms/readystream/virtualboy/Golf (USA).zip</path>
    <name>Golf (USA)</name>
    <image>/recalbox/share/thumbs/Nintendo - Virtual Boy/Named_Titles/Golf (USA).png</image>
    <video>/recalbox/share/videos/No-Intro/Nintendo - Virtual Boy/Golf (USA).mp4</video>
  </game>
  <game>
    <path>/recalbox/share/roms/readystream/virtualboy/Hamburgers En Route to Switzerland (World) (Aftermarket) (Unl).zip</path>
    <name>Hamburgers En Route to Switzerland (World) (Aftermarket) (Unl)</name>
    <image>/recalbox/share/thumbs/Nintendo - Virtual Boy/Named_Titles/Hamburgers En Route to Switzerland (World) (Aftermarket) (Unl).png</image>
    <video>/recalbox/share/videos/No-Intro/Nintendo - Virtual Boy/Hamburgers En Route to Switzerland (World) (Aftermarket) (Unl).mp4</video>
  </game>
  <game>
    <path>/recalbox/share/roms/readystream/virtualboy/Hamburgers En Route to Switzerland (World) (Demo 2) (Aftermarket) (Unl).zip</path>
    <name>Hamburgers En Route to Switzerland (World) (Demo 2) (Aftermarket) (Unl)</name>
    <image>/recalbox/share/thumbs/Nintendo - Virtual Boy/Named_Titles/Hamburgers En Route to Switzerland (World) (Demo 2) (Aftermarket) (Unl).png</image>
    <video>/recalbox/share/videos/No-Intro/Nintendo - Virtual Boy/Hamburgers En Route to Switzerland (World) (Demo 2) (Aftermarket) (Unl).mp4</video>
  </game>
  <game>
    <path>/recalbox/share/roms/readystream/virtualboy/Hyper Fighting (World) (Beta) (Aftermarket) (Unl).zip</path>
    <name>Hyper Fighting (World) (Beta) (Aftermarket) (Unl)</name>
    <image>/recalbox/share/thumbs/Nintendo - Virtual Boy/Named_Titles/Hyper Fighting (World) (Beta) (Aftermarket) (Unl).png</image>
    <video>/recalbox/share/videos/No-Intro/Nintendo - Virtual Boy/Hyper Fighting (World) (Beta) (Aftermarket) (Unl).mp4</video>
  </game>
  <game>
    <path>/recalbox/share/roms/readystream/virtualboy/Insecticide (World) (Aftermarket) (Unl).zip</path>
    <name>Insecticide (World) (Aftermarket) (Unl)</name>
    <image>/recalbox/share/thumbs/Nintendo - Virtual Boy/Named_Titles/Insecticide (World) (Aftermarket) (Unl).png</image>
    <video>/recalbox/share/videos/No-Intro/Nintendo - Virtual Boy/Insecticide (World) (Aftermarket) (Unl).mp4</video>
  </game>
  <game>
    <path>/recalbox/share/roms/readystream/virtualboy/Insmouth no Yakata (Japan).zip</path>
    <name>Insmouth no Yakata (Japan)</name>
    <image>/recalbox/share/thumbs/Nintendo - Virtual Boy/Named_Titles/Insmouth no Yakata (Japan).png</image>
    <video>/recalbox/share/videos/No-Intro/Nintendo - Virtual Boy/Insmouth no Yakata (Japan).mp4</video>
  </game>
  <game>
    <path>/recalbox/share/roms/readystream/virtualboy/Jack Bros. (USA).zip</path>
    <name>Jack Bros. (USA)</name>
    <image>/recalbox/share/thumbs/Nintendo - Virtual Boy/Named_Titles/Jack Bros. (USA).png</image>
    <video>/recalbox/share/videos/No-Intro/Nintendo - Virtual Boy/Jack Bros. (USA).mp4</video>
  </game>
  <game>
    <path>/recalbox/share/roms/readystream/virtualboy/Jack Bros. no Meiro de Hiihoo! (Japan).zip</path>
    <name>Jack Bros. no Meiro de Hiihoo! (Japan)</name>
    <image>/recalbox/share/thumbs/Nintendo - Virtual Boy/Named_Titles/Jack Bros. no Meiro de Hiihoo! (Japan).png</image>
    <video>/recalbox/share/videos/No-Intro/Nintendo - Virtual Boy/Jack Bros. no Meiro de Hiihoo! (Japan).mp4</video>
  </game>
  <game>
    <path>/recalbox/share/roms/readystream/virtualboy/Mario Clash (Japan, USA) (En).zip</path>
    <name>Mario Clash (Japan, USA) (En)</name>
    <image>/recalbox/share/thumbs/Nintendo - Virtual Boy/Named_Titles/Mario Clash (Japan, USA) (En).png</image>
    <video>/recalbox/share/videos/No-Intro/Nintendo - Virtual Boy/Mario Clash (Japan, USA) (En).mp4</video>
  </game>
  <game>
    <path>/recalbox/share/roms/readystream/virtualboy/Mario Combat (World) (Aftermarket) (Unl).zip</path>
    <name>Mario Combat (World) (Aftermarket) (Unl)</name>
    <image>/recalbox/share/thumbs/Nintendo - Virtual Boy/Named_Titles/Mario Combat (World) (Aftermarket) (Unl).png</image>
    <video>/recalbox/share/videos/No-Intro/Nintendo - Virtual Boy/Mario Combat (World) (Aftermarket) (Unl).mp4</video>
  </game>
  <game>
    <path>/recalbox/share/roms/readystream/virtualboy/Mario Kart - Virtual Cup (World) (Aftermarket) (Unl).zip</path>
    <name>Mario Kart - Virtual Cup (World) (Aftermarket) (Unl)</name>
    <image>/recalbox/share/thumbs/Nintendo - Virtual Boy/Named_Titles/Mario Kart - Virtual Cup (World) (Aftermarket) (Unl).png</image>
    <video>/recalbox/share/videos/No-Intro/Nintendo - Virtual Boy/Mario Kart - Virtual Cup (World) (Aftermarket) (Unl).mp4</video>
  </game>
  <game>
    <path>/recalbox/share/roms/readystream/virtualboy/Mario VB (World) (Aftermarket) (Unl).zip</path>
    <name>Mario VB (World) (Aftermarket) (Unl)</name>
    <image>/recalbox/share/thumbs/Nintendo - Virtual Boy/Named_Titles/Mario VB (World) (Aftermarket) (Unl).png</image>
    <video>/recalbox/share/videos/No-Intro/Nintendo - Virtual Boy/Mario VB (World) (Aftermarket) (Unl).mp4</video>
  </game>
  <game>
    <path>/recalbox/share/roms/readystream/virtualboy/Mario's Tennis (Japan, USA) (En).zip</path>
    <name>Mario&apos;s Tennis (Japan, USA) (En)</name>
    <image>/recalbox/share/thumbs/Nintendo - Virtual Boy/Named_Titles/Mario&apos;s Tennis (Japan, USA) (En).png</image>
    <video>/recalbox/share/videos/No-Intro/Nintendo - Virtual Boy/Mario&apos;s Tennis (Japan, USA) (En).mp4</video>
  </game>
  <game>
    <path>/recalbox/share/roms/readystream/virtualboy/Nester's Funky Bowling (USA).zip</path>
    <name>Nester&apos;s Funky Bowling (USA)</name>
    <image>/recalbox/share/thumbs/Nintendo - Virtual Boy/Named_Titles/Nester&apos;s Funky Bowling (USA).png</image>
    <video>/recalbox/share/videos/No-Intro/Nintendo - Virtual Boy/Nester&apos;s Funky Bowling (USA).mp4</video>
  </game>
  <game>
    <path>/recalbox/share/roms/readystream/virtualboy/Niko-chan Battle (Japan) (Proto).zip</path>
    <name>Niko-chan Battle (Japan) (Proto)</name>
    <image>/recalbox/share/thumbs/Nintendo - Virtual Boy/Named_Titles/Niko-chan Battle (Japan) (Proto).png</image>
    <video>/recalbox/share/videos/No-Intro/Nintendo - Virtual Boy/Niko-chan Battle (Japan) (Proto).mp4</video>
  </game>
  <game>
    <path>/recalbox/share/roms/readystream/virtualboy/Null Pointer Mockup (World) (Demo) (Aftermarket) (Unl).zip</path>
    <name>Null Pointer Mockup (World) (Demo) (Aftermarket) (Unl)</name>
    <image>/recalbox/share/thumbs/Nintendo - Virtual Boy/Named_Titles/Null Pointer Mockup (World) (Demo) (Aftermarket) (Unl).png</image>
    <video>/recalbox/share/videos/No-Intro/Nintendo - Virtual Boy/Null Pointer Mockup (World) (Demo) (Aftermarket) (Unl).mp4</video>
  </game>
  <game>
    <path>/recalbox/share/roms/readystream/virtualboy/Panic Bomber (USA).zip</path>
    <name>Panic Bomber (USA)</name>
    <image>/recalbox/share/thumbs/Nintendo - Virtual Boy/Named_Titles/Panic Bomber (USA).png</image>
    <video>/recalbox/share/videos/No-Intro/Nintendo - Virtual Boy/Panic Bomber (USA).mp4</video>
  </game>
  <game>
    <path>/recalbox/share/roms/readystream/virtualboy/Red Alarm (Japan).zip</path>
    <name>Red Alarm (Japan)</name>
    <image>/recalbox/share/thumbs/Nintendo - Virtual Boy/Named_Titles/Red Alarm (Japan).png</image>
    <video>/recalbox/share/videos/No-Intro/Nintendo - Virtual Boy/Red Alarm (Japan).mp4</video>
  </game>
  <game>
    <path>/recalbox/share/roms/readystream/virtualboy/Red Alarm (USA).zip</path>
    <name>Red Alarm (USA)</name>
    <image>/recalbox/share/thumbs/Nintendo - Virtual Boy/Named_Titles/Red Alarm (USA).png</image>
    <video>/recalbox/share/videos/No-Intro/Nintendo - Virtual Boy/Red Alarm (USA).mp4</video>
  </game>
  <game>
    <path>/recalbox/share/roms/readystream/virtualboy/Red Square (World) (Aftermarket) (Unl).zip</path>
    <name>Red Square (World) (Aftermarket) (Unl)</name>
    <image>/recalbox/share/thumbs/Nintendo - Virtual Boy/Named_Titles/Red Square (World) (Aftermarket) (Unl).png</image>
    <video>/recalbox/share/videos/No-Intro/Nintendo - Virtual Boy/Red Square (World) (Aftermarket) (Unl).mp4</video>
  </game>
  <game>
    <path>/recalbox/share/roms/readystream/virtualboy/SD Gundam - Dimension War (Japan).zip</path>
    <name>SD Gundam - Dimension War (Japan)</name>
    <image>/recalbox/share/thumbs/Nintendo - Virtual Boy/Named_Titles/SD Gundam - Dimension War (Japan).png</image>
    <video>/recalbox/share/videos/No-Intro/Nintendo - Virtual Boy/SD Gundam - Dimension War (Japan).mp4</video>
  </game>
  <game>
    <path>/recalbox/share/roms/readystream/virtualboy/SPONG (World) (En,Fr,De,Es) (Demo) (Aftermarket) (Unl).zip</path>
    <name>SPONG (World) (En,Fr,De,Es) (Demo) (Aftermarket) (Unl)</name>
    <image>/recalbox/share/thumbs/Nintendo - Virtual Boy/Named_Titles/SPONG (World) (En,Fr,De,Es) (Demo) (Aftermarket) (Unl).png</image>
    <video>/recalbox/share/videos/No-Intro/Nintendo - Virtual Boy/SPONG (World) (En,Fr,De,Es) (Demo) (Aftermarket) (Unl).mp4</video>
  </game>
  <game>
    <path>/recalbox/share/roms/readystream/virtualboy/Snatcher (World) (Demo) (Aftermarket) (Unl).zip</path>
    <name>Snatcher (World) (Demo) (Aftermarket) (Unl)</name>
    <image>/recalbox/share/thumbs/Nintendo - Virtual Boy/Named_Titles/Snatcher (World) (Demo) (Aftermarket) (Unl).png</image>
    <video>/recalbox/share/videos/No-Intro/Nintendo - Virtual Boy/Snatcher (World) (Demo) (Aftermarket) (Unl).mp4</video>
  </game>
  <game>
    <path>/recalbox/share/roms/readystream/virtualboy/Snowball Wars (World) (Demo 2) (Aftermarket) (Unl).zip</path>
    <name>Snowball Wars (World) (Demo 2) (Aftermarket) (Unl)</name>
    <image>/recalbox/share/thumbs/Nintendo - Virtual Boy/Named_Titles/Snowball Wars (World) (Demo 2) (Aftermarket) (Unl).png</image>
    <video>/recalbox/share/videos/No-Intro/Nintendo - Virtual Boy/Snowball Wars (World) (Demo 2) (Aftermarket) (Unl).mp4</video>
  </game>
  <game>
    <path>/recalbox/share/roms/readystream/virtualboy/Snowball Wars (World) (Demo 3) (Aftermarket) (Unl).zip</path>
    <name>Snowball Wars (World) (Demo 3) (Aftermarket) (Unl)</name>
    <image>/recalbox/share/thumbs/Nintendo - Virtual Boy/Named_Titles/Snowball Wars (World) (Demo 3) (Aftermarket) (Unl).png</image>
    <video>/recalbox/share/videos/No-Intro/Nintendo - Virtual Boy/Snowball Wars (World) (Demo 3) (Aftermarket) (Unl).mp4</video>
  </game>
  <game>
    <path>/recalbox/share/roms/readystream/virtualboy/Soviet Union 2010 (World) (v1.0) (Aftermarket) (Unl).zip</path>
    <name>Soviet Union 2010 (World) (v1.0) (Aftermarket) (Unl)</name>
    <image>/recalbox/share/thumbs/Nintendo - Virtual Boy/Named_Titles/Soviet Union 2010 (World) (v1.0) (Aftermarket) (Unl).png</image>
    <video>/recalbox/share/videos/No-Intro/Nintendo - Virtual Boy/Soviet Union 2010 (World) (v1.0) (Aftermarket) (Unl).mp4</video>
  </game>
  <game>
    <path>/recalbox/share/roms/readystream/virtualboy/Soviet Union 2010 (World) (v1.2) (Aftermarket) (Unl).zip</path>
    <name>Soviet Union 2010 (World) (v1.2) (Aftermarket) (Unl)</name>
    <image>/recalbox/share/thumbs/Nintendo - Virtual Boy/Named_Titles/Soviet Union 2010 (World) (v1.2) (Aftermarket) (Unl).png</image>
    <video>/recalbox/share/videos/No-Intro/Nintendo - Virtual Boy/Soviet Union 2010 (World) (v1.2) (Aftermarket) (Unl).mp4</video>
  </game>
  <game>
    <path>/recalbox/share/roms/readystream/virtualboy/Soviet Union 2011 (World) (Beta 1) (Aftermarket) (Unl).zip</path>
    <name>Soviet Union 2011 (World) (Beta 1) (Aftermarket) (Unl)</name>
    <image>/recalbox/share/thumbs/Nintendo - Virtual Boy/Named_Titles/Soviet Union 2011 (World) (Beta 1) (Aftermarket) (Unl).png</image>
    <video>/recalbox/share/videos/No-Intro/Nintendo - Virtual Boy/Soviet Union 2011 (World) (Beta 1) (Aftermarket) (Unl).mp4</video>
  </game>
  <game>
    <path>/recalbox/share/roms/readystream/virtualboy/Soviet Union 2011 (World) (Beta 2) (Aftermarket) (Unl).zip</path>
    <name>Soviet Union 2011 (World) (Beta 2) (Aftermarket) (Unl)</name>
    <image>/recalbox/share/thumbs/Nintendo - Virtual Boy/Named_Titles/Soviet Union 2011 (World) (Beta 2) (Aftermarket) (Unl).png</image>
    <video>/recalbox/share/videos/No-Intro/Nintendo - Virtual Boy/Soviet Union 2011 (World) (Beta 2) (Aftermarket) (Unl).mp4</video>
  </game>
  <game>
    <path>/recalbox/share/roms/readystream/virtualboy/Soviet Union 2011 (World) (v1.0) (Aftermarket) (Unl).zip</path>
    <name>Soviet Union 2011 (World) (v1.0) (Aftermarket) (Unl)</name>
    <image>/recalbox/share/thumbs/Nintendo - Virtual Boy/Named_Titles/Soviet Union 2011 (World) (v1.0) (Aftermarket) (Unl).png</image>
    <video>/recalbox/share/videos/No-Intro/Nintendo - Virtual Boy/Soviet Union 2011 (World) (v1.0) (Aftermarket) (Unl).mp4</video>
  </game>
  <game>
    <path>/recalbox/share/roms/readystream/virtualboy/Soviet Union 2011 (World) (v1.1) (Aftermarket) (Unl).zip</path>
    <name>Soviet Union 2011 (World) (v1.1) (Aftermarket) (Unl)</name>
    <image>/recalbox/share/thumbs/Nintendo - Virtual Boy/Named_Titles/Soviet Union 2011 (World) (v1.1) (Aftermarket) (Unl).png</image>
    <video>/recalbox/share/videos/No-Intro/Nintendo - Virtual Boy/Soviet Union 2011 (World) (v1.1) (Aftermarket) (Unl).mp4</video>
  </game>
  <game>
    <path>/recalbox/share/roms/readystream/virtualboy/Soviet Union 2011 (World) (v1.2) (Aftermarket) (Unl).zip</path>
    <name>Soviet Union 2011 (World) (v1.2) (Aftermarket) (Unl)</name>
    <image>/recalbox/share/thumbs/Nintendo - Virtual Boy/Named_Titles/Soviet Union 2011 (World) (v1.2) (Aftermarket) (Unl).png</image>
    <video>/recalbox/share/videos/No-Intro/Nintendo - Virtual Boy/Soviet Union 2011 (World) (v1.2) (Aftermarket) (Unl).mp4</video>
  </game>
  <game>
    <path>/recalbox/share/roms/readystream/virtualboy/Space Invaders - Virtual Collection (Japan).zip</path>
    <name>Space Invaders - Virtual Collection (Japan)</name>
    <image>/recalbox/share/thumbs/Nintendo - Virtual Boy/Named_Titles/Space Invaders - Virtual Collection (Japan).png</image>
    <video>/recalbox/share/videos/No-Intro/Nintendo - Virtual Boy/Space Invaders - Virtual Collection (Japan).mp4</video>
  </game>
  <game>
    <path>/recalbox/share/roms/readystream/virtualboy/Space Pinball (Japan) (En) (Proto).zip</path>
    <name>Space Pinball (Japan) (En) (Proto)</name>
    <image>/recalbox/share/thumbs/Nintendo - Virtual Boy/Named_Titles/Space Pinball (Japan) (En) (Proto).png</image>
    <video>/recalbox/share/videos/No-Intro/Nintendo - Virtual Boy/Space Pinball (Japan) (En) (Proto).mp4</video>
  </game>
  <game>
    <path>/recalbox/share/roms/readystream/virtualboy/Space Squash (Japan).zip</path>
    <name>Space Squash (Japan)</name>
    <image>/recalbox/share/thumbs/Nintendo - Virtual Boy/Named_Titles/Space Squash (Japan).png</image>
    <video>/recalbox/share/videos/No-Intro/Nintendo - Virtual Boy/Space Squash (Japan).mp4</video>
  </game>
  <game>
    <path>/recalbox/share/roms/readystream/virtualboy/StarFox (World) (Demo) (Aftermarket) (Unl).zip</path>
    <name>StarFox (World) (Demo) (Aftermarket) (Unl)</name>
    <image>/recalbox/share/thumbs/Nintendo - Virtual Boy/Named_Titles/StarFox (World) (Demo) (Aftermarket) (Unl).png</image>
    <video>/recalbox/share/videos/No-Intro/Nintendo - Virtual Boy/StarFox (World) (Demo) (Aftermarket) (Unl).mp4</video>
  </game>
  <game>
    <path>/recalbox/share/roms/readystream/virtualboy/T&amp;E Virtual Golf (Japan).zip</path>
    <name>T&amp;E Virtual Golf (Japan)</name>
    <image>/recalbox/share/thumbs/Nintendo - Virtual Boy/Named_Titles/T&amp;E Virtual Golf (Japan).png</image>
    <video>/recalbox/share/videos/No-Intro/Nintendo - Virtual Boy/T&amp;E Virtual Golf (Japan).mp4</video>
  </game>
  <game>
    <path>/recalbox/share/roms/readystream/virtualboy/Teleroboxer (Japan, USA) (En).zip</path>
    <name>Teleroboxer (Japan, USA) (En)</name>
    <image>/recalbox/share/thumbs/Nintendo - Virtual Boy/Named_Titles/Teleroboxer (Japan, USA) (En).png</image>
    <video>/recalbox/share/videos/No-Intro/Nintendo - Virtual Boy/Teleroboxer (Japan, USA) (En).mp4</video>
  </game>
  <game>
    <path>/recalbox/share/roms/readystream/virtualboy/Tobidase! Panibon (Japan).zip</path>
    <name>Tobidase! Panibon (Japan)</name>
    <image>/recalbox/share/thumbs/Nintendo - Virtual Boy/Named_Titles/Tobidase! Panibon (Japan).png</image>
    <video>/recalbox/share/videos/No-Intro/Nintendo - Virtual Boy/Tobidase! Panibon (Japan).mp4</video>
  </game>
  <game>
    <path>/recalbox/share/roms/readystream/virtualboy/Tron VB (World) (Demo) (Aftermarket) (Unl).zip</path>
    <name>Tron VB (World) (Demo) (Aftermarket) (Unl)</name>
    <image>/recalbox/share/thumbs/Nintendo - Virtual Boy/Named_Titles/Tron VB (World) (Demo) (Aftermarket) (Unl).png</image>
    <video>/recalbox/share/videos/No-Intro/Nintendo - Virtual Boy/Tron VB (World) (Demo) (Aftermarket) (Unl).mp4</video>
  </game>
  <game>
    <path>/recalbox/share/roms/readystream/virtualboy/V-Tetris (Japan).zip</path>
    <name>V-Tetris (Japan)</name>
    <image>/recalbox/share/thumbs/Nintendo - Virtual Boy/Named_Titles/V-Tetris (Japan).png</image>
    <video>/recalbox/share/videos/No-Intro/Nintendo - Virtual Boy/V-Tetris (Japan).mp4</video>
  </game>
  <game>
    <path>/recalbox/share/roms/readystream/virtualboy/VUEngine Platformer (World) (En,Fr,De,Es-ES) (Demo) (Aftermarket) (Unl).zip</path>
    <name>VUEngine Platformer (World) (En,Fr,De,Es-ES) (Demo) (Aftermarket) (Unl)</name>
    <image>/recalbox/share/thumbs/Nintendo - Virtual Boy/Named_Titles/VUEngine Platformer (World) (En,Fr,De,Es-ES) (Demo) (Aftermarket) (Unl).png</image>
    <video>/recalbox/share/videos/No-Intro/Nintendo - Virtual Boy/VUEngine Platformer (World) (En,Fr,De,Es-ES) (Demo) (Aftermarket) (Unl).mp4</video>
  </game>
  <game>
    <path>/recalbox/share/roms/readystream/virtualboy/Vertical Force (Japan).zip</path>
    <name>Vertical Force (Japan)</name>
    <image>/recalbox/share/thumbs/Nintendo - Virtual Boy/Named_Titles/Vertical Force (Japan).png</image>
    <video>/recalbox/share/videos/No-Intro/Nintendo - Virtual Boy/Vertical Force (Japan).mp4</video>
  </game>
  <game>
    <path>/recalbox/share/roms/readystream/virtualboy/Vertical Force (USA).zip</path>
    <name>Vertical Force (USA)</name>
    <image>/recalbox/share/thumbs/Nintendo - Virtual Boy/Named_Titles/Vertical Force (USA).png</image>
    <video>/recalbox/share/videos/No-Intro/Nintendo - Virtual Boy/Vertical Force (USA).mp4</video>
  </game>
  <game>
    <path>/recalbox/share/roms/readystream/virtualboy/Virtual Bowling (Japan).zip</path>
    <name>Virtual Bowling (Japan)</name>
    <image>/recalbox/share/thumbs/Nintendo - Virtual Boy/Named_Titles/Virtual Bowling (Japan).png</image>
    <video>/recalbox/share/videos/No-Intro/Nintendo - Virtual Boy/Virtual Bowling (Japan).mp4</video>
  </game>
  <game>
    <path>/recalbox/share/roms/readystream/virtualboy/Virtual Boy Wario Land (Japan, USA) (En).zip</path>
    <name>Virtual Boy Wario Land (Japan, USA) (En)</name>
    <image>/recalbox/share/thumbs/Nintendo - Virtual Boy/Named_Titles/Virtual Boy Wario Land (Japan, USA) (En).png</image>
    <video>/recalbox/share/videos/No-Intro/Nintendo - Virtual Boy/Virtual Boy Wario Land (Japan, USA) (En).mp4</video>
  </game>
  <game>
    <path>/recalbox/share/roms/readystream/virtualboy/Virtual Fishing (Japan).zip</path>
    <name>Virtual Fishing (Japan)</name>
    <image>/recalbox/share/thumbs/Nintendo - Virtual Boy/Named_Titles/Virtual Fishing (Japan).png</image>
    <video>/recalbox/share/videos/No-Intro/Nintendo - Virtual Boy/Virtual Fishing (Japan).mp4</video>
  </game>
  <game>
    <path>/recalbox/share/roms/readystream/virtualboy/Virtual Lab (Japan).zip</path>
    <name>Virtual Lab (Japan)</name>
    <image>/recalbox/share/thumbs/Nintendo - Virtual Boy/Named_Titles/Virtual Lab (Japan).png</image>
    <video>/recalbox/share/videos/No-Intro/Nintendo - Virtual Boy/Virtual Lab (Japan).mp4</video>
  </game>
  <game>
    <path>/recalbox/share/roms/readystream/virtualboy/Virtual League Baseball (USA).zip</path>
    <name>Virtual League Baseball (USA)</name>
    <image>/recalbox/share/thumbs/Nintendo - Virtual Boy/Named_Titles/Virtual League Baseball (USA).png</image>
    <video>/recalbox/share/videos/No-Intro/Nintendo - Virtual Boy/Virtual League Baseball (USA).mp4</video>
  </game>
  <game>
    <path>/recalbox/share/roms/readystream/virtualboy/Virtual Pro Yakyuu '95 (Japan).zip</path>
    <name>Virtual Pro Yakyuu &apos;95 (Japan)</name>
    <image>/recalbox/share/thumbs/Nintendo - Virtual Boy/Named_Titles/Virtual Pro Yakyuu &apos;95 (Japan).png</image>
    <video>/recalbox/share/videos/No-Intro/Nintendo - Virtual Boy/Virtual Pro Yakyuu &apos;95 (Japan).mp4</video>
  </game>
  <game>
    <path>/recalbox/share/roms/readystream/virtualboy/Waterworld (USA).zip</path>
    <name>Waterworld (USA)</name>
    <image>/recalbox/share/thumbs/Nintendo - Virtual Boy/Named_Titles/Waterworld (USA).png</image>
    <video>/recalbox/share/videos/No-Intro/Nintendo - Virtual Boy/Waterworld (USA).mp4</video>
  </game>
</gamelist>