<gamelist>
  <game>
    <path>/recalbox/share/roms/readystream/neogeocd/2020 Super Baseball (Japan) (En,Ja).zip</path>
    <name>2020 Super Baseball (Japan) (En,Ja)</name>
    <image>/recalbox/share/thumbs/SNK - Neo Geo CD/Named_Titles/2020 Super Baseball (Japan) (En,Ja).png</image>
    <video>/recalbox/share/videos/Redump/SNK - Neo Geo CD/2020 Super Baseball (Japan) (En,Ja).mp4</video>
  </game>
  <game>
    <path>/recalbox/share/roms/readystream/neogeocd/ADK World (Japan).zip</path>
    <name>ADK World (Japan)</name>
    <image>/recalbox/share/thumbs/SNK - Neo Geo CD/Named_Titles/ADK World (Japan).png</image>
    <video>/recalbox/share/videos/Redump/SNK - Neo Geo CD/ADK World (Japan).mp4</video>
  </game>
  <game>
    <path>/recalbox/share/roms/readystream/neogeocd/ASO II - The Last Guardian ~ Alpha Mission II (Japan) (En,Ja).zip</path>
    <name>ASO II - The Last Guardian ~ Alpha Mission II (Japan) (En,Ja)</name>
    <image>/recalbox/share/thumbs/SNK - Neo Geo CD/Named_Titles/ASO II - The Last Guardian ~ Alpha Mission II (Japan) (En,Ja).png</image>
    <video>/recalbox/share/videos/Redump/SNK - Neo Geo CD/ASO II - The Last Guardian ~ Alpha Mission II (Japan) (En,Ja).mp4</video>
  </game>
  <game>
    <path>/recalbox/share/roms/readystream/neogeocd/Andro Dunos (France) (Unl).zip</path>
    <name>Andro Dunos (France) (Unl)</name>
    <image>/recalbox/share/thumbs/SNK - Neo Geo CD/Named_Titles/Andro Dunos (France) (Unl).png</image>
    <video>/recalbox/share/videos/Redump/SNK - Neo Geo CD/Andro Dunos (France) (Unl).mp4</video>
  </game>
  <game>
    <path>/recalbox/share/roms/readystream/neogeocd/Art of Fighting - Ryuuko no Ken Gaiden ~ The Path of the Warrior - Art of Fighting 3 (World) (En,Ja,Es,Pt).zip</path>
    <name>Art of Fighting - Ryuuko no Ken Gaiden ~ The Path of the Warrior - Art of Fighting 3 (World) (En,Ja,Es,Pt)</name>
    <image>/recalbox/share/thumbs/SNK - Neo Geo CD/Named_Titles/Art of Fighting - Ryuuko no Ken Gaiden ~ The Path of the Warrior - Art of Fighting 3 (World) (En,Ja,Es,Pt).png</image>
    <video>/recalbox/share/videos/Redump/SNK - Neo Geo CD/Art of Fighting - Ryuuko no Ken Gaiden ~ The Path of the Warrior - Art of Fighting 3 (World) (En,Ja,Es,Pt).mp4</video>
  </game>
  <game>
    <path>/recalbox/share/roms/readystream/neogeocd/Bakumatsu Roman - Gekka no Kenshi ~ The Last Blade (Japan) (En,Ja,Es,Pt).zip</path>
    <name>Bakumatsu Roman - Gekka no Kenshi ~ The Last Blade (Japan) (En,Ja,Es,Pt)</name>
    <image>/recalbox/share/thumbs/SNK - Neo Geo CD/Named_Titles/Bakumatsu Roman - Gekka no Kenshi ~ The Last Blade (Japan) (En,Ja,Es,Pt).png</image>
    <video>/recalbox/share/videos/Redump/SNK - Neo Geo CD/Bakumatsu Roman - Gekka no Kenshi ~ The Last Blade (Japan) (En,Ja,Es,Pt).mp4</video>
  </game>
  <game>
    <path>/recalbox/share/roms/readystream/neogeocd/Bakumatsu Roman Daini Maku - Gekka no Kenshi - Tsuki ni Saku Hana, Chiri Yuku Hana ~ The Last Blade 2 (Japan) (En,Ja,Es,Pt).zip</path>
    <name>Bakumatsu Roman Daini Maku - Gekka no Kenshi - Tsuki ni Saku Hana, Chiri Yuku Hana ~ The Last Blade 2 (Japan) (En,Ja,Es,Pt)</name>
    <image>/recalbox/share/thumbs/SNK - Neo Geo CD/Named_Titles/Bakumatsu Roman Daini Maku - Gekka no Kenshi - Tsuki ni Saku Hana, Chiri Yuku Hana ~ The Last Blade 2 (Japan) (En,Ja,Es,Pt).png</image>
    <video>/recalbox/share/videos/Redump/SNK - Neo Geo CD/Bakumatsu Roman Daini Maku - Gekka no Kenshi - Tsuki ni Saku Hana, Chiri Yuku Hana ~ The Last Blade 2 (Japan) (En,Ja,Es,Pt).mp4</video>
  </game>
  <game>
    <path>/recalbox/share/roms/readystream/neogeocd/Bang^2 Busters (France) (En,Ja) (Unl).zip</path>
    <name>Bang^2 Busters (France) (En,Ja) (Unl)</name>
    <image>/recalbox/share/thumbs/SNK - Neo Geo CD/Named_Titles/Bang^2 Busters (France) (En,Ja) (Unl).png</image>
    <video>/recalbox/share/videos/Redump/SNK - Neo Geo CD/Bang^2 Busters (France) (En,Ja) (Unl).mp4</video>
  </game>
  <game>
    <path>/recalbox/share/roms/readystream/neogeocd/Baseball Stars 2 (Japan) (En,Ja).zip</path>
    <name>Baseball Stars 2 (Japan) (En,Ja)</name>
    <image>/recalbox/share/thumbs/SNK - Neo Geo CD/Named_Titles/Baseball Stars 2 (Japan) (En,Ja).png</image>
    <video>/recalbox/share/videos/Redump/SNK - Neo Geo CD/Baseball Stars 2 (Japan) (En,Ja).mp4</video>
  </game>
  <game>
    <path>/recalbox/share/roms/readystream/neogeocd/Baseball Stars Professional (Japan) (En,Ja).zip</path>
    <name>Baseball Stars Professional (Japan) (En,Ja)</name>
    <image>/recalbox/share/thumbs/SNK - Neo Geo CD/Named_Titles/Baseball Stars Professional (Japan) (En,Ja).png</image>
    <video>/recalbox/share/videos/Redump/SNK - Neo Geo CD/Baseball Stars Professional (Japan) (En,Ja).mp4</video>
  </game>
  <game>
    <path>/recalbox/share/roms/readystream/neogeocd/Big Tournament Golf ~ Neo Turf Masters (Japan) (En,Ja).zip</path>
    <name>Big Tournament Golf ~ Neo Turf Masters (Japan) (En,Ja)</name>
    <image>/recalbox/share/thumbs/SNK - Neo Geo CD/Named_Titles/Big Tournament Golf ~ Neo Turf Masters (Japan) (En,Ja).png</image>
    <video>/recalbox/share/videos/Redump/SNK - Neo Geo CD/Big Tournament Golf ~ Neo Turf Masters (Japan) (En,Ja).mp4</video>
  </game>
  <game>
    <path>/recalbox/share/roms/readystream/neogeocd/Breakers (Japan) (En,Ja).zip</path>
    <name>Breakers (Japan) (En,Ja)</name>
    <image>/recalbox/share/thumbs/SNK - Neo Geo CD/Named_Titles/Breakers (Japan) (En,Ja).png</image>
    <video>/recalbox/share/videos/Redump/SNK - Neo Geo CD/Breakers (Japan) (En,Ja).mp4</video>
  </game>
  <game>
    <path>/recalbox/share/roms/readystream/neogeocd/Burning Fight (Japan) (En,Ja).zip</path>
    <name>Burning Fight (Japan) (En,Ja)</name>
    <image>/recalbox/share/thumbs/SNK - Neo Geo CD/Named_Titles/Burning Fight (Japan) (En,Ja).png</image>
    <video>/recalbox/share/videos/Redump/SNK - Neo Geo CD/Burning Fight (Japan) (En,Ja).mp4</video>
  </game>
  <game>
    <path>/recalbox/share/roms/readystream/neogeocd/Choujin Gakuen - Gowcaizer (Japan) (En,Ja).zip</path>
    <name>Choujin Gakuen - Gowcaizer (Japan) (En,Ja)</name>
    <image>/recalbox/share/thumbs/SNK - Neo Geo CD/Named_Titles/Choujin Gakuen - Gowcaizer (Japan) (En,Ja).png</image>
    <video>/recalbox/share/videos/Redump/SNK - Neo Geo CD/Choujin Gakuen - Gowcaizer (Japan) (En,Ja).mp4</video>
  </game>
  <game>
    <path>/recalbox/share/roms/readystream/neogeocd/Choutetsu Brikin'ger ~ Ironclad - Tesshou Rusha (Japan) (En,Ja).zip</path>
    <name>Choutetsu Brikin&apos;ger ~ Ironclad - Tesshou Rusha (Japan) (En,Ja)</name>
    <image>/recalbox/share/thumbs/SNK - Neo Geo CD/Named_Titles/Choutetsu Brikin&apos;ger ~ Ironclad - Tesshou Rusha (Japan) (En,Ja).png</image>
    <video>/recalbox/share/videos/Redump/SNK - Neo Geo CD/Choutetsu Brikin&apos;ger ~ Ironclad - Tesshou Rusha (Japan) (En,Ja).mp4</video>
  </game>
  <game>
    <path>/recalbox/share/roms/readystream/neogeocd/Crossed Swords (Japan).zip</path>
    <name>Crossed Swords (Japan)</name>
    <image>/recalbox/share/thumbs/SNK - Neo Geo CD/Named_Titles/Crossed Swords (Japan).png</image>
    <video>/recalbox/share/videos/Redump/SNK - Neo Geo CD/Crossed Swords (Japan).mp4</video>
  </game>
  <game>
    <path>/recalbox/share/roms/readystream/neogeocd/Crossed Swords II (Japan) (En,Ja).zip</path>
    <name>Crossed Swords II (Japan) (En,Ja)</name>
    <image>/recalbox/share/thumbs/SNK - Neo Geo CD/Named_Titles/Crossed Swords II (Japan) (En,Ja).png</image>
    <video>/recalbox/share/videos/Redump/SNK - Neo Geo CD/Crossed Swords II (Japan) (En,Ja).mp4</video>
  </game>
  <game>
    <path>/recalbox/share/roms/readystream/neogeocd/Cyber-Lip (Japan) (En,Ja).zip</path>
    <name>Cyber-Lip (Japan) (En,Ja)</name>
    <image>/recalbox/share/thumbs/SNK - Neo Geo CD/Named_Titles/Cyber-Lip (Japan) (En,Ja).png</image>
    <video>/recalbox/share/videos/Redump/SNK - Neo Geo CD/Cyber-Lip (Japan) (En,Ja).mp4</video>
  </game>
  <game>
    <path>/recalbox/share/roms/readystream/neogeocd/Double Dragon (Export) (En,Ja).zip</path>
    <name>Double Dragon (Export) (En,Ja)</name>
    <image>/recalbox/share/thumbs/SNK - Neo Geo CD/Named_Titles/Double Dragon (Export) (En,Ja).png</image>
    <video>/recalbox/share/videos/Redump/SNK - Neo Geo CD/Double Dragon (Export) (En,Ja).mp4</video>
  </game>
  <game>
    <path>/recalbox/share/roms/readystream/neogeocd/Double Dragon (Japan) (En,Ja) (Rev 1).zip</path>
    <name>Double Dragon (Japan) (En,Ja) (Rev 1)</name>
    <image>/recalbox/share/thumbs/SNK - Neo Geo CD/Named_Titles/Double Dragon (Japan) (En,Ja) (Rev 1).png</image>
    <video>/recalbox/share/videos/Redump/SNK - Neo Geo CD/Double Dragon (Japan) (En,Ja) (Rev 1).mp4</video>
  </game>
  <game>
    <path>/recalbox/share/roms/readystream/neogeocd/Dunk Dream ~ Street Slam ~ Street Hoop (World).zip</path>
    <name>Dunk Dream ~ Street Slam ~ Street Hoop (World)</name>
    <image>/recalbox/share/thumbs/SNK - Neo Geo CD/Named_Titles/Dunk Dream ~ Street Slam ~ Street Hoop (World).png</image>
    <video>/recalbox/share/videos/Redump/SNK - Neo Geo CD/Dunk Dream ~ Street Slam ~ Street Hoop (World).mp4</video>
  </game>
  <game>
    <path>/recalbox/share/roms/readystream/neogeocd/Far East of Eden - Tengai Makyou Shinden ~ Far East of Eden - Kabuki Klash (Japan) (En,Ja).zip</path>
    <name>Far East of Eden - Tengai Makyou Shinden ~ Far East of Eden - Kabuki Klash (Japan) (En,Ja)</name>
    <image>/recalbox/share/thumbs/SNK - Neo Geo CD/Named_Titles/Far East of Eden - Tengai Makyou Shinden ~ Far East of Eden - Kabuki Klash (Japan) (En,Ja).png</image>
    <video>/recalbox/share/videos/Redump/SNK - Neo Geo CD/Far East of Eden - Tengai Makyou Shinden ~ Far East of Eden - Kabuki Klash (Japan) (En,Ja).mp4</video>
  </game>
  <game>
    <path>/recalbox/share/roms/readystream/neogeocd/Fighter's History Dynamite ~ Karnov's Revenge (Japan) (En,Ja).zip</path>
    <name>Fighter&apos;s History Dynamite ~ Karnov&apos;s Revenge (Japan) (En,Ja)</name>
    <image>/recalbox/share/thumbs/SNK - Neo Geo CD/Named_Titles/Fighter&apos;s History Dynamite ~ Karnov&apos;s Revenge (Japan) (En,Ja).png</image>
    <video>/recalbox/share/videos/Redump/SNK - Neo Geo CD/Fighter&apos;s History Dynamite ~ Karnov&apos;s Revenge (Japan) (En,Ja).mp4</video>
  </game>
  <game>
    <path>/recalbox/share/roms/readystream/neogeocd/Fire Suplex ~ 3 Count Bout (World) (En,Ja).zip</path>
    <name>Fire Suplex ~ 3 Count Bout (World) (En,Ja)</name>
    <image>/recalbox/share/thumbs/SNK - Neo Geo CD/Named_Titles/Fire Suplex ~ 3 Count Bout (World) (En,Ja).png</image>
    <video>/recalbox/share/videos/Redump/SNK - Neo Geo CD/Fire Suplex ~ 3 Count Bout (World) (En,Ja).mp4</video>
  </game>
  <game>
    <path>/recalbox/share/roms/readystream/neogeocd/Flying Power Disc ~ Windjammers (Japan) (En,Ja).zip</path>
    <name>Flying Power Disc ~ Windjammers (Japan) (En,Ja)</name>
    <image>/recalbox/share/thumbs/SNK - Neo Geo CD/Named_Titles/Flying Power Disc ~ Windjammers (Japan) (En,Ja).png</image>
    <video>/recalbox/share/videos/Redump/SNK - Neo Geo CD/Flying Power Disc ~ Windjammers (Japan) (En,Ja).mp4</video>
  </game>
  <game>
    <path>/recalbox/share/roms/readystream/neogeocd/Football Frenzy (Japan) (En,Ja).zip</path>
    <name>Football Frenzy (Japan) (En,Ja)</name>
    <image>/recalbox/share/thumbs/SNK - Neo Geo CD/Named_Titles/Football Frenzy (Japan) (En,Ja).png</image>
    <video>/recalbox/share/videos/Redump/SNK - Neo Geo CD/Football Frenzy (Japan) (En,Ja).mp4</video>
  </game>
  <game>
    <path>/recalbox/share/roms/readystream/neogeocd/Futsal - 5 on 5 Mini Soccer ~ PleasureGoal - 5 on 5 Mini Soccer (Japan) (En,Ja).zip</path>
    <name>Futsal - 5 on 5 Mini Soccer ~ PleasureGoal - 5 on 5 Mini Soccer (Japan) (En,Ja)</name>
    <image>/recalbox/share/thumbs/SNK - Neo Geo CD/Named_Titles/Futsal - 5 on 5 Mini Soccer ~ PleasureGoal - 5 on 5 Mini Soccer (Japan) (En,Ja).png</image>
    <video>/recalbox/share/videos/Redump/SNK - Neo Geo CD/Futsal - 5 on 5 Mini Soccer ~ PleasureGoal - 5 on 5 Mini Soccer (Japan) (En,Ja).mp4</video>
  </game>
  <game>
    <path>/recalbox/share/roms/readystream/neogeocd/Fuuun Mokushiroku - Kakutou Sousei ~ Savage Reign (Export) (En,Ja,Es,Pt) (Rev 1).zip</path>
    <name>Fuuun Mokushiroku - Kakutou Sousei ~ Savage Reign (Export) (En,Ja,Es,Pt) (Rev 1)</name>
    <image>/recalbox/share/thumbs/SNK - Neo Geo CD/Named_Titles/Fuuun Mokushiroku - Kakutou Sousei ~ Savage Reign (Export) (En,Ja,Es,Pt) (Rev 1).png</image>
    <video>/recalbox/share/videos/Redump/SNK - Neo Geo CD/Fuuun Mokushiroku - Kakutou Sousei ~ Savage Reign (Export) (En,Ja,Es,Pt) (Rev 1).mp4</video>
  </game>
  <game>
    <path>/recalbox/share/roms/readystream/neogeocd/Fuuun Mokushiroku - Kakutou Sousei ~ Savage Reign (World) (En,Ja,Es,Pt).zip</path>
    <name>Fuuun Mokushiroku - Kakutou Sousei ~ Savage Reign (World) (En,Ja,Es,Pt)</name>
    <image>/recalbox/share/thumbs/SNK - Neo Geo CD/Named_Titles/Fuuun Mokushiroku - Kakutou Sousei ~ Savage Reign (World) (En,Ja,Es,Pt).png</image>
    <video>/recalbox/share/videos/Redump/SNK - Neo Geo CD/Fuuun Mokushiroku - Kakutou Sousei ~ Savage Reign (World) (En,Ja,Es,Pt).mp4</video>
  </game>
  <game>
    <path>/recalbox/share/roms/readystream/neogeocd/Galaxy Fight - Universal Warriors (Japan) (En,Ja,Es).zip</path>
    <name>Galaxy Fight - Universal Warriors (Japan) (En,Ja,Es)</name>
    <image>/recalbox/share/thumbs/SNK - Neo Geo CD/Named_Titles/Galaxy Fight - Universal Warriors (Japan) (En,Ja,Es).png</image>
    <video>/recalbox/share/videos/Redump/SNK - Neo Geo CD/Galaxy Fight - Universal Warriors (Japan) (En,Ja,Es).mp4</video>
  </game>
  <game>
    <path>/recalbox/share/roms/readystream/neogeocd/Garou Densetsu - Shukumei no Tatakai ~ Fatal Fury - King of Fighters (Japan) (En,Ja).zip</path>
    <name>Garou Densetsu - Shukumei no Tatakai ~ Fatal Fury - King of Fighters (Japan) (En,Ja)</name>
    <image>/recalbox/share/thumbs/SNK - Neo Geo CD/Named_Titles/Garou Densetsu - Shukumei no Tatakai ~ Fatal Fury - King of Fighters (Japan) (En,Ja).png</image>
    <video>/recalbox/share/videos/Redump/SNK - Neo Geo CD/Garou Densetsu - Shukumei no Tatakai ~ Fatal Fury - King of Fighters (Japan) (En,Ja).mp4</video>
  </game>
  <game>
    <path>/recalbox/share/roms/readystream/neogeocd/Garou Densetsu 2 ~ Fatal Fury 2 (Japan) (En,Ja).zip</path>
    <name>Garou Densetsu 2 ~ Fatal Fury 2 (Japan) (En,Ja)</name>
    <image>/recalbox/share/thumbs/SNK - Neo Geo CD/Named_Titles/Garou Densetsu 2 ~ Fatal Fury 2 (Japan) (En,Ja).png</image>
    <video>/recalbox/share/videos/Redump/SNK - Neo Geo CD/Garou Densetsu 2 ~ Fatal Fury 2 (Japan) (En,Ja).mp4</video>
  </game>
  <game>
    <path>/recalbox/share/roms/readystream/neogeocd/Garou Densetsu 3 - Road to the Final Victory ~ Fatal Fury 3 - Road to the Final Victory (Export) (En,Ja,Es,Pt) (Rev 2).zip</path>
    <name>Garou Densetsu 3 - Road to the Final Victory ~ Fatal Fury 3 - Road to the Final Victory (Export) (En,Ja,Es,Pt) (Rev 2)</name>
    <image>/recalbox/share/thumbs/SNK - Neo Geo CD/Named_Titles/Garou Densetsu 3 - Road to the Final Victory ~ Fatal Fury 3 - Road to the Final Victory (Export) (En,Ja,Es,Pt) (Rev 2).png</image>
    <video>/recalbox/share/videos/Redump/SNK - Neo Geo CD/Garou Densetsu 3 - Road to the Final Victory ~ Fatal Fury 3 - Road to the Final Victory (Export) (En,Ja,Es,Pt) (Rev 2).mp4</video>
  </game>
  <game>
    <path>/recalbox/share/roms/readystream/neogeocd/Garou Densetsu 3 - Road to the Final Victory ~ Fatal Fury 3 - Road to the Final Victory (Export) (En,Ja,Es,Pt) (Rev 3).zip</path>
    <name>Garou Densetsu 3 - Road to the Final Victory ~ Fatal Fury 3 - Road to the Final Victory (Export) (En,Ja,Es,Pt) (Rev 3)</name>
    <image>/recalbox/share/thumbs/SNK - Neo Geo CD/Named_Titles/Garou Densetsu 3 - Road to the Final Victory ~ Fatal Fury 3 - Road to the Final Victory (Export) (En,Ja,Es,Pt) (Rev 3).png</image>
    <video>/recalbox/share/videos/Redump/SNK - Neo Geo CD/Garou Densetsu 3 - Road to the Final Victory ~ Fatal Fury 3 - Road to the Final Victory (Export) (En,Ja,Es,Pt) (Rev 3).mp4</video>
  </game>
  <game>
    <path>/recalbox/share/roms/readystream/neogeocd/Garou Densetsu 3 - Road to the Final Victory ~ Fatal Fury 3 - Road to the Final Victory (Japan) (En,Ja,Es,Pt).zip</path>
    <name>Garou Densetsu 3 - Road to the Final Victory ~ Fatal Fury 3 - Road to the Final Victory (Japan) (En,Ja,Es,Pt)</name>
    <image>/recalbox/share/thumbs/SNK - Neo Geo CD/Named_Titles/Garou Densetsu 3 - Road to the Final Victory ~ Fatal Fury 3 - Road to the Final Victory (Japan) (En,Ja,Es,Pt).png</image>
    <video>/recalbox/share/videos/Redump/SNK - Neo Geo CD/Garou Densetsu 3 - Road to the Final Victory ~ Fatal Fury 3 - Road to the Final Victory (Japan) (En,Ja,Es,Pt).mp4</video>
  </game>
  <game>
    <path>/recalbox/share/roms/readystream/neogeocd/Garou Densetsu 3 - Road to the Final Victory ~ Fatal Fury 3 - Road to the Final Victory (World) (En,Ja,Es,Pt) (Rev 1).zip</path>
    <name>Garou Densetsu 3 - Road to the Final Victory ~ Fatal Fury 3 - Road to the Final Victory (World) (En,Ja,Es,Pt) (Rev 1)</name>
    <image>/recalbox/share/thumbs/SNK - Neo Geo CD/Named_Titles/Garou Densetsu 3 - Road to the Final Victory ~ Fatal Fury 3 - Road to the Final Victory (World) (En,Ja,Es,Pt) (Rev 1).png</image>
    <video>/recalbox/share/videos/Redump/SNK - Neo Geo CD/Garou Densetsu 3 - Road to the Final Victory ~ Fatal Fury 3 - Road to the Final Victory (World) (En,Ja,Es,Pt) (Rev 1).mp4</video>
  </game>
  <game>
    <path>/recalbox/share/roms/readystream/neogeocd/Garou Densetsu Special ~ Fatal Fury Special (Japan) (En,Ja).zip</path>
    <name>Garou Densetsu Special ~ Fatal Fury Special (Japan) (En,Ja)</name>
    <image>/recalbox/share/thumbs/SNK - Neo Geo CD/Named_Titles/Garou Densetsu Special ~ Fatal Fury Special (Japan) (En,Ja).png</image>
    <video>/recalbox/share/videos/Redump/SNK - Neo Geo CD/Garou Densetsu Special ~ Fatal Fury Special (Japan) (En,Ja).mp4</video>
  </game>
  <game>
    <path>/recalbox/share/roms/readystream/neogeocd/Garou Densetsu Special ~ Fatal Fury Special (World) (En,Ja) (Rev 1).zip</path>
    <name>Garou Densetsu Special ~ Fatal Fury Special (World) (En,Ja) (Rev 1)</name>
    <image>/recalbox/share/thumbs/SNK - Neo Geo CD/Named_Titles/Garou Densetsu Special ~ Fatal Fury Special (World) (En,Ja) (Rev 1).png</image>
    <video>/recalbox/share/videos/Redump/SNK - Neo Geo CD/Garou Densetsu Special ~ Fatal Fury Special (World) (En,Ja) (Rev 1).mp4</video>
  </game>
  <game>
    <path>/recalbox/share/roms/readystream/neogeocd/Ghost Pilots (World).zip</path>
    <name>Ghost Pilots (World)</name>
    <image>/recalbox/share/thumbs/SNK - Neo Geo CD/Named_Titles/Ghost Pilots (World).png</image>
    <video>/recalbox/share/videos/Redump/SNK - Neo Geo CD/Ghost Pilots (World).mp4</video>
  </game>
  <game>
    <path>/recalbox/share/roms/readystream/neogeocd/Idol Mahjong - Final Romance 2 (Japan).zip</path>
    <name>Idol Mahjong - Final Romance 2 (Japan)</name>
    <image>/recalbox/share/thumbs/SNK - Neo Geo CD/Named_Titles/Idol Mahjong - Final Romance 2 (Japan).png</image>
    <video>/recalbox/share/videos/Redump/SNK - Neo Geo CD/Idol Mahjong - Final Romance 2 (Japan).mp4</video>
  </game>
  <game>
    <path>/recalbox/share/roms/readystream/neogeocd/Janshin Densetsu - Quest of Jongmaster (Japan).zip</path>
    <name>Janshin Densetsu - Quest of Jongmaster (Japan)</name>
    <image>/recalbox/share/thumbs/SNK - Neo Geo CD/Named_Titles/Janshin Densetsu - Quest of Jongmaster (Japan).png</image>
    <video>/recalbox/share/videos/Redump/SNK - Neo Geo CD/Janshin Densetsu - Quest of Jongmaster (Japan).mp4</video>
  </game>
  <game>
    <path>/recalbox/share/roms/readystream/neogeocd/Joy Joy Kid ~ Puzzled (World) (En,Ja).zip</path>
    <name>Joy Joy Kid ~ Puzzled (World) (En,Ja)</name>
    <image>/recalbox/share/thumbs/SNK - Neo Geo CD/Named_Titles/Joy Joy Kid ~ Puzzled (World) (En,Ja).png</image>
    <video>/recalbox/share/videos/Redump/SNK - Neo Geo CD/Joy Joy Kid ~ Puzzled (World) (En,Ja).mp4</video>
  </game>
  <game>
    <path>/recalbox/share/roms/readystream/neogeocd/King of Fighters '94, The (World) (En,Ja) (Rev 1).zip</path>
    <name>King of Fighters &apos;94, The (World) (En,Ja) (Rev 1)</name>
    <image>/recalbox/share/thumbs/SNK - Neo Geo CD/Named_Titles/King of Fighters &apos;94, The (World) (En,Ja) (Rev 1).png</image>
    <video>/recalbox/share/videos/Redump/SNK - Neo Geo CD/King of Fighters &apos;94, The (World) (En,Ja) (Rev 1).mp4</video>
  </game>
  <game>
    <path>/recalbox/share/roms/readystream/neogeocd/King of Fighters '94, The (World) (En,Ja).zip</path>
    <name>King of Fighters &apos;94, The (World) (En,Ja)</name>
    <image>/recalbox/share/thumbs/SNK - Neo Geo CD/Named_Titles/King of Fighters &apos;94, The (World) (En,Ja).png</image>
    <video>/recalbox/share/videos/Redump/SNK - Neo Geo CD/King of Fighters &apos;94, The (World) (En,Ja).mp4</video>
  </game>
  <game>
    <path>/recalbox/share/roms/readystream/neogeocd/King of Fighters '95, The (Japan) (En,Ja) (Rev 1).zip</path>
    <name>King of Fighters &apos;95, The (Japan) (En,Ja) (Rev 1)</name>
    <image>/recalbox/share/thumbs/SNK - Neo Geo CD/Named_Titles/King of Fighters &apos;95, The (Japan) (En,Ja) (Rev 1).png</image>
    <video>/recalbox/share/videos/Redump/SNK - Neo Geo CD/King of Fighters &apos;95, The (Japan) (En,Ja) (Rev 1).mp4</video>
  </game>
  <game>
    <path>/recalbox/share/roms/readystream/neogeocd/King of Fighters '95, The (World) (En,Ja).zip</path>
    <name>King of Fighters &apos;95, The (World) (En,Ja)</name>
    <image>/recalbox/share/thumbs/SNK - Neo Geo CD/Named_Titles/King of Fighters &apos;95, The (World) (En,Ja).png</image>
    <video>/recalbox/share/videos/Redump/SNK - Neo Geo CD/King of Fighters &apos;95, The (World) (En,Ja).mp4</video>
  </game>
  <game>
    <path>/recalbox/share/roms/readystream/neogeocd/King of Fighters '96 NeoGeo Collection, The (Japan).zip</path>
    <name>King of Fighters &apos;96 NeoGeo Collection, The (Japan)</name>
    <image>/recalbox/share/thumbs/SNK - Neo Geo CD/Named_Titles/King of Fighters &apos;96 NeoGeo Collection, The (Japan).png</image>
    <video>/recalbox/share/videos/Redump/SNK - Neo Geo CD/King of Fighters &apos;96 NeoGeo Collection, The (Japan).mp4</video>
  </game>
  <game>
    <path>/recalbox/share/roms/readystream/neogeocd/King of Fighters '96, The (World) (En,Ja).zip</path>
    <name>King of Fighters &apos;96, The (World) (En,Ja)</name>
    <image>/recalbox/share/thumbs/SNK - Neo Geo CD/Named_Titles/King of Fighters &apos;96, The (World) (En,Ja).png</image>
    <video>/recalbox/share/videos/Redump/SNK - Neo Geo CD/King of Fighters &apos;96, The (World) (En,Ja).mp4</video>
  </game>
  <game>
    <path>/recalbox/share/roms/readystream/neogeocd/King of Fighters '97, The (Japan) (En,Ja).zip</path>
    <name>King of Fighters &apos;97, The (Japan) (En,Ja)</name>
    <image>/recalbox/share/thumbs/SNK - Neo Geo CD/Named_Titles/King of Fighters &apos;97, The (Japan) (En,Ja).png</image>
    <video>/recalbox/share/videos/Redump/SNK - Neo Geo CD/King of Fighters &apos;97, The (Japan) (En,Ja).mp4</video>
  </game>
  <game>
    <path>/recalbox/share/roms/readystream/neogeocd/King of Fighters '98, The - Dream Match Never Ends ~ The King of Fighters '98 - The Slugfest (Japan) (En,Ja).zip</path>
    <name>King of Fighters &apos;98, The - Dream Match Never Ends ~ The King of Fighters &apos;98 - The Slugfest (Japan) (En,Ja)</name>
    <image>/recalbox/share/thumbs/SNK - Neo Geo CD/Named_Titles/King of Fighters &apos;98, The - Dream Match Never Ends ~ The King of Fighters &apos;98 - The Slugfest (Japan) (En,Ja).png</image>
    <video>/recalbox/share/videos/Redump/SNK - Neo Geo CD/King of Fighters &apos;98, The - Dream Match Never Ends ~ The King of Fighters &apos;98 - The Slugfest (Japan) (En,Ja).mp4</video>
  </game>
  <game>
    <path>/recalbox/share/roms/readystream/neogeocd/King of Fighters '99, The ~ The King of Fighters '99 - Millennium Battle (World) (En,Ja,Es,Pt).zip</path>
    <name>King of Fighters &apos;99, The ~ The King of Fighters &apos;99 - Millennium Battle (World) (En,Ja,Es,Pt)</name>
    <image>/recalbox/share/thumbs/SNK - Neo Geo CD/Named_Titles/King of Fighters &apos;99, The ~ The King of Fighters &apos;99 - Millennium Battle (World) (En,Ja,Es,Pt).png</image>
    <video>/recalbox/share/videos/Redump/SNK - Neo Geo CD/King of Fighters &apos;99, The ~ The King of Fighters &apos;99 - Millennium Battle (World) (En,Ja,Es,Pt).mp4</video>
  </game>
  <game>
    <path>/recalbox/share/roms/readystream/neogeocd/Last Hope (Germany) (Unl).zip</path>
    <name>Last Hope (Germany) (Unl)</name>
    <image>/recalbox/share/thumbs/SNK - Neo Geo CD/Named_Titles/Last Hope (Germany) (Unl).png</image>
    <video>/recalbox/share/videos/Redump/SNK - Neo Geo CD/Last Hope (Germany) (Unl).mp4</video>
  </game>
  <game>
    <path>/recalbox/share/roms/readystream/neogeocd/Last Resort (Japan) (En,Ja).zip</path>
    <name>Last Resort (Japan) (En,Ja)</name>
    <image>/recalbox/share/thumbs/SNK - Neo Geo CD/Named_Titles/Last Resort (Japan) (En,Ja).png</image>
    <video>/recalbox/share/videos/Redump/SNK - Neo Geo CD/Last Resort (Japan) (En,Ja).mp4</video>
  </game>
  <game>
    <path>/recalbox/share/roms/readystream/neogeocd/League Bowling (Japan) (En,Ja).zip</path>
    <name>League Bowling (Japan) (En,Ja)</name>
    <image>/recalbox/share/thumbs/SNK - Neo Geo CD/Named_Titles/League Bowling (Japan) (En,Ja).png</image>
    <video>/recalbox/share/videos/Redump/SNK - Neo Geo CD/League Bowling (Japan) (En,Ja).mp4</video>
  </game>
  <game>
    <path>/recalbox/share/roms/readystream/neogeocd/Magical Drop 2 (Japan) (En,Ja).zip</path>
    <name>Magical Drop 2 (Japan) (En,Ja)</name>
    <image>/recalbox/share/thumbs/SNK - Neo Geo CD/Named_Titles/Magical Drop 2 (Japan) (En,Ja).png</image>
    <video>/recalbox/share/videos/Redump/SNK - Neo Geo CD/Magical Drop 2 (Japan) (En,Ja).mp4</video>
  </game>
  <game>
    <path>/recalbox/share/roms/readystream/neogeocd/Magician Lord (Japan) (En,Ja).zip</path>
    <name>Magician Lord (Japan) (En,Ja)</name>
    <image>/recalbox/share/thumbs/SNK - Neo Geo CD/Named_Titles/Magician Lord (Japan) (En,Ja).png</image>
    <video>/recalbox/share/videos/Redump/SNK - Neo Geo CD/Magician Lord (Japan) (En,Ja).mp4</video>
  </game>
  <game>
    <path>/recalbox/share/roms/readystream/neogeocd/Mahjong-kyou Retsuden - Nishi Nihon-hen (Japan).zip</path>
    <name>Mahjong-kyou Retsuden - Nishi Nihon-hen (Japan)</name>
    <image>/recalbox/share/thumbs/SNK - Neo Geo CD/Named_Titles/Mahjong-kyou Retsuden - Nishi Nihon-hen (Japan).png</image>
    <video>/recalbox/share/videos/Redump/SNK - Neo Geo CD/Mahjong-kyou Retsuden - Nishi Nihon-hen (Japan).mp4</video>
  </game>
  <game>
    <path>/recalbox/share/roms/readystream/neogeocd/Metal Slug (Japan) (En,Ja).zip</path>
    <name>Metal Slug (Japan) (En,Ja)</name>
    <image>/recalbox/share/thumbs/SNK - Neo Geo CD/Named_Titles/Metal Slug (Japan) (En,Ja).png</image>
    <video>/recalbox/share/videos/Redump/SNK - Neo Geo CD/Metal Slug (Japan) (En,Ja).mp4</video>
  </game>
  <game>
    <path>/recalbox/share/roms/readystream/neogeocd/Metal Slug 2 (World) (En,Ja).zip</path>
    <name>Metal Slug 2 (World) (En,Ja)</name>
    <image>/recalbox/share/thumbs/SNK - Neo Geo CD/Named_Titles/Metal Slug 2 (World) (En,Ja).png</image>
    <video>/recalbox/share/videos/Redump/SNK - Neo Geo CD/Metal Slug 2 (World) (En,Ja).mp4</video>
  </game>
  <game>
    <path>/recalbox/share/roms/readystream/neogeocd/Mutation Nation (Japan) (En,Ja).zip</path>
    <name>Mutation Nation (Japan) (En,Ja)</name>
    <image>/recalbox/share/thumbs/SNK - Neo Geo CD/Named_Titles/Mutation Nation (Japan) (En,Ja).png</image>
    <video>/recalbox/share/videos/Redump/SNK - Neo Geo CD/Mutation Nation (Japan) (En,Ja).mp4</video>
  </game>
  <game>
    <path>/recalbox/share/roms/readystream/neogeocd/Nam-1975 (Japan) (En,Ja).zip</path>
    <name>Nam-1975 (Japan) (En,Ja)</name>
    <image>/recalbox/share/thumbs/SNK - Neo Geo CD/Named_Titles/Nam-1975 (Japan) (En,Ja).png</image>
    <video>/recalbox/share/videos/Redump/SNK - Neo Geo CD/Nam-1975 (Japan) (En,Ja).mp4</video>
  </game>
  <game>
    <path>/recalbox/share/roms/readystream/neogeocd/Neo Drift Out - New Technology (Japan).zip</path>
    <name>Neo Drift Out - New Technology (Japan)</name>
    <image>/recalbox/share/thumbs/SNK - Neo Geo CD/Named_Titles/Neo Drift Out - New Technology (Japan).png</image>
    <video>/recalbox/share/videos/Redump/SNK - Neo Geo CD/Neo Drift Out - New Technology (Japan).mp4</video>
  </game>
  <game>
    <path>/recalbox/share/roms/readystream/neogeocd/Neo-Geo CD Special (Japan).zip</path>
    <name>Neo-Geo CD Special (Japan)</name>
    <image>/recalbox/share/thumbs/SNK - Neo Geo CD/Named_Titles/Neo-Geo CD Special (Japan).png</image>
    <video>/recalbox/share/videos/Redump/SNK - Neo Geo CD/Neo-Geo CD Special (Japan).mp4</video>
  </game>
  <game>
    <path>/recalbox/share/roms/readystream/neogeocd/Next Thing, The - King of the Monsters 2 (World) (En,Ja).zip</path>
    <name>Next Thing, The - King of the Monsters 2 (World) (En,Ja)</name>
    <image>/recalbox/share/thumbs/SNK - Neo Geo CD/Named_Titles/Next Thing, The - King of the Monsters 2 (World) (En,Ja).png</image>
    <video>/recalbox/share/videos/Redump/SNK - Neo Geo CD/Next Thing, The - King of the Monsters 2 (World) (En,Ja).mp4</video>
  </game>
  <game>
    <path>/recalbox/share/roms/readystream/neogeocd/Ninja Combat (Japan) (En,Ja).zip</path>
    <name>Ninja Combat (Japan) (En,Ja)</name>
    <image>/recalbox/share/thumbs/SNK - Neo Geo CD/Named_Titles/Ninja Combat (Japan) (En,Ja).png</image>
    <video>/recalbox/share/videos/Redump/SNK - Neo Geo CD/Ninja Combat (Japan) (En,Ja).mp4</video>
  </game>
  <game>
    <path>/recalbox/share/roms/readystream/neogeocd/Ninja Commando (Japan) (En,Ja).zip</path>
    <name>Ninja Commando (Japan) (En,Ja)</name>
    <image>/recalbox/share/thumbs/SNK - Neo Geo CD/Named_Titles/Ninja Commando (Japan) (En,Ja).png</image>
    <video>/recalbox/share/videos/Redump/SNK - Neo Geo CD/Ninja Commando (Japan) (En,Ja).mp4</video>
  </game>
  <game>
    <path>/recalbox/share/roms/readystream/neogeocd/Ninja Master's - Haou Ninpou Chou (Japan) (En,Ja).zip</path>
    <name>Ninja Master&apos;s - Haou Ninpou Chou (Japan) (En,Ja)</name>
    <image>/recalbox/share/thumbs/SNK - Neo Geo CD/Named_Titles/Ninja Master&apos;s - Haou Ninpou Chou (Japan) (En,Ja).png</image>
    <video>/recalbox/share/videos/Redump/SNK - Neo Geo CD/Ninja Master&apos;s - Haou Ninpou Chou (Japan) (En,Ja).mp4</video>
  </game>
  <game>
    <path>/recalbox/share/roms/readystream/neogeocd/Oshidashi Zintrick ~ ZinTricK (Japan) (En,Ja).zip</path>
    <name>Oshidashi Zintrick ~ ZinTricK (Japan) (En,Ja)</name>
    <image>/recalbox/share/thumbs/SNK - Neo Geo CD/Named_Titles/Oshidashi Zintrick ~ ZinTricK (Japan) (En,Ja).png</image>
    <video>/recalbox/share/videos/Redump/SNK - Neo Geo CD/Oshidashi Zintrick ~ ZinTricK (Japan) (En,Ja).mp4</video>
  </game>
  <game>
    <path>/recalbox/share/roms/readystream/neogeocd/OverTop (Japan) (En,Ja).zip</path>
    <name>OverTop (Japan) (En,Ja)</name>
    <image>/recalbox/share/thumbs/SNK - Neo Geo CD/Named_Titles/OverTop (Japan) (En,Ja).png</image>
    <video>/recalbox/share/videos/Redump/SNK - Neo Geo CD/OverTop (Japan) (En,Ja).mp4</video>
  </game>
  <game>
    <path>/recalbox/share/roms/readystream/neogeocd/Power Spikes II (Japan) (En,Ja).zip</path>
    <name>Power Spikes II (Japan) (En,Ja)</name>
    <image>/recalbox/share/thumbs/SNK - Neo Geo CD/Named_Titles/Power Spikes II (Japan) (En,Ja).png</image>
    <video>/recalbox/share/videos/Redump/SNK - Neo Geo CD/Power Spikes II (Japan) (En,Ja).mp4</video>
  </game>
  <game>
    <path>/recalbox/share/roms/readystream/neogeocd/Pulstar (Japan) (En,Ja).zip</path>
    <name>Pulstar (Japan) (En,Ja)</name>
    <image>/recalbox/share/thumbs/SNK - Neo Geo CD/Named_Titles/Pulstar (Japan) (En,Ja).png</image>
    <video>/recalbox/share/videos/Redump/SNK - Neo Geo CD/Pulstar (Japan) (En,Ja).mp4</video>
  </game>
  <game>
    <path>/recalbox/share/roms/readystream/neogeocd/Puzzle Bobble ~ Bust-A-Move (Japan) (En,Ja).zip</path>
    <name>Puzzle Bobble ~ Bust-A-Move (Japan) (En,Ja)</name>
    <image>/recalbox/share/thumbs/SNK - Neo Geo CD/Named_Titles/Puzzle Bobble ~ Bust-A-Move (Japan) (En,Ja).png</image>
    <video>/recalbox/share/videos/Redump/SNK - Neo Geo CD/Puzzle Bobble ~ Bust-A-Move (Japan) (En,Ja).mp4</video>
  </game>
  <game>
    <path>/recalbox/share/roms/readystream/neogeocd/Quiz King of Fighters (Japan).zip</path>
    <name>Quiz King of Fighters (Japan)</name>
    <image>/recalbox/share/thumbs/SNK - Neo Geo CD/Named_Titles/Quiz King of Fighters (Japan).png</image>
    <video>/recalbox/share/videos/Redump/SNK - Neo Geo CD/Quiz King of Fighters (Japan).mp4</video>
  </game>
  <game>
    <path>/recalbox/share/roms/readystream/neogeocd/RB2 - The Newcomers - Real Bout Garou Densetsu 2 ~ RB2 - The Newcomers - Real Bout Fatal Fury 2 (Japan) (En,Ja).zip</path>
    <name>RB2 - The Newcomers - Real Bout Garou Densetsu 2 ~ RB2 - The Newcomers - Real Bout Fatal Fury 2 (Japan) (En,Ja)</name>
    <image>/recalbox/share/thumbs/SNK - Neo Geo CD/Named_Titles/RB2 - The Newcomers - Real Bout Garou Densetsu 2 ~ RB2 - The Newcomers - Real Bout Fatal Fury 2 (Japan) (En,Ja).png</image>
    <video>/recalbox/share/videos/Redump/SNK - Neo Geo CD/RB2 - The Newcomers - Real Bout Garou Densetsu 2 ~ RB2 - The Newcomers - Real Bout Fatal Fury 2 (Japan) (En,Ja).mp4</video>
  </game>
  <game>
    <path>/recalbox/share/roms/readystream/neogeocd/Raguy ~ Blue's Journey (Japan) (En,Ja).zip</path>
    <name>Raguy ~ Blue&apos;s Journey (Japan) (En,Ja)</name>
    <image>/recalbox/share/thumbs/SNK - Neo Geo CD/Named_Titles/Raguy ~ Blue&apos;s Journey (Japan) (En,Ja).png</image>
    <video>/recalbox/share/videos/Redump/SNK - Neo Geo CD/Raguy ~ Blue&apos;s Journey (Japan) (En,Ja).mp4</video>
  </game>
  <game>
    <path>/recalbox/share/roms/readystream/neogeocd/Rally Chase (Japan) (En,Ja).zip</path>
    <name>Rally Chase (Japan) (En,Ja)</name>
    <image>/recalbox/share/thumbs/SNK - Neo Geo CD/Named_Titles/Rally Chase (Japan) (En,Ja).png</image>
    <video>/recalbox/share/videos/Redump/SNK - Neo Geo CD/Rally Chase (Japan) (En,Ja).mp4</video>
  </game>
  <game>
    <path>/recalbox/share/roms/readystream/neogeocd/Real Bout Garou Densetsu Special ~ Real Bout Fatal Fury Special (World) (En,Ja,Es,Pt).zip</path>
    <name>Real Bout Garou Densetsu Special ~ Real Bout Fatal Fury Special (World) (En,Ja,Es,Pt)</name>
    <image>/recalbox/share/thumbs/SNK - Neo Geo CD/Named_Titles/Real Bout Garou Densetsu Special ~ Real Bout Fatal Fury Special (World) (En,Ja,Es,Pt).png</image>
    <video>/recalbox/share/videos/Redump/SNK - Neo Geo CD/Real Bout Garou Densetsu Special ~ Real Bout Fatal Fury Special (World) (En,Ja,Es,Pt).mp4</video>
  </game>
  <game>
    <path>/recalbox/share/roms/readystream/neogeocd/Real Bout Garou Densetsu ~ Real Bout Fatal Fury (World) (En,Ja,Es,Pt).zip</path>
    <name>Real Bout Garou Densetsu ~ Real Bout Fatal Fury (World) (En,Ja,Es,Pt)</name>
    <image>/recalbox/share/thumbs/SNK - Neo Geo CD/Named_Titles/Real Bout Garou Densetsu ~ Real Bout Fatal Fury (World) (En,Ja,Es,Pt).png</image>
    <video>/recalbox/share/videos/Redump/SNK - Neo Geo CD/Real Bout Garou Densetsu ~ Real Bout Fatal Fury (World) (En,Ja,Es,Pt).mp4</video>
  </game>
  <game>
    <path>/recalbox/share/roms/readystream/neogeocd/Riding Hero (Japan) (En,Ja).zip</path>
    <name>Riding Hero (Japan) (En,Ja)</name>
    <image>/recalbox/share/thumbs/SNK - Neo Geo CD/Named_Titles/Riding Hero (Japan) (En,Ja).png</image>
    <video>/recalbox/share/videos/Redump/SNK - Neo Geo CD/Riding Hero (Japan) (En,Ja).mp4</video>
  </game>
  <game>
    <path>/recalbox/share/roms/readystream/neogeocd/Robo Army (Japan) (En,Ja).zip</path>
    <name>Robo Army (Japan) (En,Ja)</name>
    <image>/recalbox/share/thumbs/SNK - Neo Geo CD/Named_Titles/Robo Army (Japan) (En,Ja).png</image>
    <video>/recalbox/share/videos/Redump/SNK - Neo Geo CD/Robo Army (Japan) (En,Ja).mp4</video>
  </game>
  <game>
    <path>/recalbox/share/roms/readystream/neogeocd/Ryuuko no Ken 2 ~ Art of Fighting 2 (World) (En,Ja,Es).zip</path>
    <name>Ryuuko no Ken 2 ~ Art of Fighting 2 (World) (En,Ja,Es)</name>
    <image>/recalbox/share/thumbs/SNK - Neo Geo CD/Named_Titles/Ryuuko no Ken 2 ~ Art of Fighting 2 (World) (En,Ja,Es).png</image>
    <video>/recalbox/share/videos/Redump/SNK - Neo Geo CD/Ryuuko no Ken 2 ~ Art of Fighting 2 (World) (En,Ja,Es).mp4</video>
  </game>
  <game>
    <path>/recalbox/share/roms/readystream/neogeocd/Ryuuko no Ken ~ Art of Fighting (World) (En,Ja,Es).zip</path>
    <name>Ryuuko no Ken ~ Art of Fighting (World) (En,Ja,Es)</name>
    <image>/recalbox/share/thumbs/SNK - Neo Geo CD/Named_Titles/Ryuuko no Ken ~ Art of Fighting (World) (En,Ja,Es).png</image>
    <video>/recalbox/share/videos/Redump/SNK - Neo Geo CD/Ryuuko no Ken ~ Art of Fighting (World) (En,Ja,Es).mp4</video>
  </game>
  <game>
    <path>/recalbox/share/roms/readystream/neogeocd/Samurai Spirits - Amakusa Kourin ~ Samurai Shodown IV - Amakusa's Revenge (World) (En,Ja,Es,Pt).zip</path>
    <name>Samurai Spirits - Amakusa Kourin ~ Samurai Shodown IV - Amakusa&apos;s Revenge (World) (En,Ja,Es,Pt)</name>
    <image>/recalbox/share/thumbs/SNK - Neo Geo CD/Named_Titles/Samurai Spirits - Amakusa Kourin ~ Samurai Shodown IV - Amakusa&apos;s Revenge (World) (En,Ja,Es,Pt).png</image>
    <video>/recalbox/share/videos/Redump/SNK - Neo Geo CD/Samurai Spirits - Amakusa Kourin ~ Samurai Shodown IV - Amakusa&apos;s Revenge (World) (En,Ja,Es,Pt).mp4</video>
  </game>
  <game>
    <path>/recalbox/share/roms/readystream/neogeocd/Samurai Spirits - Zankurou Musouken ~ Samurai Shodown III (World) (En,Ja,Es,Pt).zip</path>
    <name>Samurai Spirits - Zankurou Musouken ~ Samurai Shodown III (World) (En,Ja,Es,Pt)</name>
    <image>/recalbox/share/thumbs/SNK - Neo Geo CD/Named_Titles/Samurai Spirits - Zankurou Musouken ~ Samurai Shodown III (World) (En,Ja,Es,Pt).png</image>
    <video>/recalbox/share/videos/Redump/SNK - Neo Geo CD/Samurai Spirits - Zankurou Musouken ~ Samurai Shodown III (World) (En,Ja,Es,Pt).mp4</video>
  </game>
  <game>
    <path>/recalbox/share/roms/readystream/neogeocd/Samurai Spirits ~ Samurai Shodown (Japan) (En,Ja).zip</path>
    <name>Samurai Spirits ~ Samurai Shodown (Japan) (En,Ja)</name>
    <image>/recalbox/share/thumbs/SNK - Neo Geo CD/Named_Titles/Samurai Spirits ~ Samurai Shodown (Japan) (En,Ja).png</image>
    <video>/recalbox/share/videos/Redump/SNK - Neo Geo CD/Samurai Spirits ~ Samurai Shodown (Japan) (En,Ja).mp4</video>
  </game>
  <game>
    <path>/recalbox/share/roms/readystream/neogeocd/Sengoku Denshou 2 ~ Sengoku 2 (Japan) (En,Ja).zip</path>
    <name>Sengoku Denshou 2 ~ Sengoku 2 (Japan) (En,Ja)</name>
    <image>/recalbox/share/thumbs/SNK - Neo Geo CD/Named_Titles/Sengoku Denshou 2 ~ Sengoku 2 (Japan) (En,Ja).png</image>
    <video>/recalbox/share/videos/Redump/SNK - Neo Geo CD/Sengoku Denshou 2 ~ Sengoku 2 (Japan) (En,Ja).mp4</video>
  </game>
  <game>
    <path>/recalbox/share/roms/readystream/neogeocd/Sengoku Denshou ~ Sengoku (Japan) (En,Ja).zip</path>
    <name>Sengoku Denshou ~ Sengoku (Japan) (En,Ja)</name>
    <image>/recalbox/share/thumbs/SNK - Neo Geo CD/Named_Titles/Sengoku Denshou ~ Sengoku (Japan) (En,Ja).png</image>
    <video>/recalbox/share/videos/Redump/SNK - Neo Geo CD/Sengoku Denshou ~ Sengoku (Japan) (En,Ja).mp4</video>
  </game>
  <game>
    <path>/recalbox/share/roms/readystream/neogeocd/Shin Samurai Spirits - Haoumaru Jigokuhen ~ Samurai Shodown II (World) (En,Ja).zip</path>
    <name>Shin Samurai Spirits - Haoumaru Jigokuhen ~ Samurai Shodown II (World) (En,Ja)</name>
    <image>/recalbox/share/thumbs/SNK - Neo Geo CD/Named_Titles/Shin Samurai Spirits - Haoumaru Jigokuhen ~ Samurai Shodown II (World) (En,Ja).png</image>
    <video>/recalbox/share/videos/Redump/SNK - Neo Geo CD/Shin Samurai Spirits - Haoumaru Jigokuhen ~ Samurai Shodown II (World) (En,Ja).mp4</video>
  </game>
  <game>
    <path>/recalbox/share/roms/readystream/neogeocd/Shinouken ~ Ragnagard (Japan) (En,Ja,Es).zip</path>
    <name>Shinouken ~ Ragnagard (Japan) (En,Ja,Es)</name>
    <image>/recalbox/share/thumbs/SNK - Neo Geo CD/Named_Titles/Shinouken ~ Ragnagard (Japan) (En,Ja,Es).png</image>
    <video>/recalbox/share/videos/Redump/SNK - Neo Geo CD/Shinouken ~ Ragnagard (Japan) (En,Ja,Es).mp4</video>
  </game>
  <game>
    <path>/recalbox/share/roms/readystream/neogeocd/Shinsetsu Samurai Spirits - Bushidou Retsuden (Japan).zip</path>
    <name>Shinsetsu Samurai Spirits - Bushidou Retsuden (Japan)</name>
    <image>/recalbox/share/thumbs/SNK - Neo Geo CD/Named_Titles/Shinsetsu Samurai Spirits - Bushidou Retsuden (Japan).png</image>
    <video>/recalbox/share/videos/Redump/SNK - Neo Geo CD/Shinsetsu Samurai Spirits - Bushidou Retsuden (Japan).mp4</video>
  </game>
  <game>
    <path>/recalbox/share/roms/readystream/neogeocd/Shougi no Tatsujin - Master of Syougi (Japan).zip</path>
    <name>Shougi no Tatsujin - Master of Syougi (Japan)</name>
    <image>/recalbox/share/thumbs/SNK - Neo Geo CD/Named_Titles/Shougi no Tatsujin - Master of Syougi (Japan).png</image>
    <video>/recalbox/share/videos/Redump/SNK - Neo Geo CD/Shougi no Tatsujin - Master of Syougi (Japan).mp4</video>
  </game>
  <game>
    <path>/recalbox/share/roms/readystream/neogeocd/Soccer Brawl (World).zip</path>
    <name>Soccer Brawl (World)</name>
    <image>/recalbox/share/thumbs/SNK - Neo Geo CD/Named_Titles/Soccer Brawl (World).png</image>
    <video>/recalbox/share/videos/Redump/SNK - Neo Geo CD/Soccer Brawl (World).mp4</video>
  </game>
  <game>
    <path>/recalbox/share/roms/readystream/neogeocd/Sonic Wings 2 ~ Aero Fighters 2 (World) (En,Ja).zip</path>
    <name>Sonic Wings 2 ~ Aero Fighters 2 (World) (En,Ja)</name>
    <image>/recalbox/share/thumbs/SNK - Neo Geo CD/Named_Titles/Sonic Wings 2 ~ Aero Fighters 2 (World) (En,Ja).png</image>
    <video>/recalbox/share/videos/Redump/SNK - Neo Geo CD/Sonic Wings 2 ~ Aero Fighters 2 (World) (En,Ja).mp4</video>
  </game>
  <game>
    <path>/recalbox/share/roms/readystream/neogeocd/Sonic Wings 3 ~ Aero Fighters 3 (Japan) (En,Ja).zip</path>
    <name>Sonic Wings 3 ~ Aero Fighters 3 (Japan) (En,Ja)</name>
    <image>/recalbox/share/thumbs/SNK - Neo Geo CD/Named_Titles/Sonic Wings 3 ~ Aero Fighters 3 (Japan) (En,Ja).png</image>
    <video>/recalbox/share/videos/Redump/SNK - Neo Geo CD/Sonic Wings 3 ~ Aero Fighters 3 (Japan) (En,Ja).mp4</video>
  </game>
  <game>
    <path>/recalbox/share/roms/readystream/neogeocd/Stakes Winner - GI Kanzen Seiha e no Michi (Japan).zip</path>
    <name>Stakes Winner - GI Kanzen Seiha e no Michi (Japan)</name>
    <image>/recalbox/share/thumbs/SNK - Neo Geo CD/Named_Titles/Stakes Winner - GI Kanzen Seiha e no Michi (Japan).png</image>
    <video>/recalbox/share/videos/Redump/SNK - Neo Geo CD/Stakes Winner - GI Kanzen Seiha e no Michi (Japan).mp4</video>
  </game>
  <game>
    <path>/recalbox/share/roms/readystream/neogeocd/Super Sidekicks - Tokuten-ou (Japan) (En,Ja).zip</path>
    <name>Super Sidekicks - Tokuten-ou (Japan) (En,Ja)</name>
    <image>/recalbox/share/thumbs/SNK - Neo Geo CD/Named_Titles/Super Sidekicks - Tokuten-ou (Japan) (En,Ja).png</image>
    <video>/recalbox/share/videos/Redump/SNK - Neo Geo CD/Super Sidekicks - Tokuten-ou (Japan) (En,Ja).mp4</video>
  </game>
  <game>
    <path>/recalbox/share/roms/readystream/neogeocd/Super Spy, The (Japan) (En,Ja).zip</path>
    <name>Super Spy, The (Japan) (En,Ja)</name>
    <image>/recalbox/share/thumbs/SNK - Neo Geo CD/Named_Titles/Super Spy, The (Japan) (En,Ja).png</image>
    <video>/recalbox/share/videos/Redump/SNK - Neo Geo CD/Super Spy, The (Japan) (En,Ja).mp4</video>
  </game>
  <game>
    <path>/recalbox/share/roms/readystream/neogeocd/Tokuten-ou 2 ~ Super Sidekicks 2 - The World Championship (Japan) (En,Ja,Es).zip</path>
    <name>Tokuten-ou 2 ~ Super Sidekicks 2 - The World Championship (Japan) (En,Ja,Es)</name>
    <image>/recalbox/share/thumbs/SNK - Neo Geo CD/Named_Titles/Tokuten-ou 2 ~ Super Sidekicks 2 - The World Championship (Japan) (En,Ja,Es).png</image>
    <video>/recalbox/share/videos/Redump/SNK - Neo Geo CD/Tokuten-ou 2 ~ Super Sidekicks 2 - The World Championship (Japan) (En,Ja,Es).mp4</video>
  </game>
  <game>
    <path>/recalbox/share/roms/readystream/neogeocd/Tokuten-ou 3 - Eikou e no Chousen ~ Super Sidekicks 3 - The Next Glory (World) (En,Ja,Fr,Es,It,Pt).zip</path>
    <name>Tokuten-ou 3 - Eikou e no Chousen ~ Super Sidekicks 3 - The Next Glory (World) (En,Ja,Fr,Es,It,Pt)</name>
    <image>/recalbox/share/thumbs/SNK - Neo Geo CD/Named_Titles/Tokuten-ou 3 - Eikou e no Chousen ~ Super Sidekicks 3 - The Next Glory (World) (En,Ja,Fr,Es,It,Pt).png</image>
    <video>/recalbox/share/videos/Redump/SNK - Neo Geo CD/Tokuten-ou 3 - Eikou e no Chousen ~ Super Sidekicks 3 - The Next Glory (World) (En,Ja,Fr,Es,It,Pt).mp4</video>
  </game>
  <game>
    <path>/recalbox/share/roms/readystream/neogeocd/Top Hunter - Roddy &amp; Cathy (Japan) (En,Ja).zip</path>
    <name>Top Hunter - Roddy &amp; Cathy (Japan) (En,Ja)</name>
    <image>/recalbox/share/thumbs/SNK - Neo Geo CD/Named_Titles/Top Hunter - Roddy &amp; Cathy (Japan) (En,Ja).png</image>
    <video>/recalbox/share/videos/Redump/SNK - Neo Geo CD/Top Hunter - Roddy &amp; Cathy (Japan) (En,Ja).mp4</video>
  </game>
  <game>
    <path>/recalbox/share/roms/readystream/neogeocd/Top Player's Golf (Japan) (En,Ja).zip</path>
    <name>Top Player&apos;s Golf (Japan) (En,Ja)</name>
    <image>/recalbox/share/thumbs/SNK - Neo Geo CD/Named_Titles/Top Player&apos;s Golf (Japan) (En,Ja).png</image>
    <video>/recalbox/share/videos/Redump/SNK - Neo Geo CD/Top Player&apos;s Golf (Japan) (En,Ja).mp4</video>
  </game>
  <game>
    <path>/recalbox/share/roms/readystream/neogeocd/Treasure of the Caribbean (France) (En,Ja) (Unl).zip</path>
    <name>Treasure of the Caribbean (France) (En,Ja) (Unl)</name>
    <image>/recalbox/share/thumbs/SNK - Neo Geo CD/Named_Titles/Treasure of the Caribbean (France) (En,Ja) (Unl).png</image>
    <video>/recalbox/share/videos/Redump/SNK - Neo Geo CD/Treasure of the Caribbean (France) (En,Ja) (Unl).mp4</video>
  </game>
  <game>
    <path>/recalbox/share/roms/readystream/neogeocd/Tsuukai Gangan Koushinkyoku ~ Aggressors of Dark Kombat (World) (En,Ja).zip</path>
    <name>Tsuukai Gangan Koushinkyoku ~ Aggressors of Dark Kombat (World) (En,Ja)</name>
    <image>/recalbox/share/thumbs/SNK - Neo Geo CD/Named_Titles/Tsuukai Gangan Koushinkyoku ~ Aggressors of Dark Kombat (World) (En,Ja).png</image>
    <video>/recalbox/share/videos/Redump/SNK - Neo Geo CD/Tsuukai Gangan Koushinkyoku ~ Aggressors of Dark Kombat (World) (En,Ja).mp4</video>
  </game>
  <game>
    <path>/recalbox/share/roms/readystream/neogeocd/Twinkle Star Sprites (Japan) (En,Ja).zip</path>
    <name>Twinkle Star Sprites (Japan) (En,Ja)</name>
    <image>/recalbox/share/thumbs/SNK - Neo Geo CD/Named_Titles/Twinkle Star Sprites (Japan) (En,Ja).png</image>
    <video>/recalbox/share/videos/Redump/SNK - Neo Geo CD/Twinkle Star Sprites (Japan) (En,Ja).mp4</video>
  </game>
  <game>
    <path>/recalbox/share/roms/readystream/neogeocd/Viewpoint (Japan).zip</path>
    <name>Viewpoint (Japan)</name>
    <image>/recalbox/share/thumbs/SNK - Neo Geo CD/Named_Titles/Viewpoint (Japan).png</image>
    <video>/recalbox/share/videos/Redump/SNK - Neo Geo CD/Viewpoint (Japan).mp4</video>
  </game>
  <game>
    <path>/recalbox/share/roms/readystream/neogeocd/World Heroes (Japan) (En,Ja).zip</path>
    <name>World Heroes (Japan) (En,Ja)</name>
    <image>/recalbox/share/thumbs/SNK - Neo Geo CD/Named_Titles/World Heroes (Japan) (En,Ja).png</image>
    <video>/recalbox/share/videos/Redump/SNK - Neo Geo CD/World Heroes (Japan) (En,Ja).mp4</video>
  </game>
  <game>
    <path>/recalbox/share/roms/readystream/neogeocd/World Heroes 2 (Japan) (En,Ja).zip</path>
    <name>World Heroes 2 (Japan) (En,Ja)</name>
    <image>/recalbox/share/thumbs/SNK - Neo Geo CD/Named_Titles/World Heroes 2 (Japan) (En,Ja).png</image>
    <video>/recalbox/share/videos/Redump/SNK - Neo Geo CD/World Heroes 2 (Japan) (En,Ja).mp4</video>
  </game>
  <game>
    <path>/recalbox/share/roms/readystream/neogeocd/World Heroes 2 Jet (Japan) (En,Ja).zip</path>
    <name>World Heroes 2 Jet (Japan) (En,Ja)</name>
    <image>/recalbox/share/thumbs/SNK - Neo Geo CD/Named_Titles/World Heroes 2 Jet (Japan) (En,Ja).png</image>
    <video>/recalbox/share/videos/Redump/SNK - Neo Geo CD/World Heroes 2 Jet (Japan) (En,Ja).mp4</video>
  </game>
  <game>
    <path>/recalbox/share/roms/readystream/neogeocd/World Heroes Perfect (Export) (En,Ja) (Rev 1).zip</path>
    <name>World Heroes Perfect (Export) (En,Ja) (Rev 1)</name>
    <image>/recalbox/share/thumbs/SNK - Neo Geo CD/Named_Titles/World Heroes Perfect (Export) (En,Ja) (Rev 1).png</image>
    <video>/recalbox/share/videos/Redump/SNK - Neo Geo CD/World Heroes Perfect (Export) (En,Ja) (Rev 1).mp4</video>
  </game>
  <game>
    <path>/recalbox/share/roms/readystream/neogeocd/World Heroes Perfect (World) (En,Ja).zip</path>
    <name>World Heroes Perfect (World) (En,Ja)</name>
    <image>/recalbox/share/thumbs/SNK - Neo Geo CD/Named_Titles/World Heroes Perfect (World) (En,Ja).png</image>
    <video>/recalbox/share/videos/Redump/SNK - Neo Geo CD/World Heroes Perfect (World) (En,Ja).mp4</video>
  </game>
  <game>
    <path>/recalbox/share/roms/readystream/neogeocd/Xeno Crisis (World) (Unl).zip</path>
    <name>Xeno Crisis (World) (Unl)</name>
    <image>/recalbox/share/thumbs/SNK - Neo Geo CD/Named_Titles/Xeno Crisis (World) (Unl).png</image>
    <video>/recalbox/share/videos/Redump/SNK - Neo Geo CD/Xeno Crisis (World) (Unl).mp4</video>
  </game>
</gamelist>