<gamelist>
  <game>
    <path>/recalbox/share/zip/zmachine/1.z3</path>
    <name>1</name>
    <image>/recalbox/share/thumbs2/Infocom/Z-Machine/1.png</image>
    <video>/recalbox/share/videos/Infocom/Z-Machine/1.mp4</video>
  </game>
  <game>
    <path>/recalbox/share/zip/zmachine/AMFV.z4</path>
    <name>AMFV</name>
    <image>/recalbox/share/thumbs2/Infocom/Z-Machine/AMFV.png</image>
    <video>/recalbox/share/videos/Infocom/Z-Machine/AMFV.mp4</video>
  </game>
  <game>
    <path>/recalbox/share/zip/zmachine/AMFV_0.z4</path>
    <name>AMFV_0</name>
    <image>/recalbox/share/thumbs2/Infocom/Z-Machine/AMFV_0.png</image>
    <video>/recalbox/share/videos/Infocom/Z-Machine/AMFV_0.mp4</video>
  </game>
  <game>
    <path>/recalbox/share/zip/zmachine/AMFV_WT.txt</path>
    <name>AMFV_WT</name>
    <image>/recalbox/share/thumbs2/Infocom/Z-Machine/AMFV_WT.png</image>
    <video>/recalbox/share/videos/Infocom/Z-Machine/AMFV_WT.mp4</video>
  </game>
  <game>
    <path>/recalbox/share/zip/zmachine/ARTHUR.CG1</path>
    <name>ARTHUR</name>
    <image>/recalbox/share/thumbs2/Infocom/Z-Machine/ARTHUR.png</image>
    <video>/recalbox/share/videos/Infocom/Z-Machine/ARTHUR.mp4</video>
  </game>
  <game>
    <path>/recalbox/share/zip/zmachine/Amfv.dat</path>
    <name>Amfv</name>
    <image>/recalbox/share/thumbs2/Infocom/Z-Machine/Amfv.png</image>
    <video>/recalbox/share/videos/Infocom/Z-Machine/Amfv.mp4</video>
  </game>
  <game>
    <path>/recalbox/share/zip/zmachine/Arthur&apos;s Day Out r1 (2021-04-30)(WauloK).z3</path>
    <name>Arthur&apos;s Day Out r1 (2021-04-30)(WauloK)</name>
    <image>/recalbox/share/thumbs2/Infocom/Z-Machine/Arthur&apos;s Day Out r1 (2021-04-30)(WauloK).png</image>
    <video>/recalbox/share/videos/Infocom/Z-Machine/Arthur&apos;s Day Out r1 (2021-04-30)(WauloK).mp4</video>
  </game>
  <game>
    <path>/recalbox/share/zip/zmachine/Arthur_WT.txt</path>
    <name>Arthur_WT</name>
    <image>/recalbox/share/thumbs2/Infocom/Z-Machine/Arthur_WT.png</image>
    <video>/recalbox/share/videos/Infocom/Z-Machine/Arthur_WT.mp4</video>
  </game>
  <game>
    <path>/recalbox/share/zip/zmachine/BALLYHOO.DAT</path>
    <name>BALLYHOO</name>
    <image>/recalbox/share/thumbs2/Infocom/Z-Machine/BALLYHOO.png</image>
    <video>/recalbox/share/videos/Infocom/Z-Machine/BALLYHOO.mp4</video>
  </game>
  <game>
    <path>/recalbox/share/zip/zmachine/BEYZORK.z5</path>
    <name>BEYZORK</name>
    <image>/recalbox/share/thumbs2/Infocom/Z-Machine/BEYZORK.png</image>
    <video>/recalbox/share/videos/Infocom/Z-Machine/BEYZORK.mp4</video>
  </game>
  <game>
    <path>/recalbox/share/zip/zmachine/BORDERZ.z5</path>
    <name>BORDERZ</name>
    <image>/recalbox/share/thumbs2/Infocom/Z-Machine/BORDERZ.png</image>
    <video>/recalbox/share/videos/Infocom/Z-Machine/BORDERZ.mp4</video>
  </game>
  <game>
    <path>/recalbox/share/zip/zmachine/BUREAU.z4</path>
    <name>BUREAU</name>
    <image>/recalbox/share/thumbs2/Infocom/Z-Machine/BUREAU.png</image>
    <video>/recalbox/share/videos/Infocom/Z-Machine/BUREAU.mp4</video>
  </game>
  <game>
    <path>/recalbox/share/zip/zmachine/BUREAUCR.DAT</path>
    <name>BUREAUCR</name>
    <image>/recalbox/share/thumbs2/Infocom/Z-Machine/BUREAUCR.png</image>
    <video>/recalbox/share/videos/Infocom/Z-Machine/BUREAUCR.mp4</video>
  </game>
  <game>
    <path>/recalbox/share/zip/zmachine/Ballyhoo_INV.txt</path>
    <name>Ballyhoo_INV</name>
    <image>/recalbox/share/thumbs2/Infocom/Z-Machine/Ballyhoo_INV.png</image>
    <video>/recalbox/share/videos/Infocom/Z-Machine/Ballyhoo_INV.mp4</video>
  </game>
  <game>
    <path>/recalbox/share/zip/zmachine/Ballyhoo_WT.txt</path>
    <name>Ballyhoo_WT</name>
    <image>/recalbox/share/thumbs2/Infocom/Z-Machine/Ballyhoo_WT.png</image>
    <video>/recalbox/share/videos/Infocom/Z-Machine/Ballyhoo_WT.mp4</video>
  </game>
  <game>
    <path>/recalbox/share/zip/zmachine/BeyondZork_INV.txt</path>
    <name>BeyondZork_INV</name>
    <image>/recalbox/share/thumbs2/Infocom/Z-Machine/BeyondZork_INV.png</image>
    <video>/recalbox/share/videos/Infocom/Z-Machine/BeyondZork_INV.mp4</video>
  </game>
  <game>
    <path>/recalbox/share/zip/zmachine/BeyondZork_WT.txt</path>
    <name>BeyondZork_WT</name>
    <image>/recalbox/share/thumbs2/Infocom/Z-Machine/BeyondZork_WT.png</image>
    <video>/recalbox/share/videos/Infocom/Z-Machine/BeyondZork_WT.mp4</video>
  </game>
  <game>
    <path>/recalbox/share/zip/zmachine/Beyondzo.dat</path>
    <name>Beyondzo</name>
    <image>/recalbox/share/thumbs2/Infocom/Z-Machine/Beyondzo.png</image>
    <video>/recalbox/share/videos/Infocom/Z-Machine/Beyondzo.mp4</video>
  </game>
  <game>
    <path>/recalbox/share/zip/zmachine/BorderZone_RM.txt</path>
    <name>BorderZone_RM</name>
    <image>/recalbox/share/thumbs2/Infocom/Z-Machine/BorderZone_RM.png</image>
    <video>/recalbox/share/videos/Infocom/Z-Machine/BorderZone_RM.mp4</video>
  </game>
  <game>
    <path>/recalbox/share/zip/zmachine/BorderZone_WT.txt</path>
    <name>BorderZone_WT</name>
    <image>/recalbox/share/thumbs2/Infocom/Z-Machine/BorderZone_WT.png</image>
    <video>/recalbox/share/videos/Infocom/Z-Machine/BorderZone_WT.mp4</video>
  </game>
  <game>
    <path>/recalbox/share/zip/zmachine/Bureaucracy_INV.txt</path>
    <name>Bureaucracy_INV</name>
    <image>/recalbox/share/thumbs2/Infocom/Z-Machine/Bureaucracy_INV.png</image>
    <video>/recalbox/share/videos/Infocom/Z-Machine/Bureaucracy_INV.mp4</video>
  </game>
  <game>
    <path>/recalbox/share/zip/zmachine/Bureaucracy_RM.txt</path>
    <name>Bureaucracy_RM</name>
    <image>/recalbox/share/thumbs2/Infocom/Z-Machine/Bureaucracy_RM.png</image>
    <video>/recalbox/share/videos/Infocom/Z-Machine/Bureaucracy_RM.mp4</video>
  </game>
  <game>
    <path>/recalbox/share/zip/zmachine/Bureaucracy_WT.txt</path>
    <name>Bureaucracy_WT</name>
    <image>/recalbox/share/thumbs2/Infocom/Z-Machine/Bureaucracy_WT.png</image>
    <video>/recalbox/share/videos/Infocom/Z-Machine/Bureaucracy_WT.mp4</video>
  </game>
  <game>
    <path>/recalbox/share/zip/zmachine/Cutthroats_INV.txt</path>
    <name>Cutthroats_INV</name>
    <image>/recalbox/share/thumbs2/Infocom/Z-Machine/Cutthroats_INV.png</image>
    <video>/recalbox/share/videos/Infocom/Z-Machine/Cutthroats_INV.mp4</video>
  </game>
  <game>
    <path>/recalbox/share/zip/zmachine/Cutthroats_RM.txt</path>
    <name>Cutthroats_RM</name>
    <image>/recalbox/share/thumbs2/Infocom/Z-Machine/Cutthroats_RM.png</image>
    <video>/recalbox/share/videos/Infocom/Z-Machine/Cutthroats_RM.mp4</video>
  </game>
  <game>
    <path>/recalbox/share/zip/zmachine/Cutthroats_WT.txt</path>
    <name>Cutthroats_WT</name>
    <image>/recalbox/share/thumbs2/Infocom/Z-Machine/Cutthroats_WT.png</image>
    <video>/recalbox/share/videos/Infocom/Z-Machine/Cutthroats_WT.mp4</video>
  </game>
  <game>
    <path>/recalbox/share/zip/zmachine/DATA1.DAT</path>
    <name>DATA1</name>
    <image>/recalbox/share/thumbs2/Infocom/Z-Machine/DATA1.png</image>
    <video>/recalbox/share/videos/Infocom/Z-Machine/DATA1.mp4</video>
  </game>
  <game>
    <path>/recalbox/share/zip/zmachine/DEADLINE.DAT</path>
    <name>DEADLINE</name>
    <image>/recalbox/share/thumbs2/Infocom/Z-Machine/DEADLINE.png</image>
    <video>/recalbox/share/videos/Infocom/Z-Machine/DEADLINE.mp4</video>
  </game>
  <game>
    <path>/recalbox/share/zip/zmachine/DOCK</path>
    <name>DOCK</name>
    <image>/recalbox/share/thumbs2/Infocom/Z-Machine/DOCK.png</image>
    <video>/recalbox/share/videos/Infocom/Z-Machine/DOCK.mp4</video>
  </game>
  <game>
    <path>/recalbox/share/zip/zmachine/Deadline_INV.txt</path>
    <name>Deadline_INV</name>
    <image>/recalbox/share/thumbs2/Infocom/Z-Machine/Deadline_INV.png</image>
    <video>/recalbox/share/videos/Infocom/Z-Machine/Deadline_INV.mp4</video>
  </game>
  <game>
    <path>/recalbox/share/zip/zmachine/Deadline_RM.txt</path>
    <name>Deadline_RM</name>
    <image>/recalbox/share/thumbs2/Infocom/Z-Machine/Deadline_RM.png</image>
    <video>/recalbox/share/videos/Infocom/Z-Machine/Deadline_RM.mp4</video>
  </game>
  <game>
    <path>/recalbox/share/zip/zmachine/Deadline_WT.txt</path>
    <name>Deadline_WT</name>
    <image>/recalbox/share/thumbs2/Infocom/Z-Machine/Deadline_WT.png</image>
    <video>/recalbox/share/videos/Infocom/Z-Machine/Deadline_WT.mp4</video>
  </game>
  <game>
    <path>/recalbox/share/zip/zmachine/ENCHANTE.DAT</path>
    <name>ENCHANTE</name>
    <image>/recalbox/share/thumbs2/Infocom/Z-Machine/ENCHANTE.png</image>
    <video>/recalbox/share/videos/Infocom/Z-Machine/ENCHANTE.mp4</video>
  </game>
  <game>
    <path>/recalbox/share/zip/zmachine/ENCHANTR.z3</path>
    <name>ENCHANTR</name>
    <image>/recalbox/share/thumbs2/Infocom/Z-Machine/ENCHANTR.png</image>
    <video>/recalbox/share/videos/Infocom/Z-Machine/ENCHANTR.mp4</video>
  </game>
  <game>
    <path>/recalbox/share/zip/zmachine/Enchanter_INV.txt</path>
    <name>Enchanter_INV</name>
    <image>/recalbox/share/thumbs2/Infocom/Z-Machine/Enchanter_INV.png</image>
    <video>/recalbox/share/videos/Infocom/Z-Machine/Enchanter_INV.mp4</video>
  </game>
  <game>
    <path>/recalbox/share/zip/zmachine/Enchanter_RM.txt</path>
    <name>Enchanter_RM</name>
    <image>/recalbox/share/thumbs2/Infocom/Z-Machine/Enchanter_RM.png</image>
    <video>/recalbox/share/videos/Infocom/Z-Machine/Enchanter_RM.mp4</video>
  </game>
  <game>
    <path>/recalbox/share/zip/zmachine/Enchanter_WT.txt</path>
    <name>Enchanter_WT</name>
    <image>/recalbox/share/thumbs2/Infocom/Z-Machine/Enchanter_WT.png</image>
    <video>/recalbox/share/videos/Infocom/Z-Machine/Enchanter_WT.mp4</video>
  </game>
  <game>
    <path>/recalbox/share/zip/zmachine/FLY</path>
    <name>FLY</name>
    <image>/recalbox/share/thumbs2/Infocom/Z-Machine/FLY.png</image>
    <video>/recalbox/share/videos/Infocom/Z-Machine/FLY.mp4</video>
  </game>
  <game>
    <path>/recalbox/share/zip/zmachine/GORILLA</path>
    <name>GORILLA</name>
    <image>/recalbox/share/thumbs2/Infocom/Z-Machine/GORILLA.png</image>
    <video>/recalbox/share/videos/Infocom/Z-Machine/GORILLA.mp4</video>
  </game>
  <game>
    <path>/recalbox/share/zip/zmachine/HH.z3</path>
    <name>HH</name>
    <image>/recalbox/share/thumbs2/Infocom/Z-Machine/HH.png</image>
    <video>/recalbox/share/videos/Infocom/Z-Machine/HH.mp4</video>
  </game>
  <game>
    <path>/recalbox/share/zip/zmachine/HHG.z3</path>
    <name>HHG</name>
    <image>/recalbox/share/thumbs2/Infocom/Z-Machine/HHG.png</image>
    <video>/recalbox/share/videos/Infocom/Z-Machine/HHG.mp4</video>
  </game>
  <game>
    <path>/recalbox/share/zip/zmachine/HHGG_INV.txt</path>
    <name>HHGG_INV</name>
    <image>/recalbox/share/thumbs2/Infocom/Z-Machine/HHGG_INV.png</image>
    <video>/recalbox/share/videos/Infocom/Z-Machine/HHGG_INV.mp4</video>
  </game>
  <game>
    <path>/recalbox/share/zip/zmachine/HHGTTG_RM.txt</path>
    <name>HHGTTG_RM</name>
    <image>/recalbox/share/thumbs2/Infocom/Z-Machine/HHGTTG_RM.png</image>
    <video>/recalbox/share/videos/Infocom/Z-Machine/HHGTTG_RM.mp4</video>
  </game>
  <game>
    <path>/recalbox/share/zip/zmachine/HHGTTG_WT.txt</path>
    <name>HHGTTG_WT</name>
    <image>/recalbox/share/thumbs2/Infocom/Z-Machine/HHGTTG_WT.png</image>
    <video>/recalbox/share/videos/Infocom/Z-Machine/HHGTTG_WT.mp4</video>
  </game>
  <game>
    <path>/recalbox/share/zip/zmachine/HIJINX.DAT</path>
    <name>HIJINX</name>
    <image>/recalbox/share/thumbs2/Infocom/Z-Machine/HIJINX.png</image>
    <video>/recalbox/share/videos/Infocom/Z-Machine/HIJINX.mp4</video>
  </game>
  <game>
    <path>/recalbox/share/zip/zmachine/HITCHHIK.DAT</path>
    <name>HITCHHIK</name>
    <image>/recalbox/share/thumbs2/Infocom/Z-Machine/HITCHHIK.png</image>
    <video>/recalbox/share/videos/Infocom/Z-Machine/HITCHHIK.mp4</video>
  </game>
  <game>
    <path>/recalbox/share/zip/zmachine/HITCHHIK_0.DAT</path>
    <name>HITCHHIK_0</name>
    <image>/recalbox/share/thumbs2/Infocom/Z-Machine/HITCHHIK_0.png</image>
    <video>/recalbox/share/videos/Infocom/Z-Machine/HITCHHIK_0.mp4</video>
  </game>
  <game>
    <path>/recalbox/share/zip/zmachine/HOLLYWOO.DAT</path>
    <name>HOLLYWOO</name>
    <image>/recalbox/share/thumbs2/Infocom/Z-Machine/HOLLYWOO.png</image>
    <video>/recalbox/share/videos/Infocom/Z-Machine/HOLLYWOO.mp4</video>
  </game>
  <game>
    <path>/recalbox/share/zip/zmachine/Hibernated 1 Director&apos;s Cut r10 (2021-12-27)(Puddle Soft).z3</path>
    <name>Hibernated 1 Director<name>Hibernated 1 Director&apos;s Cut r10 (2021-12-27)(Puddle Soft)</name>apos;s Cut r10 (2021-12-27)(Puddle Soft)</name>
    <image>/recalbox/share/thumbs2/Infocom/Z-Machine/Hibernated 1 Director&apos;s Cut r10 (2021-12-27)(Puddle Soft).png</image>
    <video>/recalbox/share/videos/Infocom/Z-Machine/Hibernated 1 Director&apos;s Cut r10 (2021-12-27)(Puddle Soft).mp4</video>
  </game>
  <game>
    <path>/recalbox/share/zip/zmachine/Hibernated 1 Director&apos;s Cut r9 (2021-06-27)(Vogt, Stefan).z3</path>
    <name>Hibernated 1 Director<name>Hibernated 1 Director&apos;s Cut r9 (2021-06-27)(Vogt, Stefan)</name>apos;s Cut r9 (2021-06-27)(Vogt, Stefan)</name>
    <image>/recalbox/share/thumbs2/Infocom/Z-Machine/Hibernated 1 Director&apos;s Cut r9 (2021-06-27)(Vogt, Stefan).png</image>
    <video>/recalbox/share/videos/Infocom/Z-Machine/Hibernated 1 Director&apos;s Cut r9 (2021-06-27)(Vogt, Stefan).mp4</video>
  </game>
  <game>
    <path>/recalbox/share/zip/zmachine/HollywoodHijinx_INV.txt</path>
    <name>HollywoodHijinx_INV</name>
    <image>/recalbox/share/thumbs2/Infocom/Z-Machine/HollywoodHijinx_INV.png</image>
    <video>/recalbox/share/videos/Infocom/Z-Machine/HollywoodHijinx_INV.mp4</video>
  </game>
  <game>
    <path>/recalbox/share/zip/zmachine/HollywoodHijinx_RM.txt</path>
    <name>HollywoodHijinx_RM</name>
    <image>/recalbox/share/thumbs2/Infocom/Z-Machine/HollywoodHijinx_RM.png</image>
    <video>/recalbox/share/videos/Infocom/Z-Machine/HollywoodHijinx_RM.mp4</video>
  </game>
  <game>
    <path>/recalbox/share/zip/zmachine/HollywoodHijinx_WT.txt</path>
    <name>HollywoodHijinx_WT</name>
    <image>/recalbox/share/thumbs2/Infocom/Z-Machine/HollywoodHijinx_WT.png</image>
    <video>/recalbox/share/videos/Infocom/Z-Machine/HollywoodHijinx_WT.mp4</video>
  </game>
  <game>
    <path>/recalbox/share/zip/zmachine/INFIDEL.DAT</path>
    <name>INFIDEL</name>
    <image>/recalbox/share/thumbs2/Infocom/Z-Machine/INFIDEL.png</image>
    <video>/recalbox/share/videos/Infocom/Z-Machine/INFIDEL.mp4</video>
  </game>
  <game>
    <path>/recalbox/share/zip/zmachine/Infidel_INV.txt</path>
    <name>Infidel_INV</name>
    <image>/recalbox/share/thumbs2/Infocom/Z-Machine/Infidel_INV.png</image>
    <video>/recalbox/share/videos/Infocom/Z-Machine/Infidel_INV.mp4</video>
  </game>
  <game>
    <path>/recalbox/share/zip/zmachine/Infidel_RM.txt</path>
    <name>Infidel_RM</name>
    <image>/recalbox/share/thumbs2/Infocom/Z-Machine/Infidel_RM.png</image>
    <video>/recalbox/share/videos/Infocom/Z-Machine/Infidel_RM.mp4</video>
  </game>
  <game>
    <path>/recalbox/share/zip/zmachine/Infidel_WT.txt</path>
    <name>Infidel_WT</name>
    <image>/recalbox/share/thumbs2/Infocom/Z-Machine/Infidel_WT.png</image>
    <video>/recalbox/share/videos/Infocom/Z-Machine/Infidel_WT.mp4</video>
  </game>
  <game>
    <path>/recalbox/share/zip/zmachine/JOURNEY.CG1</path>
    <name>JOURNEY</name>
    <image>/recalbox/share/thumbs2/Infocom/Z-Machine/JOURNEY.png</image>
    <video>/recalbox/share/videos/Infocom/Z-Machine/JOURNEY.mp4</video>
  </game>
  <game>
    <path>/recalbox/share/zip/zmachine/Journey.z6</path>
    <name>Journey</name>
    <image>/recalbox/share/thumbs2/Infocom/Z-Machine/Journey.png</image>
    <video>/recalbox/share/videos/Infocom/Z-Machine/Journey.mp4</video>
  </game>
  <game>
    <path>/recalbox/share/zip/zmachine/Journey_RM.txt</path>
    <name>Journey_RM</name>
    <image>/recalbox/share/thumbs2/Infocom/Z-Machine/Journey_RM.png</image>
    <video>/recalbox/share/videos/Infocom/Z-Machine/Journey_RM.mp4</video>
  </game>
  <game>
    <path>/recalbox/share/zip/zmachine/Journey_WT.txt</path>
    <name>Journey_WT</name>
    <image>/recalbox/share/thumbs2/Infocom/Z-Machine/Journey_WT.png</image>
    <video>/recalbox/share/videos/Infocom/Z-Machine/Journey_WT.mp4</video>
  </game>
  <game>
    <path>/recalbox/share/zip/zmachine/LEATHER.DAT</path>
    <name>LEATHER</name>
    <image>/recalbox/share/thumbs2/Infocom/Z-Machine/LEATHER.png</image>
    <video>/recalbox/share/videos/Infocom/Z-Machine/LEATHER.mp4</video>
  </game>
  <game>
    <path>/recalbox/share/zip/zmachine/LEATHER_0.DAT</path>
    <name>LEATHER_0</name>
    <image>/recalbox/share/thumbs2/Infocom/Z-Machine/LEATHER_0.png</image>
    <video>/recalbox/share/videos/Infocom/Z-Machine/LEATHER_0.mp4</video>
  </game>
  <game>
    <path>/recalbox/share/zip/zmachine/LGOP.z3</path>
    <name>LGOP</name>
    <image>/recalbox/share/thumbs2/Infocom/Z-Machine/LGOP.png</image>
    <video>/recalbox/share/videos/Infocom/Z-Machine/LGOP.mp4</video>
  </game>
  <game>
    <path>/recalbox/share/zip/zmachine/LGOP_0.z3</path>
    <name>LGOP_0</name>
    <image>/recalbox/share/thumbs2/Infocom/Z-Machine/LGOP_0.png</image>
    <video>/recalbox/share/videos/Infocom/Z-Machine/LGOP_0.mp4</video>
  </game>
  <game>
    <path>/recalbox/share/zip/zmachine/LGOP_INV.txt</path>
    <name>LGOP_INV</name>
    <image>/recalbox/share/thumbs2/Infocom/Z-Machine/LGOP_INV.png</image>
    <video>/recalbox/share/videos/Infocom/Z-Machine/LGOP_INV.mp4</video>
  </game>
  <game>
    <path>/recalbox/share/zip/zmachine/LURKING.CNV</path>
    <name>LURKING</name>
    <image>/recalbox/share/thumbs2/Infocom/Z-Machine/LURKING.png</image>
    <video>/recalbox/share/videos/Infocom/Z-Machine/LURKING.mp4</video>
  </game>
  <game>
    <path>/recalbox/share/zip/zmachine/LURKING_0.DAT</path>
    <name>LURKING_0</name>
    <image>/recalbox/share/thumbs2/Infocom/Z-Machine/LURKING_0.png</image>
    <video>/recalbox/share/videos/Infocom/Z-Machine/LURKING_0.mp4</video>
  </game>
  <game>
    <path>/recalbox/share/zip/zmachine/LeatherGoddessesOfPhobos_RM.txt</path>
    <name>LeatherGoddessesOfPhobos_RM</name>
    <image>/recalbox/share/thumbs2/Infocom/Z-Machine/LeatherGoddessesOfPhobos_RM.png</image>
    <video>/recalbox/share/videos/Infocom/Z-Machine/LeatherGoddessesOfPhobos_RM.mp4</video>
  </game>
  <game>
    <path>/recalbox/share/zip/zmachine/LeatherGoddessesOfPhobos_WT.txt</path>
    <name>LeatherGoddessesOfPhobos_WT</name>
    <image>/recalbox/share/thumbs2/Infocom/Z-Machine/LeatherGoddessesOfPhobos_WT.png</image>
    <video>/recalbox/share/videos/Infocom/Z-Machine/LeatherGoddessesOfPhobos_WT.mp4</video>
  </game>
  <game>
    <path>/recalbox/share/zip/zmachine/Lurking.z3</path>
    <name>Lurking</name>
    <image>/recalbox/share/thumbs2/Infocom/Z-Machine/Lurking.png</image>
    <video>/recalbox/share/videos/Infocom/Z-Machine/Lurking.mp4</video>
  </game>
  <game>
    <path>/recalbox/share/zip/zmachine/LurkingHorror_INV.txt</path>
    <name>LurkingHorror_INV</name>
    <image>/recalbox/share/thumbs2/Infocom/Z-Machine/LurkingHorror_INV.png</image>
    <video>/recalbox/share/videos/Infocom/Z-Machine/LurkingHorror_INV.mp4</video>
  </game>
  <game>
    <path>/recalbox/share/zip/zmachine/LurkingHorror_RM.txt</path>
    <name>LurkingHorror_RM</name>
    <image>/recalbox/share/thumbs2/Infocom/Z-Machine/LurkingHorror_RM.png</image>
    <video>/recalbox/share/videos/Infocom/Z-Machine/LurkingHorror_RM.mp4</video>
  </game>
  <game>
    <path>/recalbox/share/zip/zmachine/LurkingHorror_WT.txt</path>
    <name>LurkingHorror_WT</name>
    <image>/recalbox/share/thumbs2/Infocom/Z-Machine/LurkingHorror_WT.png</image>
    <video>/recalbox/share/videos/Infocom/Z-Machine/LurkingHorror_WT.mp4</video>
  </game>
  <game>
    <path>/recalbox/share/zip/zmachine/MOONMIST.DAT</path>
    <name>MOONMIST</name>
    <image>/recalbox/share/thumbs2/Infocom/Z-Machine/MOONMIST.png</image>
    <video>/recalbox/share/videos/Infocom/Z-Machine/MOONMIST.mp4</video>
  </game>
  <game>
    <path>/recalbox/share/zip/zmachine/Moonmist_INV.txt</path>
    <name>Moonmist_INV</name>
    <image>/recalbox/share/thumbs2/Infocom/Z-Machine/Moonmist_INV.png</image>
    <video>/recalbox/share/videos/Infocom/Z-Machine/Moonmist_INV.mp4</video>
  </game>
  <game>
    <path>/recalbox/share/zip/zmachine/Moonmist_RM.txt</path>
    <name>Moonmist_RM</name>
    <image>/recalbox/share/thumbs2/Infocom/Z-Machine/Moonmist_RM.png</image>
    <video>/recalbox/share/videos/Infocom/Z-Machine/Moonmist_RM.mp4</video>
  </game>
  <game>
    <path>/recalbox/share/zip/zmachine/Moonmist_WT.txt</path>
    <name>Moonmist_WT</name>
    <image>/recalbox/share/thumbs2/Infocom/Z-Machine/Moonmist_WT.png</image>
    <video>/recalbox/share/videos/Infocom/Z-Machine/Moonmist_WT.mp4</video>
  </game>
  <game>
    <path>/recalbox/share/zip/zmachine/NORD.z4</path>
    <name>NORD</name>
    <image>/recalbox/share/thumbs2/Infocom/Z-Machine/NORD.png</image>
    <video>/recalbox/share/videos/Infocom/Z-Machine/NORD.mp4</video>
  </game>
  <game>
    <path>/recalbox/share/zip/zmachine/NORDANDB.z4</path>
    <name>NORDANDB</name>
    <image>/recalbox/share/thumbs2/Infocom/Z-Machine/NORDANDB.png</image>
    <video>/recalbox/share/videos/Infocom/Z-Machine/NORDANDB.mp4</video>
  </game>
  <game>
    <path>/recalbox/share/zip/zmachine/NordAndBert_RM.txt</path>
    <name>NordAndBert_RM</name>
    <image>/recalbox/share/thumbs2/Infocom/Z-Machine/NordAndBert_RM.png</image>
    <video>/recalbox/share/videos/Infocom/Z-Machine/NordAndBert_RM.mp4</video>
  </game>
  <game>
    <path>/recalbox/share/zip/zmachine/PFAL.z3</path>
    <name>PFAL</name>
    <image>/recalbox/share/thumbs2/Infocom/Z-Machine/PFAL.png</image>
    <video>/recalbox/share/videos/Infocom/Z-Machine/PFAL.mp4</video>
  </game>
  <game>
    <path>/recalbox/share/zip/zmachine/PH.z3</path>
    <name>PH</name>
    <image>/recalbox/share/thumbs2/Infocom/Z-Machine/PH.png</image>
    <video>/recalbox/share/videos/Infocom/Z-Machine/PH.mp4</video>
  </game>
  <game>
    <path>/recalbox/share/zip/zmachine/PLANETFA.z3</path>
    <name>PLANETFA</name>
    <image>/recalbox/share/thumbs2/Infocom/Z-Machine/PLANETFA.png</image>
    <video>/recalbox/share/videos/Infocom/Z-Machine/PLANETFA.mp4</video>
  </game>
  <game>
    <path>/recalbox/share/zip/zmachine/PLANFALL.z3</path>
    <name>PLANFALL</name>
    <image>/recalbox/share/thumbs2/Infocom/Z-Machine/PLANFALL.png</image>
    <video>/recalbox/share/videos/Infocom/Z-Machine/PLANFALL.mp4</video>
  </game>
  <game>
    <path>/recalbox/share/zip/zmachine/PLUNDERE.DAT</path>
    <name>PLUNDERE</name>
    <image>/recalbox/share/thumbs2/Infocom/Z-Machine/PLUNDERE.png</image>
    <video>/recalbox/share/videos/Infocom/Z-Machine/PLUNDERE.mp4</video>
  </game>
  <game>
    <path>/recalbox/share/zip/zmachine/Planetfa.dat</path>
    <name>Planetfa</name>
    <image>/recalbox/share/thumbs2/Infocom/Z-Machine/Planetfa.png</image>
    <video>/recalbox/share/videos/Infocom/Z-Machine/Planetfa.mp4</video>
  </game>
  <game>
    <path>/recalbox/share/zip/zmachine/Planetfall_INV.txt</path>
    <name>Planetfall_INV</name>
    <image>/recalbox/share/thumbs2/Infocom/Z-Machine/Planetfall_INV.png</image>
    <video>/recalbox/share/videos/Infocom/Z-Machine/Planetfall_INV.mp4</video>
  </game>
  <game>
    <path>/recalbox/share/zip/zmachine/Planetfall_RM.txt</path>
    <name>Planetfall_RM</name>
    <image>/recalbox/share/thumbs2/Infocom/Z-Machine/Planetfall_RM.png</image>
    <video>/recalbox/share/videos/Infocom/Z-Machine/Planetfall_RM.mp4</video>
  </game>
  <game>
    <path>/recalbox/share/zip/zmachine/Planetfall_WT.txt</path>
    <name>Planetfall_WT</name>
    <image>/recalbox/share/thumbs2/Infocom/Z-Machine/Planetfall_WT.png</image>
    <video>/recalbox/share/videos/Infocom/Z-Machine/Planetfall_WT.mp4</video>
  </game>
  <game>
    <path>/recalbox/share/zip/zmachine/PlunderedHearts_INV.txt</path>
    <name>PlunderedHearts_INV</name>
    <image>/recalbox/share/thumbs2/Infocom/Z-Machine/PlunderedHearts_INV.png</image>
    <video>/recalbox/share/videos/Infocom/Z-Machine/PlunderedHearts_INV.mp4</video>
  </game>
  <game>
    <path>/recalbox/share/zip/zmachine/PlunderedHearts_RM.txt</path>
    <name>PlunderedHearts_RM</name>
    <image>/recalbox/share/thumbs2/Infocom/Z-Machine/PlunderedHearts_RM.png</image>
    <video>/recalbox/share/videos/Infocom/Z-Machine/PlunderedHearts_RM.mp4</video>
  </game>
  <game>
    <path>/recalbox/share/zip/zmachine/PlunderedHearts_WT.txt</path>
    <name>PlunderedHearts_WT</name>
    <image>/recalbox/share/thumbs2/Infocom/Z-Machine/PlunderedHearts_WT.png</image>
    <video>/recalbox/share/videos/Infocom/Z-Machine/PlunderedHearts_WT.mp4</video>
  </game>
  <game>
    <path>/recalbox/share/zip/zmachine/SALESMAN</path>
    <name>SALESMAN</name>
    <image>/recalbox/share/thumbs2/Infocom/Z-Machine/SALESMAN.png</image>
    <video>/recalbox/share/videos/Infocom/Z-Machine/SALESMAN.mp4</video>
  </game>
  <game>
    <path>/recalbox/share/zip/zmachine/SAMPLER1.z3</path>
    <name>SAMPLER1</name>
    <image>/recalbox/share/thumbs2/Infocom/Z-Machine/SAMPLER1.png</image>
    <video>/recalbox/share/videos/Infocom/Z-Machine/SAMPLER1.mp4</video>
  </game>
  <game>
    <path>/recalbox/share/zip/zmachine/SAMPLER2.z3</path>
    <name>SAMPLER2</name>
    <image>/recalbox/share/thumbs2/Infocom/Z-Machine/SAMPLER2.png</image>
    <video>/recalbox/share/videos/Infocom/Z-Machine/SAMPLER2.mp4</video>
  </game>
  <game>
    <path>/recalbox/share/zip/zmachine/SAMPR26.z3</path>
    <name>SAMPR26</name>
    <image>/recalbox/share/thumbs2/Infocom/Z-Machine/SAMPR26.png</image>
    <video>/recalbox/share/videos/Infocom/Z-Machine/SAMPR26.mp4</video>
  </game>
  <game>
    <path>/recalbox/share/zip/zmachine/SAMPR53.z3</path>
    <name>SAMPR53</name>
    <image>/recalbox/share/thumbs2/Infocom/Z-Machine/SAMPR53.png</image>
    <video>/recalbox/share/videos/Infocom/Z-Machine/SAMPR53.mp4</video>
  </game>
  <game>
    <path>/recalbox/share/zip/zmachine/SEAS.z3</path>
    <name>SEAS</name>
    <image>/recalbox/share/thumbs2/Infocom/Z-Machine/SEAS.png</image>
    <video>/recalbox/share/videos/Infocom/Z-Machine/SEAS.mp4</video>
  </game>
  <game>
    <path>/recalbox/share/zip/zmachine/SEASTALK.DAT</path>
    <name>SEASTALK</name>
    <image>/recalbox/share/thumbs2/Infocom/Z-Machine/SEASTALK.png</image>
    <video>/recalbox/share/videos/Infocom/Z-Machine/SEASTALK.mp4</video>
  </game>
  <game>
    <path>/recalbox/share/zip/zmachine/SGOLD-HH.z5</path>
    <name>SGOLD-HH</name>
    <image>/recalbox/share/thumbs2/Infocom/Z-Machine/SGOLD-HH.png</image>
    <video>/recalbox/share/videos/Infocom/Z-Machine/SGOLD-HH.mp4</video>
  </game>
  <game>
    <path>/recalbox/share/zip/zmachine/SGOLD-L.z5</path>
    <name>SGOLD-L</name>
    <image>/recalbox/share/thumbs2/Infocom/Z-Machine/SGOLD-L.png</image>
    <video>/recalbox/share/videos/Infocom/Z-Machine/SGOLD-L.mp4</video>
  </game>
  <game>
    <path>/recalbox/share/zip/zmachine/SGOLD-P.z5</path>
    <name>SGOLD-P</name>
    <image>/recalbox/share/thumbs2/Infocom/Z-Machine/SGOLD-P.png</image>
    <video>/recalbox/share/videos/Infocom/Z-Machine/SGOLD-P.mp4</video>
  </game>
  <game>
    <path>/recalbox/share/zip/zmachine/SGOLD-W.z5</path>
    <name>SGOLD-W</name>
    <image>/recalbox/share/thumbs2/Infocom/Z-Machine/SGOLD-W.png</image>
    <video>/recalbox/share/videos/Infocom/Z-Machine/SGOLD-W.mp4</video>
  </game>
  <game>
    <path>/recalbox/share/zip/zmachine/SGOLD-Z.z5</path>
    <name>SGOLD-Z</name>
    <image>/recalbox/share/thumbs2/Infocom/Z-Machine/SGOLD-Z.png</image>
    <video>/recalbox/share/videos/Infocom/Z-Machine/SGOLD-Z.mp4</video>
  </game>
  <game>
    <path>/recalbox/share/zip/zmachine/SHER.z5</path>
    <name>SHER</name>
    <image>/recalbox/share/thumbs2/Infocom/Z-Machine/SHER.png</image>
    <video>/recalbox/share/videos/Infocom/Z-Machine/SHER.mp4</video>
  </game>
  <game>
    <path>/recalbox/share/zip/zmachine/SHERLOCK.CNV</path>
    <name>SHERLOCK</name>
    <image>/recalbox/share/thumbs2/Infocom/Z-Machine/SHERLOCK.png</image>
    <video>/recalbox/share/videos/Infocom/Z-Machine/SHERLOCK.mp4</video>
  </game>
  <game>
    <path>/recalbox/share/zip/zmachine/SHOGUN.CG1</path>
    <name>SHOGUN</name>
    <image>/recalbox/share/thumbs2/Infocom/Z-Machine/SHOGUN.png</image>
    <video>/recalbox/share/videos/Infocom/Z-Machine/SHOGUN.mp4</video>
  </game>
  <game>
    <path>/recalbox/share/zip/zmachine/SORCERER.DAT</path>
    <name>SORCERER</name>
    <image>/recalbox/share/thumbs2/Infocom/Z-Machine/SORCERER.png</image>
    <video>/recalbox/share/videos/Infocom/Z-Machine/SORCERER.mp4</video>
  </game>
  <game>
    <path>/recalbox/share/zip/zmachine/SORCERER_0.DAT</path>
    <name>SORCERER_0</name>
    <image>/recalbox/share/thumbs2/Infocom/Z-Machine/SORCERER_0.png</image>
    <video>/recalbox/share/videos/Infocom/Z-Machine/SORCERER_0.mp4</video>
  </game>
  <game>
    <path>/recalbox/share/zip/zmachine/SPACESHI</path>
    <name>SPACESHI</name>
    <image>/recalbox/share/thumbs2/Infocom/Z-Machine/SPACESHI.png</image>
    <video>/recalbox/share/videos/Infocom/Z-Machine/SPACESHI.mp4</video>
  </game>
  <game>
    <path>/recalbox/share/zip/zmachine/SPELLBRE.DAT</path>
    <name>SPELLBRE</name>
    <image>/recalbox/share/thumbs2/Infocom/Z-Machine/SPELLBRE.png</image>
    <video>/recalbox/share/videos/Infocom/Z-Machine/SPELLBRE.mp4</video>
  </game>
  <game>
    <path>/recalbox/share/zip/zmachine/STARCROS.DAT</path>
    <name>STARCROS</name>
    <image>/recalbox/share/thumbs2/Infocom/Z-Machine/STARCROS.png</image>
    <video>/recalbox/share/videos/Infocom/Z-Machine/STARCROS.mp4</video>
  </game>
  <game>
    <path>/recalbox/share/zip/zmachine/SUSPECT.DAT</path>
    <name>SUSPECT</name>
    <image>/recalbox/share/thumbs2/Infocom/Z-Machine/SUSPECT.png</image>
    <video>/recalbox/share/videos/Infocom/Z-Machine/SUSPECT.mp4</video>
  </game>
  <game>
    <path>/recalbox/share/zip/zmachine/SUSPEND.z3</path>
    <name>SUSPEND</name>
    <image>/recalbox/share/thumbs2/Infocom/Z-Machine/SUSPEND.png</image>
    <video>/recalbox/share/videos/Infocom/Z-Machine/SUSPEND.mp4</video>
  </game>
  <game>
    <path>/recalbox/share/zip/zmachine/SUZPEND.z3</path>
    <name>SUZPEND</name>
    <image>/recalbox/share/thumbs2/Infocom/Z-Machine/SUZPEND.png</image>
    <video>/recalbox/share/videos/Infocom/Z-Machine/SUZPEND.mp4</video>
  </game>
  <game>
    <path>/recalbox/share/zip/zmachine/Seastalk_.z3</path>
    <name>Seastalk_</name>
    <image>/recalbox/share/thumbs2/Infocom/Z-Machine/Seastalk_.png</image>
    <video>/recalbox/share/videos/Infocom/Z-Machine/Seastalk_.mp4</video>
  </game>
  <game>
    <path>/recalbox/share/zip/zmachine/Seastalker_INV.txt</path>
    <name>Seastalker_INV</name>
    <image>/recalbox/share/thumbs2/Infocom/Z-Machine/Seastalker_INV.png</image>
    <video>/recalbox/share/videos/Infocom/Z-Machine/Seastalker_INV.mp4</video>
  </game>
  <game>
    <path>/recalbox/share/zip/zmachine/Seastalker_RM.txt</path>
    <name>Seastalker_RM</name>
    <image>/recalbox/share/thumbs2/Infocom/Z-Machine/Seastalker_RM.png</image>
    <video>/recalbox/share/videos/Infocom/Z-Machine/Seastalker_RM.mp4</video>
  </game>
  <game>
    <path>/recalbox/share/zip/zmachine/Seastalker_WT.txt</path>
    <name>Seastalker_WT</name>
    <image>/recalbox/share/thumbs2/Infocom/Z-Machine/Seastalker_WT.png</image>
    <video>/recalbox/share/videos/Infocom/Z-Machine/Seastalker_WT.mp4</video>
  </game>
  <game>
    <path>/recalbox/share/zip/zmachine/Sherlock_RM.txt</path>
    <name>Sherlock_RM</name>
    <image>/recalbox/share/thumbs2/Infocom/Z-Machine/Sherlock_RM.png</image>
    <video>/recalbox/share/videos/Infocom/Z-Machine/Sherlock_RM.mp4</video>
  </game>
  <game>
    <path>/recalbox/share/zip/zmachine/Sherlock_WT.txt</path>
    <name>Sherlock_WT</name>
    <image>/recalbox/share/thumbs2/Infocom/Z-Machine/Sherlock_WT.png</image>
    <video>/recalbox/share/videos/Infocom/Z-Machine/Sherlock_WT.mp4</video>
  </game>
  <game>
    <path>/recalbox/share/zip/zmachine/Shogun.z6</path>
    <name>Shogun</name>
    <image>/recalbox/share/thumbs2/Infocom/Z-Machine/Shogun.png</image>
    <video>/recalbox/share/videos/Infocom/Z-Machine/Shogun.mp4</video>
  </game>
  <game>
    <path>/recalbox/share/zip/zmachine/Shogun_RM.txt</path>
    <name>Shogun_RM</name>
    <image>/recalbox/share/thumbs2/Infocom/Z-Machine/Shogun_RM.png</image>
    <video>/recalbox/share/videos/Infocom/Z-Machine/Shogun_RM.mp4</video>
  </game>
  <game>
    <path>/recalbox/share/zip/zmachine/Shogun_WT.txt</path>
    <name>Shogun_WT</name>
    <image>/recalbox/share/thumbs2/Infocom/Z-Machine/Shogun_WT.png</image>
    <video>/recalbox/share/videos/Infocom/Z-Machine/Shogun_WT.mp4</video>
  </game>
  <game>
    <path>/recalbox/share/zip/zmachine/Sorcerer_INV.txt</path>
    <name>Sorcerer_INV</name>
    <image>/recalbox/share/thumbs2/Infocom/Z-Machine/Sorcerer_INV.png</image>
    <video>/recalbox/share/videos/Infocom/Z-Machine/Sorcerer_INV.mp4</video>
  </game>
  <game>
    <path>/recalbox/share/zip/zmachine/Sorcerer_RM.txt</path>
    <name>Sorcerer_RM</name>
    <image>/recalbox/share/thumbs2/Infocom/Z-Machine/Sorcerer_RM.png</image>
    <video>/recalbox/share/videos/Infocom/Z-Machine/Sorcerer_RM.mp4</video>
  </game>
  <game>
    <path>/recalbox/share/zip/zmachine/Sorcerer_WT.txt</path>
    <name>Sorcerer_WT</name>
    <image>/recalbox/share/thumbs2/Infocom/Z-Machine/Sorcerer_WT.png</image>
    <video>/recalbox/share/videos/Infocom/Z-Machine/Sorcerer_WT.mp4</video>
  </game>
  <game>
    <path>/recalbox/share/zip/zmachine/SpellBreaker_INV.txt</path>
    <name>SpellBreaker_INV</name>
    <image>/recalbox/share/thumbs2/Infocom/Z-Machine/SpellBreaker_INV.png</image>
    <video>/recalbox/share/videos/Infocom/Z-Machine/SpellBreaker_INV.mp4</video>
  </game>
  <game>
    <path>/recalbox/share/zip/zmachine/SpellBreaker_RM.txt</path>
    <name>SpellBreaker_RM</name>
    <image>/recalbox/share/thumbs2/Infocom/Z-Machine/SpellBreaker_RM.png</image>
    <video>/recalbox/share/videos/Infocom/Z-Machine/SpellBreaker_RM.mp4</video>
  </game>
  <game>
    <path>/recalbox/share/zip/zmachine/SpellBreaker_WT.txt</path>
    <name>SpellBreaker_WT</name>
    <image>/recalbox/share/thumbs2/Infocom/Z-Machine/SpellBreaker_WT.png</image>
    <video>/recalbox/share/videos/Infocom/Z-Machine/SpellBreaker_WT.mp4</video>
  </game>
  <game>
    <path>/recalbox/share/zip/zmachine/Starcros_0.dat</path>
    <name>Starcros_0</name>
    <image>/recalbox/share/thumbs2/Infocom/Z-Machine/Starcros_0.png</image>
    <video>/recalbox/share/videos/Infocom/Z-Machine/Starcros_0.mp4</video>
  </game>
  <game>
    <path>/recalbox/share/zip/zmachine/Starcross_INV.txt</path>
    <name>Starcross_INV</name>
    <image>/recalbox/share/thumbs2/Infocom/Z-Machine/Starcross_INV.png</image>
    <video>/recalbox/share/videos/Infocom/Z-Machine/Starcross_INV.mp4</video>
  </game>
  <game>
    <path>/recalbox/share/zip/zmachine/Starcross_RM.txt</path>
    <name>Starcross_RM</name>
    <image>/recalbox/share/thumbs2/Infocom/Z-Machine/Starcross_RM.png</image>
    <video>/recalbox/share/videos/Infocom/Z-Machine/Starcross_RM.mp4</video>
  </game>
  <game>
    <path>/recalbox/share/zip/zmachine/Starcross_WT.txt</path>
    <name>Starcross_WT</name>
    <image>/recalbox/share/thumbs2/Infocom/Z-Machine/Starcross_WT.png</image>
    <video>/recalbox/share/videos/Infocom/Z-Machine/Starcross_WT.mp4</video>
  </game>
  <game>
    <path>/recalbox/share/zip/zmachine/Stationf.dat</path>
    <name>Stationf</name>
    <image>/recalbox/share/thumbs2/Infocom/Z-Machine/Stationf.png</image>
    <video>/recalbox/share/videos/Infocom/Z-Machine/Stationf.mp4</video>
  </game>
  <game>
    <path>/recalbox/share/zip/zmachine/Stationfall_INV.txt</path>
    <name>Stationfall_INV</name>
    <image>/recalbox/share/thumbs2/Infocom/Z-Machine/Stationfall_INV.png</image>
    <video>/recalbox/share/videos/Infocom/Z-Machine/Stationfall_INV.mp4</video>
  </game>
  <game>
    <path>/recalbox/share/zip/zmachine/Stationfall_RM.txt</path>
    <name>Stationfall_RM</name>
    <image>/recalbox/share/thumbs2/Infocom/Z-Machine/Stationfall_RM.png</image>
    <video>/recalbox/share/videos/Infocom/Z-Machine/Stationfall_RM.mp4</video>
  </game>
  <game>
    <path>/recalbox/share/zip/zmachine/Stationfall_WT.txt</path>
    <name>Stationfall_WT</name>
    <image>/recalbox/share/thumbs2/Infocom/Z-Machine/Stationfall_WT.png</image>
    <video>/recalbox/share/videos/Infocom/Z-Machine/Stationfall_WT.mp4</video>
  </game>
  <game>
    <path>/recalbox/share/zip/zmachine/Suspect_INV.txt</path>
    <name>Suspect_INV</name>
    <image>/recalbox/share/thumbs2/Infocom/Z-Machine/Suspect_INV.png</image>
    <video>/recalbox/share/videos/Infocom/Z-Machine/Suspect_INV.mp4</video>
  </game>
  <game>
    <path>/recalbox/share/zip/zmachine/Suspect_RM.txt</path>
    <name>Suspect_RM</name>
    <image>/recalbox/share/thumbs2/Infocom/Z-Machine/Suspect_RM.png</image>
    <video>/recalbox/share/videos/Infocom/Z-Machine/Suspect_RM.mp4</video>
  </game>
  <game>
    <path>/recalbox/share/zip/zmachine/Suspect_WT.txt</path>
    <name>Suspect_WT</name>
    <image>/recalbox/share/thumbs2/Infocom/Z-Machine/Suspect_WT.png</image>
    <video>/recalbox/share/videos/Infocom/Z-Machine/Suspect_WT.mp4</video>
  </game>
  <game>
    <path>/recalbox/share/zip/zmachine/Suspend.dat</path>
    <name>Suspend</name>
    <image>/recalbox/share/thumbs2/Infocom/Z-Machine/Suspend.png</image>
    <video>/recalbox/share/videos/Infocom/Z-Machine/Suspend.mp4</video>
  </game>
  <game>
    <path>/recalbox/share/zip/zmachine/Suspended.z3</path>
    <name>Suspended</name>
    <image>/recalbox/share/thumbs2/Infocom/Z-Machine/Suspended.png</image>
    <video>/recalbox/share/videos/Infocom/Z-Machine/Suspended.mp4</video>
  </game>
  <game>
    <path>/recalbox/share/zip/zmachine/Suspended_INV.txt</path>
    <name>Suspended_INV</name>
    <image>/recalbox/share/thumbs2/Infocom/Z-Machine/Suspended_INV.png</image>
    <video>/recalbox/share/videos/Infocom/Z-Machine/Suspended_INV.mp4</video>
  </game>
  <game>
    <path>/recalbox/share/zip/zmachine/Suspended_RM.txt</path>
    <name>Suspended_RM</name>
    <image>/recalbox/share/thumbs2/Infocom/Z-Machine/Suspended_RM.png</image>
    <video>/recalbox/share/videos/Infocom/Z-Machine/Suspended_RM.mp4</video>
  </game>
  <game>
    <path>/recalbox/share/zip/zmachine/Suspended_WT.txt</path>
    <name>Suspended_WT</name>
    <image>/recalbox/share/thumbs2/Infocom/Z-Machine/Suspended_WT.png</image>
    <video>/recalbox/share/videos/Infocom/Z-Machine/Suspended_WT.mp4</video>
  </game>
  <game>
    <path>/recalbox/share/zip/zmachine/TRINITY.DAT</path>
    <name>TRINITY</name>
    <image>/recalbox/share/thumbs2/Infocom/Z-Machine/TRINITY.png</image>
    <video>/recalbox/share/videos/Infocom/Z-Machine/TRINITY.mp4</video>
  </game>
  <game>
    <path>/recalbox/share/zip/zmachine/Trinity_0.z4</path>
    <name>Trinity_0</name>
    <image>/recalbox/share/thumbs2/Infocom/Z-Machine/Trinity_0.png</image>
    <video>/recalbox/share/videos/Infocom/Z-Machine/Trinity_0.mp4</video>
  </game>
  <game>
    <path>/recalbox/share/zip/zmachine/Trinity_INV.txt</path>
    <name>Trinity_INV</name>
    <image>/recalbox/share/thumbs2/Infocom/Z-Machine/Trinity_INV.png</image>
    <video>/recalbox/share/videos/Infocom/Z-Machine/Trinity_INV.mp4</video>
  </game>
  <game>
    <path>/recalbox/share/zip/zmachine/Trinity_WT.txt</path>
    <name>Trinity_WT</name>
    <image>/recalbox/share/thumbs2/Infocom/Z-Machine/Trinity_WT.png</image>
    <video>/recalbox/share/videos/Infocom/Z-Machine/Trinity_WT.mp4</video>
  </game>
  <game>
    <path>/recalbox/share/zip/zmachine/Tristam Island r3 (demo-playable) (2021-12-20)(Labrande, Hugo)(FR)(en).z3</path>
    <name>Tristam Island r3 (demo-playable) (2021-12-20)(Labrande, Hugo)(FR)(en)</name>
    <image>/recalbox/share/thumbs2/Infocom/Z-Machine/Tristam Island r3 (demo-playable) (2021-12-20)(Labrande, Hugo)(FR)(en).png</image>
    <video>/recalbox/share/videos/Infocom/Z-Machine/Tristam Island r3 (demo-playable) (2021-12-20)(Labrande, Hugo)(FR)(en).mp4</video>
  </game>
  <game>
    <path>/recalbox/share/zip/zmachine/Tristam Island r4 (demo-playable) (2022-01-08)(Labrande, Hugo)(FR)(en).z3</path>
    <name>Tristam Island r4 (demo-playable) (2022-01-08)(Labrande, Hugo)(FR)(en)</name>
    <image>/recalbox/share/thumbs2/Infocom/Z-Machine/Tristam Island r4 (demo-playable) (2022-01-08)(Labrande, Hugo)(FR)(en).png</image>
    <video>/recalbox/share/videos/Infocom/Z-Machine/Tristam Island r4 (demo-playable) (2022-01-08)(Labrande, Hugo)(FR)(en).mp4</video>
  </game>
  <game>
    <path>/recalbox/share/zip/zmachine/WISHB.z3</path>
    <name>WISHB</name>
    <image>/recalbox/share/thumbs2/Infocom/Z-Machine/WISHB.png</image>
    <video>/recalbox/share/videos/Infocom/Z-Machine/WISHB.mp4</video>
  </game>
  <game>
    <path>/recalbox/share/zip/zmachine/WISHBRIN.DAT</path>
    <name>WISHBRIN</name>
    <image>/recalbox/share/thumbs2/Infocom/Z-Machine/WISHBRIN.png</image>
    <video>/recalbox/share/videos/Infocom/Z-Machine/WISHBRIN.mp4</video>
  </game>
  <game>
    <path>/recalbox/share/zip/zmachine/WITNESS.DAT</path>
    <name>WITNESS</name>
    <image>/recalbox/share/thumbs2/Infocom/Z-Machine/WITNESS.png</image>
    <video>/recalbox/share/videos/Infocom/Z-Machine/WITNESS.mp4</video>
  </game>
  <game>
    <path>/recalbox/share/zip/zmachine/Wishbringer_INV.txt</path>
    <name>Wishbringer_INV</name>
    <image>/recalbox/share/thumbs2/Infocom/Z-Machine/Wishbringer_INV.png</image>
    <video>/recalbox/share/videos/Infocom/Z-Machine/Wishbringer_INV.mp4</video>
  </game>
  <game>
    <path>/recalbox/share/zip/zmachine/Wishbringer_RM.txt</path>
    <name>Wishbringer_RM</name>
    <image>/recalbox/share/thumbs2/Infocom/Z-Machine/Wishbringer_RM.png</image>
    <video>/recalbox/share/videos/Infocom/Z-Machine/Wishbringer_RM.mp4</video>
  </game>
  <game>
    <path>/recalbox/share/zip/zmachine/Wishbringer_WT.txt</path>
    <name>Wishbringer_WT</name>
    <image>/recalbox/share/thumbs2/Infocom/Z-Machine/Wishbringer_WT.png</image>
    <video>/recalbox/share/videos/Infocom/Z-Machine/Wishbringer_WT.mp4</video>
  </game>
  <game>
    <path>/recalbox/share/zip/zmachine/Witness_INV.txt</path>
    <name>Witness_INV</name>
    <image>/recalbox/share/thumbs2/Infocom/Z-Machine/Witness_INV.png</image>
    <video>/recalbox/share/videos/Infocom/Z-Machine/Witness_INV.mp4</video>
  </game>
  <game>
    <path>/recalbox/share/zip/zmachine/Witness_RM.txt</path>
    <name>Witness_RM</name>
    <image>/recalbox/share/thumbs2/Infocom/Z-Machine/Witness_RM.png</image>
    <video>/recalbox/share/videos/Infocom/Z-Machine/Witness_RM.mp4</video>
  </game>
  <game>
    <path>/recalbox/share/zip/zmachine/Witness_WT.txt</path>
    <name>Witness_WT</name>
    <image>/recalbox/share/thumbs2/Infocom/Z-Machine/Witness_WT.png</image>
    <video>/recalbox/share/videos/Infocom/Z-Machine/Witness_WT.mp4</video>
  </game>
  <game>
    <path>/recalbox/share/zip/zmachine/Z2.DAT</path>
    <name>Z2</name>
    <image>/recalbox/share/thumbs2/Infocom/Z-Machine/Z2.png</image>
    <video>/recalbox/share/videos/Infocom/Z-Machine/Z2.mp4</video>
  </game>
  <game>
    <path>/recalbox/share/zip/zmachine/ZORK0.CG1</path>
    <name>ZORK0</name>
    <image>/recalbox/share/thumbs2/Infocom/Z-Machine/ZORK0.png</image>
    <video>/recalbox/share/videos/Infocom/Z-Machine/ZORK0.mp4</video>
  </game>
  <game>
    <path>/recalbox/share/zip/zmachine/ZORK1.DAT</path>
    <name>ZORK1</name>
    <image>/recalbox/share/thumbs2/Infocom/Z-Machine/ZORK1.png</image>
    <video>/recalbox/share/videos/Infocom/Z-Machine/ZORK1.mp4</video>
  </game>
  <game>
    <path>/recalbox/share/zip/zmachine/ZORK1_.z3</path>
    <name>ZORK1_</name>
    <image>/recalbox/share/thumbs2/Infocom/Z-Machine/ZORK1_.png</image>
    <video>/recalbox/share/videos/Infocom/Z-Machine/ZORK1_.mp4</video>
  </game>
  <game>
    <path>/recalbox/share/zip/zmachine/ZORK1_0.DAT</path>
    <name>ZORK1_0</name>
    <image>/recalbox/share/thumbs2/Infocom/Z-Machine/ZORK1_0.png</image>
    <video>/recalbox/share/videos/Infocom/Z-Machine/ZORK1_0.mp4</video>
  </game>
  <game>
    <path>/recalbox/share/zip/zmachine/ZORK2_.z3</path>
    <name>ZORK2_</name>
    <image>/recalbox/share/thumbs2/Infocom/Z-Machine/ZORK2_.png</image>
    <video>/recalbox/share/videos/Infocom/Z-Machine/ZORK2_.mp4</video>
  </game>
  <game>
    <path>/recalbox/share/zip/zmachine/ZORK3.z3</path>
    <name>ZORK3</name>
    <image>/recalbox/share/thumbs2/Infocom/Z-Machine/ZORK3.png</image>
    <video>/recalbox/share/videos/Infocom/Z-Machine/ZORK3.mp4</video>
  </game>
  <game>
    <path>/recalbox/share/zip/zmachine/ZORK3_.z3</path>
    <name>ZORK3_</name>
    <image>/recalbox/share/thumbs2/Infocom/Z-Machine/ZORK3_.png</image>
    <video>/recalbox/share/videos/Infocom/Z-Machine/ZORK3_.mp4</video>
  </game>
  <game>
    <path>/recalbox/share/zip/zmachine/ZORKIII.z3</path>
    <name>ZORKIII</name>
    <image>/recalbox/share/thumbs2/Infocom/Z-Machine/ZORKIII.png</image>
    <video>/recalbox/share/videos/Infocom/Z-Machine/ZORKIII.mp4</video>
  </game>
  <game>
    <path>/recalbox/share/zip/zmachine/ZTUU.z5</path>
    <name>ZTUU</name>
    <image>/recalbox/share/thumbs2/Infocom/Z-Machine/ZTUU.png</image>
    <video>/recalbox/share/videos/Infocom/Z-Machine/ZTUU.mp4</video>
  </game>
  <game>
    <path>/recalbox/share/zip/zmachine/ZTUU_0.z5</path>
    <name>ZTUU_0</name>
    <image>/recalbox/share/thumbs2/Infocom/Z-Machine/ZTUU_0.png</image>
    <video>/recalbox/share/videos/Infocom/Z-Machine/ZTUU_0.mp4</video>
  </game>
  <game>
    <path>/recalbox/share/zip/zmachine/Zork0.dat</path>
    <name>Zork0</name>
    <image>/recalbox/share/thumbs2/Infocom/Z-Machine/Zork0.png</image>
    <video>/recalbox/share/videos/Infocom/Z-Machine/Zork0.mp4</video>
  </game>
  <game>
    <path>/recalbox/share/zip/zmachine/Zork0_RM.txt</path>
    <name>Zork0_RM</name>
    <image>/recalbox/share/thumbs2/Infocom/Z-Machine/Zork0_RM.png</image>
    <video>/recalbox/share/videos/Infocom/Z-Machine/Zork0_RM.mp4</video>
  </game>
  <game>
    <path>/recalbox/share/zip/zmachine/Zork0_WT.txt</path>
    <name>Zork0_WT</name>
    <image>/recalbox/share/thumbs2/Infocom/Z-Machine/Zork0_WT.png</image>
    <video>/recalbox/share/videos/Infocom/Z-Machine/Zork0_WT.mp4</video>
  </game>
  <game>
    <path>/recalbox/share/zip/zmachine/Zork1_1.dat</path>
    <name>Zork1_1</name>
    <image>/recalbox/share/thumbs2/Infocom/Z-Machine/Zork1_1.png</image>
    <video>/recalbox/share/videos/Infocom/Z-Machine/Zork1_1.mp4</video>
  </game>
  <game>
    <path>/recalbox/share/zip/zmachine/Zork1_INV.txt</path>
    <name>Zork1_INV</name>
    <image>/recalbox/share/thumbs2/Infocom/Z-Machine/Zork1_INV.png</image>
    <video>/recalbox/share/videos/Infocom/Z-Machine/Zork1_INV.mp4</video>
  </game>
  <game>
    <path>/recalbox/share/zip/zmachine/Zork1_RM.txt</path>
    <name>Zork1_RM</name>
    <image>/recalbox/share/thumbs2/Infocom/Z-Machine/Zork1_RM.png</image>
    <video>/recalbox/share/videos/Infocom/Z-Machine/Zork1_RM.mp4</video>
  </game>
  <game>
    <path>/recalbox/share/zip/zmachine/Zork1_WT.txt</path>
    <name>Zork1_WT</name>
    <image>/recalbox/share/thumbs2/Infocom/Z-Machine/Zork1_WT.png</image>
    <video>/recalbox/share/videos/Infocom/Z-Machine/Zork1_WT.mp4</video>
  </game>
  <game>
    <path>/recalbox/share/zip/zmachine/Zork2.dat</path>
    <name>Zork2</name>
    <image>/recalbox/share/thumbs2/Infocom/Z-Machine/Zork2.png</image>
    <video>/recalbox/share/videos/Infocom/Z-Machine/Zork2.mp4</video>
  </game>
  <game>
    <path>/recalbox/share/zip/zmachine/Zork2_INV.txt</path>
    <name>Zork2_INV</name>
    <image>/recalbox/share/thumbs2/Infocom/Z-Machine/Zork2_INV.png</image>
    <video>/recalbox/share/videos/Infocom/Z-Machine/Zork2_INV.mp4</video>
  </game>
  <game>
    <path>/recalbox/share/zip/zmachine/Zork2_RM.txt</path>
    <name>Zork2_RM</name>
    <image>/recalbox/share/thumbs2/Infocom/Z-Machine/Zork2_RM.png</image>
    <video>/recalbox/share/videos/Infocom/Z-Machine/Zork2_RM.mp4</video>
  </game>
  <game>
    <path>/recalbox/share/zip/zmachine/Zork2_WT.txt</path>
    <name>Zork2_WT</name>
    <image>/recalbox/share/thumbs2/Infocom/Z-Machine/Zork2_WT.png</image>
    <video>/recalbox/share/videos/Infocom/Z-Machine/Zork2_WT.mp4</video>
  </game>
  <game>
    <path>/recalbox/share/zip/zmachine/Zork3_0.z3</path>
    <name>Zork3_0</name>
    <image>/recalbox/share/thumbs2/Infocom/Z-Machine/Zork3_0.png</image>
    <video>/recalbox/share/videos/Infocom/Z-Machine/Zork3_0.mp4</video>
  </game>
  <game>
    <path>/recalbox/share/zip/zmachine/ZorkTUU_Map.gif</path>
    <name>ZorkTUU_Map</name>
    <image>/recalbox/share/thumbs2/Infocom/Z-Machine/ZorkTUU_Map.png</image>
    <video>/recalbox/share/videos/Infocom/Z-Machine/ZorkTUU_Map.mp4</video>
  </game>
  <game>
    <path>/recalbox/share/zip/zmachine/ZorkTUU_RM.txt</path>
    <name>ZorkTUU_RM</name>
    <image>/recalbox/share/thumbs2/Infocom/Z-Machine/ZorkTUU_RM.png</image>
    <video>/recalbox/share/videos/Infocom/Z-Machine/ZorkTUU_RM.mp4</video>
  </game>
  <game>
    <path>/recalbox/share/zip/zmachine/amfv_INV.txt</path>
    <name>amfv_INV</name>
    <image>/recalbox/share/thumbs2/Infocom/Z-Machine/amfv_INV.png</image>
    <video>/recalbox/share/videos/Infocom/Z-Machine/amfv_INV.mp4</video>
  </game>
  <game>
    <path>/recalbox/share/zip/zmachine/arthur.z6</path>
    <name>arthur</name>
    <image>/recalbox/share/thumbs2/Infocom/Z-Machine/arthur.png</image>
    <video>/recalbox/share/videos/Infocom/Z-Machine/arthur.mp4</video>
  </game>
  <game>
    <path>/recalbox/share/zip/zmachine/arthur_63.z6</path>
    <name>arthur_63</name>
    <image>/recalbox/share/thumbs2/Infocom/Z-Machine/arthur_63.png</image>
    <video>/recalbox/share/videos/Infocom/Z-Machine/arthur_63.mp4</video>
  </game>
  <game>
    <path>/recalbox/share/zip/zmachine/beyondzo.mg1</path>
    <name>beyondzo</name>
    <image>/recalbox/share/thumbs2/Infocom/Z-Machine/beyondzo.png</image>
    <video>/recalbox/share/videos/Infocom/Z-Machine/beyondzo.mp4</video>
  </game>
  <game>
    <path>/recalbox/share/zip/zmachine/beyondzo_51.z5</path>
    <name>beyondzo_51</name>
    <image>/recalbox/share/thumbs2/Infocom/Z-Machine/beyondzo_51.png</image>
    <video>/recalbox/share/videos/Infocom/Z-Machine/beyondzo_51.mp4</video>
  </game>
  <game>
    <path>/recalbox/share/zip/zmachine/beyzork.fon</path>
    <name>beyzork</name>
    <image>/recalbox/share/thumbs2/Infocom/Z-Machine/beyzork.png</image>
    <video>/recalbox/share/videos/Infocom/Z-Machine/beyzork.mp4</video>
  </game>
  <game>
    <path>/recalbox/share/zip/zmachine/bzork.z5</path>
    <name>bzork</name>
    <image>/recalbox/share/thumbs2/Infocom/Z-Machine/bzork.png</image>
    <video>/recalbox/share/videos/Infocom/Z-Machine/bzork.mp4</video>
  </game>
  <game>
    <path>/recalbox/share/zip/zmachine/cutthroa.dat</path>
    <name>cutthroa</name>
    <image>/recalbox/share/thumbs2/Infocom/Z-Machine/cutthroa.png</image>
    <video>/recalbox/share/videos/Infocom/Z-Machine/cutthroa.mp4</video>
  </game>
  <game>
    <path>/recalbox/share/zip/zmachine/deadline_0.z3</path>
    <name>deadline_0</name>
    <image>/recalbox/share/thumbs2/Infocom/Z-Machine/deadline_0.png</image>
    <video>/recalbox/share/videos/Infocom/Z-Machine/deadline_0.mp4</video>
  </game>
  <game>
    <path>/recalbox/share/zip/zmachine/ench.z3</path>
    <name>ench</name>
    <image>/recalbox/share/thumbs2/Infocom/Z-Machine/ench.png</image>
    <video>/recalbox/share/videos/Infocom/Z-Machine/ench.mp4</video>
  </game>
  <game>
    <path>/recalbox/share/zip/zmachine/ench_24.z3</path>
    <name>ench_24</name>
    <image>/recalbox/share/thumbs2/Infocom/Z-Machine/ench_24.png</image>
    <video>/recalbox/share/videos/Infocom/Z-Machine/ench_24.mp4</video>
  </game>
  <game>
    <path>/recalbox/share/zip/zmachine/enchant.z3</path>
    <name>enchant</name>
    <image>/recalbox/share/thumbs2/Infocom/Z-Machine/enchant.png</image>
    <video>/recalbox/share/videos/Infocom/Z-Machine/enchant.mp4</video>
  </game>
  <game>
    <path>/recalbox/share/zip/zmachine/enchante.z3</path>
    <name>enchante</name>
    <image>/recalbox/share/thumbs2/Infocom/Z-Machine/enchante.png</image>
    <video>/recalbox/share/videos/Infocom/Z-Machine/enchante.mp4</video>
  </game>
  <game>
    <path>/recalbox/share/zip/zmachine/enchante_15h.z3</path>
    <name>enchante_15h</name>
    <image>/recalbox/share/thumbs2/Infocom/Z-Machine/enchante_15h.png</image>
    <video>/recalbox/share/videos/Infocom/Z-Machine/enchante_15h.mp4</video>
  </game>
  <game>
    <path>/recalbox/share/zip/zmachine/hhg_0.z3</path>
    <name>hhg_0</name>
    <image>/recalbox/share/thumbs2/Infocom/Z-Machine/hhg_0.png</image>
    <video>/recalbox/share/videos/Infocom/Z-Machine/hhg_0.mp4</video>
  </game>
  <game>
    <path>/recalbox/share/zip/zmachine/hhgg.z3</path>
    <name>hhgg</name>
    <image>/recalbox/share/thumbs2/Infocom/Z-Machine/hhgg.png</image>
    <video>/recalbox/share/videos/Infocom/Z-Machine/hhgg.mp4</video>
  </game>
  <game>
    <path>/recalbox/share/zip/zmachine/hhgttg.z3</path>
    <name>hhgttg</name>
    <image>/recalbox/share/thumbs2/Infocom/Z-Machine/hhgttg.png</image>
    <video>/recalbox/share/videos/Infocom/Z-Machine/hhgttg.mp4</video>
  </game>
  <game>
    <path>/recalbox/share/zip/zmachine/hhgttg_42h.z3</path>
    <name>hhgttg_42h</name>
    <image>/recalbox/share/thumbs2/Infocom/Z-Machine/hhgttg_42h.png</image>
    <video>/recalbox/share/videos/Infocom/Z-Machine/hhgttg_42h.mp4</video>
  </game>
  <game>
    <path>/recalbox/share/zip/zmachine/hhgttg_59.z3</path>
    <name>hhgttg_59</name>
    <image>/recalbox/share/thumbs2/Infocom/Z-Machine/hhgttg_59.png</image>
    <video>/recalbox/share/videos/Infocom/Z-Machine/hhgttg_59.mp4</video>
  </game>
  <game>
    <path>/recalbox/share/zip/zmachine/hollywoo_235.z3</path>
    <name>hollywoo_235</name>
    <image>/recalbox/share/thumbs2/Infocom/Z-Machine/hollywoo_235.png</image>
    <video>/recalbox/share/videos/Infocom/Z-Machine/hollywoo_235.mp4</video>
  </game>
  <game>
    <path>/recalbox/share/zip/zmachine/infidel_.z3</path>
    <name>infidel_</name>
    <image>/recalbox/share/thumbs2/Infocom/Z-Machine/infidel_.png</image>
    <video>/recalbox/share/videos/Infocom/Z-Machine/infidel_.mp4</video>
  </game>
  <game>
    <path>/recalbox/share/zip/zmachine/journey_26.z6</path>
    <name>journey_26</name>
    <image>/recalbox/share/thumbs2/Infocom/Z-Machine/journey_26.png</image>
    <video>/recalbox/share/videos/Infocom/Z-Machine/journey_26.mp4</video>
  </game>
  <game>
    <path>/recalbox/share/zip/zmachine/journey_77.z6</path>
    <name>journey_77</name>
    <image>/recalbox/share/thumbs2/Infocom/Z-Machine/journey_77.png</image>
    <video>/recalbox/share/videos/Infocom/Z-Machine/journey_77.mp4</video>
  </game>
  <game>
    <path>/recalbox/share/zip/zmachine/lgop_160.z3</path>
    <name>lgop_160</name>
    <image>/recalbox/share/thumbs2/Infocom/Z-Machine/lgop_160.png</image>
    <video>/recalbox/share/videos/Infocom/Z-Machine/lgop_160.mp4</video>
  </game>
  <game>
    <path>/recalbox/share/zip/zmachine/lgop_50.z3</path>
    <name>lgop_50</name>
    <image>/recalbox/share/thumbs2/Infocom/Z-Machine/lgop_50.png</image>
    <video>/recalbox/share/videos/Infocom/Z-Machine/lgop_50.mp4</video>
  </game>
  <game>
    <path>/recalbox/share/zip/zmachine/minizork.z3</path>
    <name>minizork</name>
    <image>/recalbox/share/thumbs2/Infocom/Z-Machine/minizork.png</image>
    <video>/recalbox/share/videos/Infocom/Z-Machine/minizork.mp4</video>
  </game>
  <game>
    <path>/recalbox/share/zip/zmachine/mm.z3</path>
    <name>mm</name>
    <image>/recalbox/share/thumbs2/Infocom/Z-Machine/mm.png</image>
    <video>/recalbox/share/videos/Infocom/Z-Machine/mm.mp4</video>
  </game>
  <game>
    <path>/recalbox/share/zip/zmachine/planetfa_0.z3</path>
    <name>planetfa_0</name>
    <image>/recalbox/share/thumbs2/Infocom/Z-Machine/planetfa_0.png</image>
    <video>/recalbox/share/videos/Infocom/Z-Machine/planetfa_0.mp4</video>
  </game>
  <game>
    <path>/recalbox/share/zip/zmachine/planetfa_10.z5</path>
    <name>planetfa_10</name>
    <image>/recalbox/share/thumbs2/Infocom/Z-Machine/planetfa_10.png</image>
    <video>/recalbox/share/videos/Infocom/Z-Machine/planetfa_10.mp4</video>
  </game>
  <game>
    <path>/recalbox/share/zip/zmachine/readme.txt</path>
    <name>readme</name>
    <image>/recalbox/share/thumbs2/Infocom/Z-Machine/readme.png</image>
    <video>/recalbox/share/videos/Infocom/Z-Machine/readme.mp4</video>
  </game>
  <game>
    <path>/recalbox/share/zip/zmachine/seastalk_15b.z3</path>
    <name>seastalk_15b</name>
    <image>/recalbox/share/thumbs2/Infocom/Z-Machine/seastalk_15b.png</image>
    <video>/recalbox/share/videos/Infocom/Z-Machine/seastalk_15b.mp4</video>
  </game>
  <game>
    <path>/recalbox/share/zip/zmachine/shogun_292.z6</path>
    <name>shogun_292</name>
    <image>/recalbox/share/thumbs2/Infocom/Z-Machine/shogun_292.png</image>
    <video>/recalbox/share/videos/Infocom/Z-Machine/shogun_292.mp4</video>
  </game>
  <game>
    <path>/recalbox/share/zip/zmachine/shogun_311.z6</path>
    <name>shogun_311</name>
    <image>/recalbox/share/thumbs2/Infocom/Z-Machine/shogun_311.png</image>
    <video>/recalbox/share/videos/Infocom/Z-Machine/shogun_311.mp4</video>
  </game>
  <game>
    <path>/recalbox/share/zip/zmachine/sorcerer_18.z3</path>
    <name>sorcerer_18</name>
    <image>/recalbox/share/thumbs2/Infocom/Z-Machine/sorcerer_18.png</image>
    <video>/recalbox/share/videos/Infocom/Z-Machine/sorcerer_18.mp4</video>
  </game>
  <game>
    <path>/recalbox/share/zip/zmachine/sorcerer_6.z3</path>
    <name>sorcerer_6</name>
    <image>/recalbox/share/thumbs2/Infocom/Z-Machine/sorcerer_6.png</image>
    <video>/recalbox/share/videos/Infocom/Z-Machine/sorcerer_6.mp4</video>
  </game>
  <game>
    <path>/recalbox/share/zip/zmachine/spelbrkr.z3</path>
    <name>spelbrkr</name>
    <image>/recalbox/share/thumbs2/Infocom/Z-Machine/spelbrkr.png</image>
    <video>/recalbox/share/videos/Infocom/Z-Machine/spelbrkr.mp4</video>
  </game>
  <game>
    <path>/recalbox/share/zip/zmachine/spellbr.z3</path>
    <name>spellbr</name>
    <image>/recalbox/share/thumbs2/Infocom/Z-Machine/spellbr.png</image>
    <video>/recalbox/share/videos/Infocom/Z-Machine/spellbr.mp4</video>
  </game>
  <game>
    <path>/recalbox/share/zip/zmachine/starcros.z3</path>
    <name>starcros</name>
    <image>/recalbox/share/thumbs2/Infocom/Z-Machine/starcros.png</image>
    <video>/recalbox/share/videos/Infocom/Z-Machine/starcros.mp4</video>
  </game>
  <game>
    <path>/recalbox/share/zip/zmachine/trinity_14.z4</path>
    <name>trinity_14</name>
    <image>/recalbox/share/thumbs2/Infocom/Z-Machine/trinity_14.png</image>
    <video>/recalbox/share/videos/Infocom/Z-Machine/trinity_14.mp4</video>
  </game>
  <game>
    <path>/recalbox/share/zip/zmachine/witness_0.z3</path>
    <name>witness_0</name>
    <image>/recalbox/share/thumbs2/Infocom/Z-Machine/witness_0.png</image>
    <video>/recalbox/share/videos/Infocom/Z-Machine/witness_0.mp4</video>
  </game>
  <game>
    <path>/recalbox/share/zip/zmachine/witness_20.z3</path>
    <name>witness_20</name>
    <image>/recalbox/share/thumbs2/Infocom/Z-Machine/witness_20.png</image>
    <video>/recalbox/share/videos/Infocom/Z-Machine/witness_20.mp4</video>
  </game>
  <game>
    <path>/recalbox/share/zip/zmachine/witness_21.z3</path>
    <name>witness_21</name>
    <image>/recalbox/share/thumbs2/Infocom/Z-Machine/witness_21.png</image>
    <video>/recalbox/share/videos/Infocom/Z-Machine/witness_21.mp4</video>
  </game>
  <game>
    <path>/recalbox/share/zip/zmachine/zork-1.z3</path>
    <name>zork-1</name>
    <image>/recalbox/share/thumbs2/Infocom/Z-Machine/zork-1.png</image>
    <video>/recalbox/share/videos/Infocom/Z-Machine/zork-1.mp4</video>
  </game>
  <game>
    <path>/recalbox/share/zip/zmachine/zork.dat</path>
    <name>zork</name>
    <image>/recalbox/share/thumbs2/Infocom/Z-Machine/zork.png</image>
    <video>/recalbox/share/videos/Infocom/Z-Machine/zork.mp4</video>
  </game>
  <game>
    <path>/recalbox/share/zip/zmachine/zork0.mg1</path>
    <name>zork0</name>
    <image>/recalbox/share/thumbs2/Infocom/Z-Machine/zork0.png</image>
    <video>/recalbox/share/videos/Infocom/Z-Machine/zork0.mp4</video>
  </game>
  <game>
    <path>/recalbox/share/zip/zmachine/zork0_296.z6</path>
    <name>zork0_296</name>
    <image>/recalbox/share/thumbs2/Infocom/Z-Machine/zork0_296.png</image>
    <video>/recalbox/share/videos/Infocom/Z-Machine/zork0_296.mp4</video>
  </game>
  <game>
    <path>/recalbox/share/zip/zmachine/zork0_366d.z6</path>
    <name>zork0_366d</name>
    <image>/recalbox/share/thumbs2/Infocom/Z-Machine/zork0_366d.png</image>
    <video>/recalbox/share/videos/Infocom/Z-Machine/zork0_366d.mp4</video>
  </game>
  <game>
    <path>/recalbox/share/zip/zmachine/zork0_393d.z6</path>
    <name>zork0_393d</name>
    <image>/recalbox/share/thumbs2/Infocom/Z-Machine/zork0_393d.png</image>
    <video>/recalbox/share/videos/Infocom/Z-Machine/zork0_393d.mp4</video>
  </game>
  <game>
    <path>/recalbox/share/zip/zmachine/zork1.z3</path>
    <name>zork1</name>
    <image>/recalbox/share/thumbs2/Infocom/Z-Machine/zork1.png</image>
    <video>/recalbox/share/videos/Infocom/Z-Machine/zork1.mp4</video>
  </game>
  <game>
    <path>/recalbox/share/zip/zmachine/zork1_28.z3</path>
    <name>zork1_28</name>
    <image>/recalbox/share/thumbs2/Infocom/Z-Machine/zork1_28.png</image>
    <video>/recalbox/share/videos/Infocom/Z-Machine/zork1_28.mp4</video>
  </game>
  <game>
    <path>/recalbox/share/zip/zmachine/zork1_3Ger.z5</path>
    <name>zork1_3Ger</name>
    <image>/recalbox/share/thumbs2/Infocom/Z-Machine/zork1_3Ger.png</image>
    <video>/recalbox/share/videos/Infocom/Z-Machine/zork1_3Ger.mp4</video>
  </game>
  <game>
    <path>/recalbox/share/zip/zmachine/zork1_76.z3</path>
    <name>zork1_76</name>
    <image>/recalbox/share/thumbs2/Infocom/Z-Machine/zork1_76.png</image>
    <video>/recalbox/share/videos/Infocom/Z-Machine/zork1_76.mp4</video>
  </game>
  <game>
    <path>/recalbox/share/zip/zmachine/zork2.z3</path>
    <name>zork2</name>
    <image>/recalbox/share/thumbs2/Infocom/Z-Machine/zork2.png</image>
    <video>/recalbox/share/videos/Infocom/Z-Machine/zork2.mp4</video>
  </game>
  <game>
    <path>/recalbox/share/zip/zmachine/zork3_12.z3</path>
    <name>zork3_12</name>
    <image>/recalbox/share/thumbs2/Infocom/Z-Machine/zork3_12.png</image>
    <video>/recalbox/share/videos/Infocom/Z-Machine/zork3_12.mp4</video>
  </game>
  <game>
    <path>/recalbox/share/zip/zmachine/zork3_15b.z3</path>
    <name>zork3_15b</name>
    <image>/recalbox/share/thumbs2/Infocom/Z-Machine/zork3_15b.png</image>
    <video>/recalbox/share/videos/Infocom/Z-Machine/zork3_15b.mp4</video>
  </game>
  <game>
    <path>/recalbox/share/zip/zmachine/zork_19.z3</path>
    <name>zork_19</name>
    <image>/recalbox/share/thumbs2/Infocom/Z-Machine/zork_19.png</image>
    <video>/recalbox/share/videos/Infocom/Z-Machine/zork_19.mp4</video>
  </game>
  <game>
    <path>/recalbox/share/zip/zmachine/zork_22.z3</path>
    <name>zork_22</name>
    <image>/recalbox/share/thumbs2/Infocom/Z-Machine/zork_22.png</image>
    <video>/recalbox/share/videos/Infocom/Z-Machine/zork_22.mp4</video>
  </game>
  <game>
    <path>/recalbox/share/zip/zmachine/zorkii.dat</path>
    <name>zorkii</name>
    <image>/recalbox/share/thumbs2/Infocom/Z-Machine/zorkii.png</image>
    <video>/recalbox/share/videos/Infocom/Z-Machine/zorkii.mp4</video>
  </game>
  <game>
    <path>/recalbox/share/zip/zmachine/zorkzero.txt</path>
    <name>zorkzero</name>
    <image>/recalbox/share/thumbs2/Infocom/Z-Machine/zorkzero.png</image>
    <video>/recalbox/share/videos/Infocom/Z-Machine/zorkzero.mp4</video>
  </game>
  <game>
    <path>/recalbox/share/zip/zmachine/zz.z6</path>
    <name>zz</name>
    <image>/recalbox/share/thumbs2/Infocom/Z-Machine/zz.png</image>
    <video>/recalbox/share/videos/Infocom/Z-Machine/zz.mp4</video>
  </game>
  <game>
    <path>/recalbox/share/zip/zmachine/île Tristam, L&apos; (demo-playable) (2021-12-20)(Labrande, Hugo)(FR).z3</path>
    <name>île Tristam, L&apos; (demo-playable) (2021-12-20)(Labrande, Hugo)(FR)</name>
    <image>/recalbox/share/thumbs2/Infocom/Z-Machine/île Tristam, L&apos; (demo-playable) (2021-12-20)(Labrande, Hugo)(FR).png</image>
    <video>/recalbox/share/videos/Infocom/Z-Machine/île Tristam, L&apos; (demo-playable) (2021-12-20)(Labrande, Hugo)(FR).mp4</video>
  </game>
  <game>
    <path>/recalbox/share/zip/zmachine/île Tristam, L&apos; (demo-playable) (2021-12-20)(Labrande, Hugo)(FR)[sans accents].z3</path>
    <name>île Tristam, L&apos; (demo-playable) (2021-12-20)(Labrande, Hugo)(FR)[sans accents]</name>
    <image>/recalbox/share/thumbs2/Infocom/Z-Machine/île Tristam, L&apos; (demo-playable) (2021-12-20)(Labrande, Hugo)(FR)[sans accents].png</image>
    <video>/recalbox/share/videos/Infocom/Z-Machine/île Tristam, L&apos; (demo-playable) (2021-12-20)(Labrande, Hugo)(FR)[sans accents].mp4</video>
  </game>
</gamelist>
