<gamelist>
  <game>
    <path>/recalbox/share/rom/No-Intro/Benesse - Pocket Challenge V2/Challenge Eiwa Jiten (Japan).zip</path>
    <name>Challenge Eiwa Jiten (Japan)</name>
    <image>/recalbox/share/thumbs22/Benesse - Pocket Challenge V2/Named_Titles/Challenge Eiwa Jiten (Japan).png</image>
    <video>/recalbox/share/videos/No-Intro/Benesse - Pocket Challenge V2/Challenge Eiwa Jiten (Japan).mp4</video>
  </game>
  <game>
    <path>/recalbox/share/rom/No-Intro/Benesse - Pocket Challenge V2/Chuu 1 Ei Suu Koku Pack (Japan).zip</path>
    <name>Chuu 1 Ei Suu Koku Pack (Japan)</name>
    <image>/recalbox/share/thumbs2/Benesse - Pocket Challenge V2/Named_Titles/Chuu 1 Ei Suu Koku Pack (Japan).png</image>
    <video>/recalbox/share/videos/No-Intro/Benesse - Pocket Challenge V2/Chuu 1 Ei Suu Koku Pack (Japan).mp4</video>
  </game>
  <game>
    <path>/recalbox/share/rom/No-Intro/Benesse - Pocket Challenge V2/Chuu 1 Ei Suu Koku Pack (New Crown, Total English Taiou Ban) (Japan).zip</path>
    <name>Chuu 1 Ei Suu Koku Pack (New Crown, Total English Taiou Ban) (Japan)</name>
    <image>/recalbox/share/thumbs2/Benesse - Pocket Challenge V2/Named_Titles/Chuu 1 Ei Suu Koku Pack (New Crown, Total English Taiou Ban) (Japan).png</image>
    <video>/recalbox/share/videos/No-Intro/Benesse - Pocket Challenge V2/Chuu 1 Ei Suu Koku Pack (New Crown, Total English Taiou Ban) (Japan).mp4</video>
  </game>
  <game>
    <path>/recalbox/share/rom/No-Intro/Benesse - Pocket Challenge V2/Chuu 1 Ei Suu Koku Pack (New Horizon, Columbus21 Taiou Ban) (Japan).zip</path>
    <name>Chuu 1 Ei Suu Koku Pack (New Horizon, Columbus21 Taiou Ban) (Japan)</name>
    <image>/recalbox/share/thumbs2/Benesse - Pocket Challenge V2/Named_Titles/Chuu 1 Ei Suu Koku Pack (New Horizon, Columbus21 Taiou Ban) (Japan).png</image>
    <video>/recalbox/share/videos/No-Intro/Benesse - Pocket Challenge V2/Chuu 1 Ei Suu Koku Pack (New Horizon, Columbus21 Taiou Ban) (Japan).mp4</video>
  </game>
  <game>
    <path>/recalbox/share/rom/No-Intro/Benesse - Pocket Challenge V2/Chuu 1 Ei Suu Koku Pack (Sunshine, One World Taiou Ban) (Japan).zip</path>
    <name>Chuu 1 Ei Suu Koku Pack (Sunshine, One World Taiou Ban) (Japan)</name>
    <image>/recalbox/share/thumbs2/Benesse - Pocket Challenge V2/Named_Titles/Chuu 1 Ei Suu Koku Pack (Sunshine, One World Taiou Ban) (Japan).png</image>
    <video>/recalbox/share/videos/No-Intro/Benesse - Pocket Challenge V2/Chuu 1 Ei Suu Koku Pack (Sunshine, One World Taiou Ban) (Japan).mp4</video>
  </game>
  <game>
    <path>/recalbox/share/rom/No-Intro/Benesse - Pocket Challenge V2/Chuu 1 English (New Crown, Total English Taiou Ban) (Japan) (2BB113).zip</path>
    <name>Chuu 1 English (New Crown, Total English Taiou Ban) (Japan) (2BB113)</name>
    <image>/recalbox/share/thumbs2/Benesse - Pocket Challenge V2/Named_Titles/Chuu 1 English (New Crown, Total English Taiou Ban) (Japan) (2BB113).png</image>
    <video>/recalbox/share/videos/No-Intro/Benesse - Pocket Challenge V2/Chuu 1 English (New Crown, Total English Taiou Ban) (Japan) (2BB113).mp4</video>
  </game>
  <game>
    <path>/recalbox/share/rom/No-Intro/Benesse - Pocket Challenge V2/Chuu 1 English (New Crown, Total English Taiou Ban) (Japan) (3BB113).zip</path>
    <name>Chuu 1 English (New Crown, Total English Taiou Ban) (Japan) (3BB113)</name>
    <image>/recalbox/share/thumbs2/Benesse - Pocket Challenge V2/Named_Titles/Chuu 1 English (New Crown, Total English Taiou Ban) (Japan) (3BB113).png</image>
    <video>/recalbox/share/videos/No-Intro/Benesse - Pocket Challenge V2/Chuu 1 English (New Crown, Total English Taiou Ban) (Japan) (3BB113).mp4</video>
  </game>
  <game>
    <path>/recalbox/share/rom/No-Intro/Benesse - Pocket Challenge V2/Chuu 1 English (New Crown, Total English Taiou Ban) (Japan) (4BB113).zip</path>
    <name>Chuu 1 English (New Crown, Total English Taiou Ban) (Japan) (4BB113)</name>
    <image>/recalbox/share/thumbs2/Benesse - Pocket Challenge V2/Named_Titles/Chuu 1 English (New Crown, Total English Taiou Ban) (Japan) (4BB113).png</image>
    <video>/recalbox/share/videos/No-Intro/Benesse - Pocket Challenge V2/Chuu 1 English (New Crown, Total English Taiou Ban) (Japan) (4BB113).mp4</video>
  </game>
  <game>
    <path>/recalbox/share/rom/No-Intro/Benesse - Pocket Challenge V2/Chuu 1 English (New Horizon, Columbus21 Taiou Ban) (Japan) (3BB111).zip</path>
    <name>Chuu 1 English (New Horizon, Columbus21 Taiou Ban) (Japan) (3BB111)</name>
    <image>/recalbox/share/thumbs2/Benesse - Pocket Challenge V2/Named_Titles/Chuu 1 English (New Horizon, Columbus21 Taiou Ban) (Japan) (3BB111).png</image>
    <video>/recalbox/share/videos/No-Intro/Benesse - Pocket Challenge V2/Chuu 1 English (New Horizon, Columbus21 Taiou Ban) (Japan) (3BB111).mp4</video>
  </game>
  <game>
    <path>/recalbox/share/rom/No-Intro/Benesse - Pocket Challenge V2/Chuu 1 English (New Horizon, Columbus21 Taiou Ban) (Japan) (4BB111).zip</path>
    <name>Chuu 1 English (New Horizon, Columbus21 Taiou Ban) (Japan) (4BB111)</name>
    <image>/recalbox/share/thumbs2/Benesse - Pocket Challenge V2/Named_Titles/Chuu 1 English (New Horizon, Columbus21 Taiou Ban) (Japan) (4BB111).png</image>
    <video>/recalbox/share/videos/No-Intro/Benesse - Pocket Challenge V2/Chuu 1 English (New Horizon, Columbus21 Taiou Ban) (Japan) (4BB111).mp4</video>
  </game>
  <game>
    <path>/recalbox/share/rom/No-Intro/Benesse - Pocket Challenge V2/Chuu 1 English (Sunshine, One World Taiou Ban) (Japan).zip</path>
    <name>Chuu 1 English (Sunshine, One World Taiou Ban) (Japan)</name>
    <image>/recalbox/share/thumbs2/Benesse - Pocket Challenge V2/Named_Titles/Chuu 1 English (Sunshine, One World Taiou Ban) (Japan).png</image>
    <video>/recalbox/share/videos/No-Intro/Benesse - Pocket Challenge V2/Chuu 1 English (Sunshine, One World Taiou Ban) (Japan).mp4</video>
  </game>
  <game>
    <path>/recalbox/share/rom/No-Intro/Benesse - Pocket Challenge V2/Chuu 1 Kokugo - Hyakunin Isshu (Japan).zip</path>
    <name>Chuu 1 Kokugo - Hyakunin Isshu (Japan)</name>
    <image>/recalbox/share/thumbs2/Benesse - Pocket Challenge V2/Named_Titles/Chuu 1 Kokugo - Hyakunin Isshu (Japan).png</image>
    <video>/recalbox/share/videos/No-Intro/Benesse - Pocket Challenge V2/Chuu 1 Kokugo - Hyakunin Isshu (Japan).mp4</video>
  </game>
  <game>
    <path>/recalbox/share/rom/No-Intro/Benesse - Pocket Challenge V2/Chuu 1 Suugaku (Japan).zip</path>
    <name>Chuu 1 Suugaku (Japan)</name>
    <image>/recalbox/share/thumbs2/Benesse - Pocket Challenge V2/Named_Titles/Chuu 1 Suugaku (Japan).png</image>
    <video>/recalbox/share/videos/No-Intro/Benesse - Pocket Challenge V2/Chuu 1 Suugaku (Japan).mp4</video>
  </game>
  <game>
    <path>/recalbox/share/rom/No-Intro/Benesse - Pocket Challenge V2/Chuu 2 Ei Suu Koku Pack (New Crown, Total English Taiou Ban) (Japan) (4BP203).zip</path>
    <name>Chuu 2 Ei Suu Koku Pack (New Crown, Total English Taiou Ban) (Japan) (4BP203)</name>
    <image>/recalbox/share/thumbs2/Benesse - Pocket Challenge V2/Named_Titles/Chuu 2 Ei Suu Koku Pack (New Crown, Total English Taiou Ban) (Japan) (4BP203).png</image>
    <video>/recalbox/share/videos/No-Intro/Benesse - Pocket Challenge V2/Chuu 2 Ei Suu Koku Pack (New Crown, Total English Taiou Ban) (Japan) (4BP203).mp4</video>
  </game>
  <game>
    <path>/recalbox/share/rom/No-Intro/Benesse - Pocket Challenge V2/Chuu 2 Ei Suu Koku Pack (New Crown, Total English Taiou Ban) (Japan) (6FP203).zip</path>
    <name>Chuu 2 Ei Suu Koku Pack (New Crown, Total English Taiou Ban) (Japan) (6FP203)</name>
    <image>/recalbox/share/thumbs2/Benesse - Pocket Challenge V2/Named_Titles/Chuu 2 Ei Suu Koku Pack (New Crown, Total English Taiou Ban) (Japan) (6FP203).png</image>
    <video>/recalbox/share/videos/No-Intro/Benesse - Pocket Challenge V2/Chuu 2 Ei Suu Koku Pack (New Crown, Total English Taiou Ban) (Japan) (6FP203).mp4</video>
  </game>
  <game>
    <path>/recalbox/share/rom/No-Intro/Benesse - Pocket Challenge V2/Chuu 2 Ei Suu Koku Pack (New Horizon, Columbus21 Taiou Ban) (Japan).zip</path>
    <name>Chuu 2 Ei Suu Koku Pack (New Horizon, Columbus21 Taiou Ban) (Japan)</name>
    <image>/recalbox/share/thumbs2/Benesse - Pocket Challenge V2/Named_Titles/Chuu 2 Ei Suu Koku Pack (New Horizon, Columbus21 Taiou Ban) (Japan).png</image>
    <video>/recalbox/share/videos/No-Intro/Benesse - Pocket Challenge V2/Chuu 2 Ei Suu Koku Pack (New Horizon, Columbus21 Taiou Ban) (Japan).mp4</video>
  </game>
  <game>
    <path>/recalbox/share/rom/No-Intro/Benesse - Pocket Challenge V2/Chuu 2 Ei Suu Koku Pack (Sunshine, One World Taiou Ban) (Japan).zip</path>
    <name>Chuu 2 Ei Suu Koku Pack (Sunshine, One World Taiou Ban) (Japan)</name>
    <image>/recalbox/share/thumbs2/Benesse - Pocket Challenge V2/Named_Titles/Chuu 2 Ei Suu Koku Pack (Sunshine, One World Taiou Ban) (Japan).png</image>
    <video>/recalbox/share/videos/No-Intro/Benesse - Pocket Challenge V2/Chuu 2 Ei Suu Koku Pack (Sunshine, One World Taiou Ban) (Japan).mp4</video>
  </game>
  <game>
    <path>/recalbox/share/rom/No-Intro/Benesse - Pocket Challenge V2/Chuu 2 English (New Crown, Total English Taiou Ban) (Japan).zip</path>
    <name>Chuu 2 English (New Crown, Total English Taiou Ban) (Japan)</name>
    <image>/recalbox/share/thumbs2/Benesse - Pocket Challenge V2/Named_Titles/Chuu 2 English (New Crown, Total English Taiou Ban) (Japan).png</image>
    <video>/recalbox/share/videos/No-Intro/Benesse - Pocket Challenge V2/Chuu 2 English (New Crown, Total English Taiou Ban) (Japan).mp4</video>
  </game>
  <game>
    <path>/recalbox/share/rom/No-Intro/Benesse - Pocket Challenge V2/Chuu 2 English (Sunshine, One World Taiou Ban) (Japan).zip</path>
    <name>Chuu 2 English (Sunshine, One World Taiou Ban) (Japan)</name>
    <image>/recalbox/share/thumbs2/Benesse - Pocket Challenge V2/Named_Titles/Chuu 2 English (Sunshine, One World Taiou Ban) (Japan).png</image>
    <video>/recalbox/share/videos/No-Intro/Benesse - Pocket Challenge V2/Chuu 2 English (Sunshine, One World Taiou Ban) (Japan).mp4</video>
  </game>
  <game>
    <path>/recalbox/share/rom/No-Intro/Benesse - Pocket Challenge V2/Chuu 2 Kokugo (Japan).zip</path>
    <name>Chuu 2 Kokugo (Japan)</name>
    <image>/recalbox/share/thumbs2/Benesse - Pocket Challenge V2/Named_Titles/Chuu 2 Kokugo (Japan).png</image>
    <video>/recalbox/share/videos/No-Intro/Benesse - Pocket Challenge V2/Chuu 2 Kokugo (Japan).mp4</video>
  </game>
  <game>
    <path>/recalbox/share/rom/No-Intro/Benesse - Pocket Challenge V2/Chuu 2 Suugaku (Japan).zip</path>
    <name>Chuu 2 Suugaku (Japan)</name>
    <image>/recalbox/share/thumbs2/Benesse - Pocket Challenge V2/Named_Titles/Chuu 2 Suugaku (Japan).png</image>
    <video>/recalbox/share/videos/No-Intro/Benesse - Pocket Challenge V2/Chuu 2 Suugaku (Japan).mp4</video>
  </game>
  <game>
    <path>/recalbox/share/rom/No-Intro/Benesse - Pocket Challenge V2/Chuu 3 Ei - Suu - Koumin Pack (New Crown, Total English Taiou Ban) (Japan) (5FP303) [b].zip</path>
    <name>Chuu 3 Ei - Suu - Koumin Pack (New Crown, Total English Taiou Ban) (Japan) (5FP303) [b]</name>
    <image>/recalbox/share/thumbs2/Benesse - Pocket Challenge V2/Named_Titles/Chuu 3 Ei - Suu - Koumin Pack (New Crown, Total English Taiou Ban) (Japan) (5FP303) [b].png</image>
    <video>/recalbox/share/videos/No-Intro/Benesse - Pocket Challenge V2/Chuu 3 Ei - Suu - Koumin Pack (New Crown, Total English Taiou Ban) (Japan) (5FP303) [b].mp4</video>
  </game>
  <game>
    <path>/recalbox/share/rom/No-Intro/Benesse - Pocket Challenge V2/Chuu 3 Ei - Suu - Koumin Pack (New Crown, Total English Taiou Ban) (Japan) (6FP313).zip</path>
    <name>Chuu 3 Ei - Suu - Koumin Pack (New Crown, Total English Taiou Ban) (Japan) (6FP313)</name>
    <image>/recalbox/share/thumbs2/Benesse - Pocket Challenge V2/Named_Titles/Chuu 3 Ei - Suu - Koumin Pack (New Crown, Total English Taiou Ban) (Japan) (6FP313).png</image>
    <video>/recalbox/share/videos/No-Intro/Benesse - Pocket Challenge V2/Chuu 3 Ei - Suu - Koumin Pack (New Crown, Total English Taiou Ban) (Japan) (6FP313).mp4</video>
  </game>
  <game>
    <path>/recalbox/share/rom/No-Intro/Benesse - Pocket Challenge V2/Chuu 3 Ei - Suu - Koumin Pack (New Horizon, Columbus21 Taiou Ban) (Japan).zip</path>
    <name>Chuu 3 Ei - Suu - Koumin Pack (New Horizon, Columbus21 Taiou Ban) (Japan)</name>
    <image>/recalbox/share/thumbs2/Benesse - Pocket Challenge V2/Named_Titles/Chuu 3 Ei - Suu - Koumin Pack (New Horizon, Columbus21 Taiou Ban) (Japan).png</image>
    <video>/recalbox/share/videos/No-Intro/Benesse - Pocket Challenge V2/Chuu 3 Ei - Suu - Koumin Pack (New Horizon, Columbus21 Taiou Ban) (Japan).mp4</video>
  </game>
  <game>
    <path>/recalbox/share/rom/No-Intro/Benesse - Pocket Challenge V2/Chuu 3 English (New Crown, Total English Taiou Ban) (Japan).zip</path>
    <name>Chuu 3 English (New Crown, Total English Taiou Ban) (Japan)</name>
    <image>/recalbox/share/thumbs2/Benesse - Pocket Challenge V2/Named_Titles/Chuu 3 English (New Crown, Total English Taiou Ban) (Japan).png</image>
    <video>/recalbox/share/videos/No-Intro/Benesse - Pocket Challenge V2/Chuu 3 English (New Crown, Total English Taiou Ban) (Japan).mp4</video>
  </game>
  <game>
    <path>/recalbox/share/rom/No-Intro/Benesse - Pocket Challenge V2/Chuu 3 English (New Horizon, Columbus21 Taiou Ban) (Japan).zip</path>
    <name>Chuu 3 English (New Horizon, Columbus21 Taiou Ban) (Japan)</name>
    <image>/recalbox/share/thumbs2/Benesse - Pocket Challenge V2/Named_Titles/Chuu 3 English (New Horizon, Columbus21 Taiou Ban) (Japan).png</image>
    <video>/recalbox/share/videos/No-Intro/Benesse - Pocket Challenge V2/Chuu 3 English (New Horizon, Columbus21 Taiou Ban) (Japan).mp4</video>
  </game>
  <game>
    <path>/recalbox/share/rom/No-Intro/Benesse - Pocket Challenge V2/Chuu 3 Suugaku (Japan).zip</path>
    <name>Chuu 3 Suugaku (Japan)</name>
    <image>/recalbox/share/thumbs2/Benesse - Pocket Challenge V2/Named_Titles/Chuu 3 Suugaku (Japan).png</image>
    <video>/recalbox/share/videos/No-Intro/Benesse - Pocket Challenge V2/Chuu 3 Suugaku (Japan).mp4</video>
  </game>
  <game>
    <path>/recalbox/share/rom/No-Intro/Benesse - Pocket Challenge V2/Chuugaku Chiri (Japan) (2BD410).zip</path>
    <name>Chuugaku Chiri (Japan) (2BD410)</name>
    <image>/recalbox/share/thumbs2/Benesse - Pocket Challenge V2/Named_Titles/Chuugaku Chiri (Japan) (2BD410).png</image>
    <video>/recalbox/share/videos/No-Intro/Benesse - Pocket Challenge V2/Chuugaku Chiri (Japan) (2BD410).mp4</video>
  </game>
  <game>
    <path>/recalbox/share/rom/No-Intro/Benesse - Pocket Challenge V2/Chuugaku Chiri (Japan) (3BD410).zip</path>
    <name>Chuugaku Chiri (Japan) (3BD410)</name>
    <image>/recalbox/share/thumbs2/Benesse - Pocket Challenge V2/Named_Titles/Chuugaku Chiri (Japan) (3BD410).png</image>
    <video>/recalbox/share/videos/No-Intro/Benesse - Pocket Challenge V2/Chuugaku Chiri (Japan) (3BD410).mp4</video>
  </game>
  <game>
    <path>/recalbox/share/rom/No-Intro/Benesse - Pocket Challenge V2/Chuugaku Chiri (Japan) (4BD410).zip</path>
    <name>Chuugaku Chiri (Japan) (4BD410)</name>
    <image>/recalbox/share/thumbs2/Benesse - Pocket Challenge V2/Named_Titles/Chuugaku Chiri (Japan) (4BD410).png</image>
    <video>/recalbox/share/videos/No-Intro/Benesse - Pocket Challenge V2/Chuugaku Chiri (Japan) (4BD410).mp4</video>
  </game>
  <game>
    <path>/recalbox/share/rom/No-Intro/Benesse - Pocket Challenge V2/Chuugaku Chiri - Rekishi Pack (Chiri Soft - Rekishi Soft Kanzen Taiou Ban) (Japan) (2BD400).zip</path>
    <name>Chuugaku Chiri - Rekishi Pack (Chiri Soft - Rekishi Soft Kanzen Taiou Ban) (Japan) (2BD400)</name>
    <image>/recalbox/share/thumbs2/Benesse - Pocket Challenge V2/Named_Titles/Chuugaku Chiri - Rekishi Pack (Chiri Soft - Rekishi Soft Kanzen Taiou Ban) (Japan) (2BD400).png</image>
    <video>/recalbox/share/videos/No-Intro/Benesse - Pocket Challenge V2/Chuugaku Chiri - Rekishi Pack (Chiri Soft - Rekishi Soft Kanzen Taiou Ban) (Japan) (2BD400).mp4</video>
  </game>
  <game>
    <path>/recalbox/share/rom/No-Intro/Benesse - Pocket Challenge V2/Chuugaku Chiri - Rekishi Pack (Chiri Soft - Rekishi Soft Kanzen Taiou Ban) (Japan) (4BD400).zip</path>
    <name>Chuugaku Chiri - Rekishi Pack (Chiri Soft - Rekishi Soft Kanzen Taiou Ban) (Japan) (4BD400)</name>
    <image>/recalbox/share/thumbs2/Benesse - Pocket Challenge V2/Named_Titles/Chuugaku Chiri - Rekishi Pack (Chiri Soft - Rekishi Soft Kanzen Taiou Ban) (Japan) (4BD400).png</image>
    <video>/recalbox/share/videos/No-Intro/Benesse - Pocket Challenge V2/Chuugaku Chiri - Rekishi Pack (Chiri Soft - Rekishi Soft Kanzen Taiou Ban) (Japan) (4BD400).mp4</video>
  </game>
  <game>
    <path>/recalbox/share/rom/No-Intro/Benesse - Pocket Challenge V2/Chuugaku Chiri - Rekishi Pack (Chiri Soft - Rekishi Soft Kanzen Taiou Ban) (Japan) (6FD400).zip</path>
    <name>Chuugaku Chiri - Rekishi Pack (Chiri Soft - Rekishi Soft Kanzen Taiou Ban) (Japan) (6FD400)</name>
    <image>/recalbox/share/thumbs2/Benesse - Pocket Challenge V2/Named_Titles/Chuugaku Chiri - Rekishi Pack (Chiri Soft - Rekishi Soft Kanzen Taiou Ban) (Japan) (6FD400).png</image>
    <video>/recalbox/share/videos/No-Intro/Benesse - Pocket Challenge V2/Chuugaku Chiri - Rekishi Pack (Chiri Soft - Rekishi Soft Kanzen Taiou Ban) (Japan) (6FD400).mp4</video>
  </game>
  <game>
    <path>/recalbox/share/rom/No-Intro/Benesse - Pocket Challenge V2/Chuugaku Chiri - Rekishi Pack (Rekishi Juuyou Yougo Jiten Shuuroku) (Japan).zip</path>
    <name>Chuugaku Chiri - Rekishi Pack (Rekishi Juuyou Yougo Jiten Shuuroku) (Japan)</name>
    <image>/recalbox/share/thumbs2/Benesse - Pocket Challenge V2/Named_Titles/Chuugaku Chiri - Rekishi Pack (Rekishi Juuyou Yougo Jiten Shuuroku) (Japan).png</image>
    <video>/recalbox/share/videos/No-Intro/Benesse - Pocket Challenge V2/Chuugaku Chiri - Rekishi Pack (Rekishi Juuyou Yougo Jiten Shuuroku) (Japan).mp4</video>
  </game>
  <game>
    <path>/recalbox/share/rom/No-Intro/Benesse - Pocket Challenge V2/Chuugaku Koumin (Japan).zip</path>
    <name>Chuugaku Koumin (Japan)</name>
    <image>/recalbox/share/thumbs2/Benesse - Pocket Challenge V2/Named_Titles/Chuugaku Koumin (Japan).png</image>
    <video>/recalbox/share/videos/No-Intro/Benesse - Pocket Challenge V2/Chuugaku Koumin (Japan).mp4</video>
  </game>
  <game>
    <path>/recalbox/share/rom/No-Intro/Benesse - Pocket Challenge V2/Chuugaku Rekishi (Japan).zip</path>
    <name>Chuugaku Rekishi (Japan)</name>
    <image>/recalbox/share/thumbs2/Benesse - Pocket Challenge V2/Named_Titles/Chuugaku Rekishi (Japan).png</image>
    <video>/recalbox/share/videos/No-Intro/Benesse - Pocket Challenge V2/Chuugaku Rekishi (Japan).mp4</video>
  </game>
  <game>
    <path>/recalbox/share/rom/No-Intro/Benesse - Pocket Challenge V2/Chuugaku Rika (1-bunya) (Japan) (2BF411).zip</path>
    <name>Chuugaku Rika (1-bunya) (Japan) (2BF411)</name>
    <image>/recalbox/share/thumbs2/Benesse - Pocket Challenge V2/Named_Titles/Chuugaku Rika (1-bunya) (Japan) (2BF411).png</image>
    <video>/recalbox/share/videos/No-Intro/Benesse - Pocket Challenge V2/Chuugaku Rika (1-bunya) (Japan) (2BF411).mp4</video>
  </game>
  <game>
    <path>/recalbox/share/rom/No-Intro/Benesse - Pocket Challenge V2/Chuugaku Rika (1-bunya) (Japan) (5FF411).zip</path>
    <name>Chuugaku Rika (1-bunya) (Japan) (5FF411)</name>
    <image>/recalbox/share/thumbs2/Benesse - Pocket Challenge V2/Named_Titles/Chuugaku Rika (1-bunya) (Japan) (5FF411).png</image>
    <video>/recalbox/share/videos/No-Intro/Benesse - Pocket Challenge V2/Chuugaku Rika (1-bunya) (Japan) (5FF411).mp4</video>
  </game>
  <game>
    <path>/recalbox/share/rom/No-Intro/Benesse - Pocket Challenge V2/Chuugaku Rika (1-bunya) (Japan) (6FF421).zip</path>
    <name>Chuugaku Rika (1-bunya) (Japan) (6FF421)</name>
    <image>/recalbox/share/thumbs2/Benesse - Pocket Challenge V2/Named_Titles/Chuugaku Rika (1-bunya) (Japan) (6FF421).png</image>
    <video>/recalbox/share/videos/No-Intro/Benesse - Pocket Challenge V2/Chuugaku Rika (1-bunya) (Japan) (6FF421).mp4</video>
  </game>
  <game>
    <path>/recalbox/share/rom/No-Intro/Benesse - Pocket Challenge V2/Chuugaku Rika (2-bunya) (Japan) (2BF412).zip</path>
    <name>Chuugaku Rika (2-bunya) (Japan) (2BF412)</name>
    <image>/recalbox/share/thumbs2/Benesse - Pocket Challenge V2/Named_Titles/Chuugaku Rika (2-bunya) (Japan) (2BF412).png</image>
    <video>/recalbox/share/videos/No-Intro/Benesse - Pocket Challenge V2/Chuugaku Rika (2-bunya) (Japan) (2BF412).mp4</video>
  </game>
  <game>
    <path>/recalbox/share/rom/No-Intro/Benesse - Pocket Challenge V2/Chuugaku Rika (2-bunya) (Japan) (5FF412).zip</path>
    <name>Chuugaku Rika (2-bunya) (Japan) (5FF412)</name>
    <image>/recalbox/share/thumbs2/Benesse - Pocket Challenge V2/Named_Titles/Chuugaku Rika (2-bunya) (Japan) (5FF412).png</image>
    <video>/recalbox/share/videos/No-Intro/Benesse - Pocket Challenge V2/Chuugaku Rika (2-bunya) (Japan) (5FF412).mp4</video>
  </game>
  <game>
    <path>/recalbox/share/rom/No-Intro/Benesse - Pocket Challenge V2/Chuugaku Rika (2-bunya) (Japan) (6FF422).zip</path>
    <name>Chuugaku Rika (2-bunya) (Japan) (6FF422)</name>
    <image>/recalbox/share/thumbs2/Benesse - Pocket Challenge V2/Named_Titles/Chuugaku Rika (2-bunya) (Japan) (6FF422).png</image>
    <video>/recalbox/share/videos/No-Intro/Benesse - Pocket Challenge V2/Chuugaku Rika (2-bunya) (Japan) (6FF422).mp4</video>
  </game>
  <game>
    <path>/recalbox/share/rom/No-Intro/Benesse - Pocket Challenge V2/Chuugaku Rika Pack (1-bunya Soft - 2-bunya Soft Kanzen Taiou Ban) (Japan) (2BF400).zip</path>
    <name>Chuugaku Rika Pack (1-bunya Soft - 2-bunya Soft Kanzen Taiou Ban) (Japan) (2BF400)</name>
    <image>/recalbox/share/thumbs2/Benesse - Pocket Challenge V2/Named_Titles/Chuugaku Rika Pack (1-bunya Soft - 2-bunya Soft Kanzen Taiou Ban) (Japan) (2BF400).png</image>
    <video>/recalbox/share/videos/No-Intro/Benesse - Pocket Challenge V2/Chuugaku Rika Pack (1-bunya Soft - 2-bunya Soft Kanzen Taiou Ban) (Japan) (2BF400).mp4</video>
  </game>
  <game>
    <path>/recalbox/share/rom/No-Intro/Benesse - Pocket Challenge V2/Chuugaku Rika Pack (1-bunya Soft - 2-bunya Soft Kanzen Taiou Ban) (Japan) (6FF400).zip</path>
    <name>Chuugaku Rika Pack (1-bunya Soft - 2-bunya Soft Kanzen Taiou Ban) (Japan) (6FF400)</name>
    <image>/recalbox/share/thumbs2/Benesse - Pocket Challenge V2/Named_Titles/Chuugaku Rika Pack (1-bunya Soft - 2-bunya Soft Kanzen Taiou Ban) (Japan) (6FF400).png</image>
    <video>/recalbox/share/videos/No-Intro/Benesse - Pocket Challenge V2/Chuugaku Rika Pack (1-bunya Soft - 2-bunya Soft Kanzen Taiou Ban) (Japan) (6FF400).mp4</video>
  </game>
  <game>
    <path>/recalbox/share/rom/No-Intro/Benesse - Pocket Challenge V2/Chuugaku Rika Pack (1-bunya Soft - 2-bunya Soft Kanzen Taiou Ban) (Japan) (6FF401).zip</path>
    <name>Chuugaku Rika Pack (1-bunya Soft - 2-bunya Soft Kanzen Taiou Ban) (Japan) (6FF401)</name>
    <image>/recalbox/share/thumbs2/Benesse - Pocket Challenge V2/Named_Titles/Chuugaku Rika Pack (1-bunya Soft - 2-bunya Soft Kanzen Taiou Ban) (Japan) (6FF401).png</image>
    <video>/recalbox/share/videos/No-Intro/Benesse - Pocket Challenge V2/Chuugaku Rika Pack (1-bunya Soft - 2-bunya Soft Kanzen Taiou Ban) (Japan) (6FF401).mp4</video>
  </game>
  <game>
    <path>/recalbox/share/rom/No-Intro/Benesse - Pocket Challenge V2/Chuugaku Rika Pack (1-bunya Soft - 2-bunya Soft Kanzen Taiou Ban) (Japan) (6FF420).zip</path>
    <name>Chuugaku Rika Pack (1-bunya Soft - 2-bunya Soft Kanzen Taiou Ban) (Japan) (6FF420)</name>
    <image>/recalbox/share/thumbs2/Benesse - Pocket Challenge V2/Named_Titles/Chuugaku Rika Pack (1-bunya Soft - 2-bunya Soft Kanzen Taiou Ban) (Japan) (6FF420).png</image>
    <video>/recalbox/share/videos/No-Intro/Benesse - Pocket Challenge V2/Chuugaku Rika Pack (1-bunya Soft - 2-bunya Soft Kanzen Taiou Ban) (Japan) (6FF420).mp4</video>
  </game>
  <game>
    <path>/recalbox/share/rom/No-Intro/Benesse - Pocket Challenge V2/Chuugaku Rika Pack (Japan) (5FF400).zip</path>
    <name>Chuugaku Rika Pack (Japan) (5FF400)</name>
    <image>/recalbox/share/thumbs2/Benesse - Pocket Challenge V2/Named_Titles/Chuugaku Rika Pack (Japan) (5FF400).png</image>
    <video>/recalbox/share/videos/No-Intro/Benesse - Pocket Challenge V2/Chuugaku Rika Pack (Japan) (5FF400).mp4</video>
  </game>
  <game>
    <path>/recalbox/share/rom/No-Intro/Benesse - Pocket Challenge V2/Eiken 3-kyuu - 4-kyuu (Japan).zip</path>
    <name>Eiken 3-kyuu - 4-kyuu (Japan)</name>
    <image>/recalbox/share/thumbs2/Benesse - Pocket Challenge V2/Named_Titles/Eiken 3-kyuu - 4-kyuu (Japan).png</image>
    <video>/recalbox/share/videos/No-Intro/Benesse - Pocket Challenge V2/Eiken 3-kyuu - 4-kyuu (Japan).mp4</video>
  </game>
  <game>
    <path>/recalbox/share/rom/No-Intro/Benesse - Pocket Challenge V2/Jitsugi 4-kyouka (Gijutsu Katei, Hoken Taiiku, Ongaku, Bijutsu) (Japan) (2BG410).zip</path>
    <name>Jitsugi 4-kyouka (Gijutsu Katei, Hoken Taiiku, Ongaku, Bijutsu) (Japan) (2BG410)</name>
    <image>/recalbox/share/thumbs2/Benesse - Pocket Challenge V2/Named_Titles/Jitsugi 4-kyouka (Gijutsu Katei, Hoken Taiiku, Ongaku, Bijutsu) (Japan) (2BG410).png</image>
    <video>/recalbox/share/videos/No-Intro/Benesse - Pocket Challenge V2/Jitsugi 4-kyouka (Gijutsu Katei, Hoken Taiiku, Ongaku, Bijutsu) (Japan) (2BG410).mp4</video>
  </game>
  <game>
    <path>/recalbox/share/rom/No-Intro/Benesse - Pocket Challenge V2/Jitsugi 4-kyouka (Gijutsu Katei, Hoken Taiiku, Ongaku, Bijutsu) (Japan) (3BG410).zip</path>
    <name>Jitsugi 4-kyouka (Gijutsu Katei, Hoken Taiiku, Ongaku, Bijutsu) (Japan) (3BG410)</name>
    <image>/recalbox/share/thumbs2/Benesse - Pocket Challenge V2/Named_Titles/Jitsugi 4-kyouka (Gijutsu Katei, Hoken Taiiku, Ongaku, Bijutsu) (Japan) (3BG410).png</image>
    <video>/recalbox/share/videos/No-Intro/Benesse - Pocket Challenge V2/Jitsugi 4-kyouka (Gijutsu Katei, Hoken Taiiku, Ongaku, Bijutsu) (Japan) (3BG410).mp4</video>
  </game>
  <game>
    <path>/recalbox/share/rom/No-Intro/Benesse - Pocket Challenge V2/Jitsugi 4-kyouka (Gijutsu Katei, Hoken Taiiku, Ongaku, Bijutsu) (Japan) (5FG410).zip</path>
    <name>Jitsugi 4-kyouka (Gijutsu Katei, Hoken Taiiku, Ongaku, Bijutsu) (Japan) (5FG410)</name>
    <image>/recalbox/share/thumbs2/Benesse - Pocket Challenge V2/Named_Titles/Jitsugi 4-kyouka (Gijutsu Katei, Hoken Taiiku, Ongaku, Bijutsu) (Japan) (5FG410).png</image>
    <video>/recalbox/share/videos/No-Intro/Benesse - Pocket Challenge V2/Jitsugi 4-kyouka (Gijutsu Katei, Hoken Taiiku, Ongaku, Bijutsu) (Japan) (5FG410).mp4</video>
  </game>
  <game>
    <path>/recalbox/share/rom/No-Intro/Benesse - Pocket Challenge V2/Jitsugi 4-kyouka (Gijutsu Katei, Hoken Taiiku, Ongaku, Bijutsu) (Japan) (6FG402).zip</path>
    <name>Jitsugi 4-kyouka (Gijutsu Katei, Hoken Taiiku, Ongaku, Bijutsu) (Japan) (6FG402)</name>
    <image>/recalbox/share/thumbs2/Benesse - Pocket Challenge V2/Named_Titles/Jitsugi 4-kyouka (Gijutsu Katei, Hoken Taiiku, Ongaku, Bijutsu) (Japan) (6FG402).png</image>
    <video>/recalbox/share/videos/No-Intro/Benesse - Pocket Challenge V2/Jitsugi 4-kyouka (Gijutsu Katei, Hoken Taiiku, Ongaku, Bijutsu) (Japan) (6FG402).mp4</video>
  </game>
  <game>
    <path>/recalbox/share/rom/No-Intro/Benesse - Pocket Challenge V2/Jitsugi 4-kyouka (Gijutsu Katei, Hoken Taiiku, Ongaku, Bijutsu) (Japan) (6FG410).zip</path>
    <name>Jitsugi 4-kyouka (Gijutsu Katei, Hoken Taiiku, Ongaku, Bijutsu) (Japan) (6FG410)</name>
    <image>/recalbox/share/thumbs2/Benesse - Pocket Challenge V2/Named_Titles/Jitsugi 4-kyouka (Gijutsu Katei, Hoken Taiiku, Ongaku, Bijutsu) (Japan) (6FG410).png</image>
    <video>/recalbox/share/videos/No-Intro/Benesse - Pocket Challenge V2/Jitsugi 4-kyouka (Gijutsu Katei, Hoken Taiiku, Ongaku, Bijutsu) (Japan) (6FG410).mp4</video>
  </game>
  <game>
    <path>/recalbox/share/rom/No-Intro/Benesse - Pocket Challenge V2/Kanken 3-kyuu - 4-kyuu - 5-kyuu (Japan).zip</path>
    <name>Kanken 3-kyuu - 4-kyuu - 5-kyuu (Japan)</name>
    <image>/recalbox/share/thumbs2/Benesse - Pocket Challenge V2/Named_Titles/Kanken 3-kyuu - 4-kyuu - 5-kyuu (Japan).png</image>
    <video>/recalbox/share/videos/No-Intro/Benesse - Pocket Challenge V2/Kanken 3-kyuu - 4-kyuu - 5-kyuu (Japan).mp4</video>
  </game>
  <game>
    <path>/recalbox/share/rom/No-Intro/Benesse - Pocket Challenge V2/Koukou Juken (5-kyouka) (Japan) (4BI710).zip</path>
    <name>Koukou Juken (5-kyouka) (Japan) (4BI710)</name>
    <image>/recalbox/share/thumbs2/Benesse - Pocket Challenge V2/Named_Titles/Koukou Juken (5-kyouka) (Japan) (4BI710).png</image>
    <video>/recalbox/share/videos/No-Intro/Benesse - Pocket Challenge V2/Koukou Juken (5-kyouka) (Japan) (4BI710).mp4</video>
  </game>
  <game>
    <path>/recalbox/share/rom/No-Intro/Benesse - Pocket Challenge V2/Koukou Juken (5-kyouka) (Japan) (4BI716).zip</path>
    <name>Koukou Juken (5-kyouka) (Japan) (4BI716)</name>
    <image>/recalbox/share/thumbs2/Benesse - Pocket Challenge V2/Named_Titles/Koukou Juken (5-kyouka) (Japan) (4BI716).png</image>
    <video>/recalbox/share/videos/No-Intro/Benesse - Pocket Challenge V2/Koukou Juken (5-kyouka) (Japan) (4BI716).mp4</video>
  </game>
  <game>
    <path>/recalbox/share/rom/No-Intro/Benesse - Pocket Challenge V2/Koukou Juken (5-kyouka) (Japan) (5FI710).zip</path>
    <name>Koukou Juken (5-kyouka) (Japan) (5FI710)</name>
    <image>/recalbox/share/thumbs2/Benesse - Pocket Challenge V2/Named_Titles/Koukou Juken (5-kyouka) (Japan) (5FI710).png</image>
    <video>/recalbox/share/videos/No-Intro/Benesse - Pocket Challenge V2/Koukou Juken (5-kyouka) (Japan) (5FI710).mp4</video>
  </game>
  <game>
    <path>/recalbox/share/rom/No-Intro/Benesse - Pocket Challenge V2/Koukou Juken 5-kyouka Pack + Nyuushi Theme-Betsu Tokkou (Japan).zip</path>
    <name>Koukou Juken 5-kyouka Pack + Nyuushi Theme-Betsu Tokkou (Japan)</name>
    <image>/recalbox/share/thumbs2/Benesse - Pocket Challenge V2/Named_Titles/Koukou Juken 5-kyouka Pack + Nyuushi Theme-Betsu Tokkou (Japan).png</image>
    <video>/recalbox/share/videos/No-Intro/Benesse - Pocket Challenge V2/Koukou Juken 5-kyouka Pack + Nyuushi Theme-Betsu Tokkou (Japan).mp4</video>
  </game>
  <game>
    <path>/recalbox/share/rom/No-Intro/Benesse - Pocket Challenge V2/Koukou Juken EX (Goukaku Tokkou 700) (Japan).zip</path>
    <name>Koukou Juken EX (Goukaku Tokkou 700) (Japan)</name>
    <image>/recalbox/share/thumbs2/Benesse - Pocket Challenge V2/Named_Titles/Koukou Juken EX (Goukaku Tokkou 700) (Japan).png</image>
    <video>/recalbox/share/videos/No-Intro/Benesse - Pocket Challenge V2/Koukou Juken EX (Goukaku Tokkou 700) (Japan).mp4</video>
  </game>
  <game>
    <path>/recalbox/share/rom/No-Intro/Benesse - Pocket Challenge V2/Koukou Juken V Pack - Koukou Juken (5-kamoku), Koukou Juken EX (Goukaku Tokkou 700) Kanzen Taiou Ban (Japan).zip</path>
    <name>Koukou Juken V Pack - Koukou Juken (5-kamoku), Koukou Juken EX (Goukaku Tokkou 700) Kanzen Taiou Ban (Japan)</name>
    <image>/recalbox/share/thumbs2/Benesse - Pocket Challenge V2/Named_Titles/Koukou Juken V Pack - Koukou Juken (5-kamoku), Koukou Juken EX (Goukaku Tokkou 700) Kanzen Taiou Ban (Japan).png</image>
    <video>/recalbox/share/videos/No-Intro/Benesse - Pocket Challenge V2/Koukou Juken V Pack - Koukou Juken (5-kamoku), Koukou Juken EX (Goukaku Tokkou 700) Kanzen Taiou Ban (Japan).mp4</video>
  </game>
  <game>
    <path>/recalbox/share/rom/No-Intro/Benesse - Pocket Challenge V2/Shougakkou Soumatome (Koku - San - Ri - Sha) + Chuu 1 Ei Suu Koku Pack (Japan).zip</path>
    <name>Shougakkou Soumatome (Koku - San - Ri - Sha) + Chuu 1 Ei Suu Koku Pack (Japan)</name>
    <image>/recalbox/share/thumbs2/Benesse - Pocket Challenge V2/Named_Titles/Shougakkou Soumatome (Koku - San - Ri - Sha) + Chuu 1 Ei Suu Koku Pack (Japan).png</image>
    <video>/recalbox/share/videos/No-Intro/Benesse - Pocket Challenge V2/Shougakkou Soumatome (Koku - San - Ri - Sha) + Chuu 1 Ei Suu Koku Pack (Japan).mp4</video>
  </game>
</gamelist>