<gamelist>
  <game>
    <path>/recalbox/share/rom/zip/trs80coco/3D Brick Away (1982)(Avalon Hill).dsk</path>
    <name>3D Brick Away (1982)(Avalon Hill)</name>
    <image>/recalbox/share/thumbs2/Tandy Radio Shack/TRS-80 Color Computer/3D Brick Away (1982)(Avalon Hill).png</image>
    <video>/recalbox/share/videos/Tandy Radio Shack/TRS-80 Color Computer/3D Brick Away (1982)(Avalon Hill).mp4</video>
  </game>
  <game>
    <path>/recalbox/share/rom/zip/trs80coco/666 The Haunted House (2003)(Hofsetz, Christian).dsk</path>
    <name>666 The Haunted House (2003)(Hofsetz, Christian)</name>
    <image>/recalbox/share/thumbs2/Tandy Radio Shack/TRS-80 Color Computer/666 The Haunted House (2003)(Hofsetz, Christian).png</image>
    <video>/recalbox/share/videos/Tandy Radio Shack/TRS-80 Color Computer/666 The Haunted House (2003)(Hofsetz, Christian).mp4</video>
  </game>
  <game>
    <path>/recalbox/share/rom/zip/trs80coco/7 Card Stud (198x)(Tandy)[26-3074].dsk</path>
    <name>7 Card Stud (198x)(Tandy)[26-3074]</name>
    <image>/recalbox/share/thumbs2/Tandy Radio Shack/TRS-80 Color Computer/7 Card Stud (198x)(Tandy)[26-3074].png</image>
    <video>/recalbox/share/videos/Tandy Radio Shack/TRS-80 Color Computer/7 Card Stud (198x)(Tandy)[26-3074].mp4</video>
  </game>
  <game>
    <path>/recalbox/share/rom/zip/trs80coco/8-Ball (1983)(Anteco Software).dsk</path>
    <name>8-Ball (1983)(Anteco Software)</name>
    <image>/recalbox/share/thumbs2/Tandy Radio Shack/TRS-80 Color Computer/8-Ball (1983)(Anteco Software).png</image>
    <video>/recalbox/share/videos/Tandy Radio Shack/TRS-80 Color Computer/8-Ball (1983)(Anteco Software).mp4</video>
  </game>
  <game>
    <path>/recalbox/share/rom/zip/trs80coco/Adventures in Mythology (1985)(Saguard Software)[cr Mr X].dsk</path>
    <name>Adventures in Mythology (1985)(Saguard Software)[cr Mr X]</name>
    <image>/recalbox/share/thumbs2/Tandy Radio Shack/TRS-80 Color Computer/Adventures in Mythology (1985)(Saguard Software)[cr Mr X].png</image>
    <video>/recalbox/share/videos/Tandy Radio Shack/TRS-80 Color Computer/Adventures in Mythology (1985)(Saguard Software)[cr Mr X].mp4</video>
  </game>
  <game>
    <path>/recalbox/share/rom/zip/trs80coco/Airline (1983)(Adventure International).dsk</path>
    <name>Airline (1983)(Adventure International)</name>
    <image>/recalbox/share/thumbs2/Tandy Radio Shack/TRS-80 Color Computer/Airline (1983)(Adventure International).png</image>
    <video>/recalbox/share/videos/Tandy Radio Shack/TRS-80 Color Computer/Airline (1983)(Adventure International).mp4</video>
  </game>
  <game>
    <path>/recalbox/share/rom/zip/trs80coco/Andrea Coco, The (1985)(Saguard Software).dsk</path>
    <name>Andrea Coco, The (1985)(Saguard Software)</name>
    <image>/recalbox/share/thumbs2/Tandy Radio Shack/TRS-80 Color Computer/Andrea Coco, The (1985)(Saguard Software).png</image>
    <video>/recalbox/share/videos/Tandy Radio Shack/TRS-80 Color Computer/Andrea Coco, The (1985)(Saguard Software).mp4</video>
  </game>
  <game>
    <path>/recalbox/share/rom/zip/trs80coco/Androne (1983)(Tandy)[26-3096].dsk</path>
    <name>Androne (1983)(Tandy)[26-3096]</name>
    <image>/recalbox/share/thumbs2/Tandy Radio Shack/TRS-80 Color Computer/Androne (1983)(Tandy)[26-3096].png</image>
    <video>/recalbox/share/videos/Tandy Radio Shack/TRS-80 Color Computer/Androne (1983)(Tandy)[26-3096].mp4</video>
  </game>
  <game>
    <path>/recalbox/share/rom/zip/trs80coco/Apples (1982)(Computerware).dsk</path>
    <name>Apples (1982)(Computerware)</name>
    <image>/recalbox/share/thumbs2/Tandy Radio Shack/TRS-80 Color Computer/Apples (1982)(Computerware).png</image>
    <video>/recalbox/share/videos/Tandy Radio Shack/TRS-80 Color Computer/Apples (1982)(Computerware).mp4</video>
  </game>
  <game>
    <path>/recalbox/share/rom/zip/trs80coco/Arcade Space Invaders v0.9 (2016)(tcdev)(AU)(alpha).dsk</path>
    <name>Arcade Space Invaders v0.9 (2016)(tcdev)(AU)(alpha)</name>
    <image>/recalbox/share/thumbs2/Tandy Radio Shack/TRS-80 Color Computer/Arcade Space Invaders v0.9 (2016)(tcdev)(AU)(alpha).png</image>
    <video>/recalbox/share/videos/Tandy Radio Shack/TRS-80 Color Computer/Arcade Space Invaders v0.9 (2016)(tcdev)(AU)(alpha).mp4</video>
  </game>
  <game>
    <path>/recalbox/share/rom/zip/trs80coco/Arena of Skill (1988)(Nivison, Chuck).dsk</path>
    <name>Arena of Skill (1988)(Nivison, Chuck)</name>
    <image>/recalbox/share/thumbs2/Tandy Radio Shack/TRS-80 Color Computer/Arena of Skill (1988)(Nivison, Chuck).png</image>
    <video>/recalbox/share/videos/Tandy Radio Shack/TRS-80 Color Computer/Arena of Skill (1988)(Nivison, Chuck).mp4</video>
  </game>
  <game>
    <path>/recalbox/share/rom/zip/trs80coco/Arex (1983)(Adventure International).dsk</path>
    <name>Arex (1983)(Adventure International)</name>
    <image>/recalbox/share/thumbs2/Tandy Radio Shack/TRS-80 Color Computer/Arex (1983)(Adventure International).png</image>
    <video>/recalbox/share/videos/Tandy Radio Shack/TRS-80 Color Computer/Arex (1983)(Adventure International).mp4</video>
  </game>
  <game>
    <path>/recalbox/share/rom/zip/trs80coco/Arkanoid (1987)(Tandy)[26-3043].dsk</path>
    <name>Arkanoid (1987)(Tandy)[26-3043]</name>
    <image>/recalbox/share/thumbs2/Tandy Radio Shack/TRS-80 Color Computer/Arkanoid (1987)(Tandy)[26-3043].png</image>
    <video>/recalbox/share/videos/Tandy Radio Shack/TRS-80 Color Computer/Arkanoid (1987)(Tandy)[26-3043].mp4</video>
  </game>
  <game>
    <path>/recalbox/share/rom/zip/trs80coco/Armchair Admiral (1987)(Eversoft Games).dsk</path>
    <name>Armchair Admiral (1987)(Eversoft Games)</name>
    <image>/recalbox/share/thumbs2/Tandy Radio Shack/TRS-80 Color Computer/Armchair Admiral (1987)(Eversoft Games).png</image>
    <video>/recalbox/share/videos/Tandy Radio Shack/TRS-80 Color Computer/Armchair Admiral (1987)(Eversoft Games).mp4</video>
  </game>
  <game>
    <path>/recalbox/share/rom/zip/trs80coco/Asimov Awards (2006)(-).dsk</path>
    <name>Asimov Awards (2006)(-)</name>
    <image>/recalbox/share/thumbs2/Tandy Radio Shack/TRS-80 Color Computer/Asimov Awards (2006)(-).png</image>
    <video>/recalbox/share/videos/Tandy Radio Shack/TRS-80 Color Computer/Asimov Awards (2006)(-).mp4</video>
  </game>
  <game>
    <path>/recalbox/share/rom/zip/trs80coco/Asimov Awards (2007)(-).dsk</path>
    <name>Asimov Awards (2007)(-)</name>
    <image>/recalbox/share/thumbs2/Tandy Radio Shack/TRS-80 Color Computer/Asimov Awards (2007)(-).png</image>
    <video>/recalbox/share/videos/Tandy Radio Shack/TRS-80 Color Computer/Asimov Awards (2007)(-).mp4</video>
  </game>
  <game>
    <path>/recalbox/share/rom/zip/trs80coco/Atom (1983)(Tandy)[26-3149].dsk</path>
    <name>Atom (1983)(Tandy)[26-3149]</name>
    <image>/recalbox/share/thumbs2/Tandy Radio Shack/TRS-80 Color Computer/Atom (1983)(Tandy)[26-3149].png</image>
    <video>/recalbox/share/videos/Tandy Radio Shack/TRS-80 Color Computer/Atom (1983)(Tandy)[26-3149].mp4</video>
  </game>
  <game>
    <path>/recalbox/share/rom/zip/trs80coco/BagitMan (1983)(Aardvark).dsk</path>
    <name>BagitMan (1983)(Aardvark)</name>
    <image>/recalbox/share/thumbs2/Tandy Radio Shack/TRS-80 Color Computer/BagitMan (1983)(Aardvark).png</image>
    <video>/recalbox/share/videos/Tandy Radio Shack/TRS-80 Color Computer/BagitMan (1983)(Aardvark).mp4</video>
  </game>
  <game>
    <path>/recalbox/share/rom/zip/trs80coco/Barbarian Quest (1990)(Sportsware)(Disk 1 of 2).dsk</path>
    <name>Barbarian Quest (1990)(Sportsware)(Disk 1 of 2)</name>
    <image>/recalbox/share/thumbs2/Tandy Radio Shack/TRS-80 Color Computer/Barbarian Quest (1990)(Sportsware)(Disk 1 of 2).png</image>
    <video>/recalbox/share/videos/Tandy Radio Shack/TRS-80 Color Computer/Barbarian Quest (1990)(Sportsware)(Disk 1 of 2).mp4</video>
  </game>
  <game>
    <path>/recalbox/share/rom/zip/trs80coco/Barbarian Quest (1990)(Sportsware)(Disk 2 of 2).dsk</path>
    <name>Barbarian Quest (1990)(Sportsware)(Disk 2 of 2)</name>
    <image>/recalbox/share/thumbs2/Tandy Radio Shack/TRS-80 Color Computer/Barbarian Quest (1990)(Sportsware)(Disk 2 of 2).png</image>
    <video>/recalbox/share/videos/Tandy Radio Shack/TRS-80 Color Computer/Barbarian Quest (1990)(Sportsware)(Disk 2 of 2).mp4</video>
  </game>
  <game>
    <path>/recalbox/share/rom/zip/trs80coco/Bedlam (1982)(Tandy)[26-3312].dsk</path>
    <name>Bedlam (1982)(Tandy)[26-3312]</name>
    <image>/recalbox/share/thumbs2/Tandy Radio Shack/TRS-80 Color Computer/Bedlam (1982)(Tandy)[26-3312].png</image>
    <video>/recalbox/share/videos/Tandy Radio Shack/TRS-80 Color Computer/Bedlam (1982)(Tandy)[26-3312].mp4</video>
  </game>
  <game>
    <path>/recalbox/share/rom/zip/trs80coco/Bingo Math (1983)(Tandy)[26-3150].dsk</path>
    <name>Bingo Math (1983)(Tandy)[26-3150]</name>
    <image>/recalbox/share/thumbs2/Tandy Radio Shack/TRS-80 Color Computer/Bingo Math (1983)(Tandy)[26-3150].png</image>
    <video>/recalbox/share/videos/Tandy Radio Shack/TRS-80 Color Computer/Bingo Math (1983)(Tandy)[26-3150].mp4</video>
  </game>
  <game>
    <path>/recalbox/share/rom/zip/trs80coco/Blackbeard&apos;s Island (1984)(Tom Mix Software).dsk</path>
    <name>Blackbeard&apos;s Island (1984)(Tom Mix Software)</name>
    <image>/recalbox/share/thumbs2/Tandy Radio Shack/TRS-80 Color Computer/Blackbeard&apos;s Island (1984)(Tom Mix Software).png</image>
    <video>/recalbox/share/videos/Tandy Radio Shack/TRS-80 Color Computer/Blackbeard&apos;s Island (1984)(Tom Mix Software).mp4</video>
  </game>
  <game>
    <path>/recalbox/share/rom/zip/trs80coco/Blochead (1983)(Computerware).dsk</path>
    <name>Blochead (1983)(Computerware)</name>
    <image>/recalbox/share/thumbs2/Tandy Radio Shack/TRS-80 Color Computer/Blochead (1983)(Computerware).png</image>
    <video>/recalbox/share/videos/Tandy Radio Shack/TRS-80 Color Computer/Blochead (1983)(Computerware).mp4</video>
  </game>
  <game>
    <path>/recalbox/share/rom/zip/trs80coco/Bridge Tutor I (1983)(Tandy)[26-3158].dsk</path>
    <name>Bridge Tutor I (1983)(Tandy)[26-3158]</name>
    <image>/recalbox/share/thumbs2/Tandy Radio Shack/TRS-80 Color Computer/Bridge Tutor I (1983)(Tandy)[26-3158].png</image>
    <video>/recalbox/share/videos/Tandy Radio Shack/TRS-80 Color Computer/Bridge Tutor I (1983)(Tandy)[26-3158].mp4</video>
  </game>
  <game>
    <path>/recalbox/share/rom/zip/trs80coco/Caladuril - Flame of Light (1987)(Diecom Products).dsk</path>
    <name>Caladuril - Flame of Light (1987)(Diecom Products)</name>
    <image>/recalbox/share/thumbs2/Tandy Radio Shack/TRS-80 Color Computer/Caladuril - Flame of Light (1987)(Diecom Products).png</image>
    <video>/recalbox/share/videos/Tandy Radio Shack/TRS-80 Color Computer/Caladuril - Flame of Light (1987)(Diecom Products).mp4</video>
  </game>
  <game>
    <path>/recalbox/share/rom/zip/trs80coco/Caladuril 2 - Weatherstone&apos;s End (1988)(Diacom Products)(Disk 1 of 2).dsk</path>
    <name>Caladuril 2 - Weatherstone&apos;s End (1988)(Diacom Products)(Disk 1 of 2)</name>
    <image>/recalbox/share/thumbs2/Tandy Radio Shack/TRS-80 Color Computer/Caladuril 2 - Weatherstone&apos;s End (1988)(Diacom Products)(Disk 1 of 2).png</image>
    <video>/recalbox/share/videos/Tandy Radio Shack/TRS-80 Color Computer/Caladuril 2 - Weatherstone&apos;s End (1988)(Diacom Products)(Disk 1 of 2).mp4</video>
  </game>
  <game>
    <path>/recalbox/share/rom/zip/trs80coco/Caladuril 2 - Weatherstone&apos;s End (1988)(Diacom Products)(Disk 2 of 2).dsk</path>
    <name>Caladuril 2 - Weatherstone&apos;s End (1988)(Diacom Products)(Disk 2 of 2)</name>
    <image>/recalbox/share/thumbs2/Tandy Radio Shack/TRS-80 Color Computer/Caladuril 2 - Weatherstone&apos;s End (1988)(Diacom Products)(Disk 2 of 2).png</image>
    <video>/recalbox/share/videos/Tandy Radio Shack/TRS-80 Color Computer/Caladuril 2 - Weatherstone&apos;s End (1988)(Diacom Products)(Disk 2 of 2).mp4</video>
  </game>
  <game>
    <path>/recalbox/share/rom/zip/trs80coco/Canyon Climber (1982)(Tandy)[26-3089].dsk</path>
    <name>Canyon Climber (1982)(Tandy)[26-3089]</name>
    <image>/recalbox/share/thumbs2/Tandy Radio Shack/TRS-80 Color Computer/Canyon Climber (1982)(Tandy)[26-3089].png</image>
    <video>/recalbox/share/videos/Tandy Radio Shack/TRS-80 Color Computer/Canyon Climber (1982)(Tandy)[26-3089].mp4</video>
  </game>
  <game>
    <path>/recalbox/share/rom/zip/trs80coco/Cashman (1983)(Computer Shack).dsk</path>
    <name>Cashman (1983)(Computer Shack)</name>
    <image>/recalbox/share/thumbs2/Tandy Radio Shack/TRS-80 Color Computer/Cashman (1983)(Computer Shack).png</image>
    <video>/recalbox/share/videos/Tandy Radio Shack/TRS-80 Color Computer/Cashman (1983)(Computer Shack).mp4</video>
  </game>
  <game>
    <path>/recalbox/share/rom/zip/trs80coco/Castle Guard (1982)(Tandy)[26-3079].dsk</path>
    <name>Castle Guard (1982)(Tandy)[26-3079]</name>
    <image>/recalbox/share/thumbs2/Tandy Radio Shack/TRS-80 Color Computer/Castle Guard (1982)(Tandy)[26-3079].png</image>
    <video>/recalbox/share/videos/Tandy Radio Shack/TRS-80 Color Computer/Castle Guard (1982)(Tandy)[26-3079].mp4</video>
  </game>
  <game>
    <path>/recalbox/share/rom/zip/trs80coco/Catalyst (1983)(Computer Shack).dsk</path>
    <name>Catalyst (1983)(Computer Shack)</name>
    <image>/recalbox/share/thumbs2/Tandy Radio Shack/TRS-80 Color Computer/Catalyst (1983)(Computer Shack).png</image>
    <video>/recalbox/share/videos/Tandy Radio Shack/TRS-80 Color Computer/Catalyst (1983)(Computer Shack).mp4</video>
  </game>
  <game>
    <path>/recalbox/share/rom/zip/trs80coco/Catch &apos;Em (1982)(Aardvark).dsk</path>
    <name>Catch &apos;Em (1982)(Aardvark)</name>
    <image>/recalbox/share/thumbs2/Tandy Radio Shack/TRS-80 Color Computer/Catch &apos;Em (1982)(Aardvark).png</image>
    <video>/recalbox/share/videos/Tandy Radio Shack/TRS-80 Color Computer/Catch &apos;Em (1982)(Aardvark).mp4</video>
  </game>
  <game>
    <path>/recalbox/share/rom/zip/trs80coco/Cave Walker (1986)(Spectral Associates).dsk</path>
    <name>Cave Walker (1986)(Spectral Associates)</name>
    <image>/recalbox/share/thumbs2/Tandy Radio Shack/TRS-80 Color Computer/Cave Walker (1986)(Spectral Associates).png</image>
    <video>/recalbox/share/videos/Tandy Radio Shack/TRS-80 Color Computer/Cave Walker (1986)(Spectral Associates).mp4</video>
  </game>
  <game>
    <path>/recalbox/share/rom/zip/trs80coco/Cave Walker (1987)(Tandy)[26-3246].dsk</path>
    <name>Cave Walker (1987)(Tandy)[26-3246]</name>
    <image>/recalbox/share/thumbs2/Tandy Radio Shack/TRS-80 Color Computer/Cave Walker (1987)(Tandy)[26-3246].png</image>
    <video>/recalbox/share/videos/Tandy Radio Shack/TRS-80 Color Computer/Cave Walker (1987)(Tandy)[26-3246].mp4</video>
  </game>
  <game>
    <path>/recalbox/share/rom/zip/trs80coco/Caves of the Unwashed Heathen (2000)(Schoemaker, Paul)(Disk 1 of 2).dsk</path>
    <name>Caves of the Unwashed Heathen (2000)(Schoemaker, Paul)(Disk 1 of 2)</name>
    <image>/recalbox/share/thumbs2/Tandy Radio Shack/TRS-80 Color Computer/Caves of the Unwashed Heathen (2000)(Schoemaker, Paul)(Disk 1 of 2).png</image>
    <video>/recalbox/share/videos/Tandy Radio Shack/TRS-80 Color Computer/Caves of the Unwashed Heathen (2000)(Schoemaker, Paul)(Disk 1 of 2).mp4</video>
  </game>
  <game>
    <path>/recalbox/share/rom/zip/trs80coco/Caves of the Unwashed Heathen (2000)(Schoemaker, Paul)(Disk 1 of 3)[coco3].dsk</path>
    <name>Caves of the Unwashed Heathen (2000)(Schoemaker, Paul)(Disk 1 of 3)[coco3]</name>
    <image>/recalbox/share/thumbs2/Tandy Radio Shack/TRS-80 Color Computer/Caves of the Unwashed Heathen (2000)(Schoemaker, Paul)(Disk 1 of 3)[coco3].png</image>
    <video>/recalbox/share/videos/Tandy Radio Shack/TRS-80 Color Computer/Caves of the Unwashed Heathen (2000)(Schoemaker, Paul)(Disk 1 of 3)[coco3].mp4</video>
  </game>
  <game>
    <path>/recalbox/share/rom/zip/trs80coco/Caves of the Unwashed Heathen (2000)(Schoemaker, Paul)(Disk 2 of 2).dsk</path>
    <name>Caves of the Unwashed Heathen (2000)(Schoemaker, Paul)(Disk 2 of 2)</name>
    <image>/recalbox/share/thumbs2/Tandy Radio Shack/TRS-80 Color Computer/Caves of the Unwashed Heathen (2000)(Schoemaker, Paul)(Disk 2 of 2).png</image>
    <video>/recalbox/share/videos/Tandy Radio Shack/TRS-80 Color Computer/Caves of the Unwashed Heathen (2000)(Schoemaker, Paul)(Disk 2 of 2).mp4</video>
  </game>
  <game>
    <path>/recalbox/share/rom/zip/trs80coco/Caves of the Unwashed Heathen (2000)(Schoemaker, Paul)(Disk 2 of 3)[coco3].dsk</path>
    <name>Caves of the Unwashed Heathen (2000)(Schoemaker, Paul)(Disk 2 of 3)[coco3]</name>
    <image>/recalbox/share/thumbs2/Tandy Radio Shack/TRS-80 Color Computer/Caves of the Unwashed Heathen (2000)(Schoemaker, Paul)(Disk 2 of 3)[coco3].png</image>
    <video>/recalbox/share/videos/Tandy Radio Shack/TRS-80 Color Computer/Caves of the Unwashed Heathen (2000)(Schoemaker, Paul)(Disk 2 of 3)[coco3].mp4</video>
  </game>
  <game>
    <path>/recalbox/share/rom/zip/trs80coco/Caves of the Unwashed Heathen (2000)(Schoemaker, Paul)(Disk 3 of 3)[coco3].dsk</path>
    <name>Caves of the Unwashed Heathen (2000)(Schoemaker, Paul)(Disk 3 of 3)[coco3]</name>
    <image>/recalbox/share/thumbs2/Tandy Radio Shack/TRS-80 Color Computer/Caves of the Unwashed Heathen (2000)(Schoemaker, Paul)(Disk 3 of 3)[coco3].png</image>
    <video>/recalbox/share/videos/Tandy Radio Shack/TRS-80 Color Computer/Caves of the Unwashed Heathen (2000)(Schoemaker, Paul)(Disk 3 of 3)[coco3].mp4</video>
  </game>
  <game>
    <path>/recalbox/share/rom/zip/trs80coco/Chamelion (1982)(Computerware).dsk</path>
    <name>Chamelion (1982)(Computerware)</name>
    <image>/recalbox/share/thumbs2/Tandy Radio Shack/TRS-80 Color Computer/Chamelion (1982)(Computerware).png</image>
    <video>/recalbox/share/videos/Tandy Radio Shack/TRS-80 Color Computer/Chamelion (1982)(Computerware).mp4</video>
  </game>
  <game>
    <path>/recalbox/share/rom/zip/trs80coco/Checker King (1980)(Tandy)[26-3055].dsk</path>
    <name>Checker King (1980)(Tandy)[26-3055]</name>
    <image>/recalbox/share/thumbs2/Tandy Radio Shack/TRS-80 Color Computer/Checker King (1980)(Tandy)[26-3055].png</image>
    <video>/recalbox/share/videos/Tandy Radio Shack/TRS-80 Color Computer/Checker King (1980)(Tandy)[26-3055].mp4</video>
  </game>
  <game>
    <path>/recalbox/share/rom/zip/trs80coco/Checkers (1986)(Young, Richard).dsk</path>
    <name>Checkers (1986)(Young, Richard)</name>
    <image>/recalbox/share/thumbs2/Tandy Radio Shack/TRS-80 Color Computer/Checkers (1986)(Young, Richard).png</image>
    <video>/recalbox/share/videos/Tandy Radio Shack/TRS-80 Color Computer/Checkers (1986)(Young, Richard).mp4</video>
  </game>
  <game>
    <path>/recalbox/share/rom/zip/trs80coco/Chess (1980)(Tandy)[26-3050].dsk</path>
    <name>Chess (1980)(Tandy)[26-3050]</name>
    <image>/recalbox/share/thumbs2/Tandy Radio Shack/TRS-80 Color Computer/Chess (1980)(Tandy)[26-3050].png</image>
    <video>/recalbox/share/videos/Tandy Radio Shack/TRS-80 Color Computer/Chess (1980)(Tandy)[26-3050].mp4</video>
  </game>
  <game>
    <path>/recalbox/share/rom/zip/trs80coco/Chess (1986)(Young, Richard).dsk</path>
    <name>Chess (1986)(Young, Richard)</name>
    <image>/recalbox/share/thumbs2/Tandy Radio Shack/TRS-80 Color Computer/Chess (1986)(Young, Richard).png</image>
    <video>/recalbox/share/videos/Tandy Radio Shack/TRS-80 Color Computer/Chess (1986)(Young, Richard).mp4</video>
  </game>
  <game>
    <path>/recalbox/share/rom/zip/trs80coco/Chessd (1984)(Software Dynamic).dsk</path>
    <name>Chessd (1984)(Software Dynamic)</name>
    <image>/recalbox/share/thumbs2/Tandy Radio Shack/TRS-80 Color Computer/Chessd (1984)(Software Dynamic).png</image>
    <video>/recalbox/share/videos/Tandy Radio Shack/TRS-80 Color Computer/Chessd (1984)(Software Dynamic).mp4</video>
  </game>
  <game>
    <path>/recalbox/share/rom/zip/trs80coco/Chopper Strike (1983)(Computer Shack).dsk</path>
    <name>Chopper Strike (1983)(Computer Shack)</name>
    <image>/recalbox/share/thumbs2/Tandy Radio Shack/TRS-80 Color Computer/Chopper Strike (1983)(Computer Shack).png</image>
    <video>/recalbox/share/videos/Tandy Radio Shack/TRS-80 Color Computer/Chopper Strike (1983)(Computer Shack).mp4</video>
  </game>
  <game>
    <path>/recalbox/share/rom/zip/trs80coco/Classic Solitaire (198x)(Eversoft Games).dsk</path>
    <name>Classic Solitaire (198x)(Eversoft Games)</name>
    <image>/recalbox/share/thumbs2/Tandy Radio Shack/TRS-80 Color Computer/Classic Solitaire (198x)(Eversoft Games).png</image>
    <video>/recalbox/share/videos/Tandy Radio Shack/TRS-80 Color Computer/Classic Solitaire (198x)(Eversoft Games).mp4</video>
  </game>
  <game>
    <path>/recalbox/share/rom/zip/trs80coco/Clowns &amp; Balloons (1982)(Tandy)[26-3087].dsk</path>
    <name>Clowns &amp; Balloons (1982)(Tandy)[26-3087]</name>
    <image>/recalbox/share/thumbs2/Tandy Radio Shack/TRS-80 Color Computer/Clowns &amp; Balloons (1982)(Tandy)[26-3087].png</image>
    <video>/recalbox/share/videos/Tandy Radio Shack/TRS-80 Color Computer/Clowns &amp; Balloons (1982)(Tandy)[26-3087].mp4</video>
  </game>
  <game>
    <path>/recalbox/share/rom/zip/trs80coco/CoCoBan (2022-11-06)(Mad Lab Productions - Red Beard).dsk</path>
    <name>CoCoBan (2022-11-06)(Mad Lab Productions - Red Beard)</name>
    <image>/recalbox/share/thumbs2/Tandy Radio Shack/TRS-80 Color Computer/CoCoBan (2022-11-06)(Mad Lab Productions - Red Beard).png</image>
    <video>/recalbox/share/videos/Tandy Radio Shack/TRS-80 Color Computer/CoCoBan (2022-11-06)(Mad Lab Productions - Red Beard).mp4</video>
  </game>
  <game>
    <path>/recalbox/share/rom/zip/trs80coco/CoCoPRO! Solitaire (1992)(DNM Enterprises).dsk</path>
    <name>CoCoPRO! Solitaire (1992)(DNM Enterprises)</name>
    <image>/recalbox/share/thumbs2/Tandy Radio Shack/TRS-80 Color Computer/CoCoPRO! Solitaire (1992)(DNM Enterprises).png</image>
    <video>/recalbox/share/videos/Tandy Radio Shack/TRS-80 Color Computer/CoCoPRO! Solitaire (1992)(DNM Enterprises).mp4</video>
  </game>
  <game>
    <path>/recalbox/share/rom/zip/trs80coco/Color Backgammon (1980)(Tandy)[26-3059].dsk</path>
    <name>Color Backgammon (1980)(Tandy)[26-3059]</name>
    <image>/recalbox/share/thumbs2/Tandy Radio Shack/TRS-80 Color Computer/Color Backgammon (1980)(Tandy)[26-3059].png</image>
    <video>/recalbox/share/videos/Tandy Radio Shack/TRS-80 Color Computer/Color Backgammon (1980)(Tandy)[26-3059].mp4</video>
  </game>
  <game>
    <path>/recalbox/share/rom/zip/trs80coco/Color Computer Clue (1994)(LDG Free Software)[coco3].dsk</path>
    <name>Color Computer Clue (1994)(LDG Free Software)[coco3]</name>
    <image>/recalbox/share/thumbs2/Tandy Radio Shack/TRS-80 Color Computer/Color Computer Clue (1994)(LDG Free Software)[coco3].png</image>
    <video>/recalbox/share/videos/Tandy Radio Shack/TRS-80 Color Computer/Color Computer Clue (1994)(LDG Free Software)[coco3].mp4</video>
  </game>
  <game>
    <path>/recalbox/share/rom/zip/trs80coco/Color Cubes (1981)(Tandy)[26-3075].dsk</path>
    <name>Color Cubes (1981)(Tandy)[26-3075]</name>
    <image>/recalbox/share/thumbs2/Tandy Radio Shack/TRS-80 Color Computer/Color Cubes (1981)(Tandy)[26-3075].png</image>
    <video>/recalbox/share/videos/Tandy Radio Shack/TRS-80 Color Computer/Color Cubes (1981)(Tandy)[26-3075].mp4</video>
  </game>
  <game>
    <path>/recalbox/share/rom/zip/trs80coco/Color Invaders (1981)(Computerware).dsk</path>
    <name>Color Invaders (1981)(Computerware)</name>
    <image>/recalbox/share/thumbs2/Tandy Radio Shack/TRS-80 Color Computer/Color Invaders (1981)(Computerware).png</image>
    <video>/recalbox/share/videos/Tandy Radio Shack/TRS-80 Color Computer/Color Invaders (1981)(Computerware).mp4</video>
  </game>
  <game>
    <path>/recalbox/share/rom/zip/trs80coco/Color Outhouse (1983)(Computer Shack).dsk</path>
    <name>Color Outhouse (1983)(Computer Shack)</name>
    <image>/recalbox/share/thumbs2/Tandy Radio Shack/TRS-80 Color Computer/Color Outhouse (1983)(Computer Shack).png</image>
    <video>/recalbox/share/videos/Tandy Radio Shack/TRS-80 Color Computer/Color Outhouse (1983)(Computer Shack).mp4</video>
  </game>
  <game>
    <path>/recalbox/share/rom/zip/trs80coco/Colorbowl Football (1982)(Computerware).dsk</path>
    <name>Colorbowl Football (1982)(Computerware)</name>
    <image>/recalbox/share/thumbs2/Tandy Radio Shack/TRS-80 Color Computer/Colorbowl Football (1982)(Computerware).png</image>
    <video>/recalbox/share/videos/Tandy Radio Shack/TRS-80 Color Computer/Colorbowl Football (1982)(Computerware).mp4</video>
  </game>
  <game>
    <path>/recalbox/share/rom/zip/trs80coco/Conquering Armies (1988)(Mitchell Software).dsk</path>
    <name>Conquering Armies (1988)(Mitchell Software)</name>
    <image>/recalbox/share/thumbs2/Tandy Radio Shack/TRS-80 Color Computer/Conquering Armies (1988)(Mitchell Software).png</image>
    <video>/recalbox/share/videos/Tandy Radio Shack/TRS-80 Color Computer/Conquering Armies (1988)(Mitchell Software).mp4</video>
  </game>
  <game>
    <path>/recalbox/share/rom/zip/trs80coco/Cross Bomber (2020-08-26)(Caruso, Fabrizio).dsk</path>
    <name>Cross Bomber (2020-08-26)(Caruso, Fabrizio)</name>
    <image>/recalbox/share/thumbs2/Tandy Radio Shack/TRS-80 Color Computer/Cross Bomber (2020-08-26)(Caruso, Fabrizio).png</image>
    <video>/recalbox/share/videos/Tandy Radio Shack/TRS-80 Color Computer/Cross Bomber (2020-08-26)(Caruso, Fabrizio).mp4</video>
  </game>
  <game>
    <path>/recalbox/share/rom/zip/trs80coco/Cross Bomber (2021-05-13)(Caruso, Fabrizio).dsk</path>
    <name>Cross Bomber (2021-05-13)(Caruso, Fabrizio)</name>
    <image>/recalbox/share/thumbs2/Tandy Radio Shack/TRS-80 Color Computer/Cross Bomber (2021-05-13)(Caruso, Fabrizio).png</image>
    <video>/recalbox/share/videos/Tandy Radio Shack/TRS-80 Color Computer/Cross Bomber (2021-05-13)(Caruso, Fabrizio).mp4</video>
  </game>
  <game>
    <path>/recalbox/share/rom/zip/trs80coco/Cross Chase (2020-04-02)(Caruso, Fabrizio).dsk</path>
    <name>Cross Chase (2020-04-02)(Caruso, Fabrizio)</name>
    <image>/recalbox/share/thumbs2/Tandy Radio Shack/TRS-80 Color Computer/Cross Chase (2020-04-02)(Caruso, Fabrizio).png</image>
    <video>/recalbox/share/videos/Tandy Radio Shack/TRS-80 Color Computer/Cross Chase (2020-04-02)(Caruso, Fabrizio).mp4</video>
  </game>
  <game>
    <path>/recalbox/share/rom/zip/trs80coco/Cross Chase (2021-05-13)(Caruso, Fabrizio).dsk</path>
    <name>Cross Chase (2021-05-13)(Caruso, Fabrizio)</name>
    <image>/recalbox/share/thumbs2/Tandy Radio Shack/TRS-80 Color Computer/Cross Chase (2021-05-13)(Caruso, Fabrizio).png</image>
    <video>/recalbox/share/videos/Tandy Radio Shack/TRS-80 Color Computer/Cross Chase (2021-05-13)(Caruso, Fabrizio).mp4</video>
  </game>
  <game>
    <path>/recalbox/share/rom/zip/trs80coco/Cross Horde (2021-04-16)(Caruso, Fabrizio).dsk</path>
    <name>Cross Horde (2021-04-16)(Caruso, Fabrizio)</name>
    <image>/recalbox/share/thumbs2/Tandy Radio Shack/TRS-80 Color Computer/Cross Horde (2021-04-16)(Caruso, Fabrizio).png</image>
    <video>/recalbox/share/videos/Tandy Radio Shack/TRS-80 Color Computer/Cross Horde (2021-04-16)(Caruso, Fabrizio).mp4</video>
  </game>
  <game>
    <path>/recalbox/share/rom/zip/trs80coco/Cross Horde (2021-04-25)(Caruso, Fabrizio).dsk</path>
    <name>Cross Horde (2021-04-25)(Caruso, Fabrizio)</name>
    <image>/recalbox/share/thumbs2/Tandy Radio Shack/TRS-80 Color Computer/Cross Horde (2021-04-25)(Caruso, Fabrizio).png</image>
    <video>/recalbox/share/videos/Tandy Radio Shack/TRS-80 Color Computer/Cross Horde (2021-04-25)(Caruso, Fabrizio).mp4</video>
  </game>
  <game>
    <path>/recalbox/share/rom/zip/trs80coco/Cross Horde v1.0 (2021-05-01)(Caruso, Fabrizio).dsk</path>
    <name>Cross Horde v1.0 (2021-05-01)(Caruso, Fabrizio)</name>
    <image>/recalbox/share/thumbs2/Tandy Radio Shack/TRS-80 Color Computer/Cross Horde v1.0 (2021-05-01)(Caruso, Fabrizio).png</image>
    <video>/recalbox/share/videos/Tandy Radio Shack/TRS-80 Color Computer/Cross Horde v1.0 (2021-05-01)(Caruso, Fabrizio).mp4</video>
  </game>
  <game>
    <path>/recalbox/share/rom/zip/trs80coco/Cross Snake Preview (2020-12-05)(Caruso, Fabrizio).dsk</path>
    <name>Cross Snake Preview (2020-12-05)(Caruso, Fabrizio)</name>
    <image>/recalbox/share/thumbs2/Tandy Radio Shack/TRS-80 Color Computer/Cross Snake Preview (2020-12-05)(Caruso, Fabrizio).png</image>
    <video>/recalbox/share/videos/Tandy Radio Shack/TRS-80 Color Computer/Cross Snake Preview (2020-12-05)(Caruso, Fabrizio).mp4</video>
  </game>
  <game>
    <path>/recalbox/share/rom/zip/trs80coco/Cross Snake v1.0 (2020-12-12)(Caruso, Fabrizio).dsk</path>
    <name>Cross Snake v1.0 (2020-12-12)(Caruso, Fabrizio)</name>
    <image>/recalbox/share/thumbs2/Tandy Radio Shack/TRS-80 Color Computer/Cross Snake v1.0 (2020-12-12)(Caruso, Fabrizio).png</image>
    <video>/recalbox/share/videos/Tandy Radio Shack/TRS-80 Color Computer/Cross Snake v1.0 (2020-12-12)(Caruso, Fabrizio).mp4</video>
  </game>
  <game>
    <path>/recalbox/share/rom/zip/trs80coco/Cross Snake v2.0 (2020-12-31)(Caruso, Fabrizio).dsk</path>
    <name>Cross Snake v2.0 (2020-12-31)(Caruso, Fabrizio)</name>
    <image>/recalbox/share/thumbs2/Tandy Radio Shack/TRS-80 Color Computer/Cross Snake v2.0 (2020-12-31)(Caruso, Fabrizio).png</image>
    <video>/recalbox/share/videos/Tandy Radio Shack/TRS-80 Color Computer/Cross Snake v2.0 (2020-12-31)(Caruso, Fabrizio).mp4</video>
  </game>
  <game>
    <path>/recalbox/share/rom/zip/trs80coco/Crowley Manor (1983)(Adventure International).dsk</path>
    <name>Crowley Manor (1983)(Adventure International)</name>
    <image>/recalbox/share/thumbs2/Tandy Radio Shack/TRS-80 Color Computer/Crowley Manor (1983)(Adventure International).png</image>
    <video>/recalbox/share/videos/Tandy Radio Shack/TRS-80 Color Computer/Crowley Manor (1983)(Adventure International).mp4</video>
  </game>
  <game>
    <path>/recalbox/share/rom/zip/trs80coco/Cyrus Chess (1982)(Tandy)[26-3064].dsk</path>
    <name>Cyrus Chess (1982)(Tandy)[26-3064]</name>
    <image>/recalbox/share/thumbs2/Tandy Radio Shack/TRS-80 Color Computer/Cyrus Chess (1982)(Tandy)[26-3064].png</image>
    <video>/recalbox/share/videos/Tandy Radio Shack/TRS-80 Color Computer/Cyrus Chess (1982)(Tandy)[26-3064].mp4</video>
  </game>
  <game>
    <path>/recalbox/share/rom/zip/trs80coco/Dallas Quest (1984)(Tandy)[26-3294].dsk</path>
    <name>Dallas Quest (1984)(Tandy)[26-3294]</name>
    <image>/recalbox/share/thumbs2/Tandy Radio Shack/TRS-80 Color Computer/Dallas Quest (1984)(Tandy)[26-3294].png</image>
    <video>/recalbox/share/videos/Tandy Radio Shack/TRS-80 Color Computer/Dallas Quest (1984)(Tandy)[26-3294].mp4</video>
  </game>
  <game>
    <path>/recalbox/share/rom/zip/trs80coco/Demon Attack (1984)(Tandy)[26-3099].dsk</path>
    <name>Demon Attack (1984)(Tandy)[26-3099]</name>
    <image>/recalbox/share/thumbs2/Tandy Radio Shack/TRS-80 Color Computer/Demon Attack (1984)(Tandy)[26-3099].png</image>
    <video>/recalbox/share/videos/Tandy Radio Shack/TRS-80 Color Computer/Demon Attack (1984)(Tandy)[26-3099].mp4</video>
  </game>
  <game>
    <path>/recalbox/share/rom/zip/trs80coco/Desert Patrol (1983)(Arcade Animation).dsk</path>
    <name>Desert Patrol (1983)(Arcade Animation)</name>
    <image>/recalbox/share/thumbs2/Tandy Radio Shack/TRS-80 Color Computer/Desert Patrol (1983)(Arcade Animation).png</image>
    <video>/recalbox/share/videos/Tandy Radio Shack/TRS-80 Color Computer/Desert Patrol (1983)(Arcade Animation).mp4</video>
  </game>
  <game>
    <path>/recalbox/share/rom/zip/trs80coco/Desert Rider (1984)(Tandy)[26-3292].dsk</path>
    <name>Desert Rider (1984)(Tandy)[26-3292]</name>
    <image>/recalbox/share/thumbs2/Tandy Radio Shack/TRS-80 Color Computer/Desert Rider (1984)(Tandy)[26-3292].png</image>
    <video>/recalbox/share/videos/Tandy Radio Shack/TRS-80 Color Computer/Desert Rider (1984)(Tandy)[26-3292].mp4</video>
  </game>
  <game>
    <path>/recalbox/share/rom/zip/trs80coco/Dino Wars (1980)(Tandy)[26-3057].dsk</path>
    <name>Dino Wars (1980)(Tandy)[26-3057]</name>
    <image>/recalbox/share/thumbs2/Tandy Radio Shack/TRS-80 Color Computer/Dino Wars (1980)(Tandy)[26-3057].png</image>
    <video>/recalbox/share/videos/Tandy Radio Shack/TRS-80 Color Computer/Dino Wars (1980)(Tandy)[26-3057].mp4</video>
  </game>
  <game>
    <path>/recalbox/share/rom/zip/trs80coco/Donut Dilemma (1987)(Marentes, Nikolas)[26-9649].dsk</path>
    <name>Donut Dilemma (1987)(Marentes, Nikolas)[26-9649]</name>
    <image>/recalbox/share/thumbs2/Tandy Radio Shack/TRS-80 Color Computer/Donut Dilemma (1987)(Marentes, Nikolas)[26-9649].png</image>
    <video>/recalbox/share/videos/Tandy Radio Shack/TRS-80 Color Computer/Donut Dilemma (1987)(Marentes, Nikolas)[26-9649].mp4</video>
  </game>
  <game>
    <path>/recalbox/share/rom/zip/trs80coco/Doodle Bug (1982)(Computerware).dsk</path>
    <name>Doodle Bug (1982)(Computerware)</name>
    <image>/recalbox/share/thumbs2/Tandy Radio Shack/TRS-80 Color Computer/Doodle Bug (1982)(Computerware).png</image>
    <video>/recalbox/share/videos/Tandy Radio Shack/TRS-80 Color Computer/Doodle Bug (1982)(Computerware).mp4</video>
  </game>
  <game>
    <path>/recalbox/share/rom/zip/trs80coco/Doubleback (1982)(Tandy)[26-3091].dsk</path>
    <name>Doubleback (1982)(Tandy)[26-3091]</name>
    <image>/recalbox/share/thumbs2/Tandy Radio Shack/TRS-80 Color Computer/Doubleback (1982)(Tandy)[26-3091].png</image>
    <video>/recalbox/share/videos/Tandy Radio Shack/TRS-80 Color Computer/Doubleback (1982)(Tandy)[26-3091].mp4</video>
  </game>
  <game>
    <path>/recalbox/share/rom/zip/trs80coco/Downland (1984)(Tandy)[26-3046].dsk</path>
    <name>Downland (1984)(Tandy)[26-3046]</name>
    <image>/recalbox/share/thumbs2/Tandy Radio Shack/TRS-80 Color Computer/Downland (1984)(Tandy)[26-3046].png</image>
    <video>/recalbox/share/videos/Tandy Radio Shack/TRS-80 Color Computer/Downland (1984)(Tandy)[26-3046].mp4</video>
  </game>
  <game>
    <path>/recalbox/share/rom/zip/trs80coco/Dragonfire (1982)(Tandy)[26-3098].dsk</path>
    <name>Dragonfire (1982)(Tandy)[26-3098]</name>
    <image>/recalbox/share/thumbs2/Tandy Radio Shack/TRS-80 Color Computer/Dragonfire (1982)(Tandy)[26-3098].png</image>
    <video>/recalbox/share/videos/Tandy Radio Shack/TRS-80 Color Computer/Dragonfire (1982)(Tandy)[26-3098].mp4</video>
  </game>
  <game>
    <path>/recalbox/share/rom/zip/trs80coco/Earth Quake San Franciso 1906 (1983)(Adventure International).dsk</path>
    <name>Earth Quake San Franciso 1906 (1983)(Adventure International)</name>
    <image>/recalbox/share/thumbs2/Tandy Radio Shack/TRS-80 Color Computer/Earth Quake San Franciso 1906 (1983)(Adventure International).png</image>
    <video>/recalbox/share/videos/Tandy Radio Shack/TRS-80 Color Computer/Earth Quake San Franciso 1906 (1983)(Adventure International).mp4</video>
  </game>
  <game>
    <path>/recalbox/share/rom/zip/trs80coco/El Diablero (1982)(Computerware).dsk</path>
    <name>El Diablero (1982)(Computerware)</name>
    <image>/recalbox/share/thumbs2/Tandy Radio Shack/TRS-80 Color Computer/El Diablero (1982)(Computerware).png</image>
    <video>/recalbox/share/videos/Tandy Radio Shack/TRS-80 Color Computer/El Diablero (1982)(Computerware).mp4</video>
  </game>
  <game>
    <path>/recalbox/share/rom/zip/trs80coco/Eliminator (1983)(Adventure International).dsk</path>
    <name>Eliminator (1983)(Adventure International)</name>
    <image>/recalbox/share/thumbs2/Tandy Radio Shack/TRS-80 Color Computer/Eliminator (1983)(Adventure International).png</image>
    <video>/recalbox/share/videos/Tandy Radio Shack/TRS-80 Color Computer/Eliminator (1983)(Adventure International).mp4</video>
  </game>
  <game>
    <path>/recalbox/share/rom/zip/trs80coco/Fire Copter (1983)(Adventure International).dsk</path>
    <name>Fire Copter (1983)(Adventure International)</name>
    <image>/recalbox/share/thumbs2/Tandy Radio Shack/TRS-80 Color Computer/Fire Copter (1983)(Adventure International).png</image>
    <video>/recalbox/share/videos/Tandy Radio Shack/TRS-80 Color Computer/Fire Copter (1983)(Adventure International).mp4</video>
  </game>
  <game>
    <path>/recalbox/share/rom/zip/trs80coco/Flight Simulator I (1984)(Tandy)[26-3108].dsk</path>
    <name>Flight Simulator I (1984)(Tandy)[26-3108]</name>
    <image>/recalbox/share/thumbs2/Tandy Radio Shack/TRS-80 Color Computer/Flight Simulator I (1984)(Tandy)[26-3108].png</image>
    <video>/recalbox/share/videos/Tandy Radio Shack/TRS-80 Color Computer/Flight Simulator I (1984)(Tandy)[26-3108].mp4</video>
  </game>
  <game>
    <path>/recalbox/share/rom/zip/trs80coco/Flight Simulator II (1987)(SubLOGIC).dsk</path>
    <name>Flight Simulator II (1987)(SubLOGIC)</name>
    <image>/recalbox/share/thumbs2/Tandy Radio Shack/TRS-80 Color Computer/Flight Simulator II (1987)(SubLOGIC).png</image>
    <video>/recalbox/share/videos/Tandy Radio Shack/TRS-80 Color Computer/Flight Simulator II (1987)(SubLOGIC).mp4</video>
  </game>
  <game>
    <path>/recalbox/share/rom/zip/trs80coco/Foodwar (1983)(Arcade Animation).dsk</path>
    <name>Foodwar (1983)(Arcade Animation)</name>
    <image>/recalbox/share/thumbs2/Tandy Radio Shack/TRS-80 Color Computer/Foodwar (1983)(Arcade Animation).png</image>
    <video>/recalbox/share/videos/Tandy Radio Shack/TRS-80 Color Computer/Foodwar (1983)(Arcade Animation).mp4</video>
  </game>
  <game>
    <path>/recalbox/share/rom/zip/trs80coco/Football (1980)(Tandy)[26-3053].dsk</path>
    <name>Football (1980)(Tandy)[26-3053]</name>
    <image>/recalbox/share/thumbs2/Tandy Radio Shack/TRS-80 Color Computer/Football (1980)(Tandy)[26-3053].png</image>
    <video>/recalbox/share/videos/Tandy Radio Shack/TRS-80 Color Computer/Football (1980)(Tandy)[26-3053].mp4</video>
  </game>
  <game>
    <path>/recalbox/share/rom/zip/trs80coco/Force, The (1982)(Anteco Software).dsk</path>
    <name>Force, The (1982)(Anteco Software)</name>
    <image>/recalbox/share/thumbs2/Tandy Radio Shack/TRS-80 Color Computer/Force, The (1982)(Anteco Software).png</image>
    <video>/recalbox/share/videos/Tandy Radio Shack/TRS-80 Color Computer/Force, The (1982)(Anteco Software).mp4</video>
  </game>
  <game>
    <path>/recalbox/share/rom/zip/trs80coco/Fury (1983)(Computer Shack).dsk</path>
    <name>Fury (1983)(Computer Shack)</name>
    <image>/recalbox/share/thumbs2/Tandy Radio Shack/TRS-80 Color Computer/Fury (1983)(Computer Shack).png</image>
    <video>/recalbox/share/videos/Tandy Radio Shack/TRS-80 Color Computer/Fury (1983)(Computer Shack).mp4</video>
  </game>
  <game>
    <path>/recalbox/share/rom/zip/trs80coco/Ghana Bwana (1984)(Tandy)[26-3293].dsk</path>
    <name>Ghana Bwana (1984)(Tandy)[26-3293]</name>
    <image>/recalbox/share/thumbs2/Tandy Radio Shack/TRS-80 Color Computer/Ghana Bwana (1984)(Tandy)[26-3293].png</image>
    <video>/recalbox/share/videos/Tandy Radio Shack/TRS-80 Color Computer/Ghana Bwana (1984)(Tandy)[26-3293].mp4</video>
  </game>
  <game>
    <path>/recalbox/share/rom/zip/trs80coco/Ghana Bwana (1985)(Tandy)[26-3293].dsk</path>
    <name>Ghana Bwana (1985)(Tandy)[26-3293]</name>
    <image>/recalbox/share/thumbs2/Tandy Radio Shack/TRS-80 Color Computer/Ghana Bwana (1985)(Tandy)[26-3293].png</image>
    <video>/recalbox/share/videos/Tandy Radio Shack/TRS-80 Color Computer/Ghana Bwana (1985)(Tandy)[26-3293].mp4</video>
  </game>
  <game>
    <path>/recalbox/share/rom/zip/trs80coco/Gin Champion (1982)(Tandy)[26-3083].dsk</path>
    <name>Gin Champion (1982)(Tandy)[26-3083]</name>
    <image>/recalbox/share/thumbs2/Tandy Radio Shack/TRS-80 Color Computer/Gin Champion (1982)(Tandy)[26-3083].png</image>
    <video>/recalbox/share/videos/Tandy Radio Shack/TRS-80 Color Computer/Gin Champion (1982)(Tandy)[26-3083].mp4</video>
  </game>
  <game>
    <path>/recalbox/share/rom/zip/trs80coco/Gomoku-Renju (1983)(Tandy)[26-3069].dsk</path>
    <name>Gomoku-Renju (1983)(Tandy)[26-3069]</name>
    <image>/recalbox/share/thumbs2/Tandy Radio Shack/TRS-80 Color Computer/Gomoku-Renju (1983)(Tandy)[26-3069].png</image>
    <video>/recalbox/share/videos/Tandy Radio Shack/TRS-80 Color Computer/Gomoku-Renju (1983)(Tandy)[26-3069].mp4</video>
  </game>
  <game>
    <path>/recalbox/share/rom/zip/trs80coco/Graphic Mars (1984)(Aardvark).dsk</path>
    <name>Graphic Mars (1984)(Aardvark)</name>
    <image>/recalbox/share/thumbs2/Tandy Radio Shack/TRS-80 Color Computer/Graphic Mars (1984)(Aardvark).png</image>
    <video>/recalbox/share/videos/Tandy Radio Shack/TRS-80 Color Computer/Graphic Mars (1984)(Aardvark).mp4</video>
  </game>
  <game>
    <path>/recalbox/share/rom/zip/trs80coco/Graphic Pyramid (1984)(Aardvark).dsk</path>
    <name>Graphic Pyramid (1984)(Aardvark)</name>
    <image>/recalbox/share/thumbs2/Tandy Radio Shack/TRS-80 Color Computer/Graphic Pyramid (1984)(Aardvark).png</image>
    <video>/recalbox/share/videos/Tandy Radio Shack/TRS-80 Color Computer/Graphic Pyramid (1984)(Aardvark).mp4</video>
  </game>
  <game>
    <path>/recalbox/share/rom/zip/trs80coco/Hibernated 1 Director&apos;s Cut r10 (2021-12-27)(Puddle Soft).dsk</path>
    <name>Hibernated 1 Director&apos;s Cut r10 (2021-12-27)(Puddle Soft)</name>
    <image>/recalbox/share/thumbs2/Tandy Radio Shack/TRS-80 Color Computer/Hibernated 1 Director&apos;s Cut r10 (2021-12-27)(Puddle Soft).png</image>
    <video>/recalbox/share/videos/Tandy Radio Shack/TRS-80 Color Computer/Hibernated 1 Director&apos;s Cut r10 (2021-12-27)(Puddle Soft).mp4</video>
  </game>
  <game>
    <path>/recalbox/share/rom/zip/trs80coco/Hibernated 1 Director&apos;s Cut r9 (2021-06-27)(Vogt, Stefan).dsk</path>
    <name>Hibernated 1 Director&apos;s Cut r9 (2021-06-27)(Vogt, Stefan)</name>
    <image>/recalbox/share/thumbs2/Tandy Radio Shack/TRS-80 Color Computer/Hibernated 1 Director&apos;s Cut r9 (2021-06-27)(Vogt, Stefan).png</image>
    <video>/recalbox/share/videos/Tandy Radio Shack/TRS-80 Color Computer/Hibernated 1 Director&apos;s Cut r9 (2021-06-27)(Vogt, Stefan).mp4</video>
  </game>
  <game>
    <path>/recalbox/share/rom/zip/trs80coco/Ice Master (1983)(Arcade Animation).dsk</path>
    <name>Ice Master (1983)(Arcade Animation)</name>
    <image>/recalbox/share/thumbs2/Tandy Radio Shack/TRS-80 Color Computer/Ice Master (1983)(Arcade Animation).png</image>
    <video>/recalbox/share/videos/Tandy Radio Shack/TRS-80 Color Computer/Ice Master (1983)(Arcade Animation).mp4</video>
  </game>
  <game>
    <path>/recalbox/share/rom/zip/trs80coco/Jungle Queen (1983)(2050 Software).dsk</path>
    <name>Jungle Queen (1983)(2050 Software)</name>
    <image>/recalbox/share/thumbs2/Tandy Radio Shack/TRS-80 Color Computer/Jungle Queen (1983)(2050 Software).png</image>
    <video>/recalbox/share/videos/Tandy Radio Shack/TRS-80 Color Computer/Jungle Queen (1983)(2050 Software).mp4</video>
  </game>
  <game>
    <path>/recalbox/share/rom/zip/trs80coco/Klendathu (198x)(Tandy)[26-2567].dsk</path>
    <name>Klendathu (198x)(Tandy)[26-2567]</name>
    <image>/recalbox/share/thumbs2/Tandy Radio Shack/TRS-80 Color Computer/Klendathu (198x)(Tandy)[26-2567].png</image>
    <video>/recalbox/share/videos/Tandy Radio Shack/TRS-80 Color Computer/Klendathu (198x)(Tandy)[26-2567].mp4</video>
  </game>
  <game>
    <path>/recalbox/share/rom/zip/trs80coco/Koronis Rift (1987)(Epyx)[26-3298].dsk</path>
    <name>Koronis Rift (1987)(Epyx)[26-3298]</name>
    <image>/recalbox/share/thumbs2/Tandy Radio Shack/TRS-80 Color Computer/Koronis Rift (1987)(Epyx)[26-3298].png</image>
    <video>/recalbox/share/videos/Tandy Radio Shack/TRS-80 Color Computer/Koronis Rift (1987)(Epyx)[26-3298].mp4</video>
  </game>
  <game>
    <path>/recalbox/share/rom/zip/trs80coco/Labryrinth (1982)(Aardvark).dsk</path>
    <name>Labryrinth (1982)(Aardvark)</name>
    <image>/recalbox/share/thumbs2/Tandy Radio Shack/TRS-80 Color Computer/Labryrinth (1982)(Aardvark).png</image>
    <video>/recalbox/share/videos/Tandy Radio Shack/TRS-80 Color Computer/Labryrinth (1982)(Aardvark).mp4</video>
  </game>
  <game>
    <path>/recalbox/share/rom/zip/trs80coco/Lode Runner v0.5 (2014)(McDougall, Mark)(AU)(beta)[Beta 4.1][colour].dsk</path>
    <name>Lode Runner v0.5 (2014)(McDougall, Mark)(AU)(beta)[Beta 4.1][colour]</name>
    <image>/recalbox/share/thumbs2/Tandy Radio Shack/TRS-80 Color Computer/Lode Runner v0.5 (2014)(McDougall, Mark)(AU)(beta)[Beta 4.1][colour].png</image>
    <video>/recalbox/share/videos/Tandy Radio Shack/TRS-80 Color Computer/Lode Runner v0.5 (2014)(McDougall, Mark)(AU)(beta)[Beta 4.1][colour].mp4</video>
  </game>
  <game>
    <path>/recalbox/share/rom/zip/trs80coco/Lode Runner v0.5 (2014)(McDougall, Mark)(AU)(beta)[Beta 4.1][mono].dsk</path>
    <name>Lode Runner v0.5 (2014)(McDougall, Mark)(AU)(beta)[Beta 4.1][mono]</name>
    <image>/recalbox/share/thumbs2/Tandy Radio Shack/TRS-80 Color Computer/Lode Runner v0.5 (2014)(McDougall, Mark)(AU)(beta)[Beta 4.1][mono].png</image>
    <video>/recalbox/share/videos/Tandy Radio Shack/TRS-80 Color Computer/Lode Runner v0.5 (2014)(McDougall, Mark)(AU)(beta)[Beta 4.1][mono].mp4</video>
  </game>
  <game>
    <path>/recalbox/share/rom/zip/trs80coco/Madness and the Minotaur (1982)(Tandy)[26-3313].dsk</path>
    <name>Madness and the Minotaur (1982)(Tandy)[26-3313]</name>
    <image>/recalbox/share/thumbs2/Tandy Radio Shack/TRS-80 Color Computer/Madness and the Minotaur (1982)(Tandy)[26-3313].png</image>
    <video>/recalbox/share/videos/Tandy Radio Shack/TRS-80 Color Computer/Madness and the Minotaur (1982)(Tandy)[26-3313].mp4</video>
  </game>
  <game>
    <path>/recalbox/share/rom/zip/trs80coco/Marathon (1983)(Afabear Software).dsk</path>
    <name>Marathon (1983)(Afabear Software)</name>
    <image>/recalbox/share/thumbs2/Tandy Radio Shack/TRS-80 Color Computer/Marathon (1983)(Afabear Software).png</image>
    <video>/recalbox/share/videos/Tandy Radio Shack/TRS-80 Color Computer/Marathon (1983)(Afabear Software).mp4</video>
  </game>
  <game>
    <path>/recalbox/share/rom/zip/trs80coco/Microbes (1981)(Tandy)[26-3085].dsk</path>
    <name>Microbes (1981)(Tandy)[26-3085]</name>
    <image>/recalbox/share/thumbs2/Tandy Radio Shack/TRS-80 Color Computer/Microbes (1981)(Tandy)[26-3085].png</image>
    <video>/recalbox/share/videos/Tandy Radio Shack/TRS-80 Color Computer/Microbes (1981)(Tandy)[26-3085].mp4</video>
  </game>
  <game>
    <path>/recalbox/share/rom/zip/trs80coco/Midway (1982)(Avalon Hill).dsk</path>
    <name>Midway (1982)(Avalon Hill)</name>
    <image>/recalbox/share/thumbs2/Tandy Radio Shack/TRS-80 Color Computer/Midway (1982)(Avalon Hill).png</image>
    <video>/recalbox/share/videos/Tandy Radio Shack/TRS-80 Color Computer/Midway (1982)(Avalon Hill).mp4</video>
  </game>
  <game>
    <path>/recalbox/share/rom/zip/trs80coco/Mind-Roll (1989)(Tandy)[26-3100].dsk</path>
    <name>Mind-Roll (1989)(Tandy)[26-3100]</name>
    <image>/recalbox/share/thumbs2/Tandy Radio Shack/TRS-80 Color Computer/Mind-Roll (1989)(Tandy)[26-3100].png</image>
    <video>/recalbox/share/videos/Tandy Radio Shack/TRS-80 Color Computer/Mind-Roll (1989)(Tandy)[26-3100].mp4</video>
  </game>
  <game>
    <path>/recalbox/share/rom/zip/trs80coco/Monster Maze (1981)(Tandy)[26-3081].dsk</path>
    <name>Monster Maze (1981)(Tandy)[26-3081]</name>
    <image>/recalbox/share/thumbs2/Tandy Radio Shack/TRS-80 Color Computer/Monster Maze (1981)(Tandy)[26-3081].png</image>
    <video>/recalbox/share/videos/Tandy Radio Shack/TRS-80 Color Computer/Monster Maze (1981)(Tandy)[26-3081].mp4</video>
  </game>
  <game>
    <path>/recalbox/share/rom/zip/trs80coco/Mt Doom (1983)(Adventure International).dsk</path>
    <name>Mt Doom (1983)(Adventure International)</name>
    <image>/recalbox/share/thumbs2/Tandy Radio Shack/TRS-80 Color Computer/Mt Doom (1983)(Adventure International).png</image>
    <video>/recalbox/share/videos/Tandy Radio Shack/TRS-80 Color Computer/Mt Doom (1983)(Adventure International).mp4</video>
  </game>
  <game>
    <path>/recalbox/share/rom/zip/trs80coco/One On One (1983)(Tandy)[26-3288].dsk</path>
    <name>One On One (1983)(Tandy)[26-3288]</name>
    <image>/recalbox/share/thumbs2/Tandy Radio Shack/TRS-80 Color Computer/One On One (1983)(Tandy)[26-3288].png</image>
    <video>/recalbox/share/videos/Tandy Radio Shack/TRS-80 Color Computer/One On One (1983)(Tandy)[26-3288].mp4</video>
  </game>
  <game>
    <path>/recalbox/share/rom/zip/trs80coco/One On One (1985)(Tandy).dsk</path>
    <name>One On One (1985)(Tandy)</name>
    <image>/recalbox/share/thumbs2/Tandy Radio Shack/TRS-80 Color Computer/One On One (1985)(Tandy).png</image>
    <video>/recalbox/share/videos/Tandy Radio Shack/TRS-80 Color Computer/One On One (1985)(Tandy).mp4</video>
  </game>
  <game>
    <path>/recalbox/share/rom/zip/trs80coco/Pac Droids (1982)(Programmers Guild).dsk</path>
    <name>Pac Droids (1982)(Programmers Guild)</name>
    <image>/recalbox/share/thumbs2/Tandy Radio Shack/TRS-80 Color Computer/Pac Droids (1982)(Programmers Guild).png</image>
    <video>/recalbox/share/videos/Tandy Radio Shack/TRS-80 Color Computer/Pac Droids (1982)(Programmers Guild).mp4</video>
  </game>
  <game>
    <path>/recalbox/share/rom/zip/trs80coco/Panic Button (1985)(Tandy).dsk</path>
    <name>Panic Button (1985)(Tandy)</name>
    <image>/recalbox/share/thumbs2/Tandy Radio Shack/TRS-80 Color Computer/Panic Button (1985)(Tandy).png</image>
    <video>/recalbox/share/videos/Tandy Radio Shack/TRS-80 Color Computer/Panic Button (1985)(Tandy).mp4</video>
  </game>
  <game>
    <path>/recalbox/share/rom/zip/trs80coco/Pegasus and the Phantom Riders (1985)(Spectral Associates).dsk</path>
    <name>Pegasus and the Phantom Riders (1985)(Spectral Associates)</name>
    <image>/recalbox/share/thumbs2/Tandy Radio Shack/TRS-80 Color Computer/Pegasus and the Phantom Riders (1985)(Spectral Associates).png</image>
    <video>/recalbox/share/videos/Tandy Radio Shack/TRS-80 Color Computer/Pegasus and the Phantom Riders (1985)(Spectral Associates).mp4</video>
  </game>
  <game>
    <path>/recalbox/share/rom/zip/trs80coco/Pinball (1980)(Tandy)[26-3052].dsk</path>
    <name>Pinball (1980)(Tandy)[26-3052]</name>
    <image>/recalbox/share/thumbs2/Tandy Radio Shack/TRS-80 Color Computer/Pinball (1980)(Tandy)[26-3052].png</image>
    <video>/recalbox/share/videos/Tandy Radio Shack/TRS-80 Color Computer/Pinball (1980)(Tandy)[26-3052].mp4</video>
  </game>
  <game>
    <path>/recalbox/share/rom/zip/trs80coco/Pitfall II (1985-10)(Tandy)[26-3287].dsk</path>
    <name>Pitfall II (1985-10)(Tandy)[26-3287]</name>
    <image>/recalbox/share/thumbs2/Tandy Radio Shack/TRS-80 Color Computer/Pitfall II (1985-10)(Tandy)[26-3287].png</image>
    <video>/recalbox/share/videos/Tandy Radio Shack/TRS-80 Color Computer/Pitfall II (1985-10)(Tandy)[26-3287].mp4</video>
  </game>
  <game>
    <path>/recalbox/share/rom/zip/trs80coco/Planet Raider (1982)(Aardvark).dsk</path>
    <name>Planet Raider (1982)(Aardvark)</name>
    <image>/recalbox/share/thumbs2/Tandy Radio Shack/TRS-80 Color Computer/Planet Raider (1982)(Aardvark).png</image>
    <video>/recalbox/share/videos/Tandy Radio Shack/TRS-80 Color Computer/Planet Raider (1982)(Aardvark).mp4</video>
  </game>
  <game>
    <path>/recalbox/share/rom/zip/trs80coco/Polaris (1981)(Tandy)[26-3065].dsk</path>
    <name>Polaris (1981)(Tandy)[26-3065]</name>
    <image>/recalbox/share/thumbs2/Tandy Radio Shack/TRS-80 Color Computer/Polaris (1981)(Tandy)[26-3065].png</image>
    <video>/recalbox/share/videos/Tandy Radio Shack/TRS-80 Color Computer/Polaris (1981)(Tandy)[26-3065].mp4</video>
  </game>
  <game>
    <path>/recalbox/share/rom/zip/trs80coco/Poltergeist (1982)(Tandy)[26-3073].dsk</path>
    <name>Poltergeist (1982)(Tandy)[26-3073]</name>
    <image>/recalbox/share/thumbs2/Tandy Radio Shack/TRS-80 Color Computer/Poltergeist (1982)(Tandy)[26-3073].png</image>
    <video>/recalbox/share/videos/Tandy Radio Shack/TRS-80 Color Computer/Poltergeist (1982)(Tandy)[26-3073].mp4</video>
  </game>
  <game>
    <path>/recalbox/share/rom/zip/trs80coco/Pooyan (1983)(Tandy)[26-3048].dsk</path>
    <name>Pooyan (1983)(Tandy)[26-3048]</name>
    <image>/recalbox/share/thumbs2/Tandy Radio Shack/TRS-80 Color Computer/Pooyan (1983)(Tandy)[26-3048].png</image>
    <video>/recalbox/share/videos/Tandy Radio Shack/TRS-80 Color Computer/Pooyan (1983)(Tandy)[26-3048].mp4</video>
  </game>
  <game>
    <path>/recalbox/share/rom/zip/trs80coco/Popcorn (1982)(Tandy)[26-3090].dsk</path>
    <name>Popcorn (1982)(Tandy)[26-3090]</name>
    <image>/recalbox/share/thumbs2/Tandy Radio Shack/TRS-80 Color Computer/Popcorn (1982)(Tandy)[26-3090].png</image>
    <video>/recalbox/share/videos/Tandy Radio Shack/TRS-80 Color Computer/Popcorn (1982)(Tandy)[26-3090].mp4</video>
  </game>
  <game>
    <path>/recalbox/share/rom/zip/trs80coco/Predator (1989)(Tandy)[26-3165].dsk</path>
    <name>Predator (1989)(Tandy)[26-3165]</name>
    <image>/recalbox/share/thumbs2/Tandy Radio Shack/TRS-80 Color Computer/Predator (1989)(Tandy)[26-3165].png</image>
    <video>/recalbox/share/videos/Tandy Radio Shack/TRS-80 Color Computer/Predator (1989)(Tandy)[26-3165].mp4</video>
  </game>
  <game>
    <path>/recalbox/share/rom/zip/trs80coco/Project Nebula (1981)(Tandy)[26-3063].dsk</path>
    <name>Project Nebula (1981)(Tandy)[26-3063]</name>
    <image>/recalbox/share/thumbs2/Tandy Radio Shack/TRS-80 Color Computer/Project Nebula (1981)(Tandy)[26-3063].png</image>
    <video>/recalbox/share/videos/Tandy Radio Shack/TRS-80 Color Computer/Project Nebula (1981)(Tandy)[26-3063].mp4</video>
  </game>
  <game>
    <path>/recalbox/share/rom/zip/trs80coco/Pyramid 2000 (1982)(Tandy)[26-3310].dsk</path>
    <name>Pyramid 2000 (1982)(Tandy)[26-3310]</name>
    <image>/recalbox/share/thumbs2/Tandy Radio Shack/TRS-80 Color Computer/Pyramid 2000 (1982)(Tandy)[26-3310].png</image>
    <video>/recalbox/share/videos/Tandy Radio Shack/TRS-80 Color Computer/Pyramid 2000 (1982)(Tandy)[26-3310].mp4</video>
  </game>
  <game>
    <path>/recalbox/share/rom/zip/trs80coco/Pyramix (1987)(Colorventure).dsk</path>
    <name>Pyramix (1987)(Colorventure)</name>
    <image>/recalbox/share/thumbs2/Tandy Radio Shack/TRS-80 Color Computer/Pyramix (1987)(Colorventure).png</image>
    <video>/recalbox/share/videos/Tandy Radio Shack/TRS-80 Color Computer/Pyramix (1987)(Colorventure).mp4</video>
  </game>
  <game>
    <path>/recalbox/share/rom/zip/trs80coco/Quasar Commander (1980)(Tandy)[26-3051].dsk</path>
    <name>Quasar Commander (1980)(Tandy)[26-3051]</name>
    <image>/recalbox/share/thumbs2/Tandy Radio Shack/TRS-80 Color Computer/Quasar Commander (1980)(Tandy)[26-3051].png</image>
    <video>/recalbox/share/videos/Tandy Radio Shack/TRS-80 Color Computer/Quasar Commander (1980)(Tandy)[26-3051].mp4</video>
  </game>
  <game>
    <path>/recalbox/share/rom/zip/trs80coco/Quest (1982)(Aardvark).dsk</path>
    <name>Quest (1982)(Aardvark)</name>
    <image>/recalbox/share/thumbs2/Tandy Radio Shack/TRS-80 Color Computer/Quest (1982)(Aardvark).png</image>
    <video>/recalbox/share/videos/Tandy Radio Shack/TRS-80 Color Computer/Quest (1982)(Aardvark).mp4</video>
  </game>
  <game>
    <path>/recalbox/share/rom/zip/trs80coco/Quix (1984)(Tom Mix Software).dsk</path>
    <name>Quix (1984)(Tom Mix Software)</name>
    <image>/recalbox/share/thumbs2/Tandy Radio Shack/TRS-80 Color Computer/Quix (1984)(Tom Mix Software).png</image>
    <video>/recalbox/share/videos/Tandy Radio Shack/TRS-80 Color Computer/Quix (1984)(Tom Mix Software).mp4</video>
  </game>
  <game>
    <path>/recalbox/share/rom/zip/trs80coco/Raaka-Tu (1982)(Tandy)[26-3311].dsk</path>
    <name>Raaka-Tu (1982)(Tandy)[26-3311]</name>
    <image>/recalbox/share/thumbs2/Tandy Radio Shack/TRS-80 Color Computer/Raaka-Tu (1982)(Tandy)[26-3311].png</image>
    <video>/recalbox/share/videos/Tandy Radio Shack/TRS-80 Color Computer/Raaka-Tu (1982)(Tandy)[26-3311].mp4</video>
  </game>
  <game>
    <path>/recalbox/share/rom/zip/trs80coco/Radio Ball (198x)(Tandy)[26-3319].dsk</path>
    <name>Radio Ball (198x)(Tandy)[26-3319]</name>
    <image>/recalbox/share/thumbs2/Tandy Radio Shack/TRS-80 Color Computer/Radio Ball (198x)(Tandy)[26-3319].png</image>
    <video>/recalbox/share/videos/Tandy Radio Shack/TRS-80 Color Computer/Radio Ball (198x)(Tandy)[26-3319].mp4</video>
  </game>
  <game>
    <path>/recalbox/share/rom/zip/trs80coco/Reactoid (1983)(Tandy)[26-3092].dsk</path>
    <name>Reactoid (1983)(Tandy)[26-3092]</name>
    <image>/recalbox/share/thumbs2/Tandy Radio Shack/TRS-80 Color Computer/Reactoid (1983)(Tandy)[26-3092].png</image>
    <video>/recalbox/share/videos/Tandy Radio Shack/TRS-80 Color Computer/Reactoid (1983)(Tandy)[26-3092].mp4</video>
  </game>
  <game>
    <path>/recalbox/share/rom/zip/trs80coco/Roman Checkers (1981)(Tandy)[26-3071].dsk</path>
    <name>Roman Checkers (1981)(Tandy)[26-3071]</name>
    <image>/recalbox/share/thumbs2/Tandy Radio Shack/TRS-80 Color Computer/Roman Checkers (1981)(Tandy)[26-3071].png</image>
    <video>/recalbox/share/videos/Tandy Radio Shack/TRS-80 Color Computer/Roman Checkers (1981)(Tandy)[26-3071].mp4</video>
  </game>
  <game>
    <path>/recalbox/share/rom/zip/trs80coco/Rupert Rythm (1988)(Marentes, Nickolas)[26-9644].dsk</path>
    <name>Rupert Rythm (1988)(Marentes, Nickolas)[26-9644]</name>
    <image>/recalbox/share/thumbs2/Tandy Radio Shack/TRS-80 Color Computer/Rupert Rythm (1988)(Marentes, Nickolas)[26-9644].png</image>
    <video>/recalbox/share/videos/Tandy Radio Shack/TRS-80 Color Computer/Rupert Rythm (1988)(Marentes, Nickolas)[26-9644].mp4</video>
  </game>
  <game>
    <path>/recalbox/share/rom/zip/trs80coco/SR-71 (1984)(Tom Mix Software).dsk</path>
    <name>SR-71 (1984)(Tom Mix Software)</name>
    <image>/recalbox/share/thumbs2/Tandy Radio Shack/TRS-80 Color Computer/SR-71 (1984)(Tom Mix Software).png</image>
    <video>/recalbox/share/videos/Tandy Radio Shack/TRS-80 Color Computer/SR-71 (1984)(Tom Mix Software).mp4</video>
  </game>
  <game>
    <path>/recalbox/share/rom/zip/trs80coco/Saigon (1983)(Adventure International).dsk</path>
    <name>Saigon (1983)(Adventure International)</name>
    <image>/recalbox/share/thumbs2/Tandy Radio Shack/TRS-80 Color Computer/Saigon (1983)(Adventure International).png</image>
    <video>/recalbox/share/videos/Tandy Radio Shack/TRS-80 Color Computer/Saigon (1983)(Adventure International).mp4</video>
  </game>
  <game>
    <path>/recalbox/share/rom/zip/trs80coco/Sands of Egypt (1982)(Tandy)[26-3290].dsk</path>
    <name>Sands of Egypt (1982)(Tandy)[26-3290]</name>
    <image>/recalbox/share/thumbs2/Tandy Radio Shack/TRS-80 Color Computer/Sands of Egypt (1982)(Tandy)[26-3290].png</image>
    <video>/recalbox/share/videos/Tandy Radio Shack/TRS-80 Color Computer/Sands of Egypt (1982)(Tandy)[26-3290].mp4</video>
  </game>
  <game>
    <path>/recalbox/share/rom/zip/trs80coco/Shamus (1984)(Tandy)[26-3289].dsk</path>
    <name>Shamus (1984)(Tandy)[26-3289]</name>
    <image>/recalbox/share/thumbs2/Tandy Radio Shack/TRS-80 Color Computer/Shamus (1984)(Tandy)[26-3289].png</image>
    <video>/recalbox/share/videos/Tandy Radio Shack/TRS-80 Color Computer/Shamus (1984)(Tandy)[26-3289].mp4</video>
  </game>
  <game>
    <path>/recalbox/share/rom/zip/trs80coco/Shooting Gallery (1982)(Tandy)[26-3088].dsk</path>
    <name>Shooting Gallery (1982)(Tandy)[26-3088]</name>
    <image>/recalbox/share/thumbs2/Tandy Radio Shack/TRS-80 Color Computer/Shooting Gallery (1982)(Tandy)[26-3088].png</image>
    <video>/recalbox/share/videos/Tandy Radio Shack/TRS-80 Color Computer/Shooting Gallery (1982)(Tandy)[26-3088].mp4</video>
  </game>
  <game>
    <path>/recalbox/share/rom/zip/trs80coco/Skiing (1980)(Tandy)[26-3058].dsk</path>
    <name>Skiing (1980)(Tandy)[26-3058]</name>
    <image>/recalbox/share/thumbs2/Tandy Radio Shack/TRS-80 Color Computer/Skiing (1980)(Tandy)[26-3058].png</image>
    <video>/recalbox/share/videos/Tandy Radio Shack/TRS-80 Color Computer/Skiing (1980)(Tandy)[26-3058].mp4</video>
  </game>
  <game>
    <path>/recalbox/share/rom/zip/trs80coco/Smash! (1993)(Intelligent Algorithms).dsk</path>
    <name>Smash! (1993)(Intelligent Algorithms)</name>
    <image>/recalbox/share/thumbs2/Tandy Radio Shack/TRS-80 Color Computer/Smash! (1993)(Intelligent Algorithms).png</image>
    <video>/recalbox/share/videos/Tandy Radio Shack/TRS-80 Color Computer/Smash! (1993)(Intelligent Algorithms).mp4</video>
  </game>
  <game>
    <path>/recalbox/share/rom/zip/trs80coco/Soko-Ban (1988)(Tandy)[26-3161].dsk</path>
    <name>Soko-Ban (1988)(Tandy)[26-3161]</name>
    <image>/recalbox/share/thumbs2/Tandy Radio Shack/TRS-80 Color Computer/Soko-Ban (1988)(Tandy)[26-3161].png</image>
    <video>/recalbox/share/videos/Tandy Radio Shack/TRS-80 Color Computer/Soko-Ban (1988)(Tandy)[26-3161].mp4</video>
  </game>
  <game>
    <path>/recalbox/share/rom/zip/trs80coco/Space Assault (1981)(Tandy)[26-3060].dsk</path>
    <name>Space Assault (1981)(Tandy)[26-3060]</name>
    <image>/recalbox/share/thumbs2/Tandy Radio Shack/TRS-80 Color Computer/Space Assault (1981)(Tandy)[26-3060].png</image>
    <video>/recalbox/share/videos/Tandy Radio Shack/TRS-80 Color Computer/Space Assault (1981)(Tandy)[26-3060].mp4</video>
  </game>
  <game>
    <path>/recalbox/share/rom/zip/trs80coco/Space Intruders (1988)(Marentes, Nickolas)[26-9676].dsk</path>
    <name>Space Intruders (1988)(Marentes, Nickolas)[26-9676]</name>
    <image>/recalbox/share/thumbs2/Tandy Radio Shack/TRS-80 Color Computer/Space Intruders (1988)(Marentes, Nickolas)[26-9676].png</image>
    <video>/recalbox/share/videos/Tandy Radio Shack/TRS-80 Color Computer/Space Intruders (1988)(Marentes, Nickolas)[26-9676].mp4</video>
  </game>
  <game>
    <path>/recalbox/share/rom/zip/trs80coco/Spidercide (1983)(Tandy)[26-3049].dsk</path>
    <name>Spidercide (1983)(Tandy)[26-3049]</name>
    <image>/recalbox/share/thumbs2/Tandy Radio Shack/TRS-80 Color Computer/Spidercide (1983)(Tandy)[26-3049].png</image>
    <video>/recalbox/share/videos/Tandy Radio Shack/TRS-80 Color Computer/Spidercide (1983)(Tandy)[26-3049].mp4</video>
  </game>
  <game>
    <path>/recalbox/share/rom/zip/trs80coco/Star Blaze (1983)(Tandy)[26-3094].dsk</path>
    <name>Star Blaze (1983)(Tandy)[26-3094]</name>
    <image>/recalbox/share/thumbs2/Tandy Radio Shack/TRS-80 Color Computer/Star Blaze (1983)(Tandy)[26-3094].png</image>
    <video>/recalbox/share/videos/Tandy Radio Shack/TRS-80 Color Computer/Star Blaze (1983)(Tandy)[26-3094].mp4</video>
  </game>
  <game>
    <path>/recalbox/share/rom/zip/trs80coco/Star Fighter (1983)(Aardvark).dsk</path>
    <name>Star Fighter (1983)(Aardvark)</name>
    <image>/recalbox/share/thumbs2/Tandy Radio Shack/TRS-80 Color Computer/Star Fighter (1983)(Aardvark).png</image>
    <video>/recalbox/share/videos/Tandy Radio Shack/TRS-80 Color Computer/Star Fighter (1983)(Aardvark).mp4</video>
  </game>
  <game>
    <path>/recalbox/share/rom/zip/trs80coco/Star Trader (1984)(Computerware).dsk</path>
    <name>Star Trader (1984)(Computerware)</name>
    <image>/recalbox/share/thumbs2/Tandy Radio Shack/TRS-80 Color Computer/Star Trader (1984)(Computerware).png</image>
    <video>/recalbox/share/videos/Tandy Radio Shack/TRS-80 Color Computer/Star Trader (1984)(Computerware).mp4</video>
  </game>
  <game>
    <path>/recalbox/share/rom/zip/trs80coco/Star Trap (198x)(Tandy)[26-2510].dsk</path>
    <name>Star Trap (198x)(Tandy)[26-2510]</name>
    <image>/recalbox/share/thumbs2/Tandy Radio Shack/TRS-80 Color Computer/Star Trap (198x)(Tandy)[26-2510].png</image>
    <video>/recalbox/share/videos/Tandy Radio Shack/TRS-80 Color Computer/Star Trap (198x)(Tandy)[26-2510].mp4</video>
  </game>
  <game>
    <path>/recalbox/share/rom/zip/trs80coco/Stellar Life Line (1983)(Tandy)[26-3047].dsk</path>
    <name>Stellar Life Line (1983)(Tandy)[26-3047]</name>
    <image>/recalbox/share/thumbs2/Tandy Radio Shack/TRS-80 Color Computer/Stellar Life Line (1983)(Tandy)[26-3047].png</image>
    <video>/recalbox/share/videos/Tandy Radio Shack/TRS-80 Color Computer/Stellar Life Line (1983)(Tandy)[26-3047].mp4</video>
  </game>
  <game>
    <path>/recalbox/share/rom/zip/trs80coco/Stronghold (1983)(Computer Shack).dsk</path>
    <name>Stronghold (1983)(Computer Shack)</name>
    <image>/recalbox/share/thumbs2/Tandy Radio Shack/TRS-80 Color Computer/Stronghold (1983)(Computer Shack).png</image>
    <video>/recalbox/share/videos/Tandy Radio Shack/TRS-80 Color Computer/Stronghold (1983)(Computer Shack).mp4</video>
  </game>
  <game>
    <path>/recalbox/share/rom/zip/trs80coco/Sub Battle Simulator (1987)(Epyx)(Disk 1 of 2).dsk</path>
    <name>Sub Battle Simulator (1987)(Epyx)(Disk 1 of 2)</name>
    <image>/recalbox/share/thumbs2/Tandy Radio Shack/TRS-80 Color Computer/Sub Battle Simulator (1987)(Epyx)(Disk 1 of 2).png</image>
    <video>/recalbox/share/videos/Tandy Radio Shack/TRS-80 Color Computer/Sub Battle Simulator (1987)(Epyx)(Disk 1 of 2).mp4</video>
  </game>
  <game>
    <path>/recalbox/share/rom/zip/trs80coco/Sub Battle Simulator (1987)(Epyx)(Disk 2 of 2).dsk</path>
    <name>Sub Battle Simulator (1987)(Epyx)(Disk 2 of 2)</name>
    <image>/recalbox/share/thumbs2/Tandy Radio Shack/TRS-80 Color Computer/Sub Battle Simulator (1987)(Epyx)(Disk 2 of 2).png</image>
    <video>/recalbox/share/videos/Tandy Radio Shack/TRS-80 Color Computer/Sub Battle Simulator (1987)(Epyx)(Disk 2 of 2).mp4</video>
  </game>
  <game>
    <path>/recalbox/share/rom/zip/trs80coco/Sub Polaris (1983)(Aardvark).dsk</path>
    <name>Sub Polaris (1983)(Aardvark)</name>
    <image>/recalbox/share/thumbs2/Tandy Radio Shack/TRS-80 Color Computer/Sub Polaris (1983)(Aardvark).png</image>
    <video>/recalbox/share/videos/Tandy Radio Shack/TRS-80 Color Computer/Sub Polaris (1983)(Aardvark).mp4</video>
  </game>
  <game>
    <path>/recalbox/share/rom/zip/trs80coco/Super Bustout (1981)(Tandy)[26-3056].dsk</path>
    <name>Super Bustout (1981)(Tandy)[26-3056]</name>
    <image>/recalbox/share/thumbs2/Tandy Radio Shack/TRS-80 Color Computer/Super Bustout (1981)(Tandy)[26-3056].png</image>
    <video>/recalbox/share/videos/Tandy Radio Shack/TRS-80 Color Computer/Super Bustout (1981)(Tandy)[26-3056].mp4</video>
  </game>
  <game>
    <path>/recalbox/share/rom/zip/trs80coco/Temple of ROM (1982)(Tandy)[26-3045].dsk</path>
    <name>Temple of ROM (1982)(Tandy)[26-3045]</name>
    <image>/recalbox/share/thumbs2/Tandy Radio Shack/TRS-80 Color Computer/Temple of ROM (1982)(Tandy)[26-3045].png</image>
    <video>/recalbox/share/videos/Tandy Radio Shack/TRS-80 Color Computer/Temple of ROM (1982)(Tandy)[26-3045].mp4</video>
  </game>
  <game>
    <path>/recalbox/share/rom/zip/trs80coco/Tennis (1982)(Tandy).dsk</path>
    <name>Tennis (1982)(Tandy)</name>
    <image>/recalbox/share/thumbs2/Tandy Radio Shack/TRS-80 Color Computer/Tennis (1982)(Tandy).png</image>
    <video>/recalbox/share/videos/Tandy Radio Shack/TRS-80 Color Computer/Tennis (1982)(Tandy).mp4</video>
  </game>
  <game>
    <path>/recalbox/share/rom/zip/trs80coco/Treasury Pak (198x)(Spectral Associates)(Disk 1 of 2).dsk</path>
    <name>Treasury Pak (198x)(Spectral Associates)(Disk 1 of 2)</name>
    <image>/recalbox/share/thumbs2/Tandy Radio Shack/TRS-80 Color Computer/Treasury Pak (198x)(Spectral Associates)(Disk 1 of 2).png</image>
    <video>/recalbox/share/videos/Tandy Radio Shack/TRS-80 Color Computer/Treasury Pak (198x)(Spectral Associates)(Disk 1 of 2).mp4</video>
  </game>
  <game>
    <path>/recalbox/share/rom/zip/trs80coco/Treasury Pak (198x)(Spectral Associates)(Disk 2 of 2).dsk</path>
    <name>Treasury Pak (198x)(Spectral Associates)(Disk 2 of 2)</name>
    <image>/recalbox/share/thumbs2/Tandy Radio Shack/TRS-80 Color Computer/Treasury Pak (198x)(Spectral Associates)(Disk 2 of 2).png</image>
    <video>/recalbox/share/videos/Tandy Radio Shack/TRS-80 Color Computer/Treasury Pak (198x)(Spectral Associates)(Disk 2 of 2).mp4</video>
  </game>
  <game>
    <path>/recalbox/share/rom/zip/trs80coco/Trek III (1983)(Adventure International).dsk</path>
    <name>Trek III (1983)(Adventure International)</name>
    <image>/recalbox/share/thumbs2/Tandy Radio Shack/TRS-80 Color Computer/Trek III (1983)(Adventure International).png</image>
    <video>/recalbox/share/videos/Tandy Radio Shack/TRS-80 Color Computer/Trek III (1983)(Adventure International).mp4</video>
  </game>
  <game>
    <path>/recalbox/share/rom/zip/trs80coco/Tristam Island r3 (demo-playable) (2021-12-20)(Labrande, Hugo)(FR)(en).dsk</path>
    <name>Tristam Island r3 (demo-playable) (2021-12-20)(Labrande, Hugo)(FR)(en)</name>
    <image>/recalbox/share/thumbs2/Tandy Radio Shack/TRS-80 Color Computer/Tristam Island r3 (demo-playable) (2021-12-20)(Labrande, Hugo)(FR)(en).png</image>
    <video>/recalbox/share/videos/Tandy Radio Shack/TRS-80 Color Computer/Tristam Island r3 (demo-playable) (2021-12-20)(Labrande, Hugo)(FR)(en).mp4</video>
  </game>
  <game>
    <path>/recalbox/share/rom/zip/trs80coco/Tube-Frenzy (1982)(Aardvark).dsk</path>
    <name>Tube-Frenzy (1982)(Aardvark)</name>
    <image>/recalbox/share/thumbs2/Tandy Radio Shack/TRS-80 Color Computer/Tube-Frenzy (1982)(Aardvark).png</image>
    <video>/recalbox/share/videos/Tandy Radio Shack/TRS-80 Color Computer/Tube-Frenzy (1982)(Aardvark).mp4</video>
  </game>
  <game>
    <path>/recalbox/share/rom/zip/trs80coco/Tutankam (1983)(Aardvark).dsk</path>
    <name>Tutankam (1983)(Aardvark)</name>
    <image>/recalbox/share/thumbs2/Tandy Radio Shack/TRS-80 Color Computer/Tutankam (1983)(Aardvark).png</image>
    <video>/recalbox/share/videos/Tandy Radio Shack/TRS-80 Color Computer/Tutankam (1983)(Aardvark).mp4</video>
  </game>
  <game>
    <path>/recalbox/share/rom/zip/trs80coco/Varloc (1985)(Tandy)[26-3291].dsk</path>
    <name>Varloc (1985)(Tandy)[26-3291]</name>
    <image>/recalbox/share/thumbs2/Tandy Radio Shack/TRS-80 Color Computer/Varloc (1985)(Tandy)[26-3291].png</image>
    <video>/recalbox/share/videos/Tandy Radio Shack/TRS-80 Color Computer/Varloc (1985)(Tandy)[26-3291].mp4</video>
  </game>
  <game>
    <path>/recalbox/share/rom/zip/trs80coco/Venturer (1982)(Aardvark).dsk</path>
    <name>Venturer (1982)(Aardvark)</name>
    <image>/recalbox/share/thumbs2/Tandy Radio Shack/TRS-80 Color Computer/Venturer (1982)(Aardvark).png</image>
    <video>/recalbox/share/videos/Tandy Radio Shack/TRS-80 Color Computer/Venturer (1982)(Aardvark).mp4</video>
  </game>
  <game>
    <path>/recalbox/share/rom/zip/trs80coco/Viet Cong (1983)(Avalon Hill).dsk</path>
    <name>Viet Cong (1983)(Avalon Hill)</name>
    <image>/recalbox/share/thumbs2/Tandy Radio Shack/TRS-80 Color Computer/Viet Cong (1983)(Avalon Hill).png</image>
    <video>/recalbox/share/videos/Tandy Radio Shack/TRS-80 Color Computer/Viet Cong (1983)(Avalon Hill).mp4</video>
  </game>
  <game>
    <path>/recalbox/share/rom/zip/trs80coco/Voyager (1982)(Avalon Hill).dsk</path>
    <name>Voyager (1982)(Avalon Hill)</name>
    <image>/recalbox/share/thumbs2/Tandy Radio Shack/TRS-80 Color Computer/Voyager (1982)(Avalon Hill).png</image>
    <video>/recalbox/share/videos/Tandy Radio Shack/TRS-80 Color Computer/Voyager (1982)(Avalon Hill).mp4</video>
  </game>
  <game>
    <path>/recalbox/share/rom/zip/trs80coco/Wacky Food (1983)(Arcade Animation).dsk</path>
    <name>Wacky Food (1983)(Arcade Animation)</name>
    <image>/recalbox/share/thumbs2/Tandy Radio Shack/TRS-80 Color Computer/Wacky Food (1983)(Arcade Animation).png</image>
    <video>/recalbox/share/videos/Tandy Radio Shack/TRS-80 Color Computer/Wacky Food (1983)(Arcade Animation).mp4</video>
  </game>
  <game>
    <path>/recalbox/share/rom/zip/trs80coco/Warlocks Revenge, A (1992)(Snailsoft Software).dsk</path>
    <name>Warlocks Revenge, A (1992)(Snailsoft Software)</name>
    <image>/recalbox/share/thumbs2/Tandy Radio Shack/TRS-80 Color Computer/Warlocks Revenge, A (1992)(Snailsoft Software).png</image>
    <video>/recalbox/share/videos/Tandy Radio Shack/TRS-80 Color Computer/Warlocks Revenge, A (1992)(Snailsoft Software).mp4</video>
  </game>
  <game>
    <path>/recalbox/share/rom/zip/trs80coco/Where in the World is Carmen Sandiego (1986)(Broderbund)(Disk 1 of 2).dsk</path>
    <name>Where in the World is Carmen Sandiego (1986)(Broderbund)(Disk 1 of 2)</name>
    <image>/recalbox/share/thumbs2/Tandy Radio Shack/TRS-80 Color Computer/Where in the World is Carmen Sandiego (1986)(Broderbund)(Disk 1 of 2).png</image>
    <video>/recalbox/share/videos/Tandy Radio Shack/TRS-80 Color Computer/Where in the World is Carmen Sandiego (1986)(Broderbund)(Disk 1 of 2).mp4</video>
  </game>
  <game>
    <path>/recalbox/share/rom/zip/trs80coco/Where in the World is Carmen Sandiego (1986)(Broderbund)(Disk 2 of 2).dsk</path>
    <name>Where in the World is Carmen Sandiego (1986)(Broderbund)(Disk 2 of 2)</name>
    <image>/recalbox/share/thumbs2/Tandy Radio Shack/TRS-80 Color Computer/Where in the World is Carmen Sandiego (1986)(Broderbund)(Disk 2 of 2).png</image>
    <video>/recalbox/share/videos/Tandy Radio Shack/TRS-80 Color Computer/Where in the World is Carmen Sandiego (1986)(Broderbund)(Disk 2 of 2).mp4</video>
  </game>
  <game>
    <path>/recalbox/share/rom/zip/trs80coco/Where in the World is Carmen Sandiego (1986)(Broderbund).dsk</path>
    <name>Where in the World is Carmen Sandiego (1986)(Broderbund)</name>
    <image>/recalbox/share/thumbs2/Tandy Radio Shack/TRS-80 Color Computer/Where in the World is Carmen Sandiego (1986)(Broderbund).png</image>
    <video>/recalbox/share/videos/Tandy Radio Shack/TRS-80 Color Computer/Where in the World is Carmen Sandiego (1986)(Broderbund).mp4</video>
  </game>
  <game>
    <path>/recalbox/share/rom/zip/trs80coco/Wildcatting (1981)(Tandy)[26-3067].dsk</path>
    <name>Wildcatting (1981)(Tandy)[26-3067]</name>
    <image>/recalbox/share/thumbs2/Tandy Radio Shack/TRS-80 Color Computer/Wildcatting (1981)(Tandy)[26-3067].png</image>
    <video>/recalbox/share/videos/Tandy Radio Shack/TRS-80 Color Computer/Wildcatting (1981)(Tandy)[26-3067].mp4</video>
  </game>
  <game>
    <path>/recalbox/share/rom/zip/trs80coco/Wizard&apos;s Castle (198x)(Spectral Associates).dsk</path>
    <name>Wizard&apos;s Castle (198x)(Spectral Associates)</name>
    <image>/recalbox/share/thumbs2/Tandy Radio Shack/TRS-80 Color Computer/Wizard&apos;s Castle (198x)(Spectral Associates).png</image>
    <video>/recalbox/share/videos/Tandy Radio Shack/TRS-80 Color Computer/Wizard&apos;s Castle (198x)(Spectral Associates).mp4</video>
  </game>
  <game>
    <path>/recalbox/share/rom/zip/trs80coco/Worlds of Flight (1984)(Tom Mix Software).dsk</path>
    <name>Worlds of Flight (1984)(Tom Mix Software)</name>
    <image>/recalbox/share/thumbs2/Tandy Radio Shack/TRS-80 Color Computer/Worlds of Flight (1984)(Tom Mix Software).png</image>
    <video>/recalbox/share/videos/Tandy Radio Shack/TRS-80 Color Computer/Worlds of Flight (1984)(Tom Mix Software).mp4</video>
  </game>
  <game>
    <path>/recalbox/share/rom/zip/trs80coco/Zaxxon (1983)(Tandy)[26-3062].dsk</path>
    <name>Zaxxon (1983)(Tandy)[26-3062]</name>
    <image>/recalbox/share/thumbs2/Tandy Radio Shack/TRS-80 Color Computer/Zaxxon (1983)(Tandy)[26-3062].png</image>
    <video>/recalbox/share/videos/Tandy Radio Shack/TRS-80 Color Computer/Zaxxon (1983)(Tandy)[26-3062].mp4</video>
  </game>
  <game>
    <path>/recalbox/share/rom/zip/trs80coco/Zeus (1983)(Aardvark).dsk</path>
    <name>Zeus (1983)(Aardvark)</name>
    <image>/recalbox/share/thumbs2/Tandy Radio Shack/TRS-80 Color Computer/Zeus (1983)(Aardvark).png</image>
    <video>/recalbox/share/videos/Tandy Radio Shack/TRS-80 Color Computer/Zeus (1983)(Aardvark).mp4</video>
  </game>
  <game>
    <path>/recalbox/share/rom/zip/trs80coco/Zone Runner (1987)(Tandy)[26-3286].dsk</path>
    <name>Zone Runner (1987)(Tandy)[26-3286]</name>
    <image>/recalbox/share/thumbs2/Tandy Radio Shack/TRS-80 Color Computer/Zone Runner (1987)(Tandy)[26-3286].png</image>
    <video>/recalbox/share/videos/Tandy Radio Shack/TRS-80 Color Computer/Zone Runner (1987)(Tandy)[26-3286].mp4</video>
  </game>
  <game>
    <path>/recalbox/share/rom/zip/trs80coco/île Tristam, L&apos; (demo-playable) (2021-12-20)(Labrande, Hugo)(FR).dsk</path>
    <name>île Tristam, L&apos; (demo-playable) (2021-12-20)(Labrande, Hugo)(FR)</name>
    <image>/recalbox/share/thumbs2/Tandy Radio Shack/TRS-80 Color Computer/île Tristam, L&apos; (demo-playable) (2021-12-20)(Labrande, Hugo)(FR).png</image>
    <video>/recalbox/share/videos/Tandy Radio Shack/TRS-80 Color Computer/île Tristam, L&apos; (demo-playable) (2021-12-20)(Labrande, Hugo)(FR).mp4</video>
  </game>
</gamelist>
