<gamelist>
  <game>
    <path>/recalbox/share/rom/No-Intro/Nintendo - Sufami Turbo/Bishoujo Senshi Sailor Moon Sailor Stars - Fuwafuwa Panic 2 (Japan).zip</path>
    <name>Bishoujo Senshi Sailor Moon Sailor Stars - Fuwafuwa Panic 2 (Japan)</name>
    <image>/recalbox/share/thumbs/Nintendo - Sufami Turbo/Named_Titles/Bishoujo Senshi Sailor Moon Sailor Stars - Fuwafuwa Panic 2 (Japan).png</image>
    <video>/recalbox/share/videos/No-Intro/Nintendo - Sufami Turbo/Bishoujo Senshi Sailor Moon Sailor Stars - Fuwafuwa Panic 2 (Japan).mp4</video>
  </game>
  <game>
    <path>/recalbox/share/rom/No-Intro/Nintendo - Sufami Turbo/Crayon Shin-chan - Nagagutsu Dobon!! (Japan).zip</path>
    <name>Crayon Shin-chan - Nagagutsu Dobon!! (Japan)</name>
    <image>/recalbox/share/thumbs/Nintendo - Sufami Turbo/Named_Titles/Crayon Shin-chan - Nagagutsu Dobon!! (Japan).png</image>
    <video>/recalbox/share/videos/No-Intro/Nintendo - Sufami Turbo/Crayon Shin-chan - Nagagutsu Dobon!! (Japan).mp4</video>
  </game>
  <game>
    <path>/recalbox/share/rom/No-Intro/Nintendo - Sufami Turbo/Gegege no Kitarou - Youkai Donjara (Japan).zip</path>
    <name>Gegege no Kitarou - Youkai Donjara (Japan)</name>
    <image>/recalbox/share/thumbs/Nintendo - Sufami Turbo/Named_Titles/Gegege no Kitarou - Youkai Donjara (Japan).png</image>
    <video>/recalbox/share/videos/No-Intro/Nintendo - Sufami Turbo/Gegege no Kitarou - Youkai Donjara (Japan).mp4</video>
  </game>
  <game>
    <path>/recalbox/share/rom/No-Intro/Nintendo - Sufami Turbo/Gekisou Sentai Carranger - Zenkai! Racer Senshi (Japan).zip</path>
    <name>Gekisou Sentai Carranger - Zenkai! Racer Senshi (Japan)</name>
    <image>/recalbox/share/thumbs/Nintendo - Sufami Turbo/Named_Titles/Gekisou Sentai Carranger - Zenkai! Racer Senshi (Japan).png</image>
    <video>/recalbox/share/videos/No-Intro/Nintendo - Sufami Turbo/Gekisou Sentai Carranger - Zenkai! Racer Senshi (Japan).mp4</video>
  </game>
  <game>
    <path>/recalbox/share/rom/No-Intro/Nintendo - Sufami Turbo/Poi Poi Ninja World (Japan).zip</path>
    <name>Poi Poi Ninja World (Japan)</name>
    <image>/recalbox/share/thumbs/Nintendo - Sufami Turbo/Named_Titles/Poi Poi Ninja World (Japan).png</image>
    <video>/recalbox/share/videos/No-Intro/Nintendo - Sufami Turbo/Poi Poi Ninja World (Japan).mp4</video>
  </game>
  <game>
    <path>/recalbox/share/rom/No-Intro/Nintendo - Sufami Turbo/SD Gundam Generation - Axis Senki (Japan).zip</path>
    <name>SD Gundam Generation - Axis Senki (Japan)</name>
    <image>/recalbox/share/thumbs/Nintendo - Sufami Turbo/Named_Titles/SD Gundam Generation - Axis Senki (Japan).png</image>
    <video>/recalbox/share/videos/No-Intro/Nintendo - Sufami Turbo/SD Gundam Generation - Axis Senki (Japan).mp4</video>
  </game>
  <game>
    <path>/recalbox/share/rom/No-Intro/Nintendo - Sufami Turbo/SD Gundam Generation - Babylonia Kenkoku Senki (Japan).zip</path>
    <name>SD Gundam Generation - Babylonia Kenkoku Senki (Japan)</name>
    <image>/recalbox/share/thumbs/Nintendo - Sufami Turbo/Named_Titles/SD Gundam Generation - Babylonia Kenkoku Senki (Japan).png</image>
    <video>/recalbox/share/videos/No-Intro/Nintendo - Sufami Turbo/SD Gundam Generation - Babylonia Kenkoku Senki (Japan).mp4</video>
  </game>
  <game>
    <path>/recalbox/share/rom/No-Intro/Nintendo - Sufami Turbo/SD Gundam Generation - Colony Kakutouki (Japan).zip</path>
    <name>SD Gundam Generation - Colony Kakutouki (Japan)</name>
    <image>/recalbox/share/thumbs/Nintendo - Sufami Turbo/Named_Titles/SD Gundam Generation - Colony Kakutouki (Japan).png</image>
    <video>/recalbox/share/videos/No-Intro/Nintendo - Sufami Turbo/SD Gundam Generation - Colony Kakutouki (Japan).mp4</video>
  </game>
  <game>
    <path>/recalbox/share/rom/No-Intro/Nintendo - Sufami Turbo/SD Gundam Generation - Gryps Senki (Japan).zip</path>
    <name>SD Gundam Generation - Gryps Senki (Japan)</name>
    <image>/recalbox/share/thumbs/Nintendo - Sufami Turbo/Named_Titles/SD Gundam Generation - Gryps Senki (Japan).png</image>
    <video>/recalbox/share/videos/No-Intro/Nintendo - Sufami Turbo/SD Gundam Generation - Gryps Senki (Japan).mp4</video>
  </game>
  <game>
    <path>/recalbox/share/rom/No-Intro/Nintendo - Sufami Turbo/SD Gundam Generation - Ichinen Sensouki (Japan).zip</path>
    <name>SD Gundam Generation - Ichinen Sensouki (Japan)</name>
    <image>/recalbox/share/thumbs/Nintendo - Sufami Turbo/Named_Titles/SD Gundam Generation - Ichinen Sensouki (Japan).png</image>
    <video>/recalbox/share/videos/No-Intro/Nintendo - Sufami Turbo/SD Gundam Generation - Ichinen Sensouki (Japan).mp4</video>
  </game>
  <game>
    <path>/recalbox/share/rom/No-Intro/Nintendo - Sufami Turbo/SD Gundam Generation - Zanscare Senki (Japan).zip</path>
    <name>SD Gundam Generation - Zanscare Senki (Japan)</name>
    <image>/recalbox/share/thumbs/Nintendo - Sufami Turbo/Named_Titles/SD Gundam Generation - Zanscare Senki (Japan).png</image>
    <video>/recalbox/share/videos/No-Intro/Nintendo - Sufami Turbo/SD Gundam Generation - Zanscare Senki (Japan).mp4</video>
  </game>
  <game>
    <path>/recalbox/share/rom/No-Intro/Nintendo - Sufami Turbo/SD Ultra Battle - Seven Densetsu (Japan).zip</path>
    <name>SD Ultra Battle - Seven Densetsu (Japan)</name>
    <image>/recalbox/share/thumbs/Nintendo - Sufami Turbo/Named_Titles/SD Ultra Battle - Seven Densetsu (Japan).png</image>
    <video>/recalbox/share/videos/No-Intro/Nintendo - Sufami Turbo/SD Ultra Battle - Seven Densetsu (Japan).mp4</video>
  </game>
  <game>
    <path>/recalbox/share/rom/No-Intro/Nintendo - Sufami Turbo/SD Ultra Battle - Ultraman Densetsu (Japan).zip</path>
    <name>SD Ultra Battle - Ultraman Densetsu (Japan)</name>
    <image>/recalbox/share/thumbs/Nintendo - Sufami Turbo/Named_Titles/SD Ultra Battle - Ultraman Densetsu (Japan).png</image>
    <video>/recalbox/share/videos/No-Intro/Nintendo - Sufami Turbo/SD Ultra Battle - Ultraman Densetsu (Japan).mp4</video>
  </game>
</gamelist>