<gamelist>
  <game>
    <path>/recalbox/share/roms/readystream/64dd/Dezaemon DD (Japan) (Proto).zip</path>
    <name>Dezaemon DD (Japan) (Proto)</name>
    <image>/recalbox/share/thumbs/Nintendo - Nintendo 64DD/Named_Titles/Dezaemon DD (Japan) (Proto).png</image>
    <video>/recalbox/share/videos/No-Intro/Nintendo - Nintendo 64DD/Dezaemon DD (Japan) (Proto).mp4</video>
  </game>
  <game>
    <path>/recalbox/share/roms/readystream/64dd/F-Zero X - Expansion Kit (Japan).zip</path>
    <name>F-Zero X - Expansion Kit (Japan)</name>
    <image>/recalbox/share/thumbs/Nintendo - Nintendo 64DD/Named_Titles/F-Zero X - Expansion Kit (Japan).png</image>
    <video>/recalbox/share/videos/No-Intro/Nintendo - Nintendo 64DD/F-Zero X - Expansion Kit (Japan).mp4</video>
  </game>
  <game>
    <path>/recalbox/share/roms/readystream/64dd/Kyojin no Doshin (Japan) (Demo) (Kiosk) [b].zip</path>
    <name>Kyojin no Doshin (Japan) (Demo) (Kiosk) [b]</name>
    <image>/recalbox/share/thumbs/Nintendo - Nintendo 64DD/Named_Titles/Kyojin no Doshin (Japan) (Demo) (Kiosk) [b].png</image>
    <video>/recalbox/share/videos/No-Intro/Nintendo - Nintendo 64DD/Kyojin no Doshin (Japan) (Demo) (Kiosk) [b].mp4</video>
  </game>
  <game>
    <path>/recalbox/share/roms/readystream/64dd/Kyojin no Doshin (Japan).zip</path>
    <name>Kyojin no Doshin (Japan)</name>
    <image>/recalbox/share/thumbs/Nintendo - Nintendo 64DD/Named_Titles/Kyojin no Doshin (Japan).png</image>
    <video>/recalbox/share/videos/No-Intro/Nintendo - Nintendo 64DD/Kyojin no Doshin (Japan).mp4</video>
  </game>
  <game>
    <path>/recalbox/share/roms/readystream/64dd/Kyojin no Doshin - Kaihou Sensen Chibikko Chikko Daishuugou (Japan) [b].zip</path>
    <name>Kyojin no Doshin - Kaihou Sensen Chibikko Chikko Daishuugou (Japan) [b]</name>
    <image>/recalbox/share/thumbs/Nintendo - Nintendo 64DD/Named_Titles/Kyojin no Doshin - Kaihou Sensen Chibikko Chikko Daishuugou (Japan) [b].png</image>
    <video>/recalbox/share/videos/No-Intro/Nintendo - Nintendo 64DD/Kyojin no Doshin - Kaihou Sensen Chibikko Chikko Daishuugou (Japan) [b].mp4</video>
  </game>
  <game>
    <path>/recalbox/share/roms/readystream/64dd/Mario Artist - Communication Kit (Japan).zip</path>
    <name>Mario Artist - Communication Kit (Japan)</name>
    <image>/recalbox/share/thumbs/Nintendo - Nintendo 64DD/Named_Titles/Mario Artist - Communication Kit (Japan).png</image>
    <video>/recalbox/share/videos/No-Intro/Nintendo - Nintendo 64DD/Mario Artist - Communication Kit (Japan).mp4</video>
  </game>
  <game>
    <path>/recalbox/share/roms/readystream/64dd/Mario Artist - Paint Studio (Japan) (Beta) (1999-02-11).zip</path>
    <name>Mario Artist - Paint Studio (Japan) (Beta) (1999-02-11)</name>
    <image>/recalbox/share/thumbs/Nintendo - Nintendo 64DD/Named_Titles/Mario Artist - Paint Studio (Japan) (Beta) (1999-02-11).png</image>
    <video>/recalbox/share/videos/No-Intro/Nintendo - Nintendo 64DD/Mario Artist - Paint Studio (Japan) (Beta) (1999-02-11).mp4</video>
  </game>
  <game>
    <path>/recalbox/share/roms/readystream/64dd/Mario Artist - Paint Studio (Japan).zip</path>
    <name>Mario Artist - Paint Studio (Japan)</name>
    <image>/recalbox/share/thumbs/Nintendo - Nintendo 64DD/Named_Titles/Mario Artist - Paint Studio (Japan).png</image>
    <video>/recalbox/share/videos/No-Intro/Nintendo - Nintendo 64DD/Mario Artist - Paint Studio (Japan).mp4</video>
  </game>
  <game>
    <path>/recalbox/share/roms/readystream/64dd/Mario Artist - Polygon Studio (Japan).zip</path>
    <name>Mario Artist - Polygon Studio (Japan)</name>
    <image>/recalbox/share/thumbs/Nintendo - Nintendo 64DD/Named_Titles/Mario Artist - Polygon Studio (Japan).png</image>
    <video>/recalbox/share/videos/No-Intro/Nintendo - Nintendo 64DD/Mario Artist - Polygon Studio (Japan).mp4</video>
  </game>
  <game>
    <path>/recalbox/share/roms/readystream/64dd/Mario Artist - Talent Studio (Japan).zip</path>
    <name>Mario Artist - Talent Studio (Japan)</name>
    <image>/recalbox/share/thumbs/Nintendo - Nintendo 64DD/Named_Titles/Mario Artist - Talent Studio (Japan).png</image>
    <video>/recalbox/share/videos/No-Intro/Nintendo - Nintendo 64DD/Mario Artist - Talent Studio (Japan).mp4</video>
  </game>
  <game>
    <path>/recalbox/share/roms/readystream/64dd/Nihon Pro Golf Tour 64 (Japan) [b].zip</path>
    <name>Nihon Pro Golf Tour 64 (Japan) [b]</name>
    <image>/recalbox/share/thumbs/Nintendo - Nintendo 64DD/Named_Titles/Nihon Pro Golf Tour 64 (Japan) [b].png</image>
    <video>/recalbox/share/videos/No-Intro/Nintendo - Nintendo 64DD/Nihon Pro Golf Tour 64 (Japan) [b].mp4</video>
  </game>
  <game>
    <path>/recalbox/share/roms/readystream/64dd/Randnet Disk (Japan) (Rev 1) [b].zip</path>
    <name>Randnet Disk (Japan) (Rev 1) [b]</name>
    <image>/recalbox/share/thumbs/Nintendo - Nintendo 64DD/Named_Titles/Randnet Disk (Japan) (Rev 1) [b].png</image>
    <video>/recalbox/share/videos/No-Intro/Nintendo - Nintendo 64DD/Randnet Disk (Japan) (Rev 1) [b].mp4</video>
  </game>
  <game>
    <path>/recalbox/share/roms/readystream/64dd/Randnet Disk (Japan) [b].zip</path>
    <name>Randnet Disk (Japan) [b]</name>
    <image>/recalbox/share/thumbs/Nintendo - Nintendo 64DD/Named_Titles/Randnet Disk (Japan) [b].png</image>
    <video>/recalbox/share/videos/No-Intro/Nintendo - Nintendo 64DD/Randnet Disk (Japan) [b].mp4</video>
  </game>
  <game>
    <path>/recalbox/share/roms/readystream/64dd/SimCity 64 (Japan).zip</path>
    <name>SimCity 64 (Japan)</name>
    <image>/recalbox/share/thumbs/Nintendo - Nintendo 64DD/Named_Titles/SimCity 64 (Japan).png</image>
    <video>/recalbox/share/videos/No-Intro/Nintendo - Nintendo 64DD/SimCity 64 (Japan).mp4</video>
  </game>
  <game>
    <path>/recalbox/share/roms/readystream/64dd/Super Mario 64 - Disk Version (Japan) (Proto).zip</path>
    <name>Super Mario 64 - Disk Version (Japan) (Proto)</name>
    <image>/recalbox/share/thumbs/Nintendo - Nintendo 64DD/Named_Titles/Super Mario 64 - Disk Version (Japan) (Proto).png</image>
    <video>/recalbox/share/videos/No-Intro/Nintendo - Nintendo 64DD/Super Mario 64 - Disk Version (Japan) (Proto).mp4</video>
  </game>
</gamelist>