<gamelist>
  <game>
    <path>/recalbox/share/rom/No-Intro/Sega - 32X/240p Test Suite (World) (Program) (Aftermarket) (Unl).zip</path>
    <name>240p Test Suite (World) (Program) (Aftermarket) (Unl)</name>
    <image>/recalbox/share/thumbs/Sega - 32X/Named_Titles/240p Test Suite (World) (Program) (Aftermarket) (Unl).png</image>
    <video>/recalbox/share/videos/No-Intro/Sega - 32X/240p Test Suite (World) (Program) (Aftermarket) (Unl).mp4</video>
  </game>
  <game>
    <path>/recalbox/share/rom/No-Intro/Sega - 32X/32X Sample Program - PWM Sound Demo (Unknown) (SDK Build).zip</path>
    <name>32X Sample Program - PWM Sound Demo (Unknown) (SDK Build)</name>
    <image>/recalbox/share/thumbs/Sega - 32X/Named_Titles/32X Sample Program - PWM Sound Demo (Unknown) (SDK Build).png</image>
    <video>/recalbox/share/videos/No-Intro/Sega - 32X/32X Sample Program - PWM Sound Demo (Unknown) (SDK Build).mp4</video>
  </game>
  <game>
    <path>/recalbox/share/rom/No-Intro/Sega - 32X/After Burner Complete (Europe).zip</path>
    <name>After Burner Complete (Europe)</name>
    <image>/recalbox/share/thumbs/Sega - 32X/Named_Titles/After Burner Complete (Europe).png</image>
    <video>/recalbox/share/videos/No-Intro/Sega - 32X/After Burner Complete (Europe).mp4</video>
  </game>
  <game>
    <path>/recalbox/share/rom/No-Intro/Sega - 32X/After Burner Complete (Japan, USA) (En).zip</path>
    <name>After Burner Complete (Japan, USA) (En)</name>
    <image>/recalbox/share/thumbs/Sega - 32X/Named_Titles/After Burner Complete (Japan, USA) (En).png</image>
    <video>/recalbox/share/videos/No-Intro/Sega - 32X/After Burner Complete (Japan, USA) (En).mp4</video>
  </game>
  <game>
    <path>/recalbox/share/rom/No-Intro/Sega - 32X/Amazing Spider-Man, The - Web of Fire (USA).zip</path>
    <name>Amazing Spider-Man, The - Web of Fire (USA)</name>
    <image>/recalbox/share/thumbs/Sega - 32X/Named_Titles/Amazing Spider-Man, The - Web of Fire (USA).png</image>
    <video>/recalbox/share/videos/No-Intro/Sega - 32X/Amazing Spider-Man, The - Web of Fire (USA).mp4</video>
  </game>
  <game>
    <path>/recalbox/share/rom/No-Intro/Sega - 32X/BC Racers (USA).zip</path>
    <name>BC Racers (USA)</name>
    <image>/recalbox/share/thumbs/Sega - 32X/Named_Titles/BC Racers (USA).png</image>
    <video>/recalbox/share/videos/No-Intro/Sega - 32X/BC Racers (USA).mp4</video>
  </game>
  <game>
    <path>/recalbox/share/rom/No-Intro/Sega - 32X/Blackthorne (USA).zip</path>
    <name>Blackthorne (USA)</name>
    <image>/recalbox/share/thumbs/Sega - 32X/Named_Titles/Blackthorne (USA).png</image>
    <video>/recalbox/share/videos/No-Intro/Sega - 32X/Blackthorne (USA).mp4</video>
  </game>
  <game>
    <path>/recalbox/share/rom/No-Intro/Sega - 32X/Brutal - Above the Claw (USA).zip</path>
    <name>Brutal - Above the Claw (USA)</name>
    <image>/recalbox/share/thumbs/Sega - 32X/Named_Titles/Brutal - Above the Claw (USA).png</image>
    <video>/recalbox/share/videos/No-Intro/Sega - 32X/Brutal - Above the Claw (USA).mp4</video>
  </game>
  <game>
    <path>/recalbox/share/rom/No-Intro/Sega - 32X/ClayFighter 2 (USA) (Proto) (1995-04-28).zip</path>
    <name>ClayFighter 2 (USA) (Proto) (1995-04-28)</name>
    <image>/recalbox/share/thumbs/Sega - 32X/Named_Titles/ClayFighter 2 (USA) (Proto) (1995-04-28).png</image>
    <video>/recalbox/share/videos/No-Intro/Sega - 32X/ClayFighter 2 (USA) (Proto) (1995-04-28).mp4</video>
  </game>
  <game>
    <path>/recalbox/share/rom/No-Intro/Sega - 32X/Cosmic Carnage (Europe).zip</path>
    <name>Cosmic Carnage (Europe)</name>
    <image>/recalbox/share/thumbs/Sega - 32X/Named_Titles/Cosmic Carnage (Europe).png</image>
    <video>/recalbox/share/videos/No-Intro/Sega - 32X/Cosmic Carnage (Europe).mp4</video>
  </game>
  <game>
    <path>/recalbox/share/rom/No-Intro/Sega - 32X/Cosmic Carnage (Japan, USA) (En) (Beta) (1994-09-06).zip</path>
    <name>Cosmic Carnage (Japan, USA) (En) (Beta) (1994-09-06)</name>
    <image>/recalbox/share/thumbs/Sega - 32X/Named_Titles/Cosmic Carnage (Japan, USA) (En) (Beta) (1994-09-06).png</image>
    <video>/recalbox/share/videos/No-Intro/Sega - 32X/Cosmic Carnage (Japan, USA) (En) (Beta) (1994-09-06).mp4</video>
  </game>
  <game>
    <path>/recalbox/share/rom/No-Intro/Sega - 32X/Cosmic Carnage (Japan, USA) (En) (Beta) (1994-09-21).zip</path>
    <name>Cosmic Carnage (Japan, USA) (En) (Beta) (1994-09-21)</name>
    <image>/recalbox/share/thumbs/Sega - 32X/Named_Titles/Cosmic Carnage (Japan, USA) (En) (Beta) (1994-09-21).png</image>
    <video>/recalbox/share/videos/No-Intro/Sega - 32X/Cosmic Carnage (Japan, USA) (En) (Beta) (1994-09-21).mp4</video>
  </game>
  <game>
    <path>/recalbox/share/rom/No-Intro/Sega - 32X/Cosmic Carnage (Japan, USA) (En) (Beta) (1994-09-26).zip</path>
    <name>Cosmic Carnage (Japan, USA) (En) (Beta) (1994-09-26)</name>
    <image>/recalbox/share/thumbs/Sega - 32X/Named_Titles/Cosmic Carnage (Japan, USA) (En) (Beta) (1994-09-26).png</image>
    <video>/recalbox/share/videos/No-Intro/Sega - 32X/Cosmic Carnage (Japan, USA) (En) (Beta) (1994-09-26).mp4</video>
  </game>
  <game>
    <path>/recalbox/share/rom/No-Intro/Sega - 32X/Cosmic Carnage (Japan, USA) (En) (Beta) (1994-09-28).zip</path>
    <name>Cosmic Carnage (Japan, USA) (En) (Beta) (1994-09-28)</name>
    <image>/recalbox/share/thumbs/Sega - 32X/Named_Titles/Cosmic Carnage (Japan, USA) (En) (Beta) (1994-09-28).png</image>
    <video>/recalbox/share/videos/No-Intro/Sega - 32X/Cosmic Carnage (Japan, USA) (En) (Beta) (1994-09-28).mp4</video>
  </game>
  <game>
    <path>/recalbox/share/rom/No-Intro/Sega - 32X/Cosmic Carnage (Japan, USA) (En) (Beta) (1994-10-04).zip</path>
    <name>Cosmic Carnage (Japan, USA) (En) (Beta) (1994-10-04)</name>
    <image>/recalbox/share/thumbs/Sega - 32X/Named_Titles/Cosmic Carnage (Japan, USA) (En) (Beta) (1994-10-04).png</image>
    <video>/recalbox/share/videos/No-Intro/Sega - 32X/Cosmic Carnage (Japan, USA) (En) (Beta) (1994-10-04).mp4</video>
  </game>
  <game>
    <path>/recalbox/share/rom/No-Intro/Sega - 32X/Cosmic Carnage (Japan, USA) (En) (Beta) (1994-10-05).zip</path>
    <name>Cosmic Carnage (Japan, USA) (En) (Beta) (1994-10-05)</name>
    <image>/recalbox/share/thumbs/Sega - 32X/Named_Titles/Cosmic Carnage (Japan, USA) (En) (Beta) (1994-10-05).png</image>
    <video>/recalbox/share/videos/No-Intro/Sega - 32X/Cosmic Carnage (Japan, USA) (En) (Beta) (1994-10-05).mp4</video>
  </game>
  <game>
    <path>/recalbox/share/rom/No-Intro/Sega - 32X/Cosmic Carnage (Japan, USA) (En) (Beta) (1994-10-07).zip</path>
    <name>Cosmic Carnage (Japan, USA) (En) (Beta) (1994-10-07)</name>
    <image>/recalbox/share/thumbs/Sega - 32X/Named_Titles/Cosmic Carnage (Japan, USA) (En) (Beta) (1994-10-07).png</image>
    <video>/recalbox/share/videos/No-Intro/Sega - 32X/Cosmic Carnage (Japan, USA) (En) (Beta) (1994-10-07).mp4</video>
  </game>
  <game>
    <path>/recalbox/share/rom/No-Intro/Sega - 32X/Cosmic Carnage (Japan, USA) (En) (Beta) (1994-10-11).zip</path>
    <name>Cosmic Carnage (Japan, USA) (En) (Beta) (1994-10-11)</name>
    <image>/recalbox/share/thumbs/Sega - 32X/Named_Titles/Cosmic Carnage (Japan, USA) (En) (Beta) (1994-10-11).png</image>
    <video>/recalbox/share/videos/No-Intro/Sega - 32X/Cosmic Carnage (Japan, USA) (En) (Beta) (1994-10-11).mp4</video>
  </game>
  <game>
    <path>/recalbox/share/rom/No-Intro/Sega - 32X/Cosmic Carnage (Japan, USA) (En).zip</path>
    <name>Cosmic Carnage (Japan, USA) (En)</name>
    <image>/recalbox/share/thumbs/Sega - 32X/Named_Titles/Cosmic Carnage (Japan, USA) (En).png</image>
    <video>/recalbox/share/videos/No-Intro/Sega - 32X/Cosmic Carnage (Japan, USA) (En).mp4</video>
  </game>
  <game>
    <path>/recalbox/share/rom/No-Intro/Sega - 32X/Darxide (Europe) (En,Fr,De,Es).zip</path>
    <name>Darxide (Europe) (En,Fr,De,Es)</name>
    <image>/recalbox/share/thumbs/Sega - 32X/Named_Titles/Darxide (Europe) (En,Fr,De,Es).png</image>
    <video>/recalbox/share/videos/No-Intro/Sega - 32X/Darxide (Europe) (En,Fr,De,Es).mp4</video>
  </game>
  <game>
    <path>/recalbox/share/rom/No-Intro/Sega - 32X/Doom (Europe) (Beta) (1994-10-02).zip</path>
    <name>Doom (Europe) (Beta) (1994-10-02)</name>
    <image>/recalbox/share/thumbs/Sega - 32X/Named_Titles/Doom (Europe) (Beta) (1994-10-02).png</image>
    <video>/recalbox/share/videos/No-Intro/Sega - 32X/Doom (Europe) (Beta) (1994-10-02).mp4</video>
  </game>
  <game>
    <path>/recalbox/share/rom/No-Intro/Sega - 32X/Doom (Europe).zip</path>
    <name>Doom (Europe)</name>
    <image>/recalbox/share/thumbs/Sega - 32X/Named_Titles/Doom (Europe).png</image>
    <video>/recalbox/share/videos/No-Intro/Sega - 32X/Doom (Europe).mp4</video>
  </game>
  <game>
    <path>/recalbox/share/rom/No-Intro/Sega - 32X/Doom (Japan, USA) (En) (Beta) (1994-09-06).zip</path>
    <name>Doom (Japan, USA) (En) (Beta) (1994-09-06)</name>
    <image>/recalbox/share/thumbs/Sega - 32X/Named_Titles/Doom (Japan, USA) (En) (Beta) (1994-09-06).png</image>
    <video>/recalbox/share/videos/No-Intro/Sega - 32X/Doom (Japan, USA) (En) (Beta) (1994-09-06).mp4</video>
  </game>
  <game>
    <path>/recalbox/share/rom/No-Intro/Sega - 32X/Doom (Japan, USA) (En) (Beta) (1994-09-09).zip</path>
    <name>Doom (Japan, USA) (En) (Beta) (1994-09-09)</name>
    <image>/recalbox/share/thumbs/Sega - 32X/Named_Titles/Doom (Japan, USA) (En) (Beta) (1994-09-09).png</image>
    <video>/recalbox/share/videos/No-Intro/Sega - 32X/Doom (Japan, USA) (En) (Beta) (1994-09-09).mp4</video>
  </game>
  <game>
    <path>/recalbox/share/rom/No-Intro/Sega - 32X/Doom (Japan, USA) (En) (Beta) (1994-09-14).zip</path>
    <name>Doom (Japan, USA) (En) (Beta) (1994-09-14)</name>
    <image>/recalbox/share/thumbs/Sega - 32X/Named_Titles/Doom (Japan, USA) (En) (Beta) (1994-09-14).png</image>
    <video>/recalbox/share/videos/No-Intro/Sega - 32X/Doom (Japan, USA) (En) (Beta) (1994-09-14).mp4</video>
  </game>
  <game>
    <path>/recalbox/share/rom/No-Intro/Sega - 32X/Doom (Japan, USA) (En) (Beta) (1994-09-16).zip</path>
    <name>Doom (Japan, USA) (En) (Beta) (1994-09-16)</name>
    <image>/recalbox/share/thumbs/Sega - 32X/Named_Titles/Doom (Japan, USA) (En) (Beta) (1994-09-16).png</image>
    <video>/recalbox/share/videos/No-Intro/Sega - 32X/Doom (Japan, USA) (En) (Beta) (1994-09-16).mp4</video>
  </game>
  <game>
    <path>/recalbox/share/rom/No-Intro/Sega - 32X/Doom (Japan, USA) (En) (Beta) (1994-09-21).zip</path>
    <name>Doom (Japan, USA) (En) (Beta) (1994-09-21)</name>
    <image>/recalbox/share/thumbs/Sega - 32X/Named_Titles/Doom (Japan, USA) (En) (Beta) (1994-09-21).png</image>
    <video>/recalbox/share/videos/No-Intro/Sega - 32X/Doom (Japan, USA) (En) (Beta) (1994-09-21).mp4</video>
  </game>
  <game>
    <path>/recalbox/share/rom/No-Intro/Sega - 32X/Doom (Japan, USA) (En) (Beta) (1994-09-23).zip</path>
    <name>Doom (Japan, USA) (En) (Beta) (1994-09-23)</name>
    <image>/recalbox/share/thumbs/Sega - 32X/Named_Titles/Doom (Japan, USA) (En) (Beta) (1994-09-23).png</image>
    <video>/recalbox/share/videos/No-Intro/Sega - 32X/Doom (Japan, USA) (En) (Beta) (1994-09-23).mp4</video>
  </game>
  <game>
    <path>/recalbox/share/rom/No-Intro/Sega - 32X/Doom (Japan, USA) (En) (Beta) (1994-09-25).zip</path>
    <name>Doom (Japan, USA) (En) (Beta) (1994-09-25)</name>
    <image>/recalbox/share/thumbs/Sega - 32X/Named_Titles/Doom (Japan, USA) (En) (Beta) (1994-09-25).png</image>
    <video>/recalbox/share/videos/No-Intro/Sega - 32X/Doom (Japan, USA) (En) (Beta) (1994-09-25).mp4</video>
  </game>
  <game>
    <path>/recalbox/share/rom/No-Intro/Sega - 32X/Doom (Japan, USA) (En) (Beta) (1994-09-27).zip</path>
    <name>Doom (Japan, USA) (En) (Beta) (1994-09-27)</name>
    <image>/recalbox/share/thumbs/Sega - 32X/Named_Titles/Doom (Japan, USA) (En) (Beta) (1994-09-27).png</image>
    <video>/recalbox/share/videos/No-Intro/Sega - 32X/Doom (Japan, USA) (En) (Beta) (1994-09-27).mp4</video>
  </game>
  <game>
    <path>/recalbox/share/rom/No-Intro/Sega - 32X/Doom (Japan, USA) (En) (Beta) (1994-12-01).zip</path>
    <name>Doom (Japan, USA) (En) (Beta) (1994-12-01)</name>
    <image>/recalbox/share/thumbs/Sega - 32X/Named_Titles/Doom (Japan, USA) (En) (Beta) (1994-12-01).png</image>
    <video>/recalbox/share/videos/No-Intro/Sega - 32X/Doom (Japan, USA) (En) (Beta) (1994-12-01).mp4</video>
  </game>
  <game>
    <path>/recalbox/share/rom/No-Intro/Sega - 32X/Doom (Japan, USA) (En).zip</path>
    <name>Doom (Japan, USA) (En)</name>
    <image>/recalbox/share/thumbs/Sega - 32X/Named_Titles/Doom (Japan, USA) (En).png</image>
    <video>/recalbox/share/videos/No-Intro/Sega - 32X/Doom (Japan, USA) (En).mp4</video>
  </game>
  <game>
    <path>/recalbox/share/rom/No-Intro/Sega - 32X/Doom RR (Japan, USA) (En) (Beta) (1995-02-15).zip</path>
    <name>Doom RR (Japan, USA) (En) (Beta) (1995-02-15)</name>
    <image>/recalbox/share/thumbs/Sega - 32X/Named_Titles/Doom RR (Japan, USA) (En) (Beta) (1995-02-15).png</image>
    <video>/recalbox/share/videos/No-Intro/Sega - 32X/Doom RR (Japan, USA) (En) (Beta) (1995-02-15).mp4</video>
  </game>
  <game>
    <path>/recalbox/share/rom/No-Intro/Sega - 32X/Doom RR (Japan, USA) (En) (Beta) (1995-02-21).zip</path>
    <name>Doom RR (Japan, USA) (En) (Beta) (1995-02-21)</name>
    <image>/recalbox/share/thumbs/Sega - 32X/Named_Titles/Doom RR (Japan, USA) (En) (Beta) (1995-02-21).png</image>
    <video>/recalbox/share/videos/No-Intro/Sega - 32X/Doom RR (Japan, USA) (En) (Beta) (1995-02-21).mp4</video>
  </game>
  <game>
    <path>/recalbox/share/rom/No-Intro/Sega - 32X/Doom RR (Japan, USA) (En) (Beta) (1995-03-07).zip</path>
    <name>Doom RR (Japan, USA) (En) (Beta) (1995-03-07)</name>
    <image>/recalbox/share/thumbs/Sega - 32X/Named_Titles/Doom RR (Japan, USA) (En) (Beta) (1995-03-07).png</image>
    <video>/recalbox/share/videos/No-Intro/Sega - 32X/Doom RR (Japan, USA) (En) (Beta) (1995-03-07).mp4</video>
  </game>
  <game>
    <path>/recalbox/share/rom/No-Intro/Sega - 32X/Ecco the Dolphin (USA) (Demo) (Developer Cart).zip</path>
    <name>Ecco the Dolphin (USA) (Demo) (Developer Cart)</name>
    <image>/recalbox/share/thumbs/Sega - 32X/Named_Titles/Ecco the Dolphin (USA) (Demo) (Developer Cart).png</image>
    <video>/recalbox/share/videos/No-Intro/Sega - 32X/Ecco the Dolphin (USA) (Demo) (Developer Cart).mp4</video>
  </game>
  <game>
    <path>/recalbox/share/rom/No-Intro/Sega - 32X/FIFA Soccer 96 (Europe) (En,Fr,De,Es,It,Sv).zip</path>
    <name>FIFA Soccer 96 (Europe) (En,Fr,De,Es,It,Sv)</name>
    <image>/recalbox/share/thumbs/Sega - 32X/Named_Titles/FIFA Soccer 96 (Europe) (En,Fr,De,Es,It,Sv).png</image>
    <video>/recalbox/share/videos/No-Intro/Sega - 32X/FIFA Soccer 96 (Europe) (En,Fr,De,Es,It,Sv).mp4</video>
  </game>
  <game>
    <path>/recalbox/share/rom/No-Intro/Sega - 32X/Golf Magazine Presents - 36 Great Holes Starring Fred Couples (Europe) (Beta) (1994-12-14).zip</path>
    <name>Golf Magazine Presents - 36 Great Holes Starring Fred Couples (Europe) (Beta) (1994-12-14)</name>
    <image>/recalbox/share/thumbs/Sega - 32X/Named_Titles/Golf Magazine Presents - 36 Great Holes Starring Fred Couples (Europe) (Beta) (1994-12-14).png</image>
    <video>/recalbox/share/videos/No-Intro/Sega - 32X/Golf Magazine Presents - 36 Great Holes Starring Fred Couples (Europe) (Beta) (1994-12-14).mp4</video>
  </game>
  <game>
    <path>/recalbox/share/rom/No-Intro/Sega - 32X/Golf Magazine Presents - 36 Great Holes Starring Fred Couples (Europe) (Beta) (1994-12-21).zip</path>
    <name>Golf Magazine Presents - 36 Great Holes Starring Fred Couples (Europe) (Beta) (1994-12-21)</name>
    <image>/recalbox/share/thumbs/Sega - 32X/Named_Titles/Golf Magazine Presents - 36 Great Holes Starring Fred Couples (Europe) (Beta) (1994-12-21).png</image>
    <video>/recalbox/share/videos/No-Intro/Sega - 32X/Golf Magazine Presents - 36 Great Holes Starring Fred Couples (Europe) (Beta) (1994-12-21).mp4</video>
  </game>
  <game>
    <path>/recalbox/share/rom/No-Intro/Sega - 32X/Golf Magazine Presents - 36 Great Holes Starring Fred Couples (Europe).zip</path>
    <name>Golf Magazine Presents - 36 Great Holes Starring Fred Couples (Europe)</name>
    <image>/recalbox/share/thumbs/Sega - 32X/Named_Titles/Golf Magazine Presents - 36 Great Holes Starring Fred Couples (Europe).png</image>
    <video>/recalbox/share/videos/No-Intro/Sega - 32X/Golf Magazine Presents - 36 Great Holes Starring Fred Couples (Europe).mp4</video>
  </game>
  <game>
    <path>/recalbox/share/rom/No-Intro/Sega - 32X/Golf Magazine Presents - 36 Great Holes Starring Fred Couples (Japan, USA) (En) (Beta) (1994-07-06).zip</path>
    <name>Golf Magazine Presents - 36 Great Holes Starring Fred Couples (Japan, USA) (En) (Beta) (1994-07-06)</name>
    <image>/recalbox/share/thumbs/Sega - 32X/Named_Titles/Golf Magazine Presents - 36 Great Holes Starring Fred Couples (Japan, USA) (En) (Beta) (1994-07-06).png</image>
    <video>/recalbox/share/videos/No-Intro/Sega - 32X/Golf Magazine Presents - 36 Great Holes Starring Fred Couples (Japan, USA) (En) (Beta) (1994-07-06).mp4</video>
  </game>
  <game>
    <path>/recalbox/share/rom/No-Intro/Sega - 32X/Golf Magazine Presents - 36 Great Holes Starring Fred Couples (Japan, USA) (En) (Beta) (1994-10-11).zip</path>
    <name>Golf Magazine Presents - 36 Great Holes Starring Fred Couples (Japan, USA) (En) (Beta) (1994-10-11)</name>
    <image>/recalbox/share/thumbs/Sega - 32X/Named_Titles/Golf Magazine Presents - 36 Great Holes Starring Fred Couples (Japan, USA) (En) (Beta) (1994-10-11).png</image>
    <video>/recalbox/share/videos/No-Intro/Sega - 32X/Golf Magazine Presents - 36 Great Holes Starring Fred Couples (Japan, USA) (En) (Beta) (1994-10-11).mp4</video>
  </game>
  <game>
    <path>/recalbox/share/rom/No-Intro/Sega - 32X/Golf Magazine Presents - 36 Great Holes Starring Fred Couples (Japan, USA) (En) (Beta) (1994-10-17).zip</path>
    <name>Golf Magazine Presents - 36 Great Holes Starring Fred Couples (Japan, USA) (En) (Beta) (1994-10-17)</name>
    <image>/recalbox/share/thumbs/Sega - 32X/Named_Titles/Golf Magazine Presents - 36 Great Holes Starring Fred Couples (Japan, USA) (En) (Beta) (1994-10-17).png</image>
    <video>/recalbox/share/videos/No-Intro/Sega - 32X/Golf Magazine Presents - 36 Great Holes Starring Fred Couples (Japan, USA) (En) (Beta) (1994-10-17).mp4</video>
  </game>
  <game>
    <path>/recalbox/share/rom/No-Intro/Sega - 32X/Golf Magazine Presents - 36 Great Holes Starring Fred Couples (Japan, USA) (En) (Beta) (1994-10-18).zip</path>
    <name>Golf Magazine Presents - 36 Great Holes Starring Fred Couples (Japan, USA) (En) (Beta) (1994-10-18)</name>
    <image>/recalbox/share/thumbs/Sega - 32X/Named_Titles/Golf Magazine Presents - 36 Great Holes Starring Fred Couples (Japan, USA) (En) (Beta) (1994-10-18).png</image>
    <video>/recalbox/share/videos/No-Intro/Sega - 32X/Golf Magazine Presents - 36 Great Holes Starring Fred Couples (Japan, USA) (En) (Beta) (1994-10-18).mp4</video>
  </game>
  <game>
    <path>/recalbox/share/rom/No-Intro/Sega - 32X/Golf Magazine Presents - 36 Great Holes Starring Fred Couples (Japan, USA) (En) (Beta) (1994-10-24).zip</path>
    <name>Golf Magazine Presents - 36 Great Holes Starring Fred Couples (Japan, USA) (En) (Beta) (1994-10-24)</name>
    <image>/recalbox/share/thumbs/Sega - 32X/Named_Titles/Golf Magazine Presents - 36 Great Holes Starring Fred Couples (Japan, USA) (En) (Beta) (1994-10-24).png</image>
    <video>/recalbox/share/videos/No-Intro/Sega - 32X/Golf Magazine Presents - 36 Great Holes Starring Fred Couples (Japan, USA) (En) (Beta) (1994-10-24).mp4</video>
  </game>
  <game>
    <path>/recalbox/share/rom/No-Intro/Sega - 32X/Golf Magazine Presents - 36 Great Holes Starring Fred Couples (Japan, USA) (En) (Beta) (1994-10-26).zip</path>
    <name>Golf Magazine Presents - 36 Great Holes Starring Fred Couples (Japan, USA) (En) (Beta) (1994-10-26)</name>
    <image>/recalbox/share/thumbs/Sega - 32X/Named_Titles/Golf Magazine Presents - 36 Great Holes Starring Fred Couples (Japan, USA) (En) (Beta) (1994-10-26).png</image>
    <video>/recalbox/share/videos/No-Intro/Sega - 32X/Golf Magazine Presents - 36 Great Holes Starring Fred Couples (Japan, USA) (En) (Beta) (1994-10-26).mp4</video>
  </game>
  <game>
    <path>/recalbox/share/rom/No-Intro/Sega - 32X/Golf Magazine Presents - 36 Great Holes Starring Fred Couples (Japan, USA) (En) (Beta) (1994-11-01).zip</path>
    <name>Golf Magazine Presents - 36 Great Holes Starring Fred Couples (Japan, USA) (En) (Beta) (1994-11-01)</name>
    <image>/recalbox/share/thumbs/Sega - 32X/Named_Titles/Golf Magazine Presents - 36 Great Holes Starring Fred Couples (Japan, USA) (En) (Beta) (1994-11-01).png</image>
    <video>/recalbox/share/videos/No-Intro/Sega - 32X/Golf Magazine Presents - 36 Great Holes Starring Fred Couples (Japan, USA) (En) (Beta) (1994-11-01).mp4</video>
  </game>
  <game>
    <path>/recalbox/share/rom/No-Intro/Sega - 32X/Golf Magazine Presents - 36 Great Holes Starring Fred Couples (Japan, USA) (En) (Beta) (1994-11-03).zip</path>
    <name>Golf Magazine Presents - 36 Great Holes Starring Fred Couples (Japan, USA) (En) (Beta) (1994-11-03)</name>
    <image>/recalbox/share/thumbs/Sega - 32X/Named_Titles/Golf Magazine Presents - 36 Great Holes Starring Fred Couples (Japan, USA) (En) (Beta) (1994-11-03).png</image>
    <video>/recalbox/share/videos/No-Intro/Sega - 32X/Golf Magazine Presents - 36 Great Holes Starring Fred Couples (Japan, USA) (En) (Beta) (1994-11-03).mp4</video>
  </game>
  <game>
    <path>/recalbox/share/rom/No-Intro/Sega - 32X/Golf Magazine Presents - 36 Great Holes Starring Fred Couples (Japan, USA) (En) (Beta) (1994-11-05).zip</path>
    <name>Golf Magazine Presents - 36 Great Holes Starring Fred Couples (Japan, USA) (En) (Beta) (1994-11-05)</name>
    <image>/recalbox/share/thumbs/Sega - 32X/Named_Titles/Golf Magazine Presents - 36 Great Holes Starring Fred Couples (Japan, USA) (En) (Beta) (1994-11-05).png</image>
    <video>/recalbox/share/videos/No-Intro/Sega - 32X/Golf Magazine Presents - 36 Great Holes Starring Fred Couples (Japan, USA) (En) (Beta) (1994-11-05).mp4</video>
  </game>
  <game>
    <path>/recalbox/share/rom/No-Intro/Sega - 32X/Golf Magazine Presents - 36 Great Holes Starring Fred Couples (Japan, USA) (En) (Beta) (1994-11-07).zip</path>
    <name>Golf Magazine Presents - 36 Great Holes Starring Fred Couples (Japan, USA) (En) (Beta) (1994-11-07)</name>
    <image>/recalbox/share/thumbs/Sega - 32X/Named_Titles/Golf Magazine Presents - 36 Great Holes Starring Fred Couples (Japan, USA) (En) (Beta) (1994-11-07).png</image>
    <video>/recalbox/share/videos/No-Intro/Sega - 32X/Golf Magazine Presents - 36 Great Holes Starring Fred Couples (Japan, USA) (En) (Beta) (1994-11-07).mp4</video>
  </game>
  <game>
    <path>/recalbox/share/rom/No-Intro/Sega - 32X/Golf Magazine Presents - 36 Great Holes Starring Fred Couples (Japan, USA) (En) (Beta) (1994-11-08).zip</path>
    <name>Golf Magazine Presents - 36 Great Holes Starring Fred Couples (Japan, USA) (En) (Beta) (1994-11-08)</name>
    <image>/recalbox/share/thumbs/Sega - 32X/Named_Titles/Golf Magazine Presents - 36 Great Holes Starring Fred Couples (Japan, USA) (En) (Beta) (1994-11-08).png</image>
    <video>/recalbox/share/videos/No-Intro/Sega - 32X/Golf Magazine Presents - 36 Great Holes Starring Fred Couples (Japan, USA) (En) (Beta) (1994-11-08).mp4</video>
  </game>
  <game>
    <path>/recalbox/share/rom/No-Intro/Sega - 32X/Golf Magazine Presents - 36 Great Holes Starring Fred Couples (Japan, USA) (En) (Beta) (1994-11-09).zip</path>
    <name>Golf Magazine Presents - 36 Great Holes Starring Fred Couples (Japan, USA) (En) (Beta) (1994-11-09)</name>
    <image>/recalbox/share/thumbs/Sega - 32X/Named_Titles/Golf Magazine Presents - 36 Great Holes Starring Fred Couples (Japan, USA) (En) (Beta) (1994-11-09).png</image>
    <video>/recalbox/share/videos/No-Intro/Sega - 32X/Golf Magazine Presents - 36 Great Holes Starring Fred Couples (Japan, USA) (En) (Beta) (1994-11-09).mp4</video>
  </game>
  <game>
    <path>/recalbox/share/rom/No-Intro/Sega - 32X/Golf Magazine Presents - 36 Great Holes Starring Fred Couples (Japan, USA) (En) (Beta) (1994-11-16).zip</path>
    <name>Golf Magazine Presents - 36 Great Holes Starring Fred Couples (Japan, USA) (En) (Beta) (1994-11-16)</name>
    <image>/recalbox/share/thumbs/Sega - 32X/Named_Titles/Golf Magazine Presents - 36 Great Holes Starring Fred Couples (Japan, USA) (En) (Beta) (1994-11-16).png</image>
    <video>/recalbox/share/videos/No-Intro/Sega - 32X/Golf Magazine Presents - 36 Great Holes Starring Fred Couples (Japan, USA) (En) (Beta) (1994-11-16).mp4</video>
  </game>
  <game>
    <path>/recalbox/share/rom/No-Intro/Sega - 32X/Golf Magazine Presents - 36 Great Holes Starring Fred Couples (Japan, USA) (En) (Beta) (1994-11-18).zip</path>
    <name>Golf Magazine Presents - 36 Great Holes Starring Fred Couples (Japan, USA) (En) (Beta) (1994-11-18)</name>
    <image>/recalbox/share/thumbs/Sega - 32X/Named_Titles/Golf Magazine Presents - 36 Great Holes Starring Fred Couples (Japan, USA) (En) (Beta) (1994-11-18).png</image>
    <video>/recalbox/share/videos/No-Intro/Sega - 32X/Golf Magazine Presents - 36 Great Holes Starring Fred Couples (Japan, USA) (En) (Beta) (1994-11-18).mp4</video>
  </game>
  <game>
    <path>/recalbox/share/rom/No-Intro/Sega - 32X/Golf Magazine Presents - 36 Great Holes Starring Fred Couples (Japan, USA) (En) (Beta) (1994-11-19) (Alt).zip</path>
    <name>Golf Magazine Presents - 36 Great Holes Starring Fred Couples (Japan, USA) (En) (Beta) (1994-11-19) (Alt)</name>
    <image>/recalbox/share/thumbs/Sega - 32X/Named_Titles/Golf Magazine Presents - 36 Great Holes Starring Fred Couples (Japan, USA) (En) (Beta) (1994-11-19) (Alt).png</image>
    <video>/recalbox/share/videos/No-Intro/Sega - 32X/Golf Magazine Presents - 36 Great Holes Starring Fred Couples (Japan, USA) (En) (Beta) (1994-11-19) (Alt).mp4</video>
  </game>
  <game>
    <path>/recalbox/share/rom/No-Intro/Sega - 32X/Golf Magazine Presents - 36 Great Holes Starring Fred Couples (Japan, USA) (En) (Beta) (1994-11-19).zip</path>
    <name>Golf Magazine Presents - 36 Great Holes Starring Fred Couples (Japan, USA) (En) (Beta) (1994-11-19)</name>
    <image>/recalbox/share/thumbs/Sega - 32X/Named_Titles/Golf Magazine Presents - 36 Great Holes Starring Fred Couples (Japan, USA) (En) (Beta) (1994-11-19).png</image>
    <video>/recalbox/share/videos/No-Intro/Sega - 32X/Golf Magazine Presents - 36 Great Holes Starring Fred Couples (Japan, USA) (En) (Beta) (1994-11-19).mp4</video>
  </game>
  <game>
    <path>/recalbox/share/rom/No-Intro/Sega - 32X/Golf Magazine Presents - 36 Great Holes Starring Fred Couples (Japan, USA) (En) (Beta) (1994-11-21).zip</path>
    <name>Golf Magazine Presents - 36 Great Holes Starring Fred Couples (Japan, USA) (En) (Beta) (1994-11-21)</name>
    <image>/recalbox/share/thumbs/Sega - 32X/Named_Titles/Golf Magazine Presents - 36 Great Holes Starring Fred Couples (Japan, USA) (En) (Beta) (1994-11-21).png</image>
    <video>/recalbox/share/videos/No-Intro/Sega - 32X/Golf Magazine Presents - 36 Great Holes Starring Fred Couples (Japan, USA) (En) (Beta) (1994-11-21).mp4</video>
  </game>
  <game>
    <path>/recalbox/share/rom/No-Intro/Sega - 32X/Golf Magazine Presents - 36 Great Holes Starring Fred Couples (Japan, USA) (En) (Beta) (1994-11-22) (Alt).zip</path>
    <name>Golf Magazine Presents - 36 Great Holes Starring Fred Couples (Japan, USA) (En) (Beta) (1994-11-22) (Alt)</name>
    <image>/recalbox/share/thumbs/Sega - 32X/Named_Titles/Golf Magazine Presents - 36 Great Holes Starring Fred Couples (Japan, USA) (En) (Beta) (1994-11-22) (Alt).png</image>
    <video>/recalbox/share/videos/No-Intro/Sega - 32X/Golf Magazine Presents - 36 Great Holes Starring Fred Couples (Japan, USA) (En) (Beta) (1994-11-22) (Alt).mp4</video>
  </game>
  <game>
    <path>/recalbox/share/rom/No-Intro/Sega - 32X/Golf Magazine Presents - 36 Great Holes Starring Fred Couples (Japan, USA) (En) (Beta) (1994-11-22).zip</path>
    <name>Golf Magazine Presents - 36 Great Holes Starring Fred Couples (Japan, USA) (En) (Beta) (1994-11-22)</name>
    <image>/recalbox/share/thumbs/Sega - 32X/Named_Titles/Golf Magazine Presents - 36 Great Holes Starring Fred Couples (Japan, USA) (En) (Beta) (1994-11-22).png</image>
    <video>/recalbox/share/videos/No-Intro/Sega - 32X/Golf Magazine Presents - 36 Great Holes Starring Fred Couples (Japan, USA) (En) (Beta) (1994-11-22).mp4</video>
  </game>
  <game>
    <path>/recalbox/share/rom/No-Intro/Sega - 32X/Golf Magazine Presents - 36 Great Holes Starring Fred Couples (Japan, USA) (En) (Beta) (1994-11-23).zip</path>
    <name>Golf Magazine Presents - 36 Great Holes Starring Fred Couples (Japan, USA) (En) (Beta) (1994-11-23)</name>
    <image>/recalbox/share/thumbs/Sega - 32X/Named_Titles/Golf Magazine Presents - 36 Great Holes Starring Fred Couples (Japan, USA) (En) (Beta) (1994-11-23).png</image>
    <video>/recalbox/share/videos/No-Intro/Sega - 32X/Golf Magazine Presents - 36 Great Holes Starring Fred Couples (Japan, USA) (En) (Beta) (1994-11-23).mp4</video>
  </game>
  <game>
    <path>/recalbox/share/rom/No-Intro/Sega - 32X/Golf Magazine Presents - 36 Great Holes Starring Fred Couples (Japan, USA) (En) (Beta) (1994-11-26).zip</path>
    <name>Golf Magazine Presents - 36 Great Holes Starring Fred Couples (Japan, USA) (En) (Beta) (1994-11-26)</name>
    <image>/recalbox/share/thumbs/Sega - 32X/Named_Titles/Golf Magazine Presents - 36 Great Holes Starring Fred Couples (Japan, USA) (En) (Beta) (1994-11-26).png</image>
    <video>/recalbox/share/videos/No-Intro/Sega - 32X/Golf Magazine Presents - 36 Great Holes Starring Fred Couples (Japan, USA) (En) (Beta) (1994-11-26).mp4</video>
  </game>
  <game>
    <path>/recalbox/share/rom/No-Intro/Sega - 32X/Golf Magazine Presents - 36 Great Holes Starring Fred Couples (Japan, USA) (En) (Beta) (1994-11-27).zip</path>
    <name>Golf Magazine Presents - 36 Great Holes Starring Fred Couples (Japan, USA) (En) (Beta) (1994-11-27)</name>
    <image>/recalbox/share/thumbs/Sega - 32X/Named_Titles/Golf Magazine Presents - 36 Great Holes Starring Fred Couples (Japan, USA) (En) (Beta) (1994-11-27).png</image>
    <video>/recalbox/share/videos/No-Intro/Sega - 32X/Golf Magazine Presents - 36 Great Holes Starring Fred Couples (Japan, USA) (En) (Beta) (1994-11-27).mp4</video>
  </game>
  <game>
    <path>/recalbox/share/rom/No-Intro/Sega - 32X/Golf Magazine Presents - 36 Great Holes Starring Fred Couples (Japan, USA) (En) (Beta) (1994-11-28) (Alt).zip</path>
    <name>Golf Magazine Presents - 36 Great Holes Starring Fred Couples (Japan, USA) (En) (Beta) (1994-11-28) (Alt)</name>
    <image>/recalbox/share/thumbs/Sega - 32X/Named_Titles/Golf Magazine Presents - 36 Great Holes Starring Fred Couples (Japan, USA) (En) (Beta) (1994-11-28) (Alt).png</image>
    <video>/recalbox/share/videos/No-Intro/Sega - 32X/Golf Magazine Presents - 36 Great Holes Starring Fred Couples (Japan, USA) (En) (Beta) (1994-11-28) (Alt).mp4</video>
  </game>
  <game>
    <path>/recalbox/share/rom/No-Intro/Sega - 32X/Golf Magazine Presents - 36 Great Holes Starring Fred Couples (Japan, USA) (En) (Beta) (1994-11-28).zip</path>
    <name>Golf Magazine Presents - 36 Great Holes Starring Fred Couples (Japan, USA) (En) (Beta) (1994-11-28)</name>
    <image>/recalbox/share/thumbs/Sega - 32X/Named_Titles/Golf Magazine Presents - 36 Great Holes Starring Fred Couples (Japan, USA) (En) (Beta) (1994-11-28).png</image>
    <video>/recalbox/share/videos/No-Intro/Sega - 32X/Golf Magazine Presents - 36 Great Holes Starring Fred Couples (Japan, USA) (En) (Beta) (1994-11-28).mp4</video>
  </game>
  <game>
    <path>/recalbox/share/rom/No-Intro/Sega - 32X/Golf Magazine Presents - 36 Great Holes Starring Fred Couples (Japan, USA) (En) (Beta) (1994-11-29).zip</path>
    <name>Golf Magazine Presents - 36 Great Holes Starring Fred Couples (Japan, USA) (En) (Beta) (1994-11-29)</name>
    <image>/recalbox/share/thumbs/Sega - 32X/Named_Titles/Golf Magazine Presents - 36 Great Holes Starring Fred Couples (Japan, USA) (En) (Beta) (1994-11-29).png</image>
    <video>/recalbox/share/videos/No-Intro/Sega - 32X/Golf Magazine Presents - 36 Great Holes Starring Fred Couples (Japan, USA) (En) (Beta) (1994-11-29).mp4</video>
  </game>
  <game>
    <path>/recalbox/share/rom/No-Intro/Sega - 32X/Golf Magazine Presents - 36 Great Holes Starring Fred Couples (Japan, USA) (En) (Beta) (1994-11-30).zip</path>
    <name>Golf Magazine Presents - 36 Great Holes Starring Fred Couples (Japan, USA) (En) (Beta) (1994-11-30)</name>
    <image>/recalbox/share/thumbs/Sega - 32X/Named_Titles/Golf Magazine Presents - 36 Great Holes Starring Fred Couples (Japan, USA) (En) (Beta) (1994-11-30).png</image>
    <video>/recalbox/share/videos/No-Intro/Sega - 32X/Golf Magazine Presents - 36 Great Holes Starring Fred Couples (Japan, USA) (En) (Beta) (1994-11-30).mp4</video>
  </game>
  <game>
    <path>/recalbox/share/rom/No-Intro/Sega - 32X/Golf Magazine Presents - 36 Great Holes Starring Fred Couples (Japan, USA) (En) (Beta) (1994-12-02).zip</path>
    <name>Golf Magazine Presents - 36 Great Holes Starring Fred Couples (Japan, USA) (En) (Beta) (1994-12-02)</name>
    <image>/recalbox/share/thumbs/Sega - 32X/Named_Titles/Golf Magazine Presents - 36 Great Holes Starring Fred Couples (Japan, USA) (En) (Beta) (1994-12-02).png</image>
    <video>/recalbox/share/videos/No-Intro/Sega - 32X/Golf Magazine Presents - 36 Great Holes Starring Fred Couples (Japan, USA) (En) (Beta) (1994-12-02).mp4</video>
  </game>
  <game>
    <path>/recalbox/share/rom/No-Intro/Sega - 32X/Golf Magazine Presents - 36 Great Holes Starring Fred Couples (Japan, USA) (En) (Beta) (1994-12-03).zip</path>
    <name>Golf Magazine Presents - 36 Great Holes Starring Fred Couples (Japan, USA) (En) (Beta) (1994-12-03)</name>
    <image>/recalbox/share/thumbs/Sega - 32X/Named_Titles/Golf Magazine Presents - 36 Great Holes Starring Fred Couples (Japan, USA) (En) (Beta) (1994-12-03).png</image>
    <video>/recalbox/share/videos/No-Intro/Sega - 32X/Golf Magazine Presents - 36 Great Holes Starring Fred Couples (Japan, USA) (En) (Beta) (1994-12-03).mp4</video>
  </game>
  <game>
    <path>/recalbox/share/rom/No-Intro/Sega - 32X/Golf Magazine Presents - 36 Great Holes Starring Fred Couples (Japan, USA) (En) (Beta) (1994-12-06).zip</path>
    <name>Golf Magazine Presents - 36 Great Holes Starring Fred Couples (Japan, USA) (En) (Beta) (1994-12-06)</name>
    <image>/recalbox/share/thumbs/Sega - 32X/Named_Titles/Golf Magazine Presents - 36 Great Holes Starring Fred Couples (Japan, USA) (En) (Beta) (1994-12-06).png</image>
    <video>/recalbox/share/videos/No-Intro/Sega - 32X/Golf Magazine Presents - 36 Great Holes Starring Fred Couples (Japan, USA) (En) (Beta) (1994-12-06).mp4</video>
  </game>
  <game>
    <path>/recalbox/share/rom/No-Intro/Sega - 32X/Golf Magazine Presents - 36 Great Holes Starring Fred Couples (Japan, USA) (En) (Beta) (1994-12-13).zip</path>
    <name>Golf Magazine Presents - 36 Great Holes Starring Fred Couples (Japan, USA) (En) (Beta) (1994-12-13)</name>
    <image>/recalbox/share/thumbs/Sega - 32X/Named_Titles/Golf Magazine Presents - 36 Great Holes Starring Fred Couples (Japan, USA) (En) (Beta) (1994-12-13).png</image>
    <video>/recalbox/share/videos/No-Intro/Sega - 32X/Golf Magazine Presents - 36 Great Holes Starring Fred Couples (Japan, USA) (En) (Beta) (1994-12-13).mp4</video>
  </game>
  <game>
    <path>/recalbox/share/rom/No-Intro/Sega - 32X/Golf Magazine Presents - 36 Great Holes Starring Fred Couples (Japan, USA) (En) (Beta) (1994-12-19).zip</path>
    <name>Golf Magazine Presents - 36 Great Holes Starring Fred Couples (Japan, USA) (En) (Beta) (1994-12-19)</name>
    <image>/recalbox/share/thumbs/Sega - 32X/Named_Titles/Golf Magazine Presents - 36 Great Holes Starring Fred Couples (Japan, USA) (En) (Beta) (1994-12-19).png</image>
    <video>/recalbox/share/videos/No-Intro/Sega - 32X/Golf Magazine Presents - 36 Great Holes Starring Fred Couples (Japan, USA) (En) (Beta) (1994-12-19).mp4</video>
  </game>
  <game>
    <path>/recalbox/share/rom/No-Intro/Sega - 32X/Golf Magazine Presents - 36 Great Holes Starring Fred Couples (Japan, USA) (En) (Beta) (1994-12-21).zip</path>
    <name>Golf Magazine Presents - 36 Great Holes Starring Fred Couples (Japan, USA) (En) (Beta) (1994-12-21)</name>
    <image>/recalbox/share/thumbs/Sega - 32X/Named_Titles/Golf Magazine Presents - 36 Great Holes Starring Fred Couples (Japan, USA) (En) (Beta) (1994-12-21).png</image>
    <video>/recalbox/share/videos/No-Intro/Sega - 32X/Golf Magazine Presents - 36 Great Holes Starring Fred Couples (Japan, USA) (En) (Beta) (1994-12-21).mp4</video>
  </game>
  <game>
    <path>/recalbox/share/rom/No-Intro/Sega - 32X/Golf Magazine Presents - 36 Great Holes Starring Fred Couples (Japan, USA) (En).zip</path>
    <name>Golf Magazine Presents - 36 Great Holes Starring Fred Couples (Japan, USA) (En)</name>
    <image>/recalbox/share/thumbs/Sega - 32X/Named_Titles/Golf Magazine Presents - 36 Great Holes Starring Fred Couples (Japan, USA) (En).png</image>
    <video>/recalbox/share/videos/No-Intro/Sega - 32X/Golf Magazine Presents - 36 Great Holes Starring Fred Couples (Japan, USA) (En).mp4</video>
  </game>
  <game>
    <path>/recalbox/share/rom/No-Intro/Sega - 32X/Knuckles' Chaotix (Europe).zip</path>
    <name>Knuckles&apos; Chaotix (Europe)</name>
    <image>/recalbox/share/thumbs/Sega - 32X/Named_Titles/Knuckles&apos; Chaotix (Europe).png</image>
    <video>/recalbox/share/videos/No-Intro/Sega - 32X/Knuckles&apos; Chaotix (Europe).mp4</video>
  </game>
  <game>
    <path>/recalbox/share/rom/No-Intro/Sega - 32X/Knuckles' Chaotix (Japan, USA) (En) (Beta) (1994-12-07).zip</path>
    <name>Knuckles&apos; Chaotix (Japan, USA) (En) (Beta) (1994-12-07)</name>
    <image>/recalbox/share/thumbs/Sega - 32X/Named_Titles/Knuckles&apos; Chaotix (Japan, USA) (En) (Beta) (1994-12-07).png</image>
    <video>/recalbox/share/videos/No-Intro/Sega - 32X/Knuckles&apos; Chaotix (Japan, USA) (En) (Beta) (1994-12-07).mp4</video>
  </game>
  <game>
    <path>/recalbox/share/rom/No-Intro/Sega - 32X/Knuckles' Chaotix (Japan, USA) (En) (Beta) (1994-12-27).zip</path>
    <name>Knuckles&apos; Chaotix (Japan, USA) (En) (Beta) (1994-12-27)</name>
    <image>/recalbox/share/thumbs/Sega - 32X/Named_Titles/Knuckles&apos; Chaotix (Japan, USA) (En) (Beta) (1994-12-27).png</image>
    <video>/recalbox/share/videos/No-Intro/Sega - 32X/Knuckles&apos; Chaotix (Japan, USA) (En) (Beta) (1994-12-27).mp4</video>
  </game>
  <game>
    <path>/recalbox/share/rom/No-Intro/Sega - 32X/Knuckles' Chaotix (Japan, USA) (En) (Beta) (1994-12-30).zip</path>
    <name>Knuckles&apos; Chaotix (Japan, USA) (En) (Beta) (1994-12-30)</name>
    <image>/recalbox/share/thumbs/Sega - 32X/Named_Titles/Knuckles&apos; Chaotix (Japan, USA) (En) (Beta) (1994-12-30).png</image>
    <video>/recalbox/share/videos/No-Intro/Sega - 32X/Knuckles&apos; Chaotix (Japan, USA) (En) (Beta) (1994-12-30).mp4</video>
  </game>
  <game>
    <path>/recalbox/share/rom/No-Intro/Sega - 32X/Knuckles' Chaotix (Japan, USA) (En) (Beta) (1995-01-12).zip</path>
    <name>Knuckles&apos; Chaotix (Japan, USA) (En) (Beta) (1995-01-12)</name>
    <image>/recalbox/share/thumbs/Sega - 32X/Named_Titles/Knuckles&apos; Chaotix (Japan, USA) (En) (Beta) (1995-01-12).png</image>
    <video>/recalbox/share/videos/No-Intro/Sega - 32X/Knuckles&apos; Chaotix (Japan, USA) (En) (Beta) (1995-01-12).mp4</video>
  </game>
  <game>
    <path>/recalbox/share/rom/No-Intro/Sega - 32X/Knuckles' Chaotix (Japan, USA) (En) (Beta) (1995-01-19).zip</path>
    <name>Knuckles&apos; Chaotix (Japan, USA) (En) (Beta) (1995-01-19)</name>
    <image>/recalbox/share/thumbs/Sega - 32X/Named_Titles/Knuckles&apos; Chaotix (Japan, USA) (En) (Beta) (1995-01-19).png</image>
    <video>/recalbox/share/videos/No-Intro/Sega - 32X/Knuckles&apos; Chaotix (Japan, USA) (En) (Beta) (1995-01-19).mp4</video>
  </game>
  <game>
    <path>/recalbox/share/rom/No-Intro/Sega - 32X/Knuckles' Chaotix (Japan, USA) (En) (Beta) (1995-02-07).zip</path>
    <name>Knuckles&apos; Chaotix (Japan, USA) (En) (Beta) (1995-02-07)</name>
    <image>/recalbox/share/thumbs/Sega - 32X/Named_Titles/Knuckles&apos; Chaotix (Japan, USA) (En) (Beta) (1995-02-07).png</image>
    <video>/recalbox/share/videos/No-Intro/Sega - 32X/Knuckles&apos; Chaotix (Japan, USA) (En) (Beta) (1995-02-07).mp4</video>
  </game>
  <game>
    <path>/recalbox/share/rom/No-Intro/Sega - 32X/Knuckles' Chaotix (Japan, USA) (En) (Beta) (1995-02-08).zip</path>
    <name>Knuckles&apos; Chaotix (Japan, USA) (En) (Beta) (1995-02-08)</name>
    <image>/recalbox/share/thumbs/Sega - 32X/Named_Titles/Knuckles&apos; Chaotix (Japan, USA) (En) (Beta) (1995-02-08).png</image>
    <video>/recalbox/share/videos/No-Intro/Sega - 32X/Knuckles&apos; Chaotix (Japan, USA) (En) (Beta) (1995-02-08).mp4</video>
  </game>
  <game>
    <path>/recalbox/share/rom/No-Intro/Sega - 32X/Knuckles' Chaotix (Japan, USA) (En) (Beta) (1995-02-09).zip</path>
    <name>Knuckles&apos; Chaotix (Japan, USA) (En) (Beta) (1995-02-09)</name>
    <image>/recalbox/share/thumbs/Sega - 32X/Named_Titles/Knuckles&apos; Chaotix (Japan, USA) (En) (Beta) (1995-02-09).png</image>
    <video>/recalbox/share/videos/No-Intro/Sega - 32X/Knuckles&apos; Chaotix (Japan, USA) (En) (Beta) (1995-02-09).mp4</video>
  </game>
  <game>
    <path>/recalbox/share/rom/No-Intro/Sega - 32X/Knuckles' Chaotix (Japan, USA) (En) (Beta) (1995-02-10).zip</path>
    <name>Knuckles&apos; Chaotix (Japan, USA) (En) (Beta) (1995-02-10)</name>
    <image>/recalbox/share/thumbs/Sega - 32X/Named_Titles/Knuckles&apos; Chaotix (Japan, USA) (En) (Beta) (1995-02-10).png</image>
    <video>/recalbox/share/videos/No-Intro/Sega - 32X/Knuckles&apos; Chaotix (Japan, USA) (En) (Beta) (1995-02-10).mp4</video>
  </game>
  <game>
    <path>/recalbox/share/rom/No-Intro/Sega - 32X/Knuckles' Chaotix (Japan, USA) (En) (Beta) (1995-02-13) (Alt).zip</path>
    <name>Knuckles&apos; Chaotix (Japan, USA) (En) (Beta) (1995-02-13) (Alt)</name>
    <image>/recalbox/share/thumbs/Sega - 32X/Named_Titles/Knuckles&apos; Chaotix (Japan, USA) (En) (Beta) (1995-02-13) (Alt).png</image>
    <video>/recalbox/share/videos/No-Intro/Sega - 32X/Knuckles&apos; Chaotix (Japan, USA) (En) (Beta) (1995-02-13) (Alt).mp4</video>
  </game>
  <game>
    <path>/recalbox/share/rom/No-Intro/Sega - 32X/Knuckles' Chaotix (Japan, USA) (En) (Beta) (1995-02-13).zip</path>
    <name>Knuckles&apos; Chaotix (Japan, USA) (En) (Beta) (1995-02-13)</name>
    <image>/recalbox/share/thumbs/Sega - 32X/Named_Titles/Knuckles&apos; Chaotix (Japan, USA) (En) (Beta) (1995-02-13).png</image>
    <video>/recalbox/share/videos/No-Intro/Sega - 32X/Knuckles&apos; Chaotix (Japan, USA) (En) (Beta) (1995-02-13).mp4</video>
  </game>
  <game>
    <path>/recalbox/share/rom/No-Intro/Sega - 32X/Knuckles' Chaotix (Japan, USA) (En) (Beta) (1995-02-14).zip</path>
    <name>Knuckles&apos; Chaotix (Japan, USA) (En) (Beta) (1995-02-14)</name>
    <image>/recalbox/share/thumbs/Sega - 32X/Named_Titles/Knuckles&apos; Chaotix (Japan, USA) (En) (Beta) (1995-02-14).png</image>
    <video>/recalbox/share/videos/No-Intro/Sega - 32X/Knuckles&apos; Chaotix (Japan, USA) (En) (Beta) (1995-02-14).mp4</video>
  </game>
  <game>
    <path>/recalbox/share/rom/No-Intro/Sega - 32X/Knuckles' Chaotix (Japan, USA) (En).zip</path>
    <name>Knuckles&apos; Chaotix (Japan, USA) (En)</name>
    <image>/recalbox/share/thumbs/Sega - 32X/Named_Titles/Knuckles&apos; Chaotix (Japan, USA) (En).png</image>
    <video>/recalbox/share/videos/No-Intro/Sega - 32X/Knuckles&apos; Chaotix (Japan, USA) (En).mp4</video>
  </game>
  <game>
    <path>/recalbox/share/rom/No-Intro/Sega - 32X/Kolibri (USA, Europe).zip</path>
    <name>Kolibri (USA, Europe)</name>
    <image>/recalbox/share/thumbs/Sega - 32X/Named_Titles/Kolibri (USA, Europe).png</image>
    <video>/recalbox/share/videos/No-Intro/Sega - 32X/Kolibri (USA, Europe).mp4</video>
  </game>
  <game>
    <path>/recalbox/share/rom/No-Intro/Sega - 32X/Mars Check Program Version 1.0 (Unknown) (SDK Build) (Set 1).zip</path>
    <name>Mars Check Program Version 1.0 (Unknown) (SDK Build) (Set 1)</name>
    <image>/recalbox/share/thumbs/Sega - 32X/Named_Titles/Mars Check Program Version 1.0 (Unknown) (SDK Build) (Set 1).png</image>
    <video>/recalbox/share/videos/No-Intro/Sega - 32X/Mars Check Program Version 1.0 (Unknown) (SDK Build) (Set 1).mp4</video>
  </game>
  <game>
    <path>/recalbox/share/rom/No-Intro/Sega - 32X/Mars Check Program Version 1.0 (Unknown) (SDK Build) (Set 2).zip</path>
    <name>Mars Check Program Version 1.0 (Unknown) (SDK Build) (Set 2)</name>
    <image>/recalbox/share/thumbs/Sega - 32X/Named_Titles/Mars Check Program Version 1.0 (Unknown) (SDK Build) (Set 2).png</image>
    <video>/recalbox/share/videos/No-Intro/Sega - 32X/Mars Check Program Version 1.0 (Unknown) (SDK Build) (Set 2).mp4</video>
  </game>
  <game>
    <path>/recalbox/share/rom/No-Intro/Sega - 32X/Mars Sample Program - Gnu Sierra (Unknown) (SDK Build).zip</path>
    <name>Mars Sample Program - Gnu Sierra (Unknown) (SDK Build)</name>
    <image>/recalbox/share/thumbs/Sega - 32X/Named_Titles/Mars Sample Program - Gnu Sierra (Unknown) (SDK Build).png</image>
    <video>/recalbox/share/videos/No-Intro/Sega - 32X/Mars Sample Program - Gnu Sierra (Unknown) (SDK Build).mp4</video>
  </game>
  <game>
    <path>/recalbox/share/rom/No-Intro/Sega - 32X/Mars Sample Program - Pharaoh (Unknown) (SDK Build).zip</path>
    <name>Mars Sample Program - Pharaoh (Unknown) (SDK Build)</name>
    <image>/recalbox/share/thumbs/Sega - 32X/Named_Titles/Mars Sample Program - Pharaoh (Unknown) (SDK Build).png</image>
    <video>/recalbox/share/videos/No-Intro/Sega - 32X/Mars Sample Program - Pharaoh (Unknown) (SDK Build).mp4</video>
  </game>
  <game>
    <path>/recalbox/share/rom/No-Intro/Sega - 32X/Mars Sample Program - Runlength Mode Test (Unknown) (SDK Build).zip</path>
    <name>Mars Sample Program - Runlength Mode Test (Unknown) (SDK Build)</name>
    <image>/recalbox/share/thumbs/Sega - 32X/Named_Titles/Mars Sample Program - Runlength Mode Test (Unknown) (SDK Build).png</image>
    <video>/recalbox/share/videos/No-Intro/Sega - 32X/Mars Sample Program - Runlength Mode Test (Unknown) (SDK Build).mp4</video>
  </game>
  <game>
    <path>/recalbox/share/rom/No-Intro/Sega - 32X/Mars Sample Program - Texture Test (Unknown) (SDK Build).zip</path>
    <name>Mars Sample Program - Texture Test (Unknown) (SDK Build)</name>
    <image>/recalbox/share/thumbs/Sega - 32X/Named_Titles/Mars Sample Program - Texture Test (Unknown) (SDK Build).png</image>
    <video>/recalbox/share/videos/No-Intro/Sega - 32X/Mars Sample Program - Texture Test (Unknown) (SDK Build).mp4</video>
  </game>
  <game>
    <path>/recalbox/share/rom/No-Intro/Sega - 32X/Metal Head (Europe) (En,Ja).zip</path>
    <name>Metal Head (Europe) (En,Ja)</name>
    <image>/recalbox/share/thumbs/Sega - 32X/Named_Titles/Metal Head (Europe) (En,Ja).png</image>
    <video>/recalbox/share/videos/No-Intro/Sega - 32X/Metal Head (Europe) (En,Ja).mp4</video>
  </game>
  <game>
    <path>/recalbox/share/rom/No-Intro/Sega - 32X/Metal Head (Japan, USA) (En) (Beta) (1994-11-14).zip</path>
    <name>Metal Head (Japan, USA) (En) (Beta) (1994-11-14)</name>
    <image>/recalbox/share/thumbs/Sega - 32X/Named_Titles/Metal Head (Japan, USA) (En) (Beta) (1994-11-14).png</image>
    <video>/recalbox/share/videos/No-Intro/Sega - 32X/Metal Head (Japan, USA) (En) (Beta) (1994-11-14).mp4</video>
  </game>
  <game>
    <path>/recalbox/share/rom/No-Intro/Sega - 32X/Metal Head (Japan, USA) (En) (Beta) (1994-11-18).zip</path>
    <name>Metal Head (Japan, USA) (En) (Beta) (1994-11-18)</name>
    <image>/recalbox/share/thumbs/Sega - 32X/Named_Titles/Metal Head (Japan, USA) (En) (Beta) (1994-11-18).png</image>
    <video>/recalbox/share/videos/No-Intro/Sega - 32X/Metal Head (Japan, USA) (En) (Beta) (1994-11-18).mp4</video>
  </game>
  <game>
    <path>/recalbox/share/rom/No-Intro/Sega - 32X/Metal Head (Japan, USA) (En) (Beta) (1994-11-21).zip</path>
    <name>Metal Head (Japan, USA) (En) (Beta) (1994-11-21)</name>
    <image>/recalbox/share/thumbs/Sega - 32X/Named_Titles/Metal Head (Japan, USA) (En) (Beta) (1994-11-21).png</image>
    <video>/recalbox/share/videos/No-Intro/Sega - 32X/Metal Head (Japan, USA) (En) (Beta) (1994-11-21).mp4</video>
  </game>
  <game>
    <path>/recalbox/share/rom/No-Intro/Sega - 32X/Metal Head (Japan, USA) (En) (Beta) (1994-12-02).zip</path>
    <name>Metal Head (Japan, USA) (En) (Beta) (1994-12-02)</name>
    <image>/recalbox/share/thumbs/Sega - 32X/Named_Titles/Metal Head (Japan, USA) (En) (Beta) (1994-12-02).png</image>
    <video>/recalbox/share/videos/No-Intro/Sega - 32X/Metal Head (Japan, USA) (En) (Beta) (1994-12-02).mp4</video>
  </game>
  <game>
    <path>/recalbox/share/rom/No-Intro/Sega - 32X/Metal Head (Japan, USA) (En) (Beta) (1994-12-07) (Alt).zip</path>
    <name>Metal Head (Japan, USA) (En) (Beta) (1994-12-07) (Alt)</name>
    <image>/recalbox/share/thumbs/Sega - 32X/Named_Titles/Metal Head (Japan, USA) (En) (Beta) (1994-12-07) (Alt).png</image>
    <video>/recalbox/share/videos/No-Intro/Sega - 32X/Metal Head (Japan, USA) (En) (Beta) (1994-12-07) (Alt).mp4</video>
  </game>
  <game>
    <path>/recalbox/share/rom/No-Intro/Sega - 32X/Metal Head (Japan, USA) (En) (Beta) (1994-12-07).zip</path>
    <name>Metal Head (Japan, USA) (En) (Beta) (1994-12-07)</name>
    <image>/recalbox/share/thumbs/Sega - 32X/Named_Titles/Metal Head (Japan, USA) (En) (Beta) (1994-12-07).png</image>
    <video>/recalbox/share/videos/No-Intro/Sega - 32X/Metal Head (Japan, USA) (En) (Beta) (1994-12-07).mp4</video>
  </game>
  <game>
    <path>/recalbox/share/rom/No-Intro/Sega - 32X/Metal Head (Japan, USA) (En) (Beta) (1994-12-09).zip</path>
    <name>Metal Head (Japan, USA) (En) (Beta) (1994-12-09)</name>
    <image>/recalbox/share/thumbs/Sega - 32X/Named_Titles/Metal Head (Japan, USA) (En) (Beta) (1994-12-09).png</image>
    <video>/recalbox/share/videos/No-Intro/Sega - 32X/Metal Head (Japan, USA) (En) (Beta) (1994-12-09).mp4</video>
  </game>
  <game>
    <path>/recalbox/share/rom/No-Intro/Sega - 32X/Metal Head (Japan, USA) (En) (Beta) (1994-12-13).zip</path>
    <name>Metal Head (Japan, USA) (En) (Beta) (1994-12-13)</name>
    <image>/recalbox/share/thumbs/Sega - 32X/Named_Titles/Metal Head (Japan, USA) (En) (Beta) (1994-12-13).png</image>
    <video>/recalbox/share/videos/No-Intro/Sega - 32X/Metal Head (Japan, USA) (En) (Beta) (1994-12-13).mp4</video>
  </game>
  <game>
    <path>/recalbox/share/rom/No-Intro/Sega - 32X/Metal Head (Japan, USA) (En) (Beta) (1994-12-20).zip</path>
    <name>Metal Head (Japan, USA) (En) (Beta) (1994-12-20)</name>
    <image>/recalbox/share/thumbs/Sega - 32X/Named_Titles/Metal Head (Japan, USA) (En) (Beta) (1994-12-20).png</image>
    <video>/recalbox/share/videos/No-Intro/Sega - 32X/Metal Head (Japan, USA) (En) (Beta) (1994-12-20).mp4</video>
  </game>
  <game>
    <path>/recalbox/share/rom/No-Intro/Sega - 32X/Metal Head (Japan, USA) (En,Ja).zip</path>
    <name>Metal Head (Japan, USA) (En,Ja)</name>
    <image>/recalbox/share/thumbs/Sega - 32X/Named_Titles/Metal Head (Japan, USA) (En,Ja).png</image>
    <video>/recalbox/share/videos/No-Intro/Sega - 32X/Metal Head (Japan, USA) (En,Ja).mp4</video>
  </game>
  <game>
    <path>/recalbox/share/rom/No-Intro/Sega - 32X/Mortal Kombat II (Europe).zip</path>
    <name>Mortal Kombat II (Europe)</name>
    <image>/recalbox/share/thumbs/Sega - 32X/Named_Titles/Mortal Kombat II (Europe).png</image>
    <video>/recalbox/share/videos/No-Intro/Sega - 32X/Mortal Kombat II (Europe).mp4</video>
  </game>
  <game>
    <path>/recalbox/share/rom/No-Intro/Sega - 32X/Mortal Kombat II (Japan, USA) (En).zip</path>
    <name>Mortal Kombat II (Japan, USA) (En)</name>
    <image>/recalbox/share/thumbs/Sega - 32X/Named_Titles/Mortal Kombat II (Japan, USA) (En).png</image>
    <video>/recalbox/share/videos/No-Intro/Sega - 32X/Mortal Kombat II (Japan, USA) (En).mp4</video>
  </game>
  <game>
    <path>/recalbox/share/rom/No-Intro/Sega - 32X/Motherbase (Europe) (Sample).zip</path>
    <name>Motherbase (Europe) (Sample)</name>
    <image>/recalbox/share/thumbs/Sega - 32X/Named_Titles/Motherbase (Europe) (Sample).png</image>
    <video>/recalbox/share/videos/No-Intro/Sega - 32X/Motherbase (Europe) (Sample).mp4</video>
  </game>
  <game>
    <path>/recalbox/share/rom/No-Intro/Sega - 32X/Motherbase (Europe).zip</path>
    <name>Motherbase (Europe)</name>
    <image>/recalbox/share/thumbs/Sega - 32X/Named_Titles/Motherbase (Europe).png</image>
    <video>/recalbox/share/videos/No-Intro/Sega - 32X/Motherbase (Europe).mp4</video>
  </game>
  <game>
    <path>/recalbox/share/rom/No-Intro/Sega - 32X/Motocross Championship (Europe).zip</path>
    <name>Motocross Championship (Europe)</name>
    <image>/recalbox/share/thumbs/Sega - 32X/Named_Titles/Motocross Championship (Europe).png</image>
    <video>/recalbox/share/videos/No-Intro/Sega - 32X/Motocross Championship (Europe).mp4</video>
  </game>
  <game>
    <path>/recalbox/share/rom/No-Intro/Sega - 32X/Motocross Championship (Japan, USA) (En) (Beta) (1994-10-12).zip</path>
    <name>Motocross Championship (Japan, USA) (En) (Beta) (1994-10-12)</name>
    <image>/recalbox/share/thumbs/Sega - 32X/Named_Titles/Motocross Championship (Japan, USA) (En) (Beta) (1994-10-12).png</image>
    <video>/recalbox/share/videos/No-Intro/Sega - 32X/Motocross Championship (Japan, USA) (En) (Beta) (1994-10-12).mp4</video>
  </game>
  <game>
    <path>/recalbox/share/rom/No-Intro/Sega - 32X/Motocross Championship (Japan, USA) (En) (Beta) (1994-10-17).zip</path>
    <name>Motocross Championship (Japan, USA) (En) (Beta) (1994-10-17)</name>
    <image>/recalbox/share/thumbs/Sega - 32X/Named_Titles/Motocross Championship (Japan, USA) (En) (Beta) (1994-10-17).png</image>
    <video>/recalbox/share/videos/No-Intro/Sega - 32X/Motocross Championship (Japan, USA) (En) (Beta) (1994-10-17).mp4</video>
  </game>
  <game>
    <path>/recalbox/share/rom/No-Intro/Sega - 32X/Motocross Championship (Japan, USA) (En) (Beta) (1994-10-18).zip</path>
    <name>Motocross Championship (Japan, USA) (En) (Beta) (1994-10-18)</name>
    <image>/recalbox/share/thumbs/Sega - 32X/Named_Titles/Motocross Championship (Japan, USA) (En) (Beta) (1994-10-18).png</image>
    <video>/recalbox/share/videos/No-Intro/Sega - 32X/Motocross Championship (Japan, USA) (En) (Beta) (1994-10-18).mp4</video>
  </game>
  <game>
    <path>/recalbox/share/rom/No-Intro/Sega - 32X/Motocross Championship (Japan, USA) (En) (Beta) (1994-10-19).zip</path>
    <name>Motocross Championship (Japan, USA) (En) (Beta) (1994-10-19)</name>
    <image>/recalbox/share/thumbs/Sega - 32X/Named_Titles/Motocross Championship (Japan, USA) (En) (Beta) (1994-10-19).png</image>
    <video>/recalbox/share/videos/No-Intro/Sega - 32X/Motocross Championship (Japan, USA) (En) (Beta) (1994-10-19).mp4</video>
  </game>
  <game>
    <path>/recalbox/share/rom/No-Intro/Sega - 32X/Motocross Championship (Japan, USA) (En) (Beta) (1994-10-20).zip</path>
    <name>Motocross Championship (Japan, USA) (En) (Beta) (1994-10-20)</name>
    <image>/recalbox/share/thumbs/Sega - 32X/Named_Titles/Motocross Championship (Japan, USA) (En) (Beta) (1994-10-20).png</image>
    <video>/recalbox/share/videos/No-Intro/Sega - 32X/Motocross Championship (Japan, USA) (En) (Beta) (1994-10-20).mp4</video>
  </game>
  <game>
    <path>/recalbox/share/rom/No-Intro/Sega - 32X/Motocross Championship (Japan, USA) (En) (Beta) (1994-10-24).zip</path>
    <name>Motocross Championship (Japan, USA) (En) (Beta) (1994-10-24)</name>
    <image>/recalbox/share/thumbs/Sega - 32X/Named_Titles/Motocross Championship (Japan, USA) (En) (Beta) (1994-10-24).png</image>
    <video>/recalbox/share/videos/No-Intro/Sega - 32X/Motocross Championship (Japan, USA) (En) (Beta) (1994-10-24).mp4</video>
  </game>
  <game>
    <path>/recalbox/share/rom/No-Intro/Sega - 32X/Motocross Championship (Japan, USA) (En) (Beta) (1994-10-28).zip</path>
    <name>Motocross Championship (Japan, USA) (En) (Beta) (1994-10-28)</name>
    <image>/recalbox/share/thumbs/Sega - 32X/Named_Titles/Motocross Championship (Japan, USA) (En) (Beta) (1994-10-28).png</image>
    <video>/recalbox/share/videos/No-Intro/Sega - 32X/Motocross Championship (Japan, USA) (En) (Beta) (1994-10-28).mp4</video>
  </game>
  <game>
    <path>/recalbox/share/rom/No-Intro/Sega - 32X/Motocross Championship (Japan, USA) (En) (Beta) (1994-11-01).zip</path>
    <name>Motocross Championship (Japan, USA) (En) (Beta) (1994-11-01)</name>
    <image>/recalbox/share/thumbs/Sega - 32X/Named_Titles/Motocross Championship (Japan, USA) (En) (Beta) (1994-11-01).png</image>
    <video>/recalbox/share/videos/No-Intro/Sega - 32X/Motocross Championship (Japan, USA) (En) (Beta) (1994-11-01).mp4</video>
  </game>
  <game>
    <path>/recalbox/share/rom/No-Intro/Sega - 32X/Motocross Championship (Japan, USA) (En) (Beta) (1994-11-02) (Alt).zip</path>
    <name>Motocross Championship (Japan, USA) (En) (Beta) (1994-11-02) (Alt)</name>
    <image>/recalbox/share/thumbs/Sega - 32X/Named_Titles/Motocross Championship (Japan, USA) (En) (Beta) (1994-11-02) (Alt).png</image>
    <video>/recalbox/share/videos/No-Intro/Sega - 32X/Motocross Championship (Japan, USA) (En) (Beta) (1994-11-02) (Alt).mp4</video>
  </game>
  <game>
    <path>/recalbox/share/rom/No-Intro/Sega - 32X/Motocross Championship (Japan, USA) (En) (Beta) (1994-11-02).zip</path>
    <name>Motocross Championship (Japan, USA) (En) (Beta) (1994-11-02)</name>
    <image>/recalbox/share/thumbs/Sega - 32X/Named_Titles/Motocross Championship (Japan, USA) (En) (Beta) (1994-11-02).png</image>
    <video>/recalbox/share/videos/No-Intro/Sega - 32X/Motocross Championship (Japan, USA) (En) (Beta) (1994-11-02).mp4</video>
  </game>
  <game>
    <path>/recalbox/share/rom/No-Intro/Sega - 32X/Motocross Championship (Japan, USA) (En) (Beta) (1994-11-03).zip</path>
    <name>Motocross Championship (Japan, USA) (En) (Beta) (1994-11-03)</name>
    <image>/recalbox/share/thumbs/Sega - 32X/Named_Titles/Motocross Championship (Japan, USA) (En) (Beta) (1994-11-03).png</image>
    <video>/recalbox/share/videos/No-Intro/Sega - 32X/Motocross Championship (Japan, USA) (En) (Beta) (1994-11-03).mp4</video>
  </game>
  <game>
    <path>/recalbox/share/rom/No-Intro/Sega - 32X/Motocross Championship (Japan, USA) (En) (Beta) (1994-11-04).zip</path>
    <name>Motocross Championship (Japan, USA) (En) (Beta) (1994-11-04)</name>
    <image>/recalbox/share/thumbs/Sega - 32X/Named_Titles/Motocross Championship (Japan, USA) (En) (Beta) (1994-11-04).png</image>
    <video>/recalbox/share/videos/No-Intro/Sega - 32X/Motocross Championship (Japan, USA) (En) (Beta) (1994-11-04).mp4</video>
  </game>
  <game>
    <path>/recalbox/share/rom/No-Intro/Sega - 32X/Motocross Championship (Japan, USA) (En) (Beta) (1994-11-07).zip</path>
    <name>Motocross Championship (Japan, USA) (En) (Beta) (1994-11-07)</name>
    <image>/recalbox/share/thumbs/Sega - 32X/Named_Titles/Motocross Championship (Japan, USA) (En) (Beta) (1994-11-07).png</image>
    <video>/recalbox/share/videos/No-Intro/Sega - 32X/Motocross Championship (Japan, USA) (En) (Beta) (1994-11-07).mp4</video>
  </game>
  <game>
    <path>/recalbox/share/rom/No-Intro/Sega - 32X/Motocross Championship (Japan, USA) (En) (Beta) (1994-11-08).zip</path>
    <name>Motocross Championship (Japan, USA) (En) (Beta) (1994-11-08)</name>
    <image>/recalbox/share/thumbs/Sega - 32X/Named_Titles/Motocross Championship (Japan, USA) (En) (Beta) (1994-11-08).png</image>
    <video>/recalbox/share/videos/No-Intro/Sega - 32X/Motocross Championship (Japan, USA) (En) (Beta) (1994-11-08).mp4</video>
  </game>
  <game>
    <path>/recalbox/share/rom/No-Intro/Sega - 32X/Motocross Championship (Japan, USA) (En) (Beta) (1994-11-11).zip</path>
    <name>Motocross Championship (Japan, USA) (En) (Beta) (1994-11-11)</name>
    <image>/recalbox/share/thumbs/Sega - 32X/Named_Titles/Motocross Championship (Japan, USA) (En) (Beta) (1994-11-11).png</image>
    <video>/recalbox/share/videos/No-Intro/Sega - 32X/Motocross Championship (Japan, USA) (En) (Beta) (1994-11-11).mp4</video>
  </game>
  <game>
    <path>/recalbox/share/rom/No-Intro/Sega - 32X/Motocross Championship (USA).zip</path>
    <name>Motocross Championship (USA)</name>
    <image>/recalbox/share/thumbs/Sega - 32X/Named_Titles/Motocross Championship (USA).png</image>
    <video>/recalbox/share/videos/No-Intro/Sega - 32X/Motocross Championship (USA).mp4</video>
  </game>
  <game>
    <path>/recalbox/share/rom/No-Intro/Sega - 32X/NBA Jam - Tournament Edition (World).zip</path>
    <name>NBA Jam - Tournament Edition (World)</name>
    <image>/recalbox/share/thumbs/Sega - 32X/Named_Titles/NBA Jam - Tournament Edition (World).png</image>
    <video>/recalbox/share/videos/No-Intro/Sega - 32X/NBA Jam - Tournament Edition (World).mp4</video>
  </game>
  <game>
    <path>/recalbox/share/rom/No-Intro/Sega - 32X/NFL Quarterback Club (World).zip</path>
    <name>NFL Quarterback Club (World)</name>
    <image>/recalbox/share/thumbs/Sega - 32X/Named_Titles/NFL Quarterback Club (World).png</image>
    <video>/recalbox/share/videos/No-Intro/Sega - 32X/NFL Quarterback Club (World).mp4</video>
  </game>
  <game>
    <path>/recalbox/share/rom/No-Intro/Sega - 32X/Pinocchio (Europe) (Proto) (1995-12-06).zip</path>
    <name>Pinocchio (Europe) (Proto) (1995-12-06)</name>
    <image>/recalbox/share/thumbs/Sega - 32X/Named_Titles/Pinocchio (Europe) (Proto) (1995-12-06).png</image>
    <video>/recalbox/share/videos/No-Intro/Sega - 32X/Pinocchio (Europe) (Proto) (1995-12-06).mp4</video>
  </game>
  <game>
    <path>/recalbox/share/rom/No-Intro/Sega - 32X/Pitfall - The Mayan Adventure (USA).zip</path>
    <name>Pitfall - The Mayan Adventure (USA)</name>
    <image>/recalbox/share/thumbs/Sega - 32X/Named_Titles/Pitfall - The Mayan Adventure (USA).png</image>
    <video>/recalbox/share/videos/No-Intro/Sega - 32X/Pitfall - The Mayan Adventure (USA).mp4</video>
  </game>
  <game>
    <path>/recalbox/share/rom/No-Intro/Sega - 32X/Primal Rage (USA, Europe).zip</path>
    <name>Primal Rage (USA, Europe)</name>
    <image>/recalbox/share/thumbs/Sega - 32X/Named_Titles/Primal Rage (USA, Europe).png</image>
    <video>/recalbox/share/videos/No-Intro/Sega - 32X/Primal Rage (USA, Europe).mp4</video>
  </game>
  <game>
    <path>/recalbox/share/rom/No-Intro/Sega - 32X/RBI Baseball '95 (USA).zip</path>
    <name>RBI Baseball &apos;95 (USA)</name>
    <image>/recalbox/share/thumbs/Sega - 32X/Named_Titles/RBI Baseball &apos;95 (USA).png</image>
    <video>/recalbox/share/videos/No-Intro/Sega - 32X/RBI Baseball &apos;95 (USA).mp4</video>
  </game>
  <game>
    <path>/recalbox/share/rom/No-Intro/Sega - 32X/Sangokushi IV (Japan).zip</path>
    <name>Sangokushi IV (Japan)</name>
    <image>/recalbox/share/thumbs/Sega - 32X/Named_Titles/Sangokushi IV (Japan).png</image>
    <video>/recalbox/share/videos/No-Intro/Sega - 32X/Sangokushi IV (Japan).mp4</video>
  </game>
  <game>
    <path>/recalbox/share/rom/No-Intro/Sega - 32X/Soulstar X (USA) (Proto).zip</path>
    <name>Soulstar X (USA) (Proto)</name>
    <image>/recalbox/share/thumbs/Sega - 32X/Named_Titles/Soulstar X (USA) (Proto).png</image>
    <video>/recalbox/share/videos/No-Intro/Sega - 32X/Soulstar X (USA) (Proto).mp4</video>
  </game>
  <game>
    <path>/recalbox/share/rom/No-Intro/Sega - 32X/Space Harrier (Europe).zip</path>
    <name>Space Harrier (Europe)</name>
    <image>/recalbox/share/thumbs/Sega - 32X/Named_Titles/Space Harrier (Europe).png</image>
    <video>/recalbox/share/videos/No-Intro/Sega - 32X/Space Harrier (Europe).mp4</video>
  </game>
  <game>
    <path>/recalbox/share/rom/No-Intro/Sega - 32X/Space Harrier (Japan, USA) (En) (Beta) (1994-09-20).zip</path>
    <name>Space Harrier (Japan, USA) (En) (Beta) (1994-09-20)</name>
    <image>/recalbox/share/thumbs/Sega - 32X/Named_Titles/Space Harrier (Japan, USA) (En) (Beta) (1994-09-20).png</image>
    <video>/recalbox/share/videos/No-Intro/Sega - 32X/Space Harrier (Japan, USA) (En) (Beta) (1994-09-20).mp4</video>
  </game>
  <game>
    <path>/recalbox/share/rom/No-Intro/Sega - 32X/Space Harrier (Japan, USA) (En).zip</path>
    <name>Space Harrier (Japan, USA) (En)</name>
    <image>/recalbox/share/thumbs/Sega - 32X/Named_Titles/Space Harrier (Japan, USA) (En).png</image>
    <video>/recalbox/share/videos/No-Intro/Sega - 32X/Space Harrier (Japan, USA) (En).mp4</video>
  </game>
  <game>
    <path>/recalbox/share/rom/No-Intro/Sega - 32X/Spot Goes to Hollywood (USA) (Proto).zip</path>
    <name>Spot Goes to Hollywood (USA) (Proto)</name>
    <image>/recalbox/share/thumbs/Sega - 32X/Named_Titles/Spot Goes to Hollywood (USA) (Proto).png</image>
    <video>/recalbox/share/videos/No-Intro/Sega - 32X/Spot Goes to Hollywood (USA) (Proto).mp4</video>
  </game>
  <game>
    <path>/recalbox/share/rom/No-Intro/Sega - 32X/Star Trek - Starfleet Academy - Starship Bridge Simulator (USA).zip</path>
    <name>Star Trek - Starfleet Academy - Starship Bridge Simulator (USA)</name>
    <image>/recalbox/share/thumbs/Sega - 32X/Named_Titles/Star Trek - Starfleet Academy - Starship Bridge Simulator (USA).png</image>
    <video>/recalbox/share/videos/No-Intro/Sega - 32X/Star Trek - Starfleet Academy - Starship Bridge Simulator (USA).mp4</video>
  </game>
  <game>
    <path>/recalbox/share/rom/No-Intro/Sega - 32X/Star Wars Arcade (Europe) (Beta) (1994-09-23).zip</path>
    <name>Star Wars Arcade (Europe) (Beta) (1994-09-23)</name>
    <image>/recalbox/share/thumbs/Sega - 32X/Named_Titles/Star Wars Arcade (Europe) (Beta) (1994-09-23).png</image>
    <video>/recalbox/share/videos/No-Intro/Sega - 32X/Star Wars Arcade (Europe) (Beta) (1994-09-23).mp4</video>
  </game>
  <game>
    <path>/recalbox/share/rom/No-Intro/Sega - 32X/Star Wars Arcade (Europe) (Beta) (1994-09-29).zip</path>
    <name>Star Wars Arcade (Europe) (Beta) (1994-09-29)</name>
    <image>/recalbox/share/thumbs/Sega - 32X/Named_Titles/Star Wars Arcade (Europe) (Beta) (1994-09-29).png</image>
    <video>/recalbox/share/videos/No-Intro/Sega - 32X/Star Wars Arcade (Europe) (Beta) (1994-09-29).mp4</video>
  </game>
  <game>
    <path>/recalbox/share/rom/No-Intro/Sega - 32X/Star Wars Arcade (Europe) (Beta) (1994-10-06).zip</path>
    <name>Star Wars Arcade (Europe) (Beta) (1994-10-06)</name>
    <image>/recalbox/share/thumbs/Sega - 32X/Named_Titles/Star Wars Arcade (Europe) (Beta) (1994-10-06).png</image>
    <video>/recalbox/share/videos/No-Intro/Sega - 32X/Star Wars Arcade (Europe) (Beta) (1994-10-06).mp4</video>
  </game>
  <game>
    <path>/recalbox/share/rom/No-Intro/Sega - 32X/Star Wars Arcade (Europe) (Beta) (1994-10-07).zip</path>
    <name>Star Wars Arcade (Europe) (Beta) (1994-10-07)</name>
    <image>/recalbox/share/thumbs/Sega - 32X/Named_Titles/Star Wars Arcade (Europe) (Beta) (1994-10-07).png</image>
    <video>/recalbox/share/videos/No-Intro/Sega - 32X/Star Wars Arcade (Europe) (Beta) (1994-10-07).mp4</video>
  </game>
  <game>
    <path>/recalbox/share/rom/No-Intro/Sega - 32X/Star Wars Arcade (Europe).zip</path>
    <name>Star Wars Arcade (Europe)</name>
    <image>/recalbox/share/thumbs/Sega - 32X/Named_Titles/Star Wars Arcade (Europe).png</image>
    <video>/recalbox/share/videos/No-Intro/Sega - 32X/Star Wars Arcade (Europe).mp4</video>
  </game>
  <game>
    <path>/recalbox/share/rom/No-Intro/Sega - 32X/Star Wars Arcade (Japan) (Beta) (1994-09-30).zip</path>
    <name>Star Wars Arcade (Japan) (Beta) (1994-09-30)</name>
    <image>/recalbox/share/thumbs/Sega - 32X/Named_Titles/Star Wars Arcade (Japan) (Beta) (1994-09-30).png</image>
    <video>/recalbox/share/videos/No-Intro/Sega - 32X/Star Wars Arcade (Japan) (Beta) (1994-09-30).mp4</video>
  </game>
  <game>
    <path>/recalbox/share/rom/No-Intro/Sega - 32X/Star Wars Arcade (Japan) (Beta) (1994-10-03).zip</path>
    <name>Star Wars Arcade (Japan) (Beta) (1994-10-03)</name>
    <image>/recalbox/share/thumbs/Sega - 32X/Named_Titles/Star Wars Arcade (Japan) (Beta) (1994-10-03).png</image>
    <video>/recalbox/share/videos/No-Intro/Sega - 32X/Star Wars Arcade (Japan) (Beta) (1994-10-03).mp4</video>
  </game>
  <game>
    <path>/recalbox/share/rom/No-Intro/Sega - 32X/Star Wars Arcade (Japan) (Beta) (1994-10-05).zip</path>
    <name>Star Wars Arcade (Japan) (Beta) (1994-10-05)</name>
    <image>/recalbox/share/thumbs/Sega - 32X/Named_Titles/Star Wars Arcade (Japan) (Beta) (1994-10-05).png</image>
    <video>/recalbox/share/videos/No-Intro/Sega - 32X/Star Wars Arcade (Japan) (Beta) (1994-10-05).mp4</video>
  </game>
  <game>
    <path>/recalbox/share/rom/No-Intro/Sega - 32X/Star Wars Arcade (Japan).zip</path>
    <name>Star Wars Arcade (Japan)</name>
    <image>/recalbox/share/thumbs/Sega - 32X/Named_Titles/Star Wars Arcade (Japan).png</image>
    <video>/recalbox/share/videos/No-Intro/Sega - 32X/Star Wars Arcade (Japan).mp4</video>
  </game>
  <game>
    <path>/recalbox/share/rom/No-Intro/Sega - 32X/Star Wars Arcade (USA) (Beta) (1994-08-30).zip</path>
    <name>Star Wars Arcade (USA) (Beta) (1994-08-30)</name>
    <image>/recalbox/share/thumbs/Sega - 32X/Named_Titles/Star Wars Arcade (USA) (Beta) (1994-08-30).png</image>
    <video>/recalbox/share/videos/No-Intro/Sega - 32X/Star Wars Arcade (USA) (Beta) (1994-08-30).mp4</video>
  </game>
  <game>
    <path>/recalbox/share/rom/No-Intro/Sega - 32X/Star Wars Arcade (USA) (Beta) (1994-09-01).zip</path>
    <name>Star Wars Arcade (USA) (Beta) (1994-09-01)</name>
    <image>/recalbox/share/thumbs/Sega - 32X/Named_Titles/Star Wars Arcade (USA) (Beta) (1994-09-01).png</image>
    <video>/recalbox/share/videos/No-Intro/Sega - 32X/Star Wars Arcade (USA) (Beta) (1994-09-01).mp4</video>
  </game>
  <game>
    <path>/recalbox/share/rom/No-Intro/Sega - 32X/Star Wars Arcade (USA) (Beta) (1994-09-06).zip</path>
    <name>Star Wars Arcade (USA) (Beta) (1994-09-06)</name>
    <image>/recalbox/share/thumbs/Sega - 32X/Named_Titles/Star Wars Arcade (USA) (Beta) (1994-09-06).png</image>
    <video>/recalbox/share/videos/No-Intro/Sega - 32X/Star Wars Arcade (USA) (Beta) (1994-09-06).mp4</video>
  </game>
  <game>
    <path>/recalbox/share/rom/No-Intro/Sega - 32X/Star Wars Arcade (USA) (Beta) (1994-09-07).zip</path>
    <name>Star Wars Arcade (USA) (Beta) (1994-09-07)</name>
    <image>/recalbox/share/thumbs/Sega - 32X/Named_Titles/Star Wars Arcade (USA) (Beta) (1994-09-07).png</image>
    <video>/recalbox/share/videos/No-Intro/Sega - 32X/Star Wars Arcade (USA) (Beta) (1994-09-07).mp4</video>
  </game>
  <game>
    <path>/recalbox/share/rom/No-Intro/Sega - 32X/Star Wars Arcade (USA) (Beta) (1994-09-09).zip</path>
    <name>Star Wars Arcade (USA) (Beta) (1994-09-09)</name>
    <image>/recalbox/share/thumbs/Sega - 32X/Named_Titles/Star Wars Arcade (USA) (Beta) (1994-09-09).png</image>
    <video>/recalbox/share/videos/No-Intro/Sega - 32X/Star Wars Arcade (USA) (Beta) (1994-09-09).mp4</video>
  </game>
  <game>
    <path>/recalbox/share/rom/No-Intro/Sega - 32X/Star Wars Arcade (USA) (Beta) (1994-09-12).zip</path>
    <name>Star Wars Arcade (USA) (Beta) (1994-09-12)</name>
    <image>/recalbox/share/thumbs/Sega - 32X/Named_Titles/Star Wars Arcade (USA) (Beta) (1994-09-12).png</image>
    <video>/recalbox/share/videos/No-Intro/Sega - 32X/Star Wars Arcade (USA) (Beta) (1994-09-12).mp4</video>
  </game>
  <game>
    <path>/recalbox/share/rom/No-Intro/Sega - 32X/Star Wars Arcade (USA) (Beta) (1994-09-13).zip</path>
    <name>Star Wars Arcade (USA) (Beta) (1994-09-13)</name>
    <image>/recalbox/share/thumbs/Sega - 32X/Named_Titles/Star Wars Arcade (USA) (Beta) (1994-09-13).png</image>
    <video>/recalbox/share/videos/No-Intro/Sega - 32X/Star Wars Arcade (USA) (Beta) (1994-09-13).mp4</video>
  </game>
  <game>
    <path>/recalbox/share/rom/No-Intro/Sega - 32X/Star Wars Arcade (USA) (Beta) (1994-09-14).zip</path>
    <name>Star Wars Arcade (USA) (Beta) (1994-09-14)</name>
    <image>/recalbox/share/thumbs/Sega - 32X/Named_Titles/Star Wars Arcade (USA) (Beta) (1994-09-14).png</image>
    <video>/recalbox/share/videos/No-Intro/Sega - 32X/Star Wars Arcade (USA) (Beta) (1994-09-14).mp4</video>
  </game>
  <game>
    <path>/recalbox/share/rom/No-Intro/Sega - 32X/Star Wars Arcade (USA) (Beta) (1994-09-15).zip</path>
    <name>Star Wars Arcade (USA) (Beta) (1994-09-15)</name>
    <image>/recalbox/share/thumbs/Sega - 32X/Named_Titles/Star Wars Arcade (USA) (Beta) (1994-09-15).png</image>
    <video>/recalbox/share/videos/No-Intro/Sega - 32X/Star Wars Arcade (USA) (Beta) (1994-09-15).mp4</video>
  </game>
  <game>
    <path>/recalbox/share/rom/No-Intro/Sega - 32X/Star Wars Arcade (USA) (Beta) (1994-09-16).zip</path>
    <name>Star Wars Arcade (USA) (Beta) (1994-09-16)</name>
    <image>/recalbox/share/thumbs/Sega - 32X/Named_Titles/Star Wars Arcade (USA) (Beta) (1994-09-16).png</image>
    <video>/recalbox/share/videos/No-Intro/Sega - 32X/Star Wars Arcade (USA) (Beta) (1994-09-16).mp4</video>
  </game>
  <game>
    <path>/recalbox/share/rom/No-Intro/Sega - 32X/Star Wars Arcade (USA) (Beta) (1994-09-18).zip</path>
    <name>Star Wars Arcade (USA) (Beta) (1994-09-18)</name>
    <image>/recalbox/share/thumbs/Sega - 32X/Named_Titles/Star Wars Arcade (USA) (Beta) (1994-09-18).png</image>
    <video>/recalbox/share/videos/No-Intro/Sega - 32X/Star Wars Arcade (USA) (Beta) (1994-09-18).mp4</video>
  </game>
  <game>
    <path>/recalbox/share/rom/No-Intro/Sega - 32X/Star Wars Arcade (USA).zip</path>
    <name>Star Wars Arcade (USA)</name>
    <image>/recalbox/share/thumbs/Sega - 32X/Named_Titles/Star Wars Arcade (USA).png</image>
    <video>/recalbox/share/videos/No-Intro/Sega - 32X/Star Wars Arcade (USA).mp4</video>
  </game>
  <game>
    <path>/recalbox/share/rom/No-Intro/Sega - 32X/Stellar Assault (Japan) (En) (Beta) (1995-02-06).zip</path>
    <name>Stellar Assault (Japan) (En) (Beta) (1995-02-06)</name>
    <image>/recalbox/share/thumbs/Sega - 32X/Named_Titles/Stellar Assault (Japan) (En) (Beta) (1995-02-06).png</image>
    <video>/recalbox/share/videos/No-Intro/Sega - 32X/Stellar Assault (Japan) (En) (Beta) (1995-02-06).mp4</video>
  </game>
  <game>
    <path>/recalbox/share/rom/No-Intro/Sega - 32X/Stellar Assault (Japan) (En) (Beta) (1995-02-13).zip</path>
    <name>Stellar Assault (Japan) (En) (Beta) (1995-02-13)</name>
    <image>/recalbox/share/thumbs/Sega - 32X/Named_Titles/Stellar Assault (Japan) (En) (Beta) (1995-02-13).png</image>
    <video>/recalbox/share/videos/No-Intro/Sega - 32X/Stellar Assault (Japan) (En) (Beta) (1995-02-13).mp4</video>
  </game>
  <game>
    <path>/recalbox/share/rom/No-Intro/Sega - 32X/Stellar Assault (Japan).zip</path>
    <name>Stellar Assault (Japan)</name>
    <image>/recalbox/share/thumbs/Sega - 32X/Named_Titles/Stellar Assault (Japan).png</image>
    <video>/recalbox/share/videos/No-Intro/Sega - 32X/Stellar Assault (Japan).mp4</video>
  </game>
  <game>
    <path>/recalbox/share/rom/No-Intro/Sega - 32X/Stellar Assault (USA, Europe) (Beta) (1995-02-22).zip</path>
    <name>Stellar Assault (USA, Europe) (Beta) (1995-02-22)</name>
    <image>/recalbox/share/thumbs/Sega - 32X/Named_Titles/Stellar Assault (USA, Europe) (Beta) (1995-02-22).png</image>
    <video>/recalbox/share/videos/No-Intro/Sega - 32X/Stellar Assault (USA, Europe) (Beta) (1995-02-22).mp4</video>
  </game>
  <game>
    <path>/recalbox/share/rom/No-Intro/Sega - 32X/Stellar Assault (USA, Europe) (Beta) (1995-03-02).zip</path>
    <name>Stellar Assault (USA, Europe) (Beta) (1995-03-02)</name>
    <image>/recalbox/share/thumbs/Sega - 32X/Named_Titles/Stellar Assault (USA, Europe) (Beta) (1995-03-02).png</image>
    <video>/recalbox/share/videos/No-Intro/Sega - 32X/Stellar Assault (USA, Europe) (Beta) (1995-03-02).mp4</video>
  </game>
  <game>
    <path>/recalbox/share/rom/No-Intro/Sega - 32X/Stellar Assault (USA, Europe) (Beta) (1995-03-06).zip</path>
    <name>Stellar Assault (USA, Europe) (Beta) (1995-03-06)</name>
    <image>/recalbox/share/thumbs/Sega - 32X/Named_Titles/Stellar Assault (USA, Europe) (Beta) (1995-03-06).png</image>
    <video>/recalbox/share/videos/No-Intro/Sega - 32X/Stellar Assault (USA, Europe) (Beta) (1995-03-06).mp4</video>
  </game>
  <game>
    <path>/recalbox/share/rom/No-Intro/Sega - 32X/Stellar Assault (USA, Europe) (Beta) (1995-03-13) (Alt).zip</path>
    <name>Stellar Assault (USA, Europe) (Beta) (1995-03-13) (Alt)</name>
    <image>/recalbox/share/thumbs/Sega - 32X/Named_Titles/Stellar Assault (USA, Europe) (Beta) (1995-03-13) (Alt).png</image>
    <video>/recalbox/share/videos/No-Intro/Sega - 32X/Stellar Assault (USA, Europe) (Beta) (1995-03-13) (Alt).mp4</video>
  </game>
  <game>
    <path>/recalbox/share/rom/No-Intro/Sega - 32X/Stellar Assault (USA, Europe) (Beta) (1995-03-13).zip</path>
    <name>Stellar Assault (USA, Europe) (Beta) (1995-03-13)</name>
    <image>/recalbox/share/thumbs/Sega - 32X/Named_Titles/Stellar Assault (USA, Europe) (Beta) (1995-03-13).png</image>
    <video>/recalbox/share/videos/No-Intro/Sega - 32X/Stellar Assault (USA, Europe) (Beta) (1995-03-13).mp4</video>
  </game>
  <game>
    <path>/recalbox/share/rom/No-Intro/Sega - 32X/Stellar Assault (USA, Europe).zip</path>
    <name>Stellar Assault (USA, Europe)</name>
    <image>/recalbox/share/thumbs/Sega - 32X/Named_Titles/Stellar Assault (USA, Europe).png</image>
    <video>/recalbox/share/videos/No-Intro/Sega - 32X/Stellar Assault (USA, Europe).mp4</video>
  </game>
  <game>
    <path>/recalbox/share/rom/No-Intro/Sega - 32X/T-MEK (USA, Europe).zip</path>
    <name>T-MEK (USA, Europe)</name>
    <image>/recalbox/share/thumbs/Sega - 32X/Named_Titles/T-MEK (USA, Europe).png</image>
    <video>/recalbox/share/videos/No-Intro/Sega - 32X/T-MEK (USA, Europe).mp4</video>
  </game>
  <game>
    <path>/recalbox/share/rom/No-Intro/Sega - 32X/Tempo (Japan, USA) (En) (Beta) (1994-12-21).zip</path>
    <name>Tempo (Japan, USA) (En) (Beta) (1994-12-21)</name>
    <image>/recalbox/share/thumbs/Sega - 32X/Named_Titles/Tempo (Japan, USA) (En) (Beta) (1994-12-21).png</image>
    <video>/recalbox/share/videos/No-Intro/Sega - 32X/Tempo (Japan, USA) (En) (Beta) (1994-12-21).mp4</video>
  </game>
  <game>
    <path>/recalbox/share/rom/No-Intro/Sega - 32X/Tempo (Japan, USA) (En) (Beta) (1995-01-19).zip</path>
    <name>Tempo (Japan, USA) (En) (Beta) (1995-01-19)</name>
    <image>/recalbox/share/thumbs/Sega - 32X/Named_Titles/Tempo (Japan, USA) (En) (Beta) (1995-01-19).png</image>
    <video>/recalbox/share/videos/No-Intro/Sega - 32X/Tempo (Japan, USA) (En) (Beta) (1995-01-19).mp4</video>
  </game>
  <game>
    <path>/recalbox/share/rom/No-Intro/Sega - 32X/Tempo (Japan, USA) (En) (Beta) (1995-01-24).zip</path>
    <name>Tempo (Japan, USA) (En) (Beta) (1995-01-24)</name>
    <image>/recalbox/share/thumbs/Sega - 32X/Named_Titles/Tempo (Japan, USA) (En) (Beta) (1995-01-24).png</image>
    <video>/recalbox/share/videos/No-Intro/Sega - 32X/Tempo (Japan, USA) (En) (Beta) (1995-01-24).mp4</video>
  </game>
  <game>
    <path>/recalbox/share/rom/No-Intro/Sega - 32X/Tempo (Japan, USA) (En) (Beta) (1995-01-26).zip</path>
    <name>Tempo (Japan, USA) (En) (Beta) (1995-01-26)</name>
    <image>/recalbox/share/thumbs/Sega - 32X/Named_Titles/Tempo (Japan, USA) (En) (Beta) (1995-01-26).png</image>
    <video>/recalbox/share/videos/No-Intro/Sega - 32X/Tempo (Japan, USA) (En) (Beta) (1995-01-26).mp4</video>
  </game>
  <game>
    <path>/recalbox/share/rom/No-Intro/Sega - 32X/Tempo (Japan, USA) (En) (Beta) (1995-02-04).zip</path>
    <name>Tempo (Japan, USA) (En) (Beta) (1995-02-04)</name>
    <image>/recalbox/share/thumbs/Sega - 32X/Named_Titles/Tempo (Japan, USA) (En) (Beta) (1995-02-04).png</image>
    <video>/recalbox/share/videos/No-Intro/Sega - 32X/Tempo (Japan, USA) (En) (Beta) (1995-02-04).mp4</video>
  </game>
  <game>
    <path>/recalbox/share/rom/No-Intro/Sega - 32X/Tempo (Japan, USA) (En) (Beta) (1995-02-06) (Alt).zip</path>
    <name>Tempo (Japan, USA) (En) (Beta) (1995-02-06) (Alt)</name>
    <image>/recalbox/share/thumbs/Sega - 32X/Named_Titles/Tempo (Japan, USA) (En) (Beta) (1995-02-06) (Alt).png</image>
    <video>/recalbox/share/videos/No-Intro/Sega - 32X/Tempo (Japan, USA) (En) (Beta) (1995-02-06) (Alt).mp4</video>
  </game>
  <game>
    <path>/recalbox/share/rom/No-Intro/Sega - 32X/Tempo (Japan, USA) (En) (Beta) (1995-02-06).zip</path>
    <name>Tempo (Japan, USA) (En) (Beta) (1995-02-06)</name>
    <image>/recalbox/share/thumbs/Sega - 32X/Named_Titles/Tempo (Japan, USA) (En) (Beta) (1995-02-06).png</image>
    <video>/recalbox/share/videos/No-Intro/Sega - 32X/Tempo (Japan, USA) (En) (Beta) (1995-02-06).mp4</video>
  </game>
  <game>
    <path>/recalbox/share/rom/No-Intro/Sega - 32X/Tempo (Japan, USA) (En) (Beta) (1995-02-07).zip</path>
    <name>Tempo (Japan, USA) (En) (Beta) (1995-02-07)</name>
    <image>/recalbox/share/thumbs/Sega - 32X/Named_Titles/Tempo (Japan, USA) (En) (Beta) (1995-02-07).png</image>
    <video>/recalbox/share/videos/No-Intro/Sega - 32X/Tempo (Japan, USA) (En) (Beta) (1995-02-07).mp4</video>
  </game>
  <game>
    <path>/recalbox/share/rom/No-Intro/Sega - 32X/Tempo (Japan, USA) (En).zip</path>
    <name>Tempo (Japan, USA) (En)</name>
    <image>/recalbox/share/thumbs/Sega - 32X/Named_Titles/Tempo (Japan, USA) (En).png</image>
    <video>/recalbox/share/videos/No-Intro/Sega - 32X/Tempo (Japan, USA) (En).mp4</video>
  </game>
  <game>
    <path>/recalbox/share/rom/No-Intro/Sega - 32X/Time Warner 32X CMD Download Cartridge (USA) (Program).zip</path>
    <name>Time Warner 32X CMD Download Cartridge (USA) (Program)</name>
    <image>/recalbox/share/thumbs/Sega - 32X/Named_Titles/Time Warner 32X CMD Download Cartridge (USA) (Program).png</image>
    <video>/recalbox/share/videos/No-Intro/Sega - 32X/Time Warner 32X CMD Download Cartridge (USA) (Program).mp4</video>
  </game>
  <game>
    <path>/recalbox/share/rom/No-Intro/Sega - 32X/Toughman Contest (USA, Europe).zip</path>
    <name>Toughman Contest (USA, Europe)</name>
    <image>/recalbox/share/thumbs/Sega - 32X/Named_Titles/Toughman Contest (USA, Europe).png</image>
    <video>/recalbox/share/videos/No-Intro/Sega - 32X/Toughman Contest (USA, Europe).mp4</video>
  </game>
  <game>
    <path>/recalbox/share/rom/No-Intro/Sega - 32X/Virtua Fighter (Europe).zip</path>
    <name>Virtua Fighter (Europe)</name>
    <image>/recalbox/share/thumbs/Sega - 32X/Named_Titles/Virtua Fighter (Europe).png</image>
    <video>/recalbox/share/videos/No-Intro/Sega - 32X/Virtua Fighter (Europe).mp4</video>
  </game>
  <game>
    <path>/recalbox/share/rom/No-Intro/Sega - 32X/Virtua Fighter (Japan, USA) (En) (Beta) (1995-05-30).zip</path>
    <name>Virtua Fighter (Japan, USA) (En) (Beta) (1995-05-30)</name>
    <image>/recalbox/share/thumbs/Sega - 32X/Named_Titles/Virtua Fighter (Japan, USA) (En) (Beta) (1995-05-30).png</image>
    <video>/recalbox/share/videos/No-Intro/Sega - 32X/Virtua Fighter (Japan, USA) (En) (Beta) (1995-05-30).mp4</video>
  </game>
  <game>
    <path>/recalbox/share/rom/No-Intro/Sega - 32X/Virtua Fighter (Japan, USA) (En) (Beta) (1995-06-15).zip</path>
    <name>Virtua Fighter (Japan, USA) (En) (Beta) (1995-06-15)</name>
    <image>/recalbox/share/thumbs/Sega - 32X/Named_Titles/Virtua Fighter (Japan, USA) (En) (Beta) (1995-06-15).png</image>
    <video>/recalbox/share/videos/No-Intro/Sega - 32X/Virtua Fighter (Japan, USA) (En) (Beta) (1995-06-15).mp4</video>
  </game>
  <game>
    <path>/recalbox/share/rom/No-Intro/Sega - 32X/Virtua Fighter (Japan, USA) (En) (Beta) (1995-06-30).zip</path>
    <name>Virtua Fighter (Japan, USA) (En) (Beta) (1995-06-30)</name>
    <image>/recalbox/share/thumbs/Sega - 32X/Named_Titles/Virtua Fighter (Japan, USA) (En) (Beta) (1995-06-30).png</image>
    <video>/recalbox/share/videos/No-Intro/Sega - 32X/Virtua Fighter (Japan, USA) (En) (Beta) (1995-06-30).mp4</video>
  </game>
  <game>
    <path>/recalbox/share/rom/No-Intro/Sega - 32X/Virtua Fighter (Japan, USA) (En) (Beta) (1995-07-17).zip</path>
    <name>Virtua Fighter (Japan, USA) (En) (Beta) (1995-07-17)</name>
    <image>/recalbox/share/thumbs/Sega - 32X/Named_Titles/Virtua Fighter (Japan, USA) (En) (Beta) (1995-07-17).png</image>
    <video>/recalbox/share/videos/No-Intro/Sega - 32X/Virtua Fighter (Japan, USA) (En) (Beta) (1995-07-17).mp4</video>
  </game>
  <game>
    <path>/recalbox/share/rom/No-Intro/Sega - 32X/Virtua Fighter (Japan, USA) (En) (Beta) (1995-07-21).zip</path>
    <name>Virtua Fighter (Japan, USA) (En) (Beta) (1995-07-21)</name>
    <image>/recalbox/share/thumbs/Sega - 32X/Named_Titles/Virtua Fighter (Japan, USA) (En) (Beta) (1995-07-21).png</image>
    <video>/recalbox/share/videos/No-Intro/Sega - 32X/Virtua Fighter (Japan, USA) (En) (Beta) (1995-07-21).mp4</video>
  </game>
  <game>
    <path>/recalbox/share/rom/No-Intro/Sega - 32X/Virtua Fighter (Japan, USA) (En) (Beta) (1995-07-24).zip</path>
    <name>Virtua Fighter (Japan, USA) (En) (Beta) (1995-07-24)</name>
    <image>/recalbox/share/thumbs/Sega - 32X/Named_Titles/Virtua Fighter (Japan, USA) (En) (Beta) (1995-07-24).png</image>
    <video>/recalbox/share/videos/No-Intro/Sega - 32X/Virtua Fighter (Japan, USA) (En) (Beta) (1995-07-24).mp4</video>
  </game>
  <game>
    <path>/recalbox/share/rom/No-Intro/Sega - 32X/Virtua Fighter (Japan, USA) (En) (Beta) (1995-07-25).zip</path>
    <name>Virtua Fighter (Japan, USA) (En) (Beta) (1995-07-25)</name>
    <image>/recalbox/share/thumbs/Sega - 32X/Named_Titles/Virtua Fighter (Japan, USA) (En) (Beta) (1995-07-25).png</image>
    <video>/recalbox/share/videos/No-Intro/Sega - 32X/Virtua Fighter (Japan, USA) (En) (Beta) (1995-07-25).mp4</video>
  </game>
  <game>
    <path>/recalbox/share/rom/No-Intro/Sega - 32X/Virtua Fighter (Japan, USA) (En).zip</path>
    <name>Virtua Fighter (Japan, USA) (En)</name>
    <image>/recalbox/share/thumbs/Sega - 32X/Named_Titles/Virtua Fighter (Japan, USA) (En).png</image>
    <video>/recalbox/share/videos/No-Intro/Sega - 32X/Virtua Fighter (Japan, USA) (En).mp4</video>
  </game>
  <game>
    <path>/recalbox/share/rom/No-Intro/Sega - 32X/Virtua Hamster (USA) (Proto).zip</path>
    <name>Virtua Hamster (USA) (Proto)</name>
    <image>/recalbox/share/thumbs/Sega - 32X/Named_Titles/Virtua Hamster (USA) (Proto).png</image>
    <video>/recalbox/share/videos/No-Intro/Sega - 32X/Virtua Hamster (USA) (Proto).mp4</video>
  </game>
  <game>
    <path>/recalbox/share/rom/No-Intro/Sega - 32X/Virtua Racing Deluxe (Europe).zip</path>
    <name>Virtua Racing Deluxe (Europe)</name>
    <image>/recalbox/share/thumbs/Sega - 32X/Named_Titles/Virtua Racing Deluxe (Europe).png</image>
    <video>/recalbox/share/videos/No-Intro/Sega - 32X/Virtua Racing Deluxe (Europe).mp4</video>
  </game>
  <game>
    <path>/recalbox/share/rom/No-Intro/Sega - 32X/Virtua Racing Deluxe (Japan).zip</path>
    <name>Virtua Racing Deluxe (Japan)</name>
    <image>/recalbox/share/thumbs/Sega - 32X/Named_Titles/Virtua Racing Deluxe (Japan).png</image>
    <video>/recalbox/share/videos/No-Intro/Sega - 32X/Virtua Racing Deluxe (Japan).mp4</video>
  </game>
  <game>
    <path>/recalbox/share/rom/No-Intro/Sega - 32X/Virtua Racing Deluxe (USA) (Beta) (1994-08-22).zip</path>
    <name>Virtua Racing Deluxe (USA) (Beta) (1994-08-22)</name>
    <image>/recalbox/share/thumbs/Sega - 32X/Named_Titles/Virtua Racing Deluxe (USA) (Beta) (1994-08-22).png</image>
    <video>/recalbox/share/videos/No-Intro/Sega - 32X/Virtua Racing Deluxe (USA) (Beta) (1994-08-22).mp4</video>
  </game>
  <game>
    <path>/recalbox/share/rom/No-Intro/Sega - 32X/Virtua Racing Deluxe (USA) (Beta) (1994-08-29).zip</path>
    <name>Virtua Racing Deluxe (USA) (Beta) (1994-08-29)</name>
    <image>/recalbox/share/thumbs/Sega - 32X/Named_Titles/Virtua Racing Deluxe (USA) (Beta) (1994-08-29).png</image>
    <video>/recalbox/share/videos/No-Intro/Sega - 32X/Virtua Racing Deluxe (USA) (Beta) (1994-08-29).mp4</video>
  </game>
  <game>
    <path>/recalbox/share/rom/No-Intro/Sega - 32X/Virtua Racing Deluxe (USA) (Beta) (1994-09-05).zip</path>
    <name>Virtua Racing Deluxe (USA) (Beta) (1994-09-05)</name>
    <image>/recalbox/share/thumbs/Sega - 32X/Named_Titles/Virtua Racing Deluxe (USA) (Beta) (1994-09-05).png</image>
    <video>/recalbox/share/videos/No-Intro/Sega - 32X/Virtua Racing Deluxe (USA) (Beta) (1994-09-05).mp4</video>
  </game>
  <game>
    <path>/recalbox/share/rom/No-Intro/Sega - 32X/Virtua Racing Deluxe (USA).zip</path>
    <name>Virtua Racing Deluxe (USA)</name>
    <image>/recalbox/share/thumbs/Sega - 32X/Named_Titles/Virtua Racing Deluxe (USA).png</image>
    <video>/recalbox/share/videos/No-Intro/Sega - 32X/Virtua Racing Deluxe (USA).mp4</video>
  </game>
  <game>
    <path>/recalbox/share/rom/No-Intro/Sega - 32X/WWF Raw (World).zip</path>
    <name>WWF Raw (World)</name>
    <image>/recalbox/share/thumbs/Sega - 32X/Named_Titles/WWF Raw (World).png</image>
    <video>/recalbox/share/videos/No-Intro/Sega - 32X/WWF Raw (World).mp4</video>
  </game>
  <game>
    <path>/recalbox/share/rom/No-Intro/Sega - 32X/WWF WrestleMania - The Arcade Game (USA).zip</path>
    <name>WWF WrestleMania - The Arcade Game (USA)</name>
    <image>/recalbox/share/thumbs/Sega - 32X/Named_Titles/WWF WrestleMania - The Arcade Game (USA).png</image>
    <video>/recalbox/share/videos/No-Intro/Sega - 32X/WWF WrestleMania - The Arcade Game (USA).mp4</video>
  </game>
  <game>
    <path>/recalbox/share/rom/No-Intro/Sega - 32X/World Series Baseball Starring Deion Sanders (USA).zip</path>
    <name>World Series Baseball Starring Deion Sanders (USA)</name>
    <image>/recalbox/share/thumbs/Sega - 32X/Named_Titles/World Series Baseball Starring Deion Sanders (USA).png</image>
    <video>/recalbox/share/videos/No-Intro/Sega - 32X/World Series Baseball Starring Deion Sanders (USA).mp4</video>
  </game>
  <game>
    <path>/recalbox/share/rom/No-Intro/Sega - 32X/X-Men (USA) (Proto).zip</path>
    <name>X-Men (USA) (Proto)</name>
    <image>/recalbox/share/thumbs/Sega - 32X/Named_Titles/X-Men (USA) (Proto).png</image>
    <video>/recalbox/share/videos/No-Intro/Sega - 32X/X-Men (USA) (Proto).mp4</video>
  </game>
  <game>
    <path>/recalbox/share/rom/No-Intro/Sega - 32X/Zaxxon's Motherbase (Japan, USA) (En) (Beta) (1995-02-10).zip</path>
    <name>Zaxxon&apos;s Motherbase (Japan, USA) (En) (Beta) (1995-02-10)</name>
    <image>/recalbox/share/thumbs/Sega - 32X/Named_Titles/Zaxxon&apos;s Motherbase (Japan, USA) (En) (Beta) (1995-02-10).png</image>
    <video>/recalbox/share/videos/No-Intro/Sega - 32X/Zaxxon&apos;s Motherbase (Japan, USA) (En) (Beta) (1995-02-10).mp4</video>
  </game>
  <game>
    <path>/recalbox/share/rom/No-Intro/Sega - 32X/Zaxxon's Motherbase (Japan, USA) (En) (Beta) (1995-02-21).zip</path>
    <name>Zaxxon&apos;s Motherbase (Japan, USA) (En) (Beta) (1995-02-21)</name>
    <image>/recalbox/share/thumbs/Sega - 32X/Named_Titles/Zaxxon&apos;s Motherbase (Japan, USA) (En) (Beta) (1995-02-21).png</image>
    <video>/recalbox/share/videos/No-Intro/Sega - 32X/Zaxxon&apos;s Motherbase (Japan, USA) (En) (Beta) (1995-02-21).mp4</video>
  </game>
  <game>
    <path>/recalbox/share/rom/No-Intro/Sega - 32X/Zaxxon's Motherbase (Japan, USA) (En) (Beta) (1995-02-23).zip</path>
    <name>Zaxxon&apos;s Motherbase (Japan, USA) (En) (Beta) (1995-02-23)</name>
    <image>/recalbox/share/thumbs/Sega - 32X/Named_Titles/Zaxxon&apos;s Motherbase (Japan, USA) (En) (Beta) (1995-02-23).png</image>
    <video>/recalbox/share/videos/No-Intro/Sega - 32X/Zaxxon&apos;s Motherbase (Japan, USA) (En) (Beta) (1995-02-23).mp4</video>
  </game>
  <game>
    <path>/recalbox/share/rom/No-Intro/Sega - 32X/Zaxxon's Motherbase (Japan, USA) (En) (Beta) (1995-02-27).zip</path>
    <name>Zaxxon&apos;s Motherbase (Japan, USA) (En) (Beta) (1995-02-27)</name>
    <image>/recalbox/share/thumbs/Sega - 32X/Named_Titles/Zaxxon&apos;s Motherbase (Japan, USA) (En) (Beta) (1995-02-27).png</image>
    <video>/recalbox/share/videos/No-Intro/Sega - 32X/Zaxxon&apos;s Motherbase (Japan, USA) (En) (Beta) (1995-02-27).mp4</video>
  </game>
  <game>
    <path>/recalbox/share/rom/No-Intro/Sega - 32X/Zaxxon's Motherbase (Japan, USA) (En) (Beta) (1995-03-03).zip</path>
    <name>Zaxxon&apos;s Motherbase (Japan, USA) (En) (Beta) (1995-03-03)</name>
    <image>/recalbox/share/thumbs/Sega - 32X/Named_Titles/Zaxxon&apos;s Motherbase (Japan, USA) (En) (Beta) (1995-03-03).png</image>
    <video>/recalbox/share/videos/No-Intro/Sega - 32X/Zaxxon&apos;s Motherbase (Japan, USA) (En) (Beta) (1995-03-03).mp4</video>
  </game>
  <game>
    <path>/recalbox/share/rom/No-Intro/Sega - 32X/Zaxxon's Motherbase (Japan, USA) (En) (Beta) (1995-03-06).zip</path>
    <name>Zaxxon&apos;s Motherbase (Japan, USA) (En) (Beta) (1995-03-06)</name>
    <image>/recalbox/share/thumbs/Sega - 32X/Named_Titles/Zaxxon&apos;s Motherbase (Japan, USA) (En) (Beta) (1995-03-06).png</image>
    <video>/recalbox/share/videos/No-Intro/Sega - 32X/Zaxxon&apos;s Motherbase (Japan, USA) (En) (Beta) (1995-03-06).mp4</video>
  </game>
  <game>
    <path>/recalbox/share/rom/No-Intro/Sega - 32X/Zaxxon's Motherbase (Japan, USA) (En) (Beta) (1995-03-10).zip</path>
    <name>Zaxxon&apos;s Motherbase (Japan, USA) (En) (Beta) (1995-03-10)</name>
    <image>/recalbox/share/thumbs/Sega - 32X/Named_Titles/Zaxxon&apos;s Motherbase (Japan, USA) (En) (Beta) (1995-03-10).png</image>
    <video>/recalbox/share/videos/No-Intro/Sega - 32X/Zaxxon&apos;s Motherbase (Japan, USA) (En) (Beta) (1995-03-10).mp4</video>
  </game>
  <game>
    <path>/recalbox/share/rom/No-Intro/Sega - 32X/Zaxxon's Motherbase (Japan, USA) (En) (Beta) (1995-03-15).zip</path>
    <name>Zaxxon&apos;s Motherbase (Japan, USA) (En) (Beta) (1995-03-15)</name>
    <image>/recalbox/share/thumbs/Sega - 32X/Named_Titles/Zaxxon&apos;s Motherbase (Japan, USA) (En) (Beta) (1995-03-15).png</image>
    <video>/recalbox/share/videos/No-Intro/Sega - 32X/Zaxxon&apos;s Motherbase (Japan, USA) (En) (Beta) (1995-03-15).mp4</video>
  </game>
  <game>
    <path>/recalbox/share/rom/No-Intro/Sega - 32X/Zaxxon's Motherbase (Japan, USA) (En) (Beta) (1995-03-31).zip</path>
    <name>Zaxxon&apos;s Motherbase (Japan, USA) (En) (Beta) (1995-03-31)</name>
    <image>/recalbox/share/thumbs/Sega - 32X/Named_Titles/Zaxxon&apos;s Motherbase (Japan, USA) (En) (Beta) (1995-03-31).png</image>
    <video>/recalbox/share/videos/No-Intro/Sega - 32X/Zaxxon&apos;s Motherbase (Japan, USA) (En) (Beta) (1995-03-31).mp4</video>
  </game>
  <game>
    <path>/recalbox/share/rom/No-Intro/Sega - 32X/Zaxxon's Motherbase 2000 (Japan, USA) (En).zip</path>
    <name>Zaxxon&apos;s Motherbase 2000 (Japan, USA) (En)</name>
    <image>/recalbox/share/thumbs/Sega - 32X/Named_Titles/Zaxxon&apos;s Motherbase 2000 (Japan, USA) (En).png</image>
    <video>/recalbox/share/videos/No-Intro/Sega - 32X/Zaxxon&apos;s Motherbase 2000 (Japan, USA) (En).mp4</video>
  </game>
</gamelist>