<gamelist>
  <game>
    <path>/recalbox/share/rom/No-Intro/Mattel - Intellivision/ABPA Backgammon (World).zip</path>
    <name>ABPA Backgammon (World)</name>
    <image>/recalbox/share/thumbs/Mattel - Intellivision/Named_Titles/ABPA Backgammon (World).png</image>
    <video>/recalbox/share/videos/No-Intro/Mattel - Intellivision/ABPA Backgammon (World).mp4</video>
  </game>
  <game>
    <path>/recalbox/share/rom/No-Intro/Mattel - Intellivision/Advanced Dungeons &amp; Dragons (USA, Europe) (Alt).zip</path>
    <name>Advanced Dungeons &amp; Dragons (USA, Europe) (Alt)</name>
    <image>/recalbox/share/thumbs/Mattel - Intellivision/Named_Titles/Advanced Dungeons &amp; Dragons (USA, Europe) (Alt).png</image>
    <video>/recalbox/share/videos/No-Intro/Mattel - Intellivision/Advanced Dungeons &amp; Dragons (USA, Europe) (Alt).mp4</video>
  </game>
  <game>
    <path>/recalbox/share/rom/No-Intro/Mattel - Intellivision/Advanced Dungeons &amp; Dragons (USA, Europe).zip</path>
    <name>Advanced Dungeons &amp; Dragons (USA, Europe)</name>
    <image>/recalbox/share/thumbs/Mattel - Intellivision/Named_Titles/Advanced Dungeons &amp; Dragons (USA, Europe).png</image>
    <video>/recalbox/share/videos/No-Intro/Mattel - Intellivision/Advanced Dungeons &amp; Dragons (USA, Europe).mp4</video>
  </game>
  <game>
    <path>/recalbox/share/rom/No-Intro/Mattel - Intellivision/Advanced Dungeons &amp; Dragons - Treasure of Tarmin (USA, Europe).zip</path>
    <name>Advanced Dungeons &amp; Dragons - Treasure of Tarmin (USA, Europe)</name>
    <image>/recalbox/share/thumbs/Mattel - Intellivision/Named_Titles/Advanced Dungeons &amp; Dragons - Treasure of Tarmin (USA, Europe).png</image>
    <video>/recalbox/share/videos/No-Intro/Mattel - Intellivision/Advanced Dungeons &amp; Dragons - Treasure of Tarmin (USA, Europe).mp4</video>
  </game>
  <game>
    <path>/recalbox/share/rom/No-Intro/Mattel - Intellivision/Adventure (USA, Europe) (Intellivision Lives!).zip</path>
    <name>Adventure (USA, Europe) (Intellivision Lives!)</name>
    <image>/recalbox/share/thumbs/Mattel - Intellivision/Named_Titles/Adventure (USA, Europe) (Intellivision Lives!).png</image>
    <video>/recalbox/share/videos/No-Intro/Mattel - Intellivision/Adventure (USA, Europe) (Intellivision Lives!).mp4</video>
  </game>
  <game>
    <path>/recalbox/share/rom/No-Intro/Mattel - Intellivision/Air Strike (USA) (Proto).zip</path>
    <name>Air Strike (USA) (Proto)</name>
    <image>/recalbox/share/thumbs/Mattel - Intellivision/Named_Titles/Air Strike (USA) (Proto).png</image>
    <video>/recalbox/share/videos/No-Intro/Mattel - Intellivision/Air Strike (USA) (Proto).mp4</video>
  </game>
  <game>
    <path>/recalbox/share/rom/No-Intro/Mattel - Intellivision/All-Star Major League Baseball (USA) (Beta).zip</path>
    <name>All-Star Major League Baseball (USA) (Beta)</name>
    <image>/recalbox/share/thumbs/Mattel - Intellivision/Named_Titles/All-Star Major League Baseball (USA) (Beta).png</image>
    <video>/recalbox/share/videos/No-Intro/Mattel - Intellivision/All-Star Major League Baseball (USA) (Beta).mp4</video>
  </game>
  <game>
    <path>/recalbox/share/rom/No-Intro/Mattel - Intellivision/Armor Battle (USA, Europe) (Fast Tanks) (Intellivision Lives!) (Gamecube).zip</path>
    <name>Armor Battle (USA, Europe) (Fast Tanks) (Intellivision Lives!) (Gamecube)</name>
    <image>/recalbox/share/thumbs/Mattel - Intellivision/Named_Titles/Armor Battle (USA, Europe) (Fast Tanks) (Intellivision Lives!) (Gamecube).png</image>
    <video>/recalbox/share/videos/No-Intro/Mattel - Intellivision/Armor Battle (USA, Europe) (Fast Tanks) (Intellivision Lives!) (Gamecube).mp4</video>
  </game>
  <game>
    <path>/recalbox/share/rom/No-Intro/Mattel - Intellivision/Armor Battle (USA, Europe) (Fast Tanks).zip</path>
    <name>Armor Battle (USA, Europe) (Fast Tanks)</name>
    <image>/recalbox/share/thumbs/Mattel - Intellivision/Named_Titles/Armor Battle (USA, Europe) (Fast Tanks).png</image>
    <video>/recalbox/share/videos/No-Intro/Mattel - Intellivision/Armor Battle (USA, Europe) (Fast Tanks).mp4</video>
  </game>
  <game>
    <path>/recalbox/share/rom/No-Intro/Mattel - Intellivision/Armor Battle (USA, Europe) (Slow Tanks).zip</path>
    <name>Armor Battle (USA, Europe) (Slow Tanks)</name>
    <image>/recalbox/share/thumbs/Mattel - Intellivision/Named_Titles/Armor Battle (USA, Europe) (Slow Tanks).png</image>
    <video>/recalbox/share/videos/No-Intro/Mattel - Intellivision/Armor Battle (USA, Europe) (Slow Tanks).mp4</video>
  </game>
  <game>
    <path>/recalbox/share/rom/No-Intro/Mattel - Intellivision/Astrosmash (USA, Europe).zip</path>
    <name>Astrosmash (USA, Europe)</name>
    <image>/recalbox/share/thumbs/Mattel - Intellivision/Named_Titles/Astrosmash (USA, Europe).png</image>
    <video>/recalbox/share/videos/No-Intro/Mattel - Intellivision/Astrosmash (USA, Europe).mp4</video>
  </game>
  <game>
    <path>/recalbox/share/rom/No-Intro/Mattel - Intellivision/Atlantis (USA, Europe).zip</path>
    <name>Atlantis (USA, Europe)</name>
    <image>/recalbox/share/thumbs/Mattel - Intellivision/Named_Titles/Atlantis (USA, Europe).png</image>
    <video>/recalbox/share/videos/No-Intro/Mattel - Intellivision/Atlantis (USA, Europe).mp4</video>
  </game>
  <game>
    <path>/recalbox/share/rom/No-Intro/Mattel - Intellivision/Auto Racing (World) (Car-Relative Steering).zip</path>
    <name>Auto Racing (World) (Car-Relative Steering)</name>
    <image>/recalbox/share/thumbs/Mattel - Intellivision/Named_Titles/Auto Racing (World) (Car-Relative Steering).png</image>
    <video>/recalbox/share/videos/No-Intro/Mattel - Intellivision/Auto Racing (World) (Car-Relative Steering).mp4</video>
  </game>
  <game>
    <path>/recalbox/share/rom/No-Intro/Mattel - Intellivision/Auto Racing (World) (Screen-Relative Steering).zip</path>
    <name>Auto Racing (World) (Screen-Relative Steering)</name>
    <image>/recalbox/share/thumbs/Mattel - Intellivision/Named_Titles/Auto Racing (World) (Screen-Relative Steering).png</image>
    <video>/recalbox/share/videos/No-Intro/Mattel - Intellivision/Auto Racing (World) (Screen-Relative Steering).mp4</video>
  </game>
  <game>
    <path>/recalbox/share/rom/No-Intro/Mattel - Intellivision/B-17 Bomber (USA, Europe).zip</path>
    <name>B-17 Bomber (USA, Europe)</name>
    <image>/recalbox/share/thumbs/Mattel - Intellivision/Named_Titles/B-17 Bomber (USA, Europe).png</image>
    <video>/recalbox/share/videos/No-Intro/Mattel - Intellivision/B-17 Bomber (USA, Europe).mp4</video>
  </game>
  <game>
    <path>/recalbox/share/rom/No-Intro/Mattel - Intellivision/BattleTanks (USA, Europe) (Intellivision Lives!).zip</path>
    <name>BattleTanks (USA, Europe) (Intellivision Lives!)</name>
    <image>/recalbox/share/thumbs/Mattel - Intellivision/Named_Titles/BattleTanks (USA, Europe) (Intellivision Lives!).png</image>
    <video>/recalbox/share/videos/No-Intro/Mattel - Intellivision/BattleTanks (USA, Europe) (Intellivision Lives!).mp4</video>
  </game>
  <game>
    <path>/recalbox/share/rom/No-Intro/Mattel - Intellivision/Beamrider (USA, Europe).zip</path>
    <name>Beamrider (USA, Europe)</name>
    <image>/recalbox/share/thumbs/Mattel - Intellivision/Named_Titles/Beamrider (USA, Europe).png</image>
    <video>/recalbox/share/videos/No-Intro/Mattel - Intellivision/Beamrider (USA, Europe).mp4</video>
  </game>
  <game>
    <path>/recalbox/share/rom/No-Intro/Mattel - Intellivision/Beauty &amp; the Beast (USA, Europe).zip</path>
    <name>Beauty &amp; the Beast (USA, Europe)</name>
    <image>/recalbox/share/thumbs/Mattel - Intellivision/Named_Titles/Beauty &amp; the Beast (USA, Europe).png</image>
    <video>/recalbox/share/videos/No-Intro/Mattel - Intellivision/Beauty &amp; the Beast (USA, Europe).mp4</video>
  </game>
  <game>
    <path>/recalbox/share/rom/No-Intro/Mattel - Intellivision/Biplanes (USA, Europe) (Intellivision Lives!).zip</path>
    <name>Biplanes (USA, Europe) (Intellivision Lives!)</name>
    <image>/recalbox/share/thumbs/Mattel - Intellivision/Named_Titles/Biplanes (USA, Europe) (Intellivision Lives!).png</image>
    <video>/recalbox/share/videos/No-Intro/Mattel - Intellivision/Biplanes (USA, Europe) (Intellivision Lives!).mp4</video>
  </game>
  <game>
    <path>/recalbox/share/rom/No-Intro/Mattel - Intellivision/Blockade Runner (USA).zip</path>
    <name>Blockade Runner (USA)</name>
    <image>/recalbox/share/thumbs/Mattel - Intellivision/Named_Titles/Blockade Runner (USA).png</image>
    <video>/recalbox/share/videos/No-Intro/Mattel - Intellivision/Blockade Runner (USA).mp4</video>
  </game>
  <game>
    <path>/recalbox/share/rom/No-Intro/Mattel - Intellivision/Body Slam! - Super Pro Wrestling (USA).zip</path>
    <name>Body Slam! - Super Pro Wrestling (USA)</name>
    <image>/recalbox/share/thumbs/Mattel - Intellivision/Named_Titles/Body Slam! - Super Pro Wrestling (USA).png</image>
    <video>/recalbox/share/videos/No-Intro/Mattel - Intellivision/Body Slam! - Super Pro Wrestling (USA).mp4</video>
  </game>
  <game>
    <path>/recalbox/share/rom/No-Intro/Mattel - Intellivision/Bomb Squad (USA, Europe).zip</path>
    <name>Bomb Squad (USA, Europe)</name>
    <image>/recalbox/share/thumbs/Mattel - Intellivision/Named_Titles/Bomb Squad (USA, Europe).png</image>
    <video>/recalbox/share/videos/No-Intro/Mattel - Intellivision/Bomb Squad (USA, Europe).mp4</video>
  </game>
  <game>
    <path>/recalbox/share/rom/No-Intro/Mattel - Intellivision/Boxing (World).zip</path>
    <name>Boxing (World)</name>
    <image>/recalbox/share/thumbs/Mattel - Intellivision/Named_Titles/Boxing (World).png</image>
    <video>/recalbox/share/videos/No-Intro/Mattel - Intellivision/Boxing (World).mp4</video>
  </game>
  <game>
    <path>/recalbox/share/rom/No-Intro/Mattel - Intellivision/Brickout! (USA) (Proto).zip</path>
    <name>Brickout! (USA) (Proto)</name>
    <image>/recalbox/share/thumbs/Mattel - Intellivision/Named_Titles/Brickout! (USA) (Proto).png</image>
    <video>/recalbox/share/videos/No-Intro/Mattel - Intellivision/Brickout! (USA) (Proto).mp4</video>
  </game>
  <game>
    <path>/recalbox/share/rom/No-Intro/Mattel - Intellivision/Bump 'n' Jump (USA, Europe).zip</path>
    <name>Bump &apos;n&apos; Jump (USA, Europe)</name>
    <image>/recalbox/share/thumbs/Mattel - Intellivision/Named_Titles/Bump &apos;n&apos; Jump (USA, Europe).png</image>
    <video>/recalbox/share/videos/No-Intro/Mattel - Intellivision/Bump &apos;n&apos; Jump (USA, Europe).mp4</video>
  </game>
  <game>
    <path>/recalbox/share/rom/No-Intro/Mattel - Intellivision/BurgerTime (USA, Europe).zip</path>
    <name>BurgerTime (USA, Europe)</name>
    <image>/recalbox/share/thumbs/Mattel - Intellivision/Named_Titles/BurgerTime (USA, Europe).png</image>
    <video>/recalbox/share/videos/No-Intro/Mattel - Intellivision/BurgerTime (USA, Europe).mp4</video>
  </game>
  <game>
    <path>/recalbox/share/rom/No-Intro/Mattel - Intellivision/Buzz Bombers (USA, Europe) (Intellivision Lives!).zip</path>
    <name>Buzz Bombers (USA, Europe) (Intellivision Lives!)</name>
    <image>/recalbox/share/thumbs/Mattel - Intellivision/Named_Titles/Buzz Bombers (USA, Europe) (Intellivision Lives!).png</image>
    <video>/recalbox/share/videos/No-Intro/Mattel - Intellivision/Buzz Bombers (USA, Europe) (Intellivision Lives!).mp4</video>
  </game>
  <game>
    <path>/recalbox/share/rom/No-Intro/Mattel - Intellivision/Buzz Bombers (USA, Europe).zip</path>
    <name>Buzz Bombers (USA, Europe)</name>
    <image>/recalbox/share/thumbs/Mattel - Intellivision/Named_Titles/Buzz Bombers (USA, Europe).png</image>
    <video>/recalbox/share/videos/No-Intro/Mattel - Intellivision/Buzz Bombers (USA, Europe).mp4</video>
  </game>
  <game>
    <path>/recalbox/share/rom/No-Intro/Mattel - Intellivision/Carnival (USA, Europe).zip</path>
    <name>Carnival (USA, Europe)</name>
    <image>/recalbox/share/thumbs/Mattel - Intellivision/Named_Titles/Carnival (USA, Europe).png</image>
    <video>/recalbox/share/videos/No-Intro/Mattel - Intellivision/Carnival (USA, Europe).mp4</video>
  </game>
  <game>
    <path>/recalbox/share/rom/No-Intro/Mattel - Intellivision/Centipede (USA).zip</path>
    <name>Centipede (USA)</name>
    <image>/recalbox/share/thumbs/Mattel - Intellivision/Named_Titles/Centipede (USA).png</image>
    <video>/recalbox/share/videos/No-Intro/Mattel - Intellivision/Centipede (USA).mp4</video>
  </game>
  <game>
    <path>/recalbox/share/rom/No-Intro/Mattel - Intellivision/Championship Tennis (USA, Europe).zip</path>
    <name>Championship Tennis (USA, Europe)</name>
    <image>/recalbox/share/thumbs/Mattel - Intellivision/Named_Titles/Championship Tennis (USA, Europe).png</image>
    <video>/recalbox/share/videos/No-Intro/Mattel - Intellivision/Championship Tennis (USA, Europe).mp4</video>
  </game>
  <game>
    <path>/recalbox/share/rom/No-Intro/Mattel - Intellivision/Checkers (USA, Europe) (Revision).zip</path>
    <name>Checkers (USA, Europe) (Revision)</name>
    <image>/recalbox/share/thumbs/Mattel - Intellivision/Named_Titles/Checkers (USA, Europe) (Revision).png</image>
    <video>/recalbox/share/videos/No-Intro/Mattel - Intellivision/Checkers (USA, Europe) (Revision).mp4</video>
  </game>
  <game>
    <path>/recalbox/share/rom/No-Intro/Mattel - Intellivision/Checkers (USA, Europe).zip</path>
    <name>Checkers (USA, Europe)</name>
    <image>/recalbox/share/thumbs/Mattel - Intellivision/Named_Titles/Checkers (USA, Europe).png</image>
    <video>/recalbox/share/videos/No-Intro/Mattel - Intellivision/Checkers (USA, Europe).mp4</video>
  </game>
  <game>
    <path>/recalbox/share/rom/No-Intro/Mattel - Intellivision/Chip Shot - Super Pro Golf (USA).zip</path>
    <name>Chip Shot - Super Pro Golf (USA)</name>
    <image>/recalbox/share/thumbs/Mattel - Intellivision/Named_Titles/Chip Shot - Super Pro Golf (USA).png</image>
    <video>/recalbox/share/videos/No-Intro/Mattel - Intellivision/Chip Shot - Super Pro Golf (USA).mp4</video>
  </game>
  <game>
    <path>/recalbox/share/rom/No-Intro/Mattel - Intellivision/Commando (USA).zip</path>
    <name>Commando (USA)</name>
    <image>/recalbox/share/thumbs/Mattel - Intellivision/Named_Titles/Commando (USA).png</image>
    <video>/recalbox/share/videos/No-Intro/Mattel - Intellivision/Commando (USA).mp4</video>
  </game>
  <game>
    <path>/recalbox/share/rom/No-Intro/Mattel - Intellivision/Congo Bongo (USA).zip</path>
    <name>Congo Bongo (USA)</name>
    <image>/recalbox/share/thumbs/Mattel - Intellivision/Named_Titles/Congo Bongo (USA).png</image>
    <video>/recalbox/share/videos/No-Intro/Mattel - Intellivision/Congo Bongo (USA).mp4</video>
  </game>
  <game>
    <path>/recalbox/share/rom/No-Intro/Mattel - Intellivision/Crazy Clones (USA) (Proto).zip</path>
    <name>Crazy Clones (USA) (Proto)</name>
    <image>/recalbox/share/thumbs/Mattel - Intellivision/Named_Titles/Crazy Clones (USA) (Proto).png</image>
    <video>/recalbox/share/videos/No-Intro/Mattel - Intellivision/Crazy Clones (USA) (Proto).mp4</video>
  </game>
  <game>
    <path>/recalbox/share/rom/No-Intro/Mattel - Intellivision/Crosswords (USA, Europe) (Intellivision Lives!).zip</path>
    <name>Crosswords (USA, Europe) (Intellivision Lives!)</name>
    <image>/recalbox/share/thumbs/Mattel - Intellivision/Named_Titles/Crosswords (USA, Europe) (Intellivision Lives!).png</image>
    <video>/recalbox/share/videos/No-Intro/Mattel - Intellivision/Crosswords (USA, Europe) (Intellivision Lives!).mp4</video>
  </game>
  <game>
    <path>/recalbox/share/rom/No-Intro/Mattel - Intellivision/Deadly Dogs (USA, Europe) (Beta).zip</path>
    <name>Deadly Dogs (USA, Europe) (Beta)</name>
    <image>/recalbox/share/thumbs/Mattel - Intellivision/Named_Titles/Deadly Dogs (USA, Europe) (Beta).png</image>
    <video>/recalbox/share/videos/No-Intro/Mattel - Intellivision/Deadly Dogs (USA, Europe) (Beta).mp4</video>
  </game>
  <game>
    <path>/recalbox/share/rom/No-Intro/Mattel - Intellivision/Deep Pockets - Super Pro Pool &amp; Billiards (USA) (Proto).zip</path>
    <name>Deep Pockets - Super Pro Pool &amp; Billiards (USA) (Proto)</name>
    <image>/recalbox/share/thumbs/Mattel - Intellivision/Named_Titles/Deep Pockets - Super Pro Pool &amp; Billiards (USA) (Proto).png</image>
    <video>/recalbox/share/videos/No-Intro/Mattel - Intellivision/Deep Pockets - Super Pro Pool &amp; Billiards (USA) (Proto).mp4</video>
  </game>
  <game>
    <path>/recalbox/share/rom/No-Intro/Mattel - Intellivision/Defender (USA).zip</path>
    <name>Defender (USA)</name>
    <image>/recalbox/share/thumbs/Mattel - Intellivision/Named_Titles/Defender (USA).png</image>
    <video>/recalbox/share/videos/No-Intro/Mattel - Intellivision/Defender (USA).mp4</video>
  </game>
  <game>
    <path>/recalbox/share/rom/No-Intro/Mattel - Intellivision/Demon Attack (USA, Europe).zip</path>
    <name>Demon Attack (USA, Europe)</name>
    <image>/recalbox/share/thumbs/Mattel - Intellivision/Named_Titles/Demon Attack (USA, Europe).png</image>
    <video>/recalbox/share/videos/No-Intro/Mattel - Intellivision/Demon Attack (USA, Europe).mp4</video>
  </game>
  <game>
    <path>/recalbox/share/rom/No-Intro/Mattel - Intellivision/Demonstration Cartridge - Blue (USA).zip</path>
    <name>Demonstration Cartridge - Blue (USA)</name>
    <image>/recalbox/share/thumbs/Mattel - Intellivision/Named_Titles/Demonstration Cartridge - Blue (USA).png</image>
    <video>/recalbox/share/videos/No-Intro/Mattel - Intellivision/Demonstration Cartridge - Blue (USA).mp4</video>
  </game>
  <game>
    <path>/recalbox/share/rom/No-Intro/Mattel - Intellivision/Demonstration Cartridge - Green (USA).zip</path>
    <name>Demonstration Cartridge - Green (USA)</name>
    <image>/recalbox/share/thumbs/Mattel - Intellivision/Named_Titles/Demonstration Cartridge - Green (USA).png</image>
    <video>/recalbox/share/videos/No-Intro/Mattel - Intellivision/Demonstration Cartridge - Green (USA).mp4</video>
  </game>
  <game>
    <path>/recalbox/share/rom/No-Intro/Mattel - Intellivision/Demonstration Cartridge - Red (USA).zip</path>
    <name>Demonstration Cartridge - Red (USA)</name>
    <image>/recalbox/share/thumbs/Mattel - Intellivision/Named_Titles/Demonstration Cartridge - Red (USA).png</image>
    <video>/recalbox/share/videos/No-Intro/Mattel - Intellivision/Demonstration Cartridge - Red (USA).mp4</video>
  </game>
  <game>
    <path>/recalbox/share/rom/No-Intro/Mattel - Intellivision/Dig Dug (USA).zip</path>
    <name>Dig Dug (USA)</name>
    <image>/recalbox/share/thumbs/Mattel - Intellivision/Named_Titles/Dig Dug (USA).png</image>
    <video>/recalbox/share/videos/No-Intro/Mattel - Intellivision/Dig Dug (USA).mp4</video>
  </game>
  <game>
    <path>/recalbox/share/rom/No-Intro/Mattel - Intellivision/Diner (USA).zip</path>
    <name>Diner (USA)</name>
    <image>/recalbox/share/thumbs/Mattel - Intellivision/Named_Titles/Diner (USA).png</image>
    <video>/recalbox/share/videos/No-Intro/Mattel - Intellivision/Diner (USA).mp4</video>
  </game>
  <game>
    <path>/recalbox/share/rom/No-Intro/Mattel - Intellivision/Donkey Kong (USA, Europe).zip</path>
    <name>Donkey Kong (USA, Europe)</name>
    <image>/recalbox/share/thumbs/Mattel - Intellivision/Named_Titles/Donkey Kong (USA, Europe).png</image>
    <video>/recalbox/share/videos/No-Intro/Mattel - Intellivision/Donkey Kong (USA, Europe).mp4</video>
  </game>
  <game>
    <path>/recalbox/share/rom/No-Intro/Mattel - Intellivision/Donkey Kong Junior (USA, Europe).zip</path>
    <name>Donkey Kong Junior (USA, Europe)</name>
    <image>/recalbox/share/thumbs/Mattel - Intellivision/Named_Titles/Donkey Kong Junior (USA, Europe).png</image>
    <video>/recalbox/share/videos/No-Intro/Mattel - Intellivision/Donkey Kong Junior (USA, Europe).mp4</video>
  </game>
  <game>
    <path>/recalbox/share/rom/No-Intro/Mattel - Intellivision/Dracula (USA, Europe).zip</path>
    <name>Dracula (USA, Europe)</name>
    <image>/recalbox/share/thumbs/Mattel - Intellivision/Named_Titles/Dracula (USA, Europe).png</image>
    <video>/recalbox/share/videos/No-Intro/Mattel - Intellivision/Dracula (USA, Europe).mp4</video>
  </game>
  <game>
    <path>/recalbox/share/rom/No-Intro/Mattel - Intellivision/Dragonfire (USA, Europe).zip</path>
    <name>Dragonfire (USA, Europe)</name>
    <image>/recalbox/share/thumbs/Mattel - Intellivision/Named_Titles/Dragonfire (USA, Europe).png</image>
    <video>/recalbox/share/videos/No-Intro/Mattel - Intellivision/Dragonfire (USA, Europe).mp4</video>
  </game>
  <game>
    <path>/recalbox/share/rom/No-Intro/Mattel - Intellivision/Dreadnaught Factor, The (USA) (Beta).zip</path>
    <name>Dreadnaught Factor, The (USA) (Beta)</name>
    <image>/recalbox/share/thumbs/Mattel - Intellivision/Named_Titles/Dreadnaught Factor, The (USA) (Beta).png</image>
    <video>/recalbox/share/videos/No-Intro/Mattel - Intellivision/Dreadnaught Factor, The (USA) (Beta).mp4</video>
  </game>
  <game>
    <path>/recalbox/share/rom/No-Intro/Mattel - Intellivision/Dreadnaught Factor, The (USA).zip</path>
    <name>Dreadnaught Factor, The (USA)</name>
    <image>/recalbox/share/thumbs/Mattel - Intellivision/Named_Titles/Dreadnaught Factor, The (USA).png</image>
    <video>/recalbox/share/videos/No-Intro/Mattel - Intellivision/Dreadnaught Factor, The (USA).mp4</video>
  </game>
  <game>
    <path>/recalbox/share/rom/No-Intro/Mattel - Intellivision/Duncan's Thin Ice (USA).zip</path>
    <name>Duncan&apos;s Thin Ice (USA)</name>
    <image>/recalbox/share/thumbs/Mattel - Intellivision/Named_Titles/Duncan&apos;s Thin Ice (USA).png</image>
    <video>/recalbox/share/videos/No-Intro/Mattel - Intellivision/Duncan&apos;s Thin Ice (USA).mp4</video>
  </game>
  <game>
    <path>/recalbox/share/rom/No-Intro/Mattel - Intellivision/Electric Company, The - Math Fun (USA, Europe) (Forward Entry).zip</path>
    <name>Electric Company, The - Math Fun (USA, Europe) (Forward Entry)</name>
    <image>/recalbox/share/thumbs/Mattel - Intellivision/Named_Titles/Electric Company, The - Math Fun (USA, Europe) (Forward Entry).png</image>
    <video>/recalbox/share/videos/No-Intro/Mattel - Intellivision/Electric Company, The - Math Fun (USA, Europe) (Forward Entry).mp4</video>
  </game>
  <game>
    <path>/recalbox/share/rom/No-Intro/Mattel - Intellivision/Electric Company, The - Math Fun (USA, Europe) (Reverse Entry).zip</path>
    <name>Electric Company, The - Math Fun (USA, Europe) (Reverse Entry)</name>
    <image>/recalbox/share/thumbs/Mattel - Intellivision/Named_Titles/Electric Company, The - Math Fun (USA, Europe) (Reverse Entry).png</image>
    <video>/recalbox/share/videos/No-Intro/Mattel - Intellivision/Electric Company, The - Math Fun (USA, Europe) (Reverse Entry).mp4</video>
  </game>
  <game>
    <path>/recalbox/share/rom/No-Intro/Mattel - Intellivision/Electric Company, The - Word Fun (USA, Europe).zip</path>
    <name>Electric Company, The - Word Fun (USA, Europe)</name>
    <image>/recalbox/share/thumbs/Mattel - Intellivision/Named_Titles/Electric Company, The - Word Fun (USA, Europe).png</image>
    <video>/recalbox/share/videos/No-Intro/Mattel - Intellivision/Electric Company, The - Word Fun (USA, Europe).mp4</video>
  </game>
  <game>
    <path>/recalbox/share/rom/No-Intro/Mattel - Intellivision/Factor Fun (USA, Europe) (Intellivision Lives!).zip</path>
    <name>Factor Fun (USA, Europe) (Intellivision Lives!)</name>
    <image>/recalbox/share/thumbs/Mattel - Intellivision/Named_Titles/Factor Fun (USA, Europe) (Intellivision Lives!).png</image>
    <video>/recalbox/share/videos/No-Intro/Mattel - Intellivision/Factor Fun (USA, Europe) (Intellivision Lives!).mp4</video>
  </game>
  <game>
    <path>/recalbox/share/rom/No-Intro/Mattel - Intellivision/Fathom (USA, Europe).zip</path>
    <name>Fathom (USA, Europe)</name>
    <image>/recalbox/share/thumbs/Mattel - Intellivision/Named_Titles/Fathom (USA, Europe).png</image>
    <video>/recalbox/share/videos/No-Intro/Mattel - Intellivision/Fathom (USA, Europe).mp4</video>
  </game>
  <game>
    <path>/recalbox/share/rom/No-Intro/Mattel - Intellivision/Frog Bog (World).zip</path>
    <name>Frog Bog (World)</name>
    <image>/recalbox/share/thumbs/Mattel - Intellivision/Named_Titles/Frog Bog (World).png</image>
    <video>/recalbox/share/videos/No-Intro/Mattel - Intellivision/Frog Bog (World).mp4</video>
  </game>
  <game>
    <path>/recalbox/share/rom/No-Intro/Mattel - Intellivision/Frogger (USA, Europe).zip</path>
    <name>Frogger (USA, Europe)</name>
    <image>/recalbox/share/thumbs/Mattel - Intellivision/Named_Titles/Frogger (USA, Europe).png</image>
    <video>/recalbox/share/videos/No-Intro/Mattel - Intellivision/Frogger (USA, Europe).mp4</video>
  </game>
  <game>
    <path>/recalbox/share/rom/No-Intro/Mattel - Intellivision/Game Factory (USA) (Proto).zip</path>
    <name>Game Factory (USA) (Proto)</name>
    <image>/recalbox/share/thumbs/Mattel - Intellivision/Named_Titles/Game Factory (USA) (Proto).png</image>
    <video>/recalbox/share/videos/No-Intro/Mattel - Intellivision/Game Factory (USA) (Proto).mp4</video>
  </game>
  <game>
    <path>/recalbox/share/rom/No-Intro/Mattel - Intellivision/Go for the Gold (USA) (Proto).zip</path>
    <name>Go for the Gold (USA) (Proto)</name>
    <image>/recalbox/share/thumbs/Mattel - Intellivision/Named_Titles/Go for the Gold (USA) (Proto).png</image>
    <video>/recalbox/share/videos/No-Intro/Mattel - Intellivision/Go for the Gold (USA) (Proto).mp4</video>
  </game>
  <game>
    <path>/recalbox/share/rom/No-Intro/Mattel - Intellivision/Grid Shock (USA) (Proto).zip</path>
    <name>Grid Shock (USA) (Proto)</name>
    <image>/recalbox/share/thumbs/Mattel - Intellivision/Named_Titles/Grid Shock (USA) (Proto).png</image>
    <video>/recalbox/share/videos/No-Intro/Mattel - Intellivision/Grid Shock (USA) (Proto).mp4</video>
  </game>
  <game>
    <path>/recalbox/share/rom/No-Intro/Mattel - Intellivision/Happy Holidays - Easter Eggcitement (USA) (Proto).zip</path>
    <name>Happy Holidays - Easter Eggcitement (USA) (Proto)</name>
    <image>/recalbox/share/thumbs/Mattel - Intellivision/Named_Titles/Happy Holidays - Easter Eggcitement (USA) (Proto).png</image>
    <video>/recalbox/share/videos/No-Intro/Mattel - Intellivision/Happy Holidays - Easter Eggcitement (USA) (Proto).mp4</video>
  </game>
  <game>
    <path>/recalbox/share/rom/No-Intro/Mattel - Intellivision/Happy Holidays - Santa's Helper (USA) (Proto).zip</path>
    <name>Happy Holidays - Santa&apos;s Helper (USA) (Proto)</name>
    <image>/recalbox/share/thumbs/Mattel - Intellivision/Named_Titles/Happy Holidays - Santa&apos;s Helper (USA) (Proto).png</image>
    <video>/recalbox/share/videos/No-Intro/Mattel - Intellivision/Happy Holidays - Santa&apos;s Helper (USA) (Proto).mp4</video>
  </game>
  <game>
    <path>/recalbox/share/rom/No-Intro/Mattel - Intellivision/Happy Holidays - Trick or Treat (USA) (Proto).zip</path>
    <name>Happy Holidays - Trick or Treat (USA) (Proto)</name>
    <image>/recalbox/share/thumbs/Mattel - Intellivision/Named_Titles/Happy Holidays - Trick or Treat (USA) (Proto).png</image>
    <video>/recalbox/share/videos/No-Intro/Mattel - Intellivision/Happy Holidays - Trick or Treat (USA) (Proto).mp4</video>
  </game>
  <game>
    <path>/recalbox/share/rom/No-Intro/Mattel - Intellivision/Happy Trails (USA, Europe).zip</path>
    <name>Happy Trails (USA, Europe)</name>
    <image>/recalbox/share/thumbs/Mattel - Intellivision/Named_Titles/Happy Trails (USA, Europe).png</image>
    <video>/recalbox/share/videos/No-Intro/Mattel - Intellivision/Happy Trails (USA, Europe).mp4</video>
  </game>
  <game>
    <path>/recalbox/share/rom/No-Intro/Mattel - Intellivision/Horse Racing (World).zip</path>
    <name>Horse Racing (World)</name>
    <image>/recalbox/share/thumbs/Mattel - Intellivision/Named_Titles/Horse Racing (World).png</image>
    <video>/recalbox/share/videos/No-Intro/Mattel - Intellivision/Horse Racing (World).mp4</video>
  </game>
  <game>
    <path>/recalbox/share/rom/No-Intro/Mattel - Intellivision/Hover Force (USA).zip</path>
    <name>Hover Force (USA)</name>
    <image>/recalbox/share/thumbs/Mattel - Intellivision/Named_Titles/Hover Force (USA).png</image>
    <video>/recalbox/share/videos/No-Intro/Mattel - Intellivision/Hover Force (USA).mp4</video>
  </game>
  <game>
    <path>/recalbox/share/rom/No-Intro/Mattel - Intellivision/Hypnotic Lights (USA) (Proto).zip</path>
    <name>Hypnotic Lights (USA) (Proto)</name>
    <image>/recalbox/share/thumbs/Mattel - Intellivision/Named_Titles/Hypnotic Lights (USA) (Proto).png</image>
    <video>/recalbox/share/videos/No-Intro/Mattel - Intellivision/Hypnotic Lights (USA) (Proto).mp4</video>
  </game>
  <game>
    <path>/recalbox/share/rom/No-Intro/Mattel - Intellivision/IMI Test Cartridge (USA).zip</path>
    <name>IMI Test Cartridge (USA)</name>
    <image>/recalbox/share/thumbs/Mattel - Intellivision/Named_Titles/IMI Test Cartridge (USA).png</image>
    <video>/recalbox/share/videos/No-Intro/Mattel - Intellivision/IMI Test Cartridge (USA).mp4</video>
  </game>
  <game>
    <path>/recalbox/share/rom/No-Intro/Mattel - Intellivision/Ice Trek (USA, Europe).zip</path>
    <name>Ice Trek (USA, Europe)</name>
    <image>/recalbox/share/thumbs/Mattel - Intellivision/Named_Titles/Ice Trek (USA, Europe).png</image>
    <video>/recalbox/share/videos/No-Intro/Mattel - Intellivision/Ice Trek (USA, Europe).mp4</video>
  </game>
  <game>
    <path>/recalbox/share/rom/No-Intro/Mattel - Intellivision/Illusions (USA) (Proto).zip</path>
    <name>Illusions (USA) (Proto)</name>
    <image>/recalbox/share/thumbs/Mattel - Intellivision/Named_Titles/Illusions (USA) (Proto).png</image>
    <video>/recalbox/share/videos/No-Intro/Mattel - Intellivision/Illusions (USA) (Proto).mp4</video>
  </game>
  <game>
    <path>/recalbox/share/rom/No-Intro/Mattel - Intellivision/International Demonstration Cartridge (USA, Europe).zip</path>
    <name>International Demonstration Cartridge (USA, Europe)</name>
    <image>/recalbox/share/thumbs/Mattel - Intellivision/Named_Titles/International Demonstration Cartridge (USA, Europe).png</image>
    <video>/recalbox/share/videos/No-Intro/Mattel - Intellivision/International Demonstration Cartridge (USA, Europe).mp4</video>
  </game>
  <game>
    <path>/recalbox/share/rom/No-Intro/Mattel - Intellivision/Jetsons' Ways with Words, The (USA).zip</path>
    <name>Jetsons&apos; Ways with Words, The (USA)</name>
    <image>/recalbox/share/thumbs/Mattel - Intellivision/Named_Titles/Jetsons&apos; Ways with Words, The (USA).png</image>
    <video>/recalbox/share/videos/No-Intro/Mattel - Intellivision/Jetsons&apos; Ways with Words, The (USA).mp4</video>
  </game>
  <game>
    <path>/recalbox/share/rom/No-Intro/Mattel - Intellivision/King of the Mountain (USA) (Proto).zip</path>
    <name>King of the Mountain (USA) (Proto)</name>
    <image>/recalbox/share/thumbs/Mattel - Intellivision/Named_Titles/King of the Mountain (USA) (Proto).png</image>
    <video>/recalbox/share/videos/No-Intro/Mattel - Intellivision/King of the Mountain (USA) (Proto).mp4</video>
  </game>
  <game>
    <path>/recalbox/share/rom/No-Intro/Mattel - Intellivision/Kool-Aid Man (USA).zip</path>
    <name>Kool-Aid Man (USA)</name>
    <image>/recalbox/share/thumbs/Mattel - Intellivision/Named_Titles/Kool-Aid Man (USA).png</image>
    <video>/recalbox/share/videos/No-Intro/Mattel - Intellivision/Kool-Aid Man (USA).mp4</video>
  </game>
  <game>
    <path>/recalbox/share/rom/No-Intro/Mattel - Intellivision/Lady Bug (USA, Europe).zip</path>
    <name>Lady Bug (USA, Europe)</name>
    <image>/recalbox/share/thumbs/Mattel - Intellivision/Named_Titles/Lady Bug (USA, Europe).png</image>
    <video>/recalbox/share/videos/No-Intro/Mattel - Intellivision/Lady Bug (USA, Europe).mp4</video>
  </game>
  <game>
    <path>/recalbox/share/rom/No-Intro/Mattel - Intellivision/Land Battle (USA) (Proto).zip</path>
    <name>Land Battle (USA) (Proto)</name>
    <image>/recalbox/share/thumbs/Mattel - Intellivision/Named_Titles/Land Battle (USA) (Proto).png</image>
    <video>/recalbox/share/videos/No-Intro/Mattel - Intellivision/Land Battle (USA) (Proto).mp4</video>
  </game>
  <game>
    <path>/recalbox/share/rom/No-Intro/Mattel - Intellivision/Las Vegas Poker &amp; Blackjack (World) (1978).zip</path>
    <name>Las Vegas Poker &amp; Blackjack (World) (1978)</name>
    <image>/recalbox/share/thumbs/Mattel - Intellivision/Named_Titles/Las Vegas Poker &amp; Blackjack (World) (1978).png</image>
    <video>/recalbox/share/videos/No-Intro/Mattel - Intellivision/Las Vegas Poker &amp; Blackjack (World) (1978).mp4</video>
  </game>
  <game>
    <path>/recalbox/share/rom/No-Intro/Mattel - Intellivision/Las Vegas Poker &amp; Blackjack (World) (1979).zip</path>
    <name>Las Vegas Poker &amp; Blackjack (World) (1979)</name>
    <image>/recalbox/share/thumbs/Mattel - Intellivision/Named_Titles/Las Vegas Poker &amp; Blackjack (World) (1979).png</image>
    <video>/recalbox/share/videos/No-Intro/Mattel - Intellivision/Las Vegas Poker &amp; Blackjack (World) (1979).mp4</video>
  </game>
  <game>
    <path>/recalbox/share/rom/No-Intro/Mattel - Intellivision/Las Vegas Roulette (World).zip</path>
    <name>Las Vegas Roulette (World)</name>
    <image>/recalbox/share/thumbs/Mattel - Intellivision/Named_Titles/Las Vegas Roulette (World).png</image>
    <video>/recalbox/share/videos/No-Intro/Mattel - Intellivision/Las Vegas Roulette (World).mp4</video>
  </game>
  <game>
    <path>/recalbox/share/rom/No-Intro/Mattel - Intellivision/League of Light (USA) (Proto).zip</path>
    <name>League of Light (USA) (Proto)</name>
    <image>/recalbox/share/thumbs/Mattel - Intellivision/Named_Titles/League of Light (USA) (Proto).png</image>
    <video>/recalbox/share/videos/No-Intro/Mattel - Intellivision/League of Light (USA) (Proto).mp4</video>
  </game>
  <game>
    <path>/recalbox/share/rom/No-Intro/Mattel - Intellivision/Learning Fun I - Math Master, Factor Fun (USA).zip</path>
    <name>Learning Fun I - Math Master, Factor Fun (USA)</name>
    <image>/recalbox/share/thumbs/Mattel - Intellivision/Named_Titles/Learning Fun I - Math Master, Factor Fun (USA).png</image>
    <video>/recalbox/share/videos/No-Intro/Mattel - Intellivision/Learning Fun I - Math Master, Factor Fun (USA).mp4</video>
  </game>
  <game>
    <path>/recalbox/share/rom/No-Intro/Mattel - Intellivision/Learning Fun II - Word Wizard, Memory Fun (USA).zip</path>
    <name>Learning Fun II - Word Wizard, Memory Fun (USA)</name>
    <image>/recalbox/share/thumbs/Mattel - Intellivision/Named_Titles/Learning Fun II - Word Wizard, Memory Fun (USA).png</image>
    <video>/recalbox/share/videos/No-Intro/Mattel - Intellivision/Learning Fun II - Word Wizard, Memory Fun (USA).mp4</video>
  </game>
  <game>
    <path>/recalbox/share/rom/No-Intro/Mattel - Intellivision/Lock 'N' Chase (USA, Europe) (Alt).zip</path>
    <name>Lock &apos;N&apos; Chase (USA, Europe) (Alt)</name>
    <image>/recalbox/share/thumbs/Mattel - Intellivision/Named_Titles/Lock &apos;N&apos; Chase (USA, Europe) (Alt).png</image>
    <video>/recalbox/share/videos/No-Intro/Mattel - Intellivision/Lock &apos;N&apos; Chase (USA, Europe) (Alt).mp4</video>
  </game>
  <game>
    <path>/recalbox/share/rom/No-Intro/Mattel - Intellivision/Lock 'N' Chase (USA, Europe) (v1.1).zip</path>
    <name>Lock &apos;N&apos; Chase (USA, Europe) (v1.1)</name>
    <image>/recalbox/share/thumbs/Mattel - Intellivision/Named_Titles/Lock &apos;N&apos; Chase (USA, Europe) (v1.1).png</image>
    <video>/recalbox/share/videos/No-Intro/Mattel - Intellivision/Lock &apos;N&apos; Chase (USA, Europe) (v1.1).mp4</video>
  </game>
  <game>
    <path>/recalbox/share/rom/No-Intro/Mattel - Intellivision/Lock 'N' Chase (USA, Europe).zip</path>
    <name>Lock &apos;N&apos; Chase (USA, Europe)</name>
    <image>/recalbox/share/thumbs/Mattel - Intellivision/Named_Titles/Lock &apos;N&apos; Chase (USA, Europe).png</image>
    <video>/recalbox/share/videos/No-Intro/Mattel - Intellivision/Lock &apos;N&apos; Chase (USA, Europe).mp4</video>
  </game>
  <game>
    <path>/recalbox/share/rom/No-Intro/Mattel - Intellivision/Loco-Motion (USA).zip</path>
    <name>Loco-Motion (USA)</name>
    <image>/recalbox/share/thumbs/Mattel - Intellivision/Named_Titles/Loco-Motion (USA).png</image>
    <video>/recalbox/share/videos/No-Intro/Mattel - Intellivision/Loco-Motion (USA).mp4</video>
  </game>
  <game>
    <path>/recalbox/share/rom/No-Intro/Mattel - Intellivision/MTE 201 Test Cartridge V1.0 (USA).zip</path>
    <name>MTE 201 Test Cartridge V1.0 (USA)</name>
    <image>/recalbox/share/thumbs/Mattel - Intellivision/Named_Titles/MTE 201 Test Cartridge V1.0 (USA).png</image>
    <video>/recalbox/share/videos/No-Intro/Mattel - Intellivision/MTE 201 Test Cartridge V1.0 (USA).mp4</video>
  </game>
  <game>
    <path>/recalbox/share/rom/No-Intro/Mattel - Intellivision/MTE 201 Test Cartridge V1.0a (USA).zip</path>
    <name>MTE 201 Test Cartridge V1.0a (USA)</name>
    <image>/recalbox/share/thumbs/Mattel - Intellivision/Named_Titles/MTE 201 Test Cartridge V1.0a (USA).png</image>
    <video>/recalbox/share/videos/No-Intro/Mattel - Intellivision/MTE 201 Test Cartridge V1.0a (USA).mp4</video>
  </game>
  <game>
    <path>/recalbox/share/rom/No-Intro/Mattel - Intellivision/MTE 201 Test Cartridge V3.0 (USA).zip</path>
    <name>MTE 201 Test Cartridge V3.0 (USA)</name>
    <image>/recalbox/share/thumbs/Mattel - Intellivision/Named_Titles/MTE 201 Test Cartridge V3.0 (USA).png</image>
    <video>/recalbox/share/videos/No-Intro/Mattel - Intellivision/MTE 201 Test Cartridge V3.0 (USA).mp4</video>
  </game>
  <game>
    <path>/recalbox/share/rom/No-Intro/Mattel - Intellivision/MTE 201 Test Cartridge V3.0b (USA).zip</path>
    <name>MTE 201 Test Cartridge V3.0b (USA)</name>
    <image>/recalbox/share/thumbs/Mattel - Intellivision/Named_Titles/MTE 201 Test Cartridge V3.0b (USA).png</image>
    <video>/recalbox/share/videos/No-Intro/Mattel - Intellivision/MTE 201 Test Cartridge V3.0b (USA).mp4</video>
  </game>
  <game>
    <path>/recalbox/share/rom/No-Intro/Mattel - Intellivision/MTE 201 Test Cartridge V3.3 (USA).zip</path>
    <name>MTE 201 Test Cartridge V3.3 (USA)</name>
    <image>/recalbox/share/thumbs/Mattel - Intellivision/Named_Titles/MTE 201 Test Cartridge V3.3 (USA).png</image>
    <video>/recalbox/share/videos/No-Intro/Mattel - Intellivision/MTE 201 Test Cartridge V3.3 (USA).mp4</video>
  </game>
  <game>
    <path>/recalbox/share/rom/No-Intro/Mattel - Intellivision/MTE 201 Test Cartridge V4.1a (USA).zip</path>
    <name>MTE 201 Test Cartridge V4.1a (USA)</name>
    <image>/recalbox/share/thumbs/Mattel - Intellivision/Named_Titles/MTE 201 Test Cartridge V4.1a (USA).png</image>
    <video>/recalbox/share/videos/No-Intro/Mattel - Intellivision/MTE 201 Test Cartridge V4.1a (USA).mp4</video>
  </game>
  <game>
    <path>/recalbox/share/rom/No-Intro/Mattel - Intellivision/Magic Carousel (USA) (Intellivision Lives!).zip</path>
    <name>Magic Carousel (USA) (Intellivision Lives!)</name>
    <image>/recalbox/share/thumbs/Mattel - Intellivision/Named_Titles/Magic Carousel (USA) (Intellivision Lives!).png</image>
    <video>/recalbox/share/videos/No-Intro/Mattel - Intellivision/Magic Carousel (USA) (Intellivision Lives!).mp4</video>
  </game>
  <game>
    <path>/recalbox/share/rom/No-Intro/Mattel - Intellivision/Magic Carousel (USA) (Proto).zip</path>
    <name>Magic Carousel (USA) (Proto)</name>
    <image>/recalbox/share/thumbs/Mattel - Intellivision/Named_Titles/Magic Carousel (USA) (Proto).png</image>
    <video>/recalbox/share/videos/No-Intro/Mattel - Intellivision/Magic Carousel (USA) (Proto).mp4</video>
  </game>
  <game>
    <path>/recalbox/share/rom/No-Intro/Mattel - Intellivision/Major League Baseball (World).zip</path>
    <name>Major League Baseball (World)</name>
    <image>/recalbox/share/thumbs/Mattel - Intellivision/Named_Titles/Major League Baseball (World).png</image>
    <video>/recalbox/share/videos/No-Intro/Mattel - Intellivision/Major League Baseball (World).mp4</video>
  </game>
  <game>
    <path>/recalbox/share/rom/No-Intro/Mattel - Intellivision/Masters of the Universe - The Power of He-Man (USA, Europe).zip</path>
    <name>Masters of the Universe - The Power of He-Man (USA, Europe)</name>
    <image>/recalbox/share/thumbs/Mattel - Intellivision/Named_Titles/Masters of the Universe - The Power of He-Man (USA, Europe).png</image>
    <video>/recalbox/share/videos/No-Intro/Mattel - Intellivision/Masters of the Universe - The Power of He-Man (USA, Europe).mp4</video>
  </game>
  <game>
    <path>/recalbox/share/rom/No-Intro/Mattel - Intellivision/Math Master (USA, Europe) (Intellivision Lives!).zip</path>
    <name>Math Master (USA, Europe) (Intellivision Lives!)</name>
    <image>/recalbox/share/thumbs/Mattel - Intellivision/Named_Titles/Math Master (USA, Europe) (Intellivision Lives!).png</image>
    <video>/recalbox/share/videos/No-Intro/Mattel - Intellivision/Math Master (USA, Europe) (Intellivision Lives!).mp4</video>
  </game>
  <game>
    <path>/recalbox/share/rom/No-Intro/Mattel - Intellivision/Melody Blaster (USA, Europe).zip</path>
    <name>Melody Blaster (USA, Europe)</name>
    <image>/recalbox/share/thumbs/Mattel - Intellivision/Named_Titles/Melody Blaster (USA, Europe).png</image>
    <video>/recalbox/share/videos/No-Intro/Mattel - Intellivision/Melody Blaster (USA, Europe).mp4</video>
  </game>
  <game>
    <path>/recalbox/share/rom/No-Intro/Mattel - Intellivision/Memory Fun (USA, Europe) (Intellivision Lives!).zip</path>
    <name>Memory Fun (USA, Europe) (Intellivision Lives!)</name>
    <image>/recalbox/share/thumbs/Mattel - Intellivision/Named_Titles/Memory Fun (USA, Europe) (Intellivision Lives!).png</image>
    <video>/recalbox/share/videos/No-Intro/Mattel - Intellivision/Memory Fun (USA, Europe) (Intellivision Lives!).mp4</video>
  </game>
  <game>
    <path>/recalbox/share/rom/No-Intro/Mattel - Intellivision/Meteor (USA, Europe) (Beta).zip</path>
    <name>Meteor (USA, Europe) (Beta)</name>
    <image>/recalbox/share/thumbs/Mattel - Intellivision/Named_Titles/Meteor (USA, Europe) (Beta).png</image>
    <video>/recalbox/share/videos/No-Intro/Mattel - Intellivision/Meteor (USA, Europe) (Beta).mp4</video>
  </game>
  <game>
    <path>/recalbox/share/rom/No-Intro/Mattel - Intellivision/Microsurgeon (USA, Europe).zip</path>
    <name>Microsurgeon (USA, Europe)</name>
    <image>/recalbox/share/thumbs/Mattel - Intellivision/Named_Titles/Microsurgeon (USA, Europe).png</image>
    <video>/recalbox/share/videos/No-Intro/Mattel - Intellivision/Microsurgeon (USA, Europe).mp4</video>
  </game>
  <game>
    <path>/recalbox/share/rom/No-Intro/Mattel - Intellivision/Mind Strike (USA, Europe).zip</path>
    <name>Mind Strike (USA, Europe)</name>
    <image>/recalbox/share/thumbs/Mattel - Intellivision/Named_Titles/Mind Strike (USA, Europe).png</image>
    <video>/recalbox/share/videos/No-Intro/Mattel - Intellivision/Mind Strike (USA, Europe).mp4</video>
  </game>
  <game>
    <path>/recalbox/share/rom/No-Intro/Mattel - Intellivision/Minotaur (USA).zip</path>
    <name>Minotaur (USA)</name>
    <image>/recalbox/share/thumbs/Mattel - Intellivision/Named_Titles/Minotaur (USA).png</image>
    <video>/recalbox/share/videos/No-Intro/Mattel - Intellivision/Minotaur (USA).mp4</video>
  </game>
  <game>
    <path>/recalbox/share/rom/No-Intro/Mattel - Intellivision/Mission X (USA, Europe).zip</path>
    <name>Mission X (USA, Europe)</name>
    <image>/recalbox/share/thumbs/Mattel - Intellivision/Named_Titles/Mission X (USA, Europe).png</image>
    <video>/recalbox/share/videos/No-Intro/Mattel - Intellivision/Mission X (USA, Europe).mp4</video>
  </game>
  <game>
    <path>/recalbox/share/rom/No-Intro/Mattel - Intellivision/Motocross (USA, Europe) (Alt).zip</path>
    <name>Motocross (USA, Europe) (Alt)</name>
    <image>/recalbox/share/thumbs/Mattel - Intellivision/Named_Titles/Motocross (USA, Europe) (Alt).png</image>
    <video>/recalbox/share/videos/No-Intro/Mattel - Intellivision/Motocross (USA, Europe) (Alt).mp4</video>
  </game>
  <game>
    <path>/recalbox/share/rom/No-Intro/Mattel - Intellivision/Motocross (USA, Europe).zip</path>
    <name>Motocross (USA, Europe)</name>
    <image>/recalbox/share/thumbs/Mattel - Intellivision/Named_Titles/Motocross (USA, Europe).png</image>
    <video>/recalbox/share/videos/No-Intro/Mattel - Intellivision/Motocross (USA, Europe).mp4</video>
  </game>
  <game>
    <path>/recalbox/share/rom/No-Intro/Mattel - Intellivision/Mountain Madness - Super Pro Skiing (USA).zip</path>
    <name>Mountain Madness - Super Pro Skiing (USA)</name>
    <image>/recalbox/share/thumbs/Mattel - Intellivision/Named_Titles/Mountain Madness - Super Pro Skiing (USA).png</image>
    <video>/recalbox/share/videos/No-Intro/Mattel - Intellivision/Mountain Madness - Super Pro Skiing (USA).mp4</video>
  </game>
  <game>
    <path>/recalbox/share/rom/No-Intro/Mattel - Intellivision/Mouse Trap (USA, Europe).zip</path>
    <name>Mouse Trap (USA, Europe)</name>
    <image>/recalbox/share/thumbs/Mattel - Intellivision/Named_Titles/Mouse Trap (USA, Europe).png</image>
    <video>/recalbox/share/videos/No-Intro/Mattel - Intellivision/Mouse Trap (USA, Europe).mp4</video>
  </game>
  <game>
    <path>/recalbox/share/rom/No-Intro/Mattel - Intellivision/Mr. BASIC Meets Bits 'N Bytes (USA, Europe).zip</path>
    <name>Mr. BASIC Meets Bits &apos;N Bytes (USA, Europe)</name>
    <image>/recalbox/share/thumbs/Mattel - Intellivision/Named_Titles/Mr. BASIC Meets Bits &apos;N Bytes (USA, Europe).png</image>
    <video>/recalbox/share/videos/No-Intro/Mattel - Intellivision/Mr. BASIC Meets Bits &apos;N Bytes (USA, Europe).mp4</video>
  </game>
  <game>
    <path>/recalbox/share/rom/No-Intro/Mattel - Intellivision/NASL Soccer (World).zip</path>
    <name>NASL Soccer (World)</name>
    <image>/recalbox/share/thumbs/Mattel - Intellivision/Named_Titles/NASL Soccer (World).png</image>
    <video>/recalbox/share/videos/No-Intro/Mattel - Intellivision/NASL Soccer (World).mp4</video>
  </game>
  <game>
    <path>/recalbox/share/rom/No-Intro/Mattel - Intellivision/NBA Basketball (USA, Europe).zip</path>
    <name>NBA Basketball (USA, Europe)</name>
    <image>/recalbox/share/thumbs/Mattel - Intellivision/Named_Titles/NBA Basketball (USA, Europe).png</image>
    <video>/recalbox/share/videos/No-Intro/Mattel - Intellivision/NBA Basketball (USA, Europe).mp4</video>
  </game>
  <game>
    <path>/recalbox/share/rom/No-Intro/Mattel - Intellivision/NFL Football (World).zip</path>
    <name>NFL Football (World)</name>
    <image>/recalbox/share/thumbs/Mattel - Intellivision/Named_Titles/NFL Football (World).png</image>
    <video>/recalbox/share/videos/No-Intro/Mattel - Intellivision/NFL Football (World).mp4</video>
  </game>
  <game>
    <path>/recalbox/share/rom/No-Intro/Mattel - Intellivision/Night Stalker (World).zip</path>
    <name>Night Stalker (World)</name>
    <image>/recalbox/share/thumbs/Mattel - Intellivision/Named_Titles/Night Stalker (World).png</image>
    <video>/recalbox/share/videos/No-Intro/Mattel - Intellivision/Night Stalker (World).mp4</video>
  </game>
  <game>
    <path>/recalbox/share/rom/No-Intro/Mattel - Intellivision/Nova Blast (USA, Europe).zip</path>
    <name>Nova Blast (USA, Europe)</name>
    <image>/recalbox/share/thumbs/Mattel - Intellivision/Named_Titles/Nova Blast (USA, Europe).png</image>
    <video>/recalbox/share/videos/No-Intro/Mattel - Intellivision/Nova Blast (USA, Europe).mp4</video>
  </game>
  <game>
    <path>/recalbox/share/rom/No-Intro/Mattel - Intellivision/Number Jumble (USA) (Proto) (Intellivision Lives!).zip</path>
    <name>Number Jumble (USA) (Proto) (Intellivision Lives!)</name>
    <image>/recalbox/share/thumbs/Mattel - Intellivision/Named_Titles/Number Jumble (USA) (Proto) (Intellivision Lives!).png</image>
    <video>/recalbox/share/videos/No-Intro/Mattel - Intellivision/Number Jumble (USA) (Proto) (Intellivision Lives!).mp4</video>
  </game>
  <game>
    <path>/recalbox/share/rom/No-Intro/Mattel - Intellivision/Number Jumble (USA) (Proto).zip</path>
    <name>Number Jumble (USA) (Proto)</name>
    <image>/recalbox/share/thumbs/Mattel - Intellivision/Named_Titles/Number Jumble (USA) (Proto).png</image>
    <video>/recalbox/share/videos/No-Intro/Mattel - Intellivision/Number Jumble (USA) (Proto).mp4</video>
  </game>
  <game>
    <path>/recalbox/share/rom/No-Intro/Mattel - Intellivision/PBA Bowling (World).zip</path>
    <name>PBA Bowling (World)</name>
    <image>/recalbox/share/thumbs/Mattel - Intellivision/Named_Titles/PBA Bowling (World).png</image>
    <video>/recalbox/share/videos/No-Intro/Mattel - Intellivision/PBA Bowling (World).mp4</video>
  </game>
  <game>
    <path>/recalbox/share/rom/No-Intro/Mattel - Intellivision/PGA Golf (World).zip</path>
    <name>PGA Golf (World)</name>
    <image>/recalbox/share/thumbs/Mattel - Intellivision/Named_Titles/PGA Golf (World).png</image>
    <video>/recalbox/share/videos/No-Intro/Mattel - Intellivision/PGA Golf (World).mp4</video>
  </game>
  <game>
    <path>/recalbox/share/rom/No-Intro/Mattel - Intellivision/Pac-Man (USA) (Atarisoft).zip</path>
    <name>Pac-Man (USA) (Atarisoft)</name>
    <image>/recalbox/share/thumbs/Mattel - Intellivision/Named_Titles/Pac-Man (USA) (Atarisoft).png</image>
    <video>/recalbox/share/videos/No-Intro/Mattel - Intellivision/Pac-Man (USA) (Atarisoft).mp4</video>
  </game>
  <game>
    <path>/recalbox/share/rom/No-Intro/Mattel - Intellivision/Pac-Man (USA) (INTV Corp.).zip</path>
    <name>Pac-Man (USA) (INTV Corp.)</name>
    <image>/recalbox/share/thumbs/Mattel - Intellivision/Named_Titles/Pac-Man (USA) (INTV Corp.).png</image>
    <video>/recalbox/share/videos/No-Intro/Mattel - Intellivision/Pac-Man (USA) (INTV Corp.).mp4</video>
  </game>
  <game>
    <path>/recalbox/share/rom/No-Intro/Mattel - Intellivision/Party Line - Blow Out (USA) (Proto).zip</path>
    <name>Party Line - Blow Out (USA) (Proto)</name>
    <image>/recalbox/share/thumbs/Mattel - Intellivision/Named_Titles/Party Line - Blow Out (USA) (Proto).png</image>
    <video>/recalbox/share/videos/No-Intro/Mattel - Intellivision/Party Line - Blow Out (USA) (Proto).mp4</video>
  </game>
  <game>
    <path>/recalbox/share/rom/No-Intro/Mattel - Intellivision/Party Line - Hard Hat (USA) (Proto).zip</path>
    <name>Party Line - Hard Hat (USA) (Proto)</name>
    <image>/recalbox/share/thumbs/Mattel - Intellivision/Named_Titles/Party Line - Hard Hat (USA) (Proto).png</image>
    <video>/recalbox/share/videos/No-Intro/Mattel - Intellivision/Party Line - Hard Hat (USA) (Proto).mp4</video>
  </game>
  <game>
    <path>/recalbox/share/rom/No-Intro/Mattel - Intellivision/Party Line - Space Cadet (USA) (Proto) (Intellivision Lives!).zip</path>
    <name>Party Line - Space Cadet (USA) (Proto) (Intellivision Lives!)</name>
    <image>/recalbox/share/thumbs/Mattel - Intellivision/Named_Titles/Party Line - Space Cadet (USA) (Proto) (Intellivision Lives!).png</image>
    <video>/recalbox/share/videos/No-Intro/Mattel - Intellivision/Party Line - Space Cadet (USA) (Proto) (Intellivision Lives!).mp4</video>
  </game>
  <game>
    <path>/recalbox/share/rom/No-Intro/Mattel - Intellivision/Party Line - Space Cadet (USA) (Proto).zip</path>
    <name>Party Line - Space Cadet (USA) (Proto)</name>
    <image>/recalbox/share/thumbs/Mattel - Intellivision/Named_Titles/Party Line - Space Cadet (USA) (Proto).png</image>
    <video>/recalbox/share/videos/No-Intro/Mattel - Intellivision/Party Line - Space Cadet (USA) (Proto).mp4</video>
  </game>
  <game>
    <path>/recalbox/share/rom/No-Intro/Mattel - Intellivision/Pinball (USA).zip</path>
    <name>Pinball (USA)</name>
    <image>/recalbox/share/thumbs/Mattel - Intellivision/Named_Titles/Pinball (USA).png</image>
    <video>/recalbox/share/videos/No-Intro/Mattel - Intellivision/Pinball (USA).mp4</video>
  </game>
  <game>
    <path>/recalbox/share/rom/No-Intro/Mattel - Intellivision/Pitfall! (USA, Europe).zip</path>
    <name>Pitfall! (USA, Europe)</name>
    <image>/recalbox/share/thumbs/Mattel - Intellivision/Named_Titles/Pitfall! (USA, Europe).png</image>
    <video>/recalbox/share/videos/No-Intro/Mattel - Intellivision/Pitfall! (USA, Europe).mp4</video>
  </game>
  <game>
    <path>/recalbox/share/rom/No-Intro/Mattel - Intellivision/Pole Position (USA).zip</path>
    <name>Pole Position (USA)</name>
    <image>/recalbox/share/thumbs/Mattel - Intellivision/Named_Titles/Pole Position (USA).png</image>
    <video>/recalbox/share/videos/No-Intro/Mattel - Intellivision/Pole Position (USA).mp4</video>
  </game>
  <game>
    <path>/recalbox/share/rom/No-Intro/Mattel - Intellivision/Popeye (USA, Europe).zip</path>
    <name>Popeye (USA, Europe)</name>
    <image>/recalbox/share/thumbs/Mattel - Intellivision/Named_Titles/Popeye (USA, Europe).png</image>
    <video>/recalbox/share/videos/No-Intro/Mattel - Intellivision/Popeye (USA, Europe).mp4</video>
  </game>
  <game>
    <path>/recalbox/share/rom/No-Intro/Mattel - Intellivision/Q-bert (USA, Europe).zip</path>
    <name>Q-bert (USA, Europe)</name>
    <image>/recalbox/share/thumbs/Mattel - Intellivision/Named_Titles/Q-bert (USA, Europe).png</image>
    <video>/recalbox/share/videos/No-Intro/Mattel - Intellivision/Q-bert (USA, Europe).mp4</video>
  </game>
  <game>
    <path>/recalbox/share/rom/No-Intro/Mattel - Intellivision/Racing Cars (USA, Europe) (Intellivision Lives!).zip</path>
    <name>Racing Cars (USA, Europe) (Intellivision Lives!)</name>
    <image>/recalbox/share/thumbs/Mattel - Intellivision/Named_Titles/Racing Cars (USA, Europe) (Intellivision Lives!).png</image>
    <video>/recalbox/share/videos/No-Intro/Mattel - Intellivision/Racing Cars (USA, Europe) (Intellivision Lives!).mp4</video>
  </game>
  <game>
    <path>/recalbox/share/rom/No-Intro/Mattel - Intellivision/Reversi (USA, Europe).zip</path>
    <name>Reversi (USA, Europe)</name>
    <image>/recalbox/share/thumbs/Mattel - Intellivision/Named_Titles/Reversi (USA, Europe).png</image>
    <video>/recalbox/share/videos/No-Intro/Mattel - Intellivision/Reversi (USA, Europe).mp4</video>
  </game>
  <game>
    <path>/recalbox/share/rom/No-Intro/Mattel - Intellivision/River Raid (USA, Europe) (Beta).zip</path>
    <name>River Raid (USA, Europe) (Beta)</name>
    <image>/recalbox/share/thumbs/Mattel - Intellivision/Named_Titles/River Raid (USA, Europe) (Beta).png</image>
    <video>/recalbox/share/videos/No-Intro/Mattel - Intellivision/River Raid (USA, Europe) (Beta).mp4</video>
  </game>
  <game>
    <path>/recalbox/share/rom/No-Intro/Mattel - Intellivision/River Raid (USA, Europe).zip</path>
    <name>River Raid (USA, Europe)</name>
    <image>/recalbox/share/thumbs/Mattel - Intellivision/Named_Titles/River Raid (USA, Europe).png</image>
    <video>/recalbox/share/videos/No-Intro/Mattel - Intellivision/River Raid (USA, Europe).mp4</video>
  </game>
  <game>
    <path>/recalbox/share/rom/No-Intro/Mattel - Intellivision/Robot Rubble (USA) (Proto 1).zip</path>
    <name>Robot Rubble (USA) (Proto 1)</name>
    <image>/recalbox/share/thumbs/Mattel - Intellivision/Named_Titles/Robot Rubble (USA) (Proto 1).png</image>
    <video>/recalbox/share/videos/No-Intro/Mattel - Intellivision/Robot Rubble (USA) (Proto 1).mp4</video>
  </game>
  <game>
    <path>/recalbox/share/rom/No-Intro/Mattel - Intellivision/Robot Rubble (USA) (Proto 2).zip</path>
    <name>Robot Rubble (USA) (Proto 2)</name>
    <image>/recalbox/share/thumbs/Mattel - Intellivision/Named_Titles/Robot Rubble (USA) (Proto 2).png</image>
    <video>/recalbox/share/videos/No-Intro/Mattel - Intellivision/Robot Rubble (USA) (Proto 2).mp4</video>
  </game>
  <game>
    <path>/recalbox/share/rom/No-Intro/Mattel - Intellivision/Robot Rubble (USA) (Proto 3).zip</path>
    <name>Robot Rubble (USA) (Proto 3)</name>
    <image>/recalbox/share/thumbs/Mattel - Intellivision/Named_Titles/Robot Rubble (USA) (Proto 3).png</image>
    <video>/recalbox/share/videos/No-Intro/Mattel - Intellivision/Robot Rubble (USA) (Proto 3).mp4</video>
  </game>
  <game>
    <path>/recalbox/share/rom/No-Intro/Mattel - Intellivision/Rocky &amp; Bullwinckle (USA) (Proto).zip</path>
    <name>Rocky &amp; Bullwinckle (USA) (Proto)</name>
    <image>/recalbox/share/thumbs/Mattel - Intellivision/Named_Titles/Rocky &amp; Bullwinckle (USA) (Proto).png</image>
    <video>/recalbox/share/videos/No-Intro/Mattel - Intellivision/Rocky &amp; Bullwinckle (USA) (Proto).mp4</video>
  </game>
  <game>
    <path>/recalbox/share/rom/No-Intro/Mattel - Intellivision/Royal Dealer (USA, Europe) (Alt).zip</path>
    <name>Royal Dealer (USA, Europe) (Alt)</name>
    <image>/recalbox/share/thumbs/Mattel - Intellivision/Named_Titles/Royal Dealer (USA, Europe) (Alt).png</image>
    <video>/recalbox/share/videos/No-Intro/Mattel - Intellivision/Royal Dealer (USA, Europe) (Alt).mp4</video>
  </game>
  <game>
    <path>/recalbox/share/rom/No-Intro/Mattel - Intellivision/Royal Dealer (USA, Europe).zip</path>
    <name>Royal Dealer (USA, Europe)</name>
    <image>/recalbox/share/thumbs/Mattel - Intellivision/Named_Titles/Royal Dealer (USA, Europe).png</image>
    <video>/recalbox/share/videos/No-Intro/Mattel - Intellivision/Royal Dealer (USA, Europe).mp4</video>
  </game>
  <game>
    <path>/recalbox/share/rom/No-Intro/Mattel - Intellivision/Safecracker (USA, Europe).zip</path>
    <name>Safecracker (USA, Europe)</name>
    <image>/recalbox/share/thumbs/Mattel - Intellivision/Named_Titles/Safecracker (USA, Europe).png</image>
    <video>/recalbox/share/videos/No-Intro/Mattel - Intellivision/Safecracker (USA, Europe).mp4</video>
  </game>
  <game>
    <path>/recalbox/share/rom/No-Intro/Mattel - Intellivision/Scarfinger (USA) (Proto).zip</path>
    <name>Scarfinger (USA) (Proto)</name>
    <image>/recalbox/share/thumbs/Mattel - Intellivision/Named_Titles/Scarfinger (USA) (Proto).png</image>
    <video>/recalbox/share/videos/No-Intro/Mattel - Intellivision/Scarfinger (USA) (Proto).mp4</video>
  </game>
  <game>
    <path>/recalbox/share/rom/No-Intro/Mattel - Intellivision/Scooby Doo's Maze Chase (USA, Europe).zip</path>
    <name>Scooby Doo&apos;s Maze Chase (USA, Europe)</name>
    <image>/recalbox/share/thumbs/Mattel - Intellivision/Named_Titles/Scooby Doo&apos;s Maze Chase (USA, Europe).png</image>
    <video>/recalbox/share/videos/No-Intro/Mattel - Intellivision/Scooby Doo&apos;s Maze Chase (USA, Europe).mp4</video>
  </game>
  <game>
    <path>/recalbox/share/rom/No-Intro/Mattel - Intellivision/Sea Battle (World).zip</path>
    <name>Sea Battle (World)</name>
    <image>/recalbox/share/thumbs/Mattel - Intellivision/Named_Titles/Sea Battle (World).png</image>
    <video>/recalbox/share/videos/No-Intro/Mattel - Intellivision/Sea Battle (World).mp4</video>
  </game>
  <game>
    <path>/recalbox/share/rom/No-Intro/Mattel - Intellivision/Sewer Sam (USA).zip</path>
    <name>Sewer Sam (USA)</name>
    <image>/recalbox/share/thumbs/Mattel - Intellivision/Named_Titles/Sewer Sam (USA).png</image>
    <video>/recalbox/share/videos/No-Intro/Mattel - Intellivision/Sewer Sam (USA).mp4</video>
  </game>
  <game>
    <path>/recalbox/share/rom/No-Intro/Mattel - Intellivision/Shark! Shark! (USA, Europe).zip</path>
    <name>Shark! Shark! (USA, Europe)</name>
    <image>/recalbox/share/thumbs/Mattel - Intellivision/Named_Titles/Shark! Shark! (USA, Europe).png</image>
    <video>/recalbox/share/videos/No-Intro/Mattel - Intellivision/Shark! Shark! (USA, Europe).mp4</video>
  </game>
  <game>
    <path>/recalbox/share/rom/No-Intro/Mattel - Intellivision/Sharp Shot (USA, Europe).zip</path>
    <name>Sharp Shot (USA, Europe)</name>
    <image>/recalbox/share/thumbs/Mattel - Intellivision/Named_Titles/Sharp Shot (USA, Europe).png</image>
    <video>/recalbox/share/videos/No-Intro/Mattel - Intellivision/Sharp Shot (USA, Europe).mp4</video>
  </game>
  <game>
    <path>/recalbox/share/rom/No-Intro/Mattel - Intellivision/Slam Dunk - Super Pro Basketball (USA).zip</path>
    <name>Slam Dunk - Super Pro Basketball (USA)</name>
    <image>/recalbox/share/thumbs/Mattel - Intellivision/Named_Titles/Slam Dunk - Super Pro Basketball (USA).png</image>
    <video>/recalbox/share/videos/No-Intro/Mattel - Intellivision/Slam Dunk - Super Pro Basketball (USA).mp4</video>
  </game>
  <game>
    <path>/recalbox/share/rom/No-Intro/Mattel - Intellivision/Slap Shot - Super Pro Hockey (USA).zip</path>
    <name>Slap Shot - Super Pro Hockey (USA)</name>
    <image>/recalbox/share/thumbs/Mattel - Intellivision/Named_Titles/Slap Shot - Super Pro Hockey (USA).png</image>
    <video>/recalbox/share/videos/No-Intro/Mattel - Intellivision/Slap Shot - Super Pro Hockey (USA).mp4</video>
  </game>
  <game>
    <path>/recalbox/share/rom/No-Intro/Mattel - Intellivision/Space Armada (World).zip</path>
    <name>Space Armada (World)</name>
    <image>/recalbox/share/thumbs/Mattel - Intellivision/Named_Titles/Space Armada (World).png</image>
    <video>/recalbox/share/videos/No-Intro/Mattel - Intellivision/Space Armada (World).mp4</video>
  </game>
  <game>
    <path>/recalbox/share/rom/No-Intro/Mattel - Intellivision/Space Battle (World) (v1.1).zip</path>
    <name>Space Battle (World) (v1.1)</name>
    <image>/recalbox/share/thumbs/Mattel - Intellivision/Named_Titles/Space Battle (World) (v1.1).png</image>
    <video>/recalbox/share/videos/No-Intro/Mattel - Intellivision/Space Battle (World) (v1.1).mp4</video>
  </game>
  <game>
    <path>/recalbox/share/rom/No-Intro/Mattel - Intellivision/Space Battle (World).zip</path>
    <name>Space Battle (World)</name>
    <image>/recalbox/share/thumbs/Mattel - Intellivision/Named_Titles/Space Battle (World).png</image>
    <video>/recalbox/share/videos/No-Intro/Mattel - Intellivision/Space Battle (World).mp4</video>
  </game>
  <game>
    <path>/recalbox/share/rom/No-Intro/Mattel - Intellivision/Space Hawk (USA, Europe).zip</path>
    <name>Space Hawk (USA, Europe)</name>
    <image>/recalbox/share/thumbs/Mattel - Intellivision/Named_Titles/Space Hawk (USA, Europe).png</image>
    <video>/recalbox/share/videos/No-Intro/Mattel - Intellivision/Space Hawk (USA, Europe).mp4</video>
  </game>
  <game>
    <path>/recalbox/share/rom/No-Intro/Mattel - Intellivision/Space Spartans (USA, Europe).zip</path>
    <name>Space Spartans (USA, Europe)</name>
    <image>/recalbox/share/thumbs/Mattel - Intellivision/Named_Titles/Space Spartans (USA, Europe).png</image>
    <video>/recalbox/share/videos/No-Intro/Mattel - Intellivision/Space Spartans (USA, Europe).mp4</video>
  </game>
  <game>
    <path>/recalbox/share/rom/No-Intro/Mattel - Intellivision/Spiker - Super Pro Volleyball (USA).zip</path>
    <name>Spiker - Super Pro Volleyball (USA)</name>
    <image>/recalbox/share/thumbs/Mattel - Intellivision/Named_Titles/Spiker - Super Pro Volleyball (USA).png</image>
    <video>/recalbox/share/videos/No-Intro/Mattel - Intellivision/Spiker - Super Pro Volleyball (USA).mp4</video>
  </game>
  <game>
    <path>/recalbox/share/rom/No-Intro/Mattel - Intellivision/Stadium Mud Buggies (USA).zip</path>
    <name>Stadium Mud Buggies (USA)</name>
    <image>/recalbox/share/thumbs/Mattel - Intellivision/Named_Titles/Stadium Mud Buggies (USA).png</image>
    <video>/recalbox/share/videos/No-Intro/Mattel - Intellivision/Stadium Mud Buggies (USA).mp4</video>
  </game>
  <game>
    <path>/recalbox/share/rom/No-Intro/Mattel - Intellivision/Stampede (USA, Europe).zip</path>
    <name>Stampede (USA, Europe)</name>
    <image>/recalbox/share/thumbs/Mattel - Intellivision/Named_Titles/Stampede (USA, Europe).png</image>
    <video>/recalbox/share/videos/No-Intro/Mattel - Intellivision/Stampede (USA, Europe).mp4</video>
  </game>
  <game>
    <path>/recalbox/share/rom/No-Intro/Mattel - Intellivision/Star Strike (World).zip</path>
    <name>Star Strike (World)</name>
    <image>/recalbox/share/thumbs/Mattel - Intellivision/Named_Titles/Star Strike (World).png</image>
    <video>/recalbox/share/videos/No-Intro/Mattel - Intellivision/Star Strike (World).mp4</video>
  </game>
  <game>
    <path>/recalbox/share/rom/No-Intro/Mattel - Intellivision/Star Wars - The Empire Strikes Back (USA, Europe).zip</path>
    <name>Star Wars - The Empire Strikes Back (USA, Europe)</name>
    <image>/recalbox/share/thumbs/Mattel - Intellivision/Named_Titles/Star Wars - The Empire Strikes Back (USA, Europe).png</image>
    <video>/recalbox/share/videos/No-Intro/Mattel - Intellivision/Star Wars - The Empire Strikes Back (USA, Europe).mp4</video>
  </game>
  <game>
    <path>/recalbox/share/rom/No-Intro/Mattel - Intellivision/Sub Hunt (USA, Europe).zip</path>
    <name>Sub Hunt (USA, Europe)</name>
    <image>/recalbox/share/thumbs/Mattel - Intellivision/Named_Titles/Sub Hunt (USA, Europe).png</image>
    <video>/recalbox/share/videos/No-Intro/Mattel - Intellivision/Sub Hunt (USA, Europe).mp4</video>
  </game>
  <game>
    <path>/recalbox/share/rom/No-Intro/Mattel - Intellivision/Super Cobra (USA, Europe).zip</path>
    <name>Super Cobra (USA, Europe)</name>
    <image>/recalbox/share/thumbs/Mattel - Intellivision/Named_Titles/Super Cobra (USA, Europe).png</image>
    <video>/recalbox/share/videos/No-Intro/Mattel - Intellivision/Super Cobra (USA, Europe).mp4</video>
  </game>
  <game>
    <path>/recalbox/share/rom/No-Intro/Mattel - Intellivision/Super Masters! (USA) (Proto).zip</path>
    <name>Super Masters! (USA) (Proto)</name>
    <image>/recalbox/share/thumbs/Mattel - Intellivision/Named_Titles/Super Masters! (USA) (Proto).png</image>
    <video>/recalbox/share/videos/No-Intro/Mattel - Intellivision/Super Masters! (USA) (Proto).mp4</video>
  </game>
  <game>
    <path>/recalbox/share/rom/No-Intro/Mattel - Intellivision/Super NFL Footbal (USA) (Proto).zip</path>
    <name>Super NFL Footbal (USA) (Proto)</name>
    <image>/recalbox/share/thumbs/Mattel - Intellivision/Named_Titles/Super NFL Footbal (USA) (Proto).png</image>
    <video>/recalbox/share/videos/No-Intro/Mattel - Intellivision/Super NFL Footbal (USA) (Proto).mp4</video>
  </game>
  <game>
    <path>/recalbox/share/rom/No-Intro/Mattel - Intellivision/Super Pro Decathlon (USA).zip</path>
    <name>Super Pro Decathlon (USA)</name>
    <image>/recalbox/share/thumbs/Mattel - Intellivision/Named_Titles/Super Pro Decathlon (USA).png</image>
    <video>/recalbox/share/videos/No-Intro/Mattel - Intellivision/Super Pro Decathlon (USA).mp4</video>
  </game>
  <game>
    <path>/recalbox/share/rom/No-Intro/Mattel - Intellivision/Super Pro Football (USA) (Revision).zip</path>
    <name>Super Pro Football (USA) (Revision)</name>
    <image>/recalbox/share/thumbs/Mattel - Intellivision/Named_Titles/Super Pro Football (USA) (Revision).png</image>
    <video>/recalbox/share/videos/No-Intro/Mattel - Intellivision/Super Pro Football (USA) (Revision).mp4</video>
  </game>
  <game>
    <path>/recalbox/share/rom/No-Intro/Mattel - Intellivision/Super Pro Football (USA).zip</path>
    <name>Super Pro Football (USA)</name>
    <image>/recalbox/share/thumbs/Mattel - Intellivision/Named_Titles/Super Pro Football (USA).png</image>
    <video>/recalbox/share/videos/No-Intro/Mattel - Intellivision/Super Pro Football (USA).mp4</video>
  </game>
  <game>
    <path>/recalbox/share/rom/No-Intro/Mattel - Intellivision/Super Soccer (USA) (Proto).zip</path>
    <name>Super Soccer (USA) (Proto)</name>
    <image>/recalbox/share/thumbs/Mattel - Intellivision/Named_Titles/Super Soccer (USA) (Proto).png</image>
    <video>/recalbox/share/videos/No-Intro/Mattel - Intellivision/Super Soccer (USA) (Proto).mp4</video>
  </game>
  <game>
    <path>/recalbox/share/rom/No-Intro/Mattel - Intellivision/Swords &amp; Serpents (USA, Europe).zip</path>
    <name>Swords &amp; Serpents (USA, Europe)</name>
    <image>/recalbox/share/thumbs/Mattel - Intellivision/Named_Titles/Swords &amp; Serpents (USA, Europe).png</image>
    <video>/recalbox/share/videos/No-Intro/Mattel - Intellivision/Swords &amp; Serpents (USA, Europe).mp4</video>
  </game>
  <game>
    <path>/recalbox/share/rom/No-Intro/Mattel - Intellivision/TRON (USA) (Proto).zip</path>
    <name>TRON (USA) (Proto)</name>
    <image>/recalbox/share/thumbs/Mattel - Intellivision/Named_Titles/TRON (USA) (Proto).png</image>
    <video>/recalbox/share/videos/No-Intro/Mattel - Intellivision/TRON (USA) (Proto).mp4</video>
  </game>
  <game>
    <path>/recalbox/share/rom/No-Intro/Mattel - Intellivision/TRON Deadly Discs (USA, Europe).zip</path>
    <name>TRON Deadly Discs (USA, Europe)</name>
    <image>/recalbox/share/thumbs/Mattel - Intellivision/Named_Titles/TRON Deadly Discs (USA, Europe).png</image>
    <video>/recalbox/share/videos/No-Intro/Mattel - Intellivision/TRON Deadly Discs (USA, Europe).mp4</video>
  </game>
  <game>
    <path>/recalbox/share/rom/No-Intro/Mattel - Intellivision/TRON Maze-A-Tron (USA, Europe).zip</path>
    <name>TRON Maze-A-Tron (USA, Europe)</name>
    <image>/recalbox/share/thumbs/Mattel - Intellivision/Named_Titles/TRON Maze-A-Tron (USA, Europe).png</image>
    <video>/recalbox/share/videos/No-Intro/Mattel - Intellivision/TRON Maze-A-Tron (USA, Europe).mp4</video>
  </game>
  <game>
    <path>/recalbox/share/rom/No-Intro/Mattel - Intellivision/TRON Solar Sailer (USA, Europe).zip</path>
    <name>TRON Solar Sailer (USA, Europe)</name>
    <image>/recalbox/share/thumbs/Mattel - Intellivision/Named_Titles/TRON Solar Sailer (USA, Europe).png</image>
    <video>/recalbox/share/videos/No-Intro/Mattel - Intellivision/TRON Solar Sailer (USA, Europe).mp4</video>
  </game>
  <game>
    <path>/recalbox/share/rom/No-Intro/Mattel - Intellivision/Takeover (USA) (Proto).zip</path>
    <name>Takeover (USA) (Proto)</name>
    <image>/recalbox/share/thumbs/Mattel - Intellivision/Named_Titles/Takeover (USA) (Proto).png</image>
    <video>/recalbox/share/videos/No-Intro/Mattel - Intellivision/Takeover (USA) (Proto).mp4</video>
  </game>
  <game>
    <path>/recalbox/share/rom/No-Intro/Mattel - Intellivision/Thin Ice (USA) (Beta).zip</path>
    <name>Thin Ice (USA) (Beta)</name>
    <image>/recalbox/share/thumbs/Mattel - Intellivision/Named_Titles/Thin Ice (USA) (Beta).png</image>
    <video>/recalbox/share/videos/No-Intro/Mattel - Intellivision/Thin Ice (USA) (Beta).mp4</video>
  </game>
  <game>
    <path>/recalbox/share/rom/No-Intro/Mattel - Intellivision/Thin Ice (USA).zip</path>
    <name>Thin Ice (USA)</name>
    <image>/recalbox/share/thumbs/Mattel - Intellivision/Named_Titles/Thin Ice (USA).png</image>
    <video>/recalbox/share/videos/No-Intro/Mattel - Intellivision/Thin Ice (USA).mp4</video>
  </game>
  <game>
    <path>/recalbox/share/rom/No-Intro/Mattel - Intellivision/Thunder Castle (USA).zip</path>
    <name>Thunder Castle (USA)</name>
    <image>/recalbox/share/thumbs/Mattel - Intellivision/Named_Titles/Thunder Castle (USA).png</image>
    <video>/recalbox/share/videos/No-Intro/Mattel - Intellivision/Thunder Castle (USA).mp4</video>
  </game>
  <game>
    <path>/recalbox/share/rom/No-Intro/Mattel - Intellivision/Tower of Doom (USA).zip</path>
    <name>Tower of Doom (USA)</name>
    <image>/recalbox/share/thumbs/Mattel - Intellivision/Named_Titles/Tower of Doom (USA).png</image>
    <video>/recalbox/share/videos/No-Intro/Mattel - Intellivision/Tower of Doom (USA).mp4</video>
  </game>
  <game>
    <path>/recalbox/share/rom/No-Intro/Mattel - Intellivision/Triple Challenge - Chess, Checkers, Backgammon (USA).zip</path>
    <name>Triple Challenge - Chess, Checkers, Backgammon (USA)</name>
    <image>/recalbox/share/thumbs/Mattel - Intellivision/Named_Titles/Triple Challenge - Chess, Checkers, Backgammon (USA).png</image>
    <video>/recalbox/share/videos/No-Intro/Mattel - Intellivision/Triple Challenge - Chess, Checkers, Backgammon (USA).mp4</video>
  </game>
  <game>
    <path>/recalbox/share/rom/No-Intro/Mattel - Intellivision/Tropical Trouble (USA, Europe).zip</path>
    <name>Tropical Trouble (USA, Europe)</name>
    <image>/recalbox/share/thumbs/Mattel - Intellivision/Named_Titles/Tropical Trouble (USA, Europe).png</image>
    <video>/recalbox/share/videos/No-Intro/Mattel - Intellivision/Tropical Trouble (USA, Europe).mp4</video>
  </game>
  <game>
    <path>/recalbox/share/rom/No-Intro/Mattel - Intellivision/Truckin' (USA).zip</path>
    <name>Truckin&apos; (USA)</name>
    <image>/recalbox/share/thumbs/Mattel - Intellivision/Named_Titles/Truckin&apos; (USA).png</image>
    <video>/recalbox/share/videos/No-Intro/Mattel - Intellivision/Truckin&apos; (USA).mp4</video>
  </game>
  <game>
    <path>/recalbox/share/rom/No-Intro/Mattel - Intellivision/Turbo (USA, Europe).zip</path>
    <name>Turbo (USA, Europe)</name>
    <image>/recalbox/share/thumbs/Mattel - Intellivision/Named_Titles/Turbo (USA, Europe).png</image>
    <video>/recalbox/share/videos/No-Intro/Mattel - Intellivision/Turbo (USA, Europe).mp4</video>
  </game>
  <game>
    <path>/recalbox/share/rom/No-Intro/Mattel - Intellivision/Tutankham (USA, Europe).zip</path>
    <name>Tutankham (USA, Europe)</name>
    <image>/recalbox/share/thumbs/Mattel - Intellivision/Named_Titles/Tutankham (USA, Europe).png</image>
    <video>/recalbox/share/videos/No-Intro/Mattel - Intellivision/Tutankham (USA, Europe).mp4</video>
  </game>
  <game>
    <path>/recalbox/share/rom/No-Intro/Mattel - Intellivision/US Ski Team Skiing (World).zip</path>
    <name>US Ski Team Skiing (World)</name>
    <image>/recalbox/share/thumbs/Mattel - Intellivision/Named_Titles/US Ski Team Skiing (World).png</image>
    <video>/recalbox/share/videos/No-Intro/Mattel - Intellivision/US Ski Team Skiing (World).mp4</video>
  </game>
  <game>
    <path>/recalbox/share/rom/No-Intro/Mattel - Intellivision/USCF Chess (USA, Europe).zip</path>
    <name>USCF Chess (USA, Europe)</name>
    <image>/recalbox/share/thumbs/Mattel - Intellivision/Named_Titles/USCF Chess (USA, Europe).png</image>
    <video>/recalbox/share/videos/No-Intro/Mattel - Intellivision/USCF Chess (USA, Europe).mp4</video>
  </game>
  <game>
    <path>/recalbox/share/rom/No-Intro/Mattel - Intellivision/Utopia (USA, Europe).zip</path>
    <name>Utopia (USA, Europe)</name>
    <image>/recalbox/share/thumbs/Mattel - Intellivision/Named_Titles/Utopia (USA, Europe).png</image>
    <video>/recalbox/share/videos/No-Intro/Mattel - Intellivision/Utopia (USA, Europe).mp4</video>
  </game>
  <game>
    <path>/recalbox/share/rom/No-Intro/Mattel - Intellivision/Vectron (USA, Europe) (Intellivision Lives!).zip</path>
    <name>Vectron (USA, Europe) (Intellivision Lives!)</name>
    <image>/recalbox/share/thumbs/Mattel - Intellivision/Named_Titles/Vectron (USA, Europe) (Intellivision Lives!).png</image>
    <video>/recalbox/share/videos/No-Intro/Mattel - Intellivision/Vectron (USA, Europe) (Intellivision Lives!).mp4</video>
  </game>
  <game>
    <path>/recalbox/share/rom/No-Intro/Mattel - Intellivision/Vectron (USA, Europe).zip</path>
    <name>Vectron (USA, Europe)</name>
    <image>/recalbox/share/thumbs/Mattel - Intellivision/Named_Titles/Vectron (USA, Europe).png</image>
    <video>/recalbox/share/videos/No-Intro/Mattel - Intellivision/Vectron (USA, Europe).mp4</video>
  </game>
  <game>
    <path>/recalbox/share/rom/No-Intro/Mattel - Intellivision/Venture (USA, Europe).zip</path>
    <name>Venture (USA, Europe)</name>
    <image>/recalbox/share/thumbs/Mattel - Intellivision/Named_Titles/Venture (USA, Europe).png</image>
    <video>/recalbox/share/videos/No-Intro/Mattel - Intellivision/Venture (USA, Europe).mp4</video>
  </game>
  <game>
    <path>/recalbox/share/rom/No-Intro/Mattel - Intellivision/White Water! (USA, Europe).zip</path>
    <name>White Water! (USA, Europe)</name>
    <image>/recalbox/share/thumbs/Mattel - Intellivision/Named_Titles/White Water! (USA, Europe).png</image>
    <video>/recalbox/share/videos/No-Intro/Mattel - Intellivision/White Water! (USA, Europe).mp4</video>
  </game>
  <game>
    <path>/recalbox/share/rom/No-Intro/Mattel - Intellivision/Word Hunt (USA, Europe) (Intellivision Lives!).zip</path>
    <name>Word Hunt (USA, Europe) (Intellivision Lives!)</name>
    <image>/recalbox/share/thumbs/Mattel - Intellivision/Named_Titles/Word Hunt (USA, Europe) (Intellivision Lives!).png</image>
    <video>/recalbox/share/videos/No-Intro/Mattel - Intellivision/Word Hunt (USA, Europe) (Intellivision Lives!).mp4</video>
  </game>
  <game>
    <path>/recalbox/share/rom/No-Intro/Mattel - Intellivision/Word Rockets (USA, Europe) (Intellivision Lives!).zip</path>
    <name>Word Rockets (USA, Europe) (Intellivision Lives!)</name>
    <image>/recalbox/share/thumbs/Mattel - Intellivision/Named_Titles/Word Rockets (USA, Europe) (Intellivision Lives!).png</image>
    <video>/recalbox/share/videos/No-Intro/Mattel - Intellivision/Word Rockets (USA, Europe) (Intellivision Lives!).mp4</video>
  </game>
  <game>
    <path>/recalbox/share/rom/No-Intro/Mattel - Intellivision/World Championship Baseball (USA).zip</path>
    <name>World Championship Baseball (USA)</name>
    <image>/recalbox/share/thumbs/Mattel - Intellivision/Named_Titles/World Championship Baseball (USA).png</image>
    <video>/recalbox/share/videos/No-Intro/Mattel - Intellivision/World Championship Baseball (USA).mp4</video>
  </game>
  <game>
    <path>/recalbox/share/rom/No-Intro/Mattel - Intellivision/World Cup Soccer (USA, Europe).zip</path>
    <name>World Cup Soccer (USA, Europe)</name>
    <image>/recalbox/share/thumbs/Mattel - Intellivision/Named_Titles/World Cup Soccer (USA, Europe).png</image>
    <video>/recalbox/share/videos/No-Intro/Mattel - Intellivision/World Cup Soccer (USA, Europe).mp4</video>
  </game>
  <game>
    <path>/recalbox/share/rom/No-Intro/Mattel - Intellivision/World Series Major League Baseball (USA).zip</path>
    <name>World Series Major League Baseball (USA)</name>
    <image>/recalbox/share/thumbs/Mattel - Intellivision/Named_Titles/World Series Major League Baseball (USA).png</image>
    <video>/recalbox/share/videos/No-Intro/Mattel - Intellivision/World Series Major League Baseball (USA).mp4</video>
  </game>
  <game>
    <path>/recalbox/share/rom/No-Intro/Mattel - Intellivision/Worm Whomper (USA, Europe).zip</path>
    <name>Worm Whomper (USA, Europe)</name>
    <image>/recalbox/share/thumbs/Mattel - Intellivision/Named_Titles/Worm Whomper (USA, Europe).png</image>
    <video>/recalbox/share/videos/No-Intro/Mattel - Intellivision/Worm Whomper (USA, Europe).mp4</video>
  </game>
  <game>
    <path>/recalbox/share/rom/No-Intro/Mattel - Intellivision/Yogi's Frustration (USA) (Proto).zip</path>
    <name>Yogi&apos;s Frustration (USA) (Proto)</name>
    <image>/recalbox/share/thumbs/Mattel - Intellivision/Named_Titles/Yogi&apos;s Frustration (USA) (Proto).png</image>
    <video>/recalbox/share/videos/No-Intro/Mattel - Intellivision/Yogi&apos;s Frustration (USA) (Proto).mp4</video>
  </game>
  <game>
    <path>/recalbox/share/rom/No-Intro/Mattel - Intellivision/Zaxxon (USA, Europe).zip</path>
    <name>Zaxxon (USA, Europe)</name>
    <image>/recalbox/share/thumbs/Mattel - Intellivision/Named_Titles/Zaxxon (USA, Europe).png</image>
    <video>/recalbox/share/videos/No-Intro/Mattel - Intellivision/Zaxxon (USA, Europe).mp4</video>
  </game>
  <game>
    <path>/recalbox/share/rom/No-Intro/Mattel - Intellivision/Zzzz! Spina the Bee (Europe) (Proto).zip</path>
    <name>Zzzz! Spina the Bee (Europe) (Proto)</name>
    <image>/recalbox/share/thumbs/Mattel - Intellivision/Named_Titles/Zzzz! Spina the Bee (Europe) (Proto).png</image>
    <video>/recalbox/share/videos/No-Intro/Mattel - Intellivision/Zzzz! Spina the Bee (Europe) (Proto).mp4</video>
  </game>
</gamelist>