<gamelist>
  <game>
    <path>/recalbox/share/zip/thomson/1000 Bornes (1985)(Dujardin International - Free Game Blot)(FR).fd</path>
    <name>1000 Bornes (1985)(Dujardin International - Free Game Blot)(FR)</name>
    <image>/recalbox/share/thumbs/Thomson - MOTO/Named_Titles/1000 Bornes (1985)(Dujardin International - Free Game Blot)(FR).png</image>
    <video>/recalbox/share/videos/Thomson - MOTO/1000 Bornes (1985)(Dujardin International - Free Game Blot)(FR).mp4</video>
  </game>
  <game>
    <path>/recalbox/share/zip/thomson/20,000 Avant J.C (198x)(Chip)(FR)[non-bootable - RUN&apos;&apos;JEU&apos;&apos; - includes MO6 version].fd</path>
    <name>20,000 Avant J.C (198x)(Chip)(FR)[non-bootable - RUN&apos;&apos;JEU&apos;&apos; - includes MO6 version]</name>
    <image>/recalbox/share/thumbs/Thomson - MOTO/Named_Titles/20,000 Avant J.C (198x)(Chip)(FR)[non-bootable - RUN&apos;&apos;JEU&apos;&apos; - includes MO6 version].png</image>
    <video>/recalbox/share/videos/Thomson - MOTO/20,000 Avant J.C (198x)(Chip)(FR)[non-bootable - RUN&apos;&apos;JEU&apos;&apos; - includes MO6 version].mp4</video>
  </game>
  <game>
    <path>/recalbox/share/zip/thomson/5eme Axe, Le (1986-02)(Loriciels)(FR)[BASIC 1.0].fd</path>
    <name>5eme Axe, Le (1986-02)(Loriciels)(FR)[BASIC 1.0]</name>
    <image>/recalbox/share/thumbs/Thomson - MOTO/Named_Titles/5eme Axe, Le (1986-02)(Loriciels)(FR)[BASIC 1.0].png</image>
    <video>/recalbox/share/videos/Thomson - MOTO/5eme Axe, Le (1986-02)(Loriciels)(FR)[BASIC 1.0].mp4</video>
  </game>
  <game>
    <path>/recalbox/share/zip/thomson/Affaire en Or, Une (198x)(Free Game Blot)(FR).fd</path>
    <name>Affaire en Or, Une (198x)(Free Game Blot)(FR)</name>
    <image>/recalbox/share/thumbs/Thomson - MOTO/Named_Titles/Affaire en Or, Une (198x)(Free Game Blot)(FR).png</image>
    <video>/recalbox/share/videos/Thomson - MOTO/Affaire en Or, Une (198x)(Free Game Blot)(FR).mp4</video>
  </game>
  <game>
    <path>/recalbox/share/zip/thomson/Aigle d&apos;Or, L&apos; (1986)(Loriciels)(FR).fd</path>
    <name>Aigle d&apos;Or, L&apos; (1986)(Loriciels)(FR)</name>
    <image>/recalbox/share/thumbs/Thomson - MOTO/Named_Titles/Aigle d&apos;Or, L&apos; (1986)(Loriciels)(FR).png</image>
    <video>/recalbox/share/videos/Thomson - MOTO/Aigle d&apos;Or, L&apos; (1986)(Loriciels)(FR).mp4</video>
  </game>
  <game>
    <path>/recalbox/share/zip/thomson/Aigle d&apos;Or, L&apos; (1986)(Loriciels)(FR)[MO6 version included].fd</path>
    <name>Aigle d&apos;Or, L&apos; (1986)(Loriciels)(FR)[MO6 version included]</name>
    <image>/recalbox/share/thumbs/Thomson - MOTO/Named_Titles/Aigle d&apos;Or, L&apos; (1986)(Loriciels)(FR)[MO6 version included].png</image>
    <video>/recalbox/share/videos/Thomson - MOTO/Aigle d&apos;Or, L&apos; (1986)(Loriciels)(FR)[MO6 version included].mp4</video>
  </game>
  <game>
    <path>/recalbox/share/zip/thomson/Aigle d&apos;Or, L&apos; (1986-01)(Loriciels)(FR).fd</path>
    <name>Aigle d&apos;Or, L&apos; (1986-01)(Loriciels)(FR)</name>
    <image>/recalbox/share/thumbs/Thomson - MOTO/Named_Titles/Aigle d&apos;Or, L&apos; (1986-01)(Loriciels)(FR).png</image>
    <video>/recalbox/share/videos/Thomson - MOTO/Aigle d&apos;Or, L&apos; (1986-01)(Loriciels)(FR).mp4</video>
  </game>
  <game>
    <path>/recalbox/share/zip/thomson/Air Attack (1985)(Microids)(FR)[BASIC 1.0].fd</path>
    <name>Air Attack (1985)(Microids)(FR)[BASIC 1.0]</name>
    <image>/recalbox/share/thumbs/Thomson - MOTO/Named_Titles/Air Attack (1985)(Microids)(FR)[BASIC 1.0].png</image>
    <video>/recalbox/share/videos/Thomson - MOTO/Air Attack (1985)(Microids)(FR)[BASIC 1.0].mp4</video>
  </game>
  <game>
    <path>/recalbox/share/zip/thomson/Alienator (1989)(Ubi Soft)(FR).fd</path>
    <name>Alienator (1989)(Ubi Soft)(FR)</name>
    <image>/recalbox/share/thumbs/Thomson - MOTO/Named_Titles/Alienator (1989)(Ubi Soft)(FR).png</image>
    <video>/recalbox/share/videos/Thomson - MOTO/Alienator (1989)(Ubi Soft)(FR).mp4</video>
  </game>
  <game>
    <path>/recalbox/share/zip/thomson/America&apos;s Cup (1986)(Free Game Blot)(FR).fd</path>
    <name>America&apos;s Cup (1986)(Free Game Blot)(FR)</name>
    <image>/recalbox/share/thumbs/Thomson - MOTO/Named_Titles/America&apos;s Cup (1986)(Free Game Blot)(FR).png</image>
    <video>/recalbox/share/videos/Thomson - MOTO/America&apos;s Cup (1986)(Free Game Blot)(FR).mp4</video>
  </game>
  <game>
    <path>/recalbox/share/zip/thomson/Androides &amp; Editeur (198x)(Infogrames)(FR).fd</path>
    <name>Androides &amp; Editeur (198x)(Infogrames)(FR)</name>
    <image>/recalbox/share/thumbs/Thomson - MOTO/Named_Titles/Androides &amp; Editeur (198x)(Infogrames)(FR).png</image>
    <video>/recalbox/share/videos/Thomson - MOTO/Androides &amp; Editeur (198x)(Infogrames)(FR).mp4</video>
  </game>
  <game>
    <path>/recalbox/share/zip/thomson/Aquanaute (1988)(FIL)(FR).fd</path>
    <name>Aquanaute (1988)(FIL)(FR)</name>
    <image>/recalbox/share/thumbs/Thomson - MOTO/Named_Titles/Aquanaute (1988)(FIL)(FR).png</image>
    <video>/recalbox/share/videos/Thomson - MOTO/Aquanaute (1988)(FIL)(FR).mp4</video>
  </game>
  <game>
    <path>/recalbox/share/zip/thomson/Arkanoid (1987)(FIL)(FR).fd</path>
    <name>Arkanoid (1987)(FIL)(FR)</name>
    <image>/recalbox/share/thumbs/Thomson - MOTO/Named_Titles/Arkanoid (1987)(FIL)(FR).png</image>
    <video>/recalbox/share/videos/Thomson - MOTO/Arkanoid (1987)(FIL)(FR).mp4</video>
  </game>
  <game>
    <path>/recalbox/share/zip/thomson/Asterix Chez Rahazade (1987)(Coktel Vision)(FR).fd</path>
    <name>Asterix Chez Rahazade (1987)(Coktel Vision)(FR)</name>
    <image>/recalbox/share/thumbs/Thomson - MOTO/Named_Titles/Asterix Chez Rahazade (1987)(Coktel Vision)(FR).png</image>
    <video>/recalbox/share/videos/Thomson - MOTO/Asterix Chez Rahazade (1987)(Coktel Vision)(FR).mp4</video>
  </game>
  <game>
    <path>/recalbox/share/zip/thomson/Asterix et la Potion Magique (1986)(Coktel Vision)(FR).fd</path>
    <name>Asterix et la Potion Magique (1986)(Coktel Vision)(FR)</name>
    <image>/recalbox/share/thumbs/Thomson - MOTO/Named_Titles/Asterix et la Potion Magique (1986)(Coktel Vision)(FR).png</image>
    <video>/recalbox/share/videos/Thomson - MOTO/Asterix et la Potion Magique (1986)(Coktel Vision)(FR).mp4</video>
  </game>
  <game>
    <path>/recalbox/share/zip/thomson/Atomik (1988)(FIL)(FR).fd</path>
    <name>Atomik (1988)(FIL)(FR)</name>
    <image>/recalbox/share/thumbs/Thomson - MOTO/Named_Titles/Atomik (1988)(FIL)(FR).png</image>
    <video>/recalbox/share/videos/Thomson - MOTO/Atomik (1988)(FIL)(FR).mp4</video>
  </game>
  <game>
    <path>/recalbox/share/zip/thomson/Au Nom de l&apos;Hermine (1987)(Coktel Vision)(FR).fd</path>
    <name>Au Nom de l&apos;Hermine (1987)(Coktel Vision)(FR)</name>
    <image>/recalbox/share/thumbs/Thomson - MOTO/Named_Titles/Au Nom de l&apos;Hermine (1987)(Coktel Vision)(FR).png</image>
    <video>/recalbox/share/videos/Thomson - MOTO/Au Nom de l&apos;Hermine (1987)(Coktel Vision)(FR).mp4</video>
  </game>
  <game>
    <path>/recalbox/share/zip/thomson/Avenger (1986)(FIL)(FR).fd</path>
    <name>Avenger (1986)(FIL)(FR)</name>
    <image>/recalbox/share/thumbs/Thomson - MOTO/Named_Titles/Avenger (1986)(FIL)(FR).png</image>
    <video>/recalbox/share/videos/Thomson - MOTO/Avenger (1986)(FIL)(FR).mp4</video>
  </game>
  <game>
    <path>/recalbox/share/zip/thomson/Aventures du KA 4, Les - Les Malefice des Atlantes (1987)(Chip)(FR)[MO6 version included].fd</path>
    <name>Aventures du KA 4, Les - Les Malefice des Atlantes (1987)(Chip)(FR)[MO6 version included]</name>
    <image>/recalbox/share/thumbs/Thomson - MOTO/Named_Titles/Aventures du KA 4, Les - Les Malefice des Atlantes (1987)(Chip)(FR)[MO6 version included].png</image>
    <video>/recalbox/share/videos/Thomson - MOTO/Aventures du KA 4, Les - Les Malefice des Atlantes (1987)(Chip)(FR)[MO6 version included].mp4</video>
  </game>
  <game>
    <path>/recalbox/share/zip/thomson/Aventures du KA 4, Les - Les Malefice des Atlantes (1987)(Chip)(FR)[non-bootable - RUN&apos;&apos;JEU&apos;&apos; - MO6 version included].fd</path>
    <name>Aventures du KA 4, Les - Les Malefice des Atlantes (1987)(Chip)(FR)[non-bootable - RUN&apos;&apos;JEU&apos;&apos; - MO6 version included]</name>
    <image>/recalbox/share/thumbs/Thomson - MOTO/Named_Titles/Aventures du KA 4, Les - Les Malefice des Atlantes (1987)(Chip)(FR)[non-bootable - RUN&apos;&apos;JEU&apos;&apos; - MO6 version included].png</image>
    <video>/recalbox/share/videos/Thomson - MOTO/Aventures du KA 4, Les - Les Malefice des Atlantes (1987)(Chip)(FR)[non-bootable - RUN&apos;&apos;JEU&apos;&apos; - MO6 version included].mp4</video>
  </game>
  <game>
    <path>/recalbox/share/zip/thomson/Aventures du KA 5, Les - Traitement Bzzz (198x)(Chip)(FR)[a][non-bootable - RUN&apos;&apos;JEU&apos;&apos; - MO6 version included].fd</path>
    <name>Aventures du KA 5, Les - Traitement Bzzz (198x)(Chip)(FR)[a][non-bootable - RUN&apos;&apos;JEU&apos;&apos; - MO6 version included]</name>
    <image>/recalbox/share/thumbs/Thomson - MOTO/Named_Titles/Aventures du KA 5, Les - Traitement Bzzz (198x)(Chip)(FR)[a][non-bootable - RUN&apos;&apos;JEU&apos;&apos; - MO6 version included].png</image>
    <video>/recalbox/share/videos/Thomson - MOTO/Aventures du KA 5, Les - Traitement Bzzz (198x)(Chip)(FR)[a][non-bootable - RUN&apos;&apos;JEU&apos;&apos; - MO6 version included].mp4</video>
  </game>
  <game>
    <path>/recalbox/share/zip/thomson/Aventures du KA 5, Les - Traitement Bzzz (198x)(Chip)(FR)[non-bootable - RUN&apos;&apos;JEU&apos;&apos; - MO6 version included].fd</path>
    <name>Aventures du KA 5, Les - Traitement Bzzz (198x)(Chip)(FR)[non-bootable - RUN&apos;&apos;JEU&apos;&apos; - MO6 version included]</name>
    <image>/recalbox/share/thumbs/Thomson - MOTO/Named_Titles/Aventures du KA 5, Les - Traitement Bzzz (198x)(Chip)(FR)[non-bootable - RUN&apos;&apos;JEU&apos;&apos; - MO6 version included].png</image>
    <video>/recalbox/share/videos/Thomson - MOTO/Aventures du KA 5, Les - Traitement Bzzz (198x)(Chip)(FR)[non-bootable - RUN&apos;&apos;JEU&apos;&apos; - MO6 version included].mp4</video>
  </game>
  <game>
    <path>/recalbox/share/zip/thomson/Aventures du KA 6, Les - Menace sur l&apos;Artique (198x)(Chip)(FR)[non-bootable - RUN&apos;&apos;JEU&apos;&apos; - MO6 version included].fd</path>
    <name>Aventures du KA 6, Les - Menace sur l&apos;Artique (198x)(Chip)(FR)[non-bootable - RUN&apos;&apos;JEU&apos;&apos; - MO6 version included]</name>
    <image>/recalbox/share/thumbs/Thomson - MOTO/Named_Titles/Aventures du KA 6, Les - Menace sur l&apos;Artique (198x)(Chip)(FR)[non-bootable - RUN&apos;&apos;JEU&apos;&apos; - MO6 version included].png</image>
    <video>/recalbox/share/videos/Thomson - MOTO/Aventures du KA 6, Les - Menace sur l&apos;Artique (198x)(Chip)(FR)[non-bootable - RUN&apos;&apos;JEU&apos;&apos; - MO6 version included].mp4</video>
  </game>
  <game>
    <path>/recalbox/share/zip/thomson/Bactron &amp; M.G.T. (1986-10)(Loriciels)(FR)[BASIC 1.0 - includes MO6 version].fd</path>
    <name>Bactron &amp; M.G.T. (1986-10)(Loriciels)(FR)[BASIC 1.0 - includes MO6 version]</name>
    <image>/recalbox/share/thumbs/Thomson - MOTO/Named_Titles/Bactron &amp; M.G.T. (1986-10)(Loriciels)(FR)[BASIC 1.0 - includes MO6 version].png</image>
    <video>/recalbox/share/videos/Thomson - MOTO/Bactron &amp; M.G.T. (1986-10)(Loriciels)(FR)[BASIC 1.0 - includes MO6 version].mp4</video>
  </game>
  <game>
    <path>/recalbox/share/zip/thomson/Bagh Chal, Le (1985)(Free Game Blot)(FR).fd</path>
    <name>Bagh Chal, Le (1985)(Free Game Blot)(FR)</name>
    <image>/recalbox/share/thumbs/Thomson - MOTO/Named_Titles/Bagh Chal, Le (1985)(Free Game Blot)(FR).png</image>
    <video>/recalbox/share/videos/Thomson - MOTO/Bagh Chal, Le (1985)(Free Game Blot)(FR).mp4</video>
  </game>
  <game>
    <path>/recalbox/share/zip/thomson/Balthazar (1987)(Titus)(FR).fd</path>
    <name>Balthazar (1987)(Titus)(FR)</name>
    <image>/recalbox/share/thumbs/Thomson - MOTO/Named_Titles/Balthazar (1987)(Titus)(FR).png</image>
    <video>/recalbox/share/videos/Thomson - MOTO/Balthazar (1987)(Titus)(FR).mp4</video>
  </game>
  <game>
    <path>/recalbox/share/zip/thomson/Bivouac (1987)(Infogrames)(FR).fd</path>
    <name>Bivouac (1987)(Infogrames)(FR)</name>
    <image>/recalbox/share/thumbs/Thomson - MOTO/Named_Titles/Bivouac (1987)(Infogrames)(FR).png</image>
    <video>/recalbox/share/videos/Thomson - MOTO/Bivouac (1987)(Infogrames)(FR).mp4</video>
  </game>
  <game>
    <path>/recalbox/share/zip/thomson/Blitz! (1986)(FIL)(FR).fd</path>
    <name>Blitz! (1986)(FIL)(FR)</name>
    <image>/recalbox/share/thumbs/Thomson - MOTO/Named_Titles/Blitz! (1986)(FIL)(FR).png</image>
    <video>/recalbox/share/videos/Thomson - MOTO/Blitz! (1986)(FIL)(FR).mp4</video>
  </game>
  <game>
    <path>/recalbox/share/zip/thomson/Blue Star (1987)(Free Game Blot)(FR).fd</path>
    <name>Blue Star (1987)(Free Game Blot)(FR)</name>
    <image>/recalbox/share/thumbs/Thomson - MOTO/Named_Titles/Blue Star (1987)(Free Game Blot)(FR).png</image>
    <video>/recalbox/share/videos/Thomson - MOTO/Blue Star (1987)(Free Game Blot)(FR).mp4</video>
  </game>
  <game>
    <path>/recalbox/share/zip/thomson/Blue War (1985)(Free Game Blot)(FR).fd</path>
    <name>Blue War (1985)(Free Game Blot)(FR)</name>
    <image>/recalbox/share/thumbs/Thomson - MOTO/Named_Titles/Blue War (1985)(Free Game Blot)(FR).png</image>
    <video>/recalbox/share/videos/Thomson - MOTO/Blue War (1985)(Free Game Blot)(FR).mp4</video>
  </game>
  <game>
    <path>/recalbox/share/zip/thomson/Blueberry (1987)(Coktel Vision)(FR).fd</path>
    <name>Blueberry (1987)(Coktel Vision)(FR)</name>
    <image>/recalbox/share/thumbs/Thomson - MOTO/Named_Titles/Blueberry (1987)(Coktel Vision)(FR).png</image>
    <video>/recalbox/share/videos/Thomson - MOTO/Blueberry (1987)(Coktel Vision)(FR).mp4</video>
  </game>
  <game>
    <path>/recalbox/share/zip/thomson/Bob Morane Chevalerie 1 (198x)(Infogrames)(FR).fd</path>
    <name>Bob Morane Chevalerie 1 (198x)(Infogrames)(FR)</name>
    <image>/recalbox/share/thumbs/Thomson - MOTO/Named_Titles/Bob Morane Chevalerie 1 (198x)(Infogrames)(FR).png</image>
    <video>/recalbox/share/videos/Thomson - MOTO/Bob Morane Chevalerie 1 (198x)(Infogrames)(FR).mp4</video>
  </game>
  <game>
    <path>/recalbox/share/zip/thomson/Bob Morane Jungle 1 (198x)(Infogrames)(FR).fd</path>
    <name>Bob Morane Jungle 1 (198x)(Infogrames)(FR)</name>
    <image>/recalbox/share/thumbs/Thomson - MOTO/Named_Titles/Bob Morane Jungle 1 (198x)(Infogrames)(FR).png</image>
    <video>/recalbox/share/videos/Thomson - MOTO/Bob Morane Jungle 1 (198x)(Infogrames)(FR).mp4</video>
  </game>
  <game>
    <path>/recalbox/share/zip/thomson/Bob Morane Science Fiction 1 (198x)(Infogrames)(FR).fd</path>
    <name>Bob Morane Science Fiction 1 (198x)(Infogrames)(FR)</name>
    <image>/recalbox/share/thumbs/Thomson - MOTO/Named_Titles/Bob Morane Science Fiction 1 (198x)(Infogrames)(FR).png</image>
    <video>/recalbox/share/videos/Thomson - MOTO/Bob Morane Science Fiction 1 (198x)(Infogrames)(FR).mp4</video>
  </game>
  <game>
    <path>/recalbox/share/zip/thomson/Bob Winner (1986-10)(Loriciels)(FR)[BASIC 1.0 - MO6 version included].fd</path>
    <name>Bob Winner (1986-10)(Loriciels)(FR)[BASIC 1.0 - MO6 version included]</name>
    <image>/recalbox/share/thumbs/Thomson - MOTO/Named_Titles/Bob Winner (1986-10)(Loriciels)(FR)[BASIC 1.0 - MO6 version included].png</image>
    <video>/recalbox/share/videos/Thomson - MOTO/Bob Winner (1986-10)(Loriciels)(FR)[BASIC 1.0 - MO6 version included].mp4</video>
  </game>
  <game>
    <path>/recalbox/share/zip/thomson/Bobo (1988)(Infogrames)(FR).fd</path>
    <name>Bobo (1988)(Infogrames)(FR)</name>
    <image>/recalbox/share/thumbs/Thomson - MOTO/Named_Titles/Bobo (1988)(Infogrames)(FR).png</image>
    <video>/recalbox/share/videos/Thomson - MOTO/Bobo (1988)(Infogrames)(FR).mp4</video>
  </game>
  <game>
    <path>/recalbox/share/zip/thomson/Brain Power (1987)(Softbook)(FR).fd</path>
    <name>Brain Power (1987)(Softbook)(FR)</name>
    <image>/recalbox/share/thumbs/Thomson - MOTO/Named_Titles/Brain Power (1987)(Softbook)(FR).png</image>
    <video>/recalbox/share/videos/Thomson - MOTO/Brain Power (1987)(Softbook)(FR).mp4</video>
  </game>
  <game>
    <path>/recalbox/share/zip/thomson/Breaker (1987)(Free Game Blot)(FR).fd</path>
    <name>Breaker (1987)(Free Game Blot)(FR)</name>
    <image>/recalbox/share/thumbs/Thomson - MOTO/Named_Titles/Breaker (1987)(Free Game Blot)(FR).png</image>
    <video>/recalbox/share/videos/Thomson - MOTO/Breaker (1987)(Free Game Blot)(FR).mp4</video>
  </game>
  <game>
    <path>/recalbox/share/zip/thomson/Bugs Buster (198x)(Free Game Blot)(FR).fd</path>
    <name>Bugs Buster (198x)(Free Game Blot)(FR)</name>
    <image>/recalbox/share/thumbs/Thomson - MOTO/Named_Titles/Bugs Buster (198x)(Free Game Blot)(FR).png</image>
    <video>/recalbox/share/videos/Thomson - MOTO/Bugs Buster (198x)(Free Game Blot)(FR).mp4</video>
  </game>
  <game>
    <path>/recalbox/share/zip/thomson/Captain Blood (1988)(Ere Informatique)(FR)(en-fr).fd</path>
    <name>Captain Blood (1988)(Ere Informatique)(FR)(en-fr)</name>
    <image>/recalbox/share/thumbs/Thomson - MOTO/Named_Titles/Captain Blood (1988)(Ere Informatique)(FR)(en-fr).png</image>
    <video>/recalbox/share/videos/Thomson - MOTO/Captain Blood (1988)(Ere Informatique)(FR)(en-fr).mp4</video>
  </game>
  <game>
    <path>/recalbox/share/zip/thomson/Challenge - Simulation d&apos;Entreprise (1987)(Coktel Vision)(FR).fd</path>
    <name>Challenge - Simulation d&apos;Entreprise (1987)(Coktel Vision)(FR)</name>
    <image>/recalbox/share/thumbs/Thomson - MOTO/Named_Titles/Challenge - Simulation d&apos;Entreprise (1987)(Coktel Vision)(FR).png</image>
    <video>/recalbox/share/videos/Thomson - MOTO/Challenge - Simulation d&apos;Entreprise (1987)(Coktel Vision)(FR).mp4</video>
  </game>
  <game>
    <path>/recalbox/share/zip/thomson/Chevaliers de l&apos;An Mil, Les (1989)(Ubisoft)(FR).fd</path>
    <name>Chevaliers de l&apos;An Mil, Les (1989)(Ubisoft)(FR)</name>
    <image>/recalbox/share/thumbs/Thomson - MOTO/Named_Titles/Chevaliers de l&apos;An Mil, Les (1989)(Ubisoft)(FR).png</image>
    <video>/recalbox/share/videos/Thomson - MOTO/Chevaliers de l&apos;An Mil, Les (1989)(Ubisoft)(FR).mp4</video>
  </game>
  <game>
    <path>/recalbox/share/zip/thomson/Chicago 90 (1989)(Microids)(FR)[BASIC 1.0 - MO6 version included].fd</path>
    <name>Chicago 90 (1989)(Microids)(FR)[BASIC 1.0 - MO6 version included]</name>
    <image>/recalbox/share/thumbs/Thomson - MOTO/Named_Titles/Chicago 90 (1989)(Microids)(FR)[BASIC 1.0 - MO6 version included].png</image>
    <video>/recalbox/share/videos/Thomson - MOTO/Chicago 90 (1989)(Microids)(FR)[BASIC 1.0 - MO6 version included].mp4</video>
  </game>
  <game>
    <path>/recalbox/share/zip/thomson/Coliseum (1986)(Loriciels)(FR).fd</path>
    <name>Coliseum (1986)(Loriciels)(FR)</name>
    <image>/recalbox/share/thumbs/Thomson - MOTO/Named_Titles/Coliseum (1986)(Loriciels)(FR).png</image>
    <video>/recalbox/share/videos/Thomson - MOTO/Coliseum (1986)(Loriciels)(FR).mp4</video>
  </game>
  <game>
    <path>/recalbox/share/zip/thomson/Coloric (1984)(Free Game Blot)(FR).fd</path>
    <name>Coloric (1984)(Free Game Blot)(FR)</name>
    <image>/recalbox/share/thumbs/Thomson - MOTO/Named_Titles/Coloric (1984)(Free Game Blot)(FR).png</image>
    <video>/recalbox/share/videos/Thomson - MOTO/Coloric (1984)(Free Game Blot)(FR).mp4</video>
  </game>
  <game>
    <path>/recalbox/share/zip/thomson/Contes de Monte Crypto, Les (198x)(Infogrames)(FR).fd</path>
    <name>Contes de Monte Crypto, Les (198x)(Infogrames)(FR)</name>
    <image>/recalbox/share/thumbs/Thomson - MOTO/Named_Titles/Contes de Monte Crypto, Les (198x)(Infogrames)(FR).png</image>
    <video>/recalbox/share/videos/Thomson - MOTO/Contes de Monte Crypto, Les (198x)(Infogrames)(FR).mp4</video>
  </game>
  <game>
    <path>/recalbox/share/zip/thomson/Crazy Cars (1988)(FIL - Titus Software)(FR).fd</path>
    <name>Crazy Cars (1988)(FIL - Titus Software)(FR)</name>
    <image>/recalbox/share/thumbs/Thomson - MOTO/Named_Titles/Crazy Cars (1988)(FIL - Titus Software)(FR).png</image>
    <video>/recalbox/share/videos/Thomson - MOTO/Crazy Cars (1988)(FIL - Titus Software)(FR).mp4</video>
  </game>
  <game>
    <path>/recalbox/share/zip/thomson/Crepuscule du Naja, Le (198x)(Chip)(FR)[MO6 version included].fd</path>
    <name>Crepuscule du Naja, Le (198x)(Chip)(FR)[MO6 version included]</name>
    <image>/recalbox/share/thumbs/Thomson - MOTO/Named_Titles/Crepuscule du Naja, Le (198x)(Chip)(FR)[MO6 version included].png</image>
    <video>/recalbox/share/videos/Thomson - MOTO/Crepuscule du Naja, Le (198x)(Chip)(FR)[MO6 version included].mp4</video>
  </game>
  <game>
    <path>/recalbox/share/zip/thomson/Crucial Test (1988-10)(Tomahawk)(FR).fd</path>
    <name>Crucial Test (1988-10)(Tomahawk)(FR)</name>
    <image>/recalbox/share/thumbs/Thomson - MOTO/Named_Titles/Crucial Test (1988-10)(Tomahawk)(FR).png</image>
    <video>/recalbox/share/videos/Thomson - MOTO/Crucial Test (1988-10)(Tomahawk)(FR).mp4</video>
  </game>
  <game>
    <path>/recalbox/share/zip/thomson/Crystann (198x)(Softbook)(FR).fd</path>
    <name>Crystann (198x)(Softbook)(FR)</name>
    <image>/recalbox/share/thumbs/Thomson - MOTO/Named_Titles/Crystann (198x)(Softbook)(FR).png</image>
    <video>/recalbox/share/videos/Thomson - MOTO/Crystann (198x)(Softbook)(FR).mp4</video>
  </game>
  <game>
    <path>/recalbox/share/zip/thomson/Cyrus Echecs (1984)(Intelligent Software)(FR).fd</path>
    <name>Cyrus Echecs (1984)(Intelligent Software)(FR)</name>
    <image>/recalbox/share/thumbs/Thomson - MOTO/Named_Titles/Cyrus Echecs (1984)(Intelligent Software)(FR).png</image>
    <video>/recalbox/share/videos/Thomson - MOTO/Cyrus Echecs (1984)(Intelligent Software)(FR).mp4</video>
  </game>
  <game>
    <path>/recalbox/share/zip/thomson/Dakar Moto (198x)(Coktel Vision)(FR).fd</path>
    <name>Dakar Moto (198x)(Coktel Vision)(FR)</name>
    <image>/recalbox/share/thumbs/Thomson - MOTO/Named_Titles/Dakar Moto (198x)(Coktel Vision)(FR).png</image>
    <video>/recalbox/share/videos/Thomson - MOTO/Dakar Moto (198x)(Coktel Vision)(FR).mp4</video>
  </game>
  <game>
    <path>/recalbox/share/zip/thomson/Defi au Tarot (1988)(Coktel Vision)(FR).fd</path>
    <name>Defi au Tarot (1988)(Coktel Vision)(FR)</name>
    <image>/recalbox/share/thumbs/Thomson - MOTO/Named_Titles/Defi au Tarot (1988)(Coktel Vision)(FR).png</image>
    <video>/recalbox/share/videos/Thomson - MOTO/Defi au Tarot (1988)(Coktel Vision)(FR).mp4</video>
  </game>
  <game>
    <path>/recalbox/share/zip/thomson/Dieux de la Mer, Les (1987)(Infogrames)(FR).fd</path>
    <name>Dieux de la Mer, Les (1987)(Infogrames)(FR)</name>
    <image>/recalbox/share/thumbs/Thomson - MOTO/Named_Titles/Dieux de la Mer, Les (1987)(Infogrames)(FR).png</image>
    <video>/recalbox/share/videos/Thomson - MOTO/Dieux de la Mer, Les (1987)(Infogrames)(FR).mp4</video>
  </game>
  <game>
    <path>/recalbox/share/zip/thomson/Dom Camillo (1987)(Free Game Blot)(FR).fd</path>
    <name>Dom Camillo (1987)(Free Game Blot)(FR)</name>
    <image>/recalbox/share/thumbs/Thomson - MOTO/Named_Titles/Dom Camillo (1987)(Free Game Blot)(FR).png</image>
    <video>/recalbox/share/videos/Thomson - MOTO/Dom Camillo (1987)(Free Game Blot)(FR).mp4</video>
  </game>
  <game>
    <path>/recalbox/share/zip/thomson/Duel au Colorado (1987)(Chip)(FR).fd</path>
    <name>Duel au Colorado (1987)(Chip)(FR)</name>
    <image>/recalbox/share/thumbs/Thomson - MOTO/Named_Titles/Duel au Colorado (1987)(Chip)(FR).png</image>
    <video>/recalbox/share/videos/Thomson - MOTO/Duel au Colorado (1987)(Chip)(FR).mp4</video>
  </game>
  <game>
    <path>/recalbox/share/zip/thomson/Echo-Flipper (1985-06)(Loriciels)(FR).fd</path>
    <name>Echo-Flipper (1985-06)(Loriciels)(FR)</name>
    <image>/recalbox/share/thumbs/Thomson - MOTO/Named_Titles/Echo-Flipper (1985-06)(Loriciels)(FR).png</image>
    <video>/recalbox/share/videos/Thomson - MOTO/Echo-Flipper (1985-06)(Loriciels)(FR).mp4</video>
  </game>
  <game>
    <path>/recalbox/share/zip/thomson/Empire (1986)(Loriciels)(FR).fd</path>
    <name>Empire (1986)(Loriciels)(FR)</name>
    <image>/recalbox/share/thumbs/Thomson - MOTO/Named_Titles/Empire (1986)(Loriciels)(FR).png</image>
    <video>/recalbox/share/videos/Thomson - MOTO/Empire (1986)(Loriciels)(FR).mp4</video>
  </game>
  <game>
    <path>/recalbox/share/zip/thomson/Enduro Racer (1988)(FIL)(FR).fd</path>
    <name>Enduro Racer (1988)(FIL)(FR)</name>
    <image>/recalbox/share/thumbs/Thomson - MOTO/Named_Titles/Enduro Racer (1988)(FIL)(FR).png</image>
    <video>/recalbox/share/videos/Thomson - MOTO/Enduro Racer (1988)(FIL)(FR).mp4</video>
  </game>
  <game>
    <path>/recalbox/share/zip/thomson/Entropie (1987)(Infogrames)(FR).fd</path>
    <name>Entropie (1987)(Infogrames)(FR)</name>
    <image>/recalbox/share/thumbs/Thomson - MOTO/Named_Titles/Entropie (1987)(Infogrames)(FR).png</image>
    <video>/recalbox/share/videos/Thomson - MOTO/Entropie (1987)(Infogrames)(FR).mp4</video>
  </game>
  <game>
    <path>/recalbox/share/zip/thomson/F15 Strike Eagle (1987)(FIL)(FR).fd</path>
    <name>F15 Strike Eagle (1987)(FIL)(FR)</name>
    <image>/recalbox/share/thumbs/Thomson - MOTO/Named_Titles/F15 Strike Eagle (1987)(FIL)(FR).png</image>
    <video>/recalbox/share/videos/Thomson - MOTO/F15 Strike Eagle (1987)(FIL)(FR).mp4</video>
  </game>
  <game>
    <path>/recalbox/share/zip/thomson/Flash Point (1988)(FIL)(FR).fd</path>
    <name>Flash Point (1988)(FIL)(FR)</name>
    <image>/recalbox/share/thumbs/Thomson - MOTO/Named_Titles/Flash Point (1988)(FIL)(FR).png</image>
    <video>/recalbox/share/videos/Thomson - MOTO/Flash Point (1988)(FIL)(FR).mp4</video>
  </game>
  <game>
    <path>/recalbox/share/zip/thomson/Formule 1 (1987)(FIL)(FR).fd</path>
    <name>Formule 1 (1987)(FIL)(FR)</name>
    <image>/recalbox/share/thumbs/Thomson - MOTO/Named_Titles/Formule 1 (1987)(FIL)(FR).png</image>
    <video>/recalbox/share/videos/Thomson - MOTO/Formule 1 (1987)(FIL)(FR).mp4</video>
  </game>
  <game>
    <path>/recalbox/share/zip/thomson/Fox (198x)(Shift Editions)(FR)[BASIC 1.0].fd</path>
    <name>Fox (198x)(Shift Editions)(FR)[BASIC 1.0]</name>
    <image>/recalbox/share/thumbs/Thomson - MOTO/Named_Titles/Fox (198x)(Shift Editions)(FR)[BASIC 1.0].png</image>
    <video>/recalbox/share/videos/Thomson - MOTO/Fox (198x)(Shift Editions)(FR)[BASIC 1.0].mp4</video>
  </game>
  <game>
    <path>/recalbox/share/zip/thomson/Game Over (1987)(FIL)(FR).fd</path>
    <name>Game Over (1987)(FIL)(FR)</name>
    <image>/recalbox/share/thumbs/Thomson - MOTO/Named_Titles/Game Over (1987)(FIL)(FR).png</image>
    <video>/recalbox/share/videos/Thomson - MOTO/Game Over (1987)(FIL)(FR).mp4</video>
  </game>
  <game>
    <path>/recalbox/share/zip/thomson/Garden Party (1987)(Free Game Blot)(FR).fd</path>
    <name>Garden Party (1987)(Free Game Blot)(FR)</name>
    <image>/recalbox/share/thumbs/Thomson - MOTO/Named_Titles/Garden Party (1987)(Free Game Blot)(FR).png</image>
    <video>/recalbox/share/videos/Thomson - MOTO/Garden Party (1987)(Free Game Blot)(FR).mp4</video>
  </game>
  <game>
    <path>/recalbox/share/zip/thomson/Geste d&apos;Artillac, La (198x)(Infogrames)(FR).fd</path>
    <name>Geste d&apos;Artillac, La (198x)(Infogrames)(FR)</name>
    <image>/recalbox/share/thumbs/Thomson - MOTO/Named_Titles/Geste d&apos;Artillac, La (198x)(Infogrames)(FR).png</image>
    <video>/recalbox/share/videos/Thomson - MOTO/Geste d&apos;Artillac, La (198x)(Infogrames)(FR).mp4</video>
  </game>
  <game>
    <path>/recalbox/share/zip/thomson/Glouton (198x)(Titus Software)(FR)[likely rip from Titus Classiques Vol. 1].fd</path>
    <name>Glouton (198x)(Titus Software)(FR)[likely rip from Titus Classiques Vol. 1]</name>
    <image>/recalbox/share/thumbs/Thomson - MOTO/Named_Titles/Glouton (198x)(Titus Software)(FR)[likely rip from Titus Classiques Vol. 1].png</image>
    <video>/recalbox/share/videos/Thomson - MOTO/Glouton (198x)(Titus Software)(FR)[likely rip from Titus Classiques Vol. 1].mp4</video>
  </game>
  <game>
    <path>/recalbox/share/zip/thomson/Graal (198x)(Free Game Blot)(FR).fd</path>
    <name>Graal (198x)(Free Game Blot)(FR)</name>
    <image>/recalbox/share/thumbs/Thomson - MOTO/Named_Titles/Graal (198x)(Free Game Blot)(FR).png</image>
    <video>/recalbox/share/videos/Thomson - MOTO/Graal (198x)(Free Game Blot)(FR).mp4</video>
  </game>
  <game>
    <path>/recalbox/share/zip/thomson/Grand-Siecle (1987)(Free Game Blot).fd</path>
    <name>Grand-Siecle (1987)(Free Game Blot)</name>
    <image>/recalbox/share/thumbs/Thomson - MOTO/Named_Titles/Grand-Siecle (1987)(Free Game Blot).png</image>
    <video>/recalbox/share/videos/Thomson - MOTO/Grand-Siecle (1987)(Free Game Blot).mp4</video>
  </game>
  <game>
    <path>/recalbox/share/zip/thomson/Green Beret (1986)(FIL)(FR).fd</path>
    <name>Green Beret (1986)(FIL)(FR)</name>
    <image>/recalbox/share/thumbs/Thomson - MOTO/Named_Titles/Green Beret (1986)(FIL)(FR).png</image>
    <video>/recalbox/share/videos/Thomson - MOTO/Green Beret (1986)(FIL)(FR).mp4</video>
  </game>
  <game>
    <path>/recalbox/share/zip/thomson/Histoire de Theatre (1985)(Free Game Blot)(FR).fd</path>
    <name>Histoire de Theatre (1985)(Free Game Blot)(FR)</name>
    <image>/recalbox/share/thumbs/Thomson - MOTO/Named_Titles/Histoire de Theatre (1985)(Free Game Blot)(FR).png</image>
    <video>/recalbox/share/videos/Thomson - MOTO/Histoire de Theatre (1985)(Free Game Blot)(FR).mp4</video>
  </game>
  <game>
    <path>/recalbox/share/zip/thomson/Initiation aux Echecs (1984)(Vifi-Nathan)(FR)[f disk version CarlThom].fd</path>
    <name>Initiation aux Echecs (1984)(Vifi-Nathan)(FR)[f disk version CarlThom]</name>
    <image>/recalbox/share/thumbs/Thomson - MOTO/Named_Titles/Initiation aux Echecs (1984)(Vifi-Nathan)(FR)[f disk version CarlThom].png</image>
    <video>/recalbox/share/videos/Thomson - MOTO/Initiation aux Echecs (1984)(Vifi-Nathan)(FR)[f disk version CarlThom].mp4</video>
  </game>
  <game>
    <path>/recalbox/share/zip/thomson/Jeu Guinness des Records (198x)(Ediciel)(FR).fd</path>
    <name>Jeu Guinness des Records (198x)(Ediciel)(FR)</name>
    <image>/recalbox/share/thumbs/Thomson - MOTO/Named_Titles/Jeu Guinness des Records (198x)(Ediciel)(FR).png</image>
    <video>/recalbox/share/videos/Thomson - MOTO/Jeu Guinness des Records (198x)(Ediciel)(FR).mp4</video>
  </game>
  <game>
    <path>/recalbox/share/zip/thomson/Jeu Mondial des Inventions (198x)(Ediciel)(FR).fd</path>
    <name>Jeu Mondial des Inventions (198x)(Ediciel)(FR)</name>
    <image>/recalbox/share/thumbs/Thomson - MOTO/Named_Titles/Jeu Mondial des Inventions (198x)(Ediciel)(FR).png</image>
    <video>/recalbox/share/videos/Thomson - MOTO/Jeu Mondial des Inventions (198x)(Ediciel)(FR).mp4</video>
  </game>
  <game>
    <path>/recalbox/share/zip/thomson/Jeu des Marelles, Le (198x)(Free Game Blot)(FR).fd</path>
    <name>Jeu des Marelles, Le (198x)(Free Game Blot)(FR)</name>
    <image>/recalbox/share/thumbs/Thomson - MOTO/Named_Titles/Jeu des Marelles, Le (198x)(Free Game Blot)(FR).png</image>
    <video>/recalbox/share/videos/Thomson - MOTO/Jeu des Marelles, Le (198x)(Free Game Blot)(FR).mp4</video>
  </game>
  <game>
    <path>/recalbox/share/zip/thomson/Jump for Survival (1986)(Free Game Blot)(FR).fd</path>
    <name>Jump for Survival (1986)(Free Game Blot)(FR)</name>
    <image>/recalbox/share/thumbs/Thomson - MOTO/Named_Titles/Jump for Survival (1986)(Free Game Blot)(FR).png</image>
    <video>/recalbox/share/videos/Thomson - MOTO/Jump for Survival (1986)(Free Game Blot)(FR).mp4</video>
  </game>
  <game>
    <path>/recalbox/share/zip/thomson/Jungle Hero (198x)(Softbook)(FR).fd</path>
    <name>Jungle Hero (198x)(Softbook)(FR)</name>
    <image>/recalbox/share/thumbs/Thomson - MOTO/Named_Titles/Jungle Hero (198x)(Softbook)(FR).png</image>
    <video>/recalbox/share/videos/Thomson - MOTO/Jungle Hero (198x)(Softbook)(FR).mp4</video>
  </game>
  <game>
    <path>/recalbox/share/zip/thomson/Jungle Hero (198x)(Softbook)(FR)[a].fd</path>
    <name>Jungle Hero (198x)(Softbook)(FR)[a]</name>
    <image>/recalbox/share/thumbs/Thomson - MOTO/Named_Titles/Jungle Hero (198x)(Softbook)(FR)[a].png</image>
    <video>/recalbox/share/videos/Thomson - MOTO/Jungle Hero (198x)(Softbook)(FR)[a].mp4</video>
  </game>
  <game>
    <path>/recalbox/share/zip/thomson/Kung Fou (1986)(Softbook)(FR).fd</path>
    <name>Kung Fou (1986)(Softbook)(FR)</name>
    <image>/recalbox/share/thumbs/Thomson - MOTO/Named_Titles/Kung Fou (1986)(Softbook)(FR).png</image>
    <video>/recalbox/share/videos/Thomson - MOTO/Kung Fou (1986)(Softbook)(FR).mp4</video>
  </game>
  <game>
    <path>/recalbox/share/zip/thomson/Kung Fou (1987)(Softbook)(FR).fd</path>
    <name>Kung Fou (1987)(Softbook)(FR)</name>
    <image>/recalbox/share/thumbs/Thomson - MOTO/Named_Titles/Kung Fou (1987)(Softbook)(FR).png</image>
    <video>/recalbox/share/videos/Thomson - MOTO/Kung Fou (1987)(Softbook)(FR).mp4</video>
  </game>
  <game>
    <path>/recalbox/share/zip/thomson/Las Vegas (198x)(Infogrames)(FR).fd</path>
    <name>Las Vegas (198x)(Infogrames)(FR)</name>
    <image>/recalbox/share/thumbs/Thomson - MOTO/Named_Titles/Las Vegas (198x)(Infogrames)(FR).png</image>
    <video>/recalbox/share/videos/Thomson - MOTO/Las Vegas (198x)(Infogrames)(FR).mp4</video>
  </game>
  <game>
    <path>/recalbox/share/zip/thomson/Legende (1987)(FIL)(FR).fd</path>
    <name>Legende (1987)(FIL)(FR)</name>
    <image>/recalbox/share/thumbs/Thomson - MOTO/Named_Titles/Legende (1987)(FIL)(FR).png</image>
    <video>/recalbox/share/videos/Thomson - MOTO/Legende (1987)(FIL)(FR).mp4</video>
  </game>
  <game>
    <path>/recalbox/share/zip/thomson/Lemmings (19xx)(-)(FR).fd</path>
    <name>Lemmings (19xx)(-)(FR)</name>
    <image>/recalbox/share/thumbs/Thomson - MOTO/Named_Titles/Lemmings (19xx)(-)(FR).png</image>
    <video>/recalbox/share/videos/Thomson - MOTO/Lemmings (19xx)(-)(FR).mp4</video>
  </game>
  <game>
    <path>/recalbox/share/zip/thomson/Loto (1985)(Free Game Blot)(FR).fd</path>
    <name>Loto (1985)(Free Game Blot)(FR)</name>
    <image>/recalbox/share/thumbs/Thomson - MOTO/Named_Titles/Loto (1985)(Free Game Blot)(FR).png</image>
    <video>/recalbox/share/videos/Thomson - MOTO/Loto (1985)(Free Game Blot)(FR).mp4</video>
  </game>
  <game>
    <path>/recalbox/share/zip/thomson/Lucky Luke - Nitroglycerine (1987)(Coktel Vision - Cedic-Vifi)(FR).fd</path>
    <name>Lucky Luke - Nitroglycerine (1987)(Coktel Vision - Cedic-Vifi)(FR)</name>
    <image>/recalbox/share/thumbs/Thomson - MOTO/Named_Titles/Lucky Luke - Nitroglycerine (1987)(Coktel Vision - Cedic-Vifi)(FR).png</image>
    <video>/recalbox/share/videos/Thomson - MOTO/Lucky Luke - Nitroglycerine (1987)(Coktel Vision - Cedic-Vifi)(FR).mp4</video>
  </game>
  <game>
    <path>/recalbox/share/zip/thomson/Macadam Bumper (1988)(Ere Informatique)(FR).fd</path>
    <name>Macadam Bumper (1988)(Ere Informatique)(FR)</name>
    <image>/recalbox/share/thumbs/Thomson - MOTO/Named_Titles/Macadam Bumper (1988)(Ere Informatique)(FR).png</image>
    <video>/recalbox/share/videos/Thomson - MOTO/Macadam Bumper (1988)(Ere Informatique)(FR).mp4</video>
  </game>
  <game>
    <path>/recalbox/share/zip/thomson/Mach 3 (1988)(Loriciels)(FR).fd</path>
    <name>Mach 3 (1988)(Loriciels)(FR)</name>
    <image>/recalbox/share/thumbs/Thomson - MOTO/Named_Titles/Mach 3 (1988)(Loriciels)(FR).png</image>
    <video>/recalbox/share/videos/Thomson - MOTO/Mach 3 (1988)(Loriciels)(FR).mp4</video>
  </game>
  <game>
    <path>/recalbox/share/zip/thomson/Magic (1987)(Titus)(FR).fd</path>
    <name>Magic (1987)(Titus)(FR)</name>
    <image>/recalbox/share/thumbs/Thomson - MOTO/Named_Titles/Magic (1987)(Titus)(FR).png</image>
    <video>/recalbox/share/videos/Thomson - MOTO/Magic (1987)(Titus)(FR).mp4</video>
  </game>
  <game>
    <path>/recalbox/share/zip/thomson/Marche a l&apos;Ombre (1987)(Infogrames)(FR).fd</path>
    <name>Marche a l&apos;Ombre (1987)(Infogrames)(FR)</name>
    <image>/recalbox/share/thumbs/Thomson - MOTO/Named_Titles/Marche a l&apos;Ombre (1987)(Infogrames)(FR).png</image>
    <video>/recalbox/share/videos/Thomson - MOTO/Marche a l&apos;Ombre (1987)(Infogrames)(FR).mp4</video>
  </game>
  <game>
    <path>/recalbox/share/zip/thomson/Marque Jaune, La (198x)(Cobra Soft)(FR).fd</path>
    <name>Marque Jaune, La (198x)(Cobra Soft)(FR)</name>
    <image>/recalbox/share/thumbs/Thomson - MOTO/Named_Titles/Marque Jaune, La (198x)(Cobra Soft)(FR).png</image>
    <video>/recalbox/share/videos/Thomson - MOTO/Marque Jaune, La (198x)(Cobra Soft)(FR).mp4</video>
  </game>
  <game>
    <path>/recalbox/share/zip/thomson/Masque+ (1989)(Ubisoft)(FR).fd</path>
    <name>Masque+ (1989)(Ubisoft)(FR)</name>
    <image>/recalbox/share/thumbs/Thomson - MOTO/Named_Titles/Masque+ (1989)(Ubisoft)(FR).png</image>
    <video>/recalbox/share/videos/Thomson - MOTO/Masque+ (1989)(Ubisoft)(FR).mp4</video>
  </game>
  <game>
    <path>/recalbox/share/zip/thomson/Masque+ (1989)(Ubisoft)(FR)[a].fd</path>
    <name>Masque+ (1989)(Ubisoft)(FR)[a]</name>
    <image>/recalbox/share/thumbs/Thomson - MOTO/Named_Titles/Masque+ (1989)(Ubisoft)(FR)[a].png</image>
    <video>/recalbox/share/videos/Thomson - MOTO/Masque+ (1989)(Ubisoft)(FR)[a].mp4</video>
  </game>
  <game>
    <path>/recalbox/share/zip/thomson/Master Puzzle (1986)(Vifi-Nathan)(FR).fd</path>
    <name>Master Puzzle (1986)(Vifi-Nathan)(FR)</name>
    <image>/recalbox/share/thumbs/Thomson - MOTO/Named_Titles/Master Puzzle (1986)(Vifi-Nathan)(FR).png</image>
    <video>/recalbox/share/videos/Thomson - MOTO/Master Puzzle (1986)(Vifi-Nathan)(FR).mp4</video>
  </game>
  <game>
    <path>/recalbox/share/zip/thomson/Megawatt (1987)(EDF - Softbook)(FR).fd</path>
    <name>Megawatt (1987)(EDF - Softbook)(FR)</name>
    <image>/recalbox/share/thumbs/Thomson - MOTO/Named_Titles/Megawatt (1987)(EDF - Softbook)(FR).png</image>
    <video>/recalbox/share/videos/Thomson - MOTO/Megawatt (1987)(EDF - Softbook)(FR).mp4</video>
  </game>
  <game>
    <path>/recalbox/share/zip/thomson/Meurtres en Series (198x)(Cobrasoft)(FR).fd</path>
    <name>Meurtres en Series (198x)(Cobrasoft)(FR)</name>
    <image>/recalbox/share/thumbs/Thomson - MOTO/Named_Titles/Meurtres en Series (198x)(Cobrasoft)(FR).png</image>
    <video>/recalbox/share/videos/Thomson - MOTO/Meurtres en Series (198x)(Cobrasoft)(FR).mp4</video>
  </game>
  <game>
    <path>/recalbox/share/zip/thomson/Meurtres sur l&apos;Atlantique (198x)(Infogrames)(FR).fd</path>
    <name>Meurtres sur l&apos;Atlantique (198x)(Infogrames)(FR)</name>
    <image>/recalbox/share/thumbs/Thomson - MOTO/Named_Titles/Meurtres sur l&apos;Atlantique (198x)(Infogrames)(FR).png</image>
    <video>/recalbox/share/videos/Thomson - MOTO/Meurtres sur l&apos;Atlantique (198x)(Infogrames)(FR).mp4</video>
  </game>
  <game>
    <path>/recalbox/share/zip/thomson/Mewilo (1987)(Coktel Vision)(FR).fd</path>
    <name>Mewilo (1987)(Coktel Vision)(FR)</name>
    <image>/recalbox/share/thumbs/Thomson - MOTO/Named_Titles/Mewilo (1987)(Coktel Vision)(FR).png</image>
    <video>/recalbox/share/videos/Thomson - MOTO/Mewilo (1987)(Coktel Vision)(FR).mp4</video>
  </game>
  <game>
    <path>/recalbox/share/zip/thomson/Micro-Scrabble (1985)(FIL)(FR).fd</path>
    <name>Micro-Scrabble (1985)(FIL)(FR)</name>
    <image>/recalbox/share/thumbs/Thomson - MOTO/Named_Titles/Micro-Scrabble (1985)(FIL)(FR).png</image>
    <video>/recalbox/share/videos/Thomson - MOTO/Micro-Scrabble (1985)(FIL)(FR).mp4</video>
  </game>
  <game>
    <path>/recalbox/share/zip/thomson/Micro-Scrabble (1985)(FIL)(FR)[a].fd</path>
    <name>Micro-Scrabble (1985)(FIL)(FR)[a]</name>
    <image>/recalbox/share/thumbs/Thomson - MOTO/Named_Titles/Micro-Scrabble (1985)(FIL)(FR)[a].png</image>
    <video>/recalbox/share/videos/Thomson - MOTO/Micro-Scrabble (1985)(FIL)(FR)[a].mp4</video>
  </game>
  <game>
    <path>/recalbox/share/zip/thomson/Mission (1987)(Loriciels)(FR).fd</path>
    <name>Mission (1987)(Loriciels)(FR)</name>
    <image>/recalbox/share/thumbs/Thomson - MOTO/Named_Titles/Mission (1987)(Loriciels)(FR).png</image>
    <video>/recalbox/share/videos/Thomson - MOTO/Mission (1987)(Loriciels)(FR).mp4</video>
  </game>
  <game>
    <path>/recalbox/share/zip/thomson/Mission Tres Speciale (198x)(Free Game Blot)(FR).fd</path>
    <name>Mission Tres Speciale (198x)(Free Game Blot)(FR)</name>
    <image>/recalbox/share/thumbs/Thomson - MOTO/Named_Titles/Mission Tres Speciale (198x)(Free Game Blot)(FR).png</image>
    <video>/recalbox/share/videos/Thomson - MOTO/Mission Tres Speciale (198x)(Free Game Blot)(FR).mp4</video>
  </game>
  <game>
    <path>/recalbox/share/zip/thomson/Missions en Rafale (1987)(FIL)(FR).fd</path>
    <name>Missions en Rafale (1987)(FIL)(FR)</name>
    <image>/recalbox/share/thumbs/Thomson - MOTO/Named_Titles/Missions en Rafale (1987)(FIL)(FR).png</image>
    <video>/recalbox/share/videos/Thomson - MOTO/Missions en Rafale (1987)(FIL)(FR).mp4</video>
  </game>
  <game>
    <path>/recalbox/share/zip/thomson/Monopolic (198x)(Free Game Blot)(FR).fd</path>
    <name>Monopolic (198x)(Free Game Blot)(FR)</name>
    <image>/recalbox/share/thumbs/Thomson - MOTO/Named_Titles/Monopolic (198x)(Free Game Blot)(FR).png</image>
    <video>/recalbox/share/videos/Thomson - MOTO/Monopolic (198x)(Free Game Blot)(FR).mp4</video>
  </game>
  <game>
    <path>/recalbox/share/zip/thomson/Monopoly (198x)(FIL)(FR).fd</path>
    <name>Monopoly (198x)(FIL)(FR)</name>
    <image>/recalbox/share/thumbs/Thomson - MOTO/Named_Titles/Monopoly (198x)(FIL)(FR).png</image>
    <video>/recalbox/share/videos/Thomson - MOTO/Monopoly (198x)(FIL)(FR).mp4</video>
  </game>
  <game>
    <path>/recalbox/share/zip/thomson/Mutants, Les (1987)(FIL)(FR).fd</path>
    <name>Mutants, Les (1987)(FIL)(FR)</name>
    <image>/recalbox/share/thumbs/Thomson - MOTO/Named_Titles/Mutants, Les (1987)(FIL)(FR).png</image>
    <video>/recalbox/share/videos/Thomson - MOTO/Mutants, Les (1987)(FIL)(FR).mp4</video>
  </game>
  <game>
    <path>/recalbox/share/zip/thomson/Nuit des Templiers, La (1986)(FIL)(FR).fd</path>
    <name>Nuit des Templiers, La (1986)(FIL)(FR)</name>
    <image>/recalbox/share/thumbs/Thomson - MOTO/Named_Titles/Nuit des Templiers, La (1986)(FIL)(FR).png</image>
    <video>/recalbox/share/videos/Thomson - MOTO/Nuit des Templiers, La (1986)(FIL)(FR).mp4</video>
  </game>
  <game>
    <path>/recalbox/share/zip/thomson/OK Cowboy (198x)(Infogrames)(FR).fd</path>
    <name>OK Cowboy (198x)(Infogrames)(FR)</name>
    <image>/recalbox/share/thumbs/Thomson - MOTO/Named_Titles/OK Cowboy (198x)(Infogrames)(FR).png</image>
    <video>/recalbox/share/videos/Thomson - MOTO/OK Cowboy (198x)(Infogrames)(FR).mp4</video>
  </game>
  <game>
    <path>/recalbox/share/zip/thomson/Oxphar (1987)(Ere Informatique)(FR).fd</path>
    <name>Oxphar (1987)(Ere Informatique)(FR)</name>
    <image>/recalbox/share/thumbs/Thomson - MOTO/Named_Titles/Oxphar (1987)(Ere Informatique)(FR).png</image>
    <video>/recalbox/share/videos/Thomson - MOTO/Oxphar (1987)(Ere Informatique)(FR).mp4</video>
  </game>
  <game>
    <path>/recalbox/share/zip/thomson/Passagers du Vent 2, Les (1987)(Infogrames)(FR).fd</path>
    <name>Passagers du Vent 2, Les (1987)(Infogrames)(FR)</name>
    <image>/recalbox/share/thumbs/Thomson - MOTO/Named_Titles/Passagers du Vent 2, Les (1987)(Infogrames)(FR).png</image>
    <video>/recalbox/share/videos/Thomson - MOTO/Passagers du Vent 2, Les (1987)(Infogrames)(FR).mp4</video>
  </game>
  <game>
    <path>/recalbox/share/zip/thomson/Passagers du Vent, Les (1986)(Infogrames)(FR).fd</path>
    <name>Passagers du Vent, Les (1986)(Infogrames)(FR)</name>
    <image>/recalbox/share/thumbs/Thomson - MOTO/Named_Titles/Passagers du Vent, Les (1986)(Infogrames)(FR).png</image>
    <video>/recalbox/share/videos/Thomson - MOTO/Passagers du Vent, Les (1986)(Infogrames)(FR).mp4</video>
  </game>
  <game>
    <path>/recalbox/share/zip/thomson/Peter Pan (1988)(Coktel Vision)(FR).fd</path>
    <name>Peter Pan (1988)(Coktel Vision)(FR)</name>
    <image>/recalbox/share/thumbs/Thomson - MOTO/Named_Titles/Peter Pan (1988)(Coktel Vision)(FR).png</image>
    <video>/recalbox/share/videos/Thomson - MOTO/Peter Pan (1988)(Coktel Vision)(FR).mp4</video>
  </game>
  <game>
    <path>/recalbox/share/zip/thomson/Pock (1992)(Hiriart, Laurent)(FR)(SW).fd</path>
    <name>Pock (1992)(Hiriart, Laurent)(FR)(SW)</name>
    <image>/recalbox/share/thumbs/Thomson - MOTO/Named_Titles/Pock (1992)(Hiriart, Laurent)(FR)(SW).png</image>
    <video>/recalbox/share/videos/Thomson - MOTO/Pock (1992)(Hiriart, Laurent)(FR)(SW).mp4</video>
  </game>
  <game>
    <path>/recalbox/share/zip/thomson/Poseidon (1985)(Coktel Vision)(FR).fd</path>
    <name>Poseidon (1985)(Coktel Vision)(FR)</name>
    <image>/recalbox/share/thumbs/Thomson - MOTO/Named_Titles/Poseidon (1985)(Coktel Vision)(FR).png</image>
    <video>/recalbox/share/videos/Thomson - MOTO/Poseidon (1985)(Coktel Vision)(FR).mp4</video>
  </game>
  <game>
    <path>/recalbox/share/zip/thomson/Pour 20 Millions de Dollars (1987-05)(Softbook)(FR).fd</path>
    <name>Pour 20 Millions de Dollars (1987-05)(Softbook)(FR)</name>
    <image>/recalbox/share/thumbs/Thomson - MOTO/Named_Titles/Pour 20 Millions de Dollars (1987-05)(Softbook)(FR).png</image>
    <video>/recalbox/share/videos/Thomson - MOTO/Pour 20 Millions de Dollars (1987-05)(Softbook)(FR).mp4</video>
  </game>
  <game>
    <path>/recalbox/share/zip/thomson/Pour 20 Millions de Dollars (1987-05)(Softbook)(FR)[a].fd</path>
    <name>Pour 20 Millions de Dollars (1987-05)(Softbook)(FR)[a]</name>
    <image>/recalbox/share/thumbs/Thomson - MOTO/Named_Titles/Pour 20 Millions de Dollars (1987-05)(Softbook)(FR)[a].png</image>
    <video>/recalbox/share/videos/Thomson - MOTO/Pour 20 Millions de Dollars (1987-05)(Softbook)(FR)[a].mp4</video>
  </game>
  <game>
    <path>/recalbox/share/zip/thomson/Prohibition (1987)(Infogrames)(FR).fd</path>
    <name>Prohibition (1987)(Infogrames)(FR)</name>
    <image>/recalbox/share/thumbs/Thomson - MOTO/Named_Titles/Prohibition (1987)(Infogrames)(FR).png</image>
    <video>/recalbox/share/videos/Thomson - MOTO/Prohibition (1987)(Infogrames)(FR).mp4</video>
  </game>
  <game>
    <path>/recalbox/share/zip/thomson/Pulsar II (1986-01)(Loriciels)(FR).fd</path>
    <name>Pulsar II (1986-01)(Loriciels)(FR)</name>
    <image>/recalbox/share/thumbs/Thomson - MOTO/Named_Titles/Pulsar II (1986-01)(Loriciels)(FR).png</image>
    <video>/recalbox/share/videos/Thomson - MOTO/Pulsar II (1986-01)(Loriciels)(FR).mp4</video>
  </game>
  <game>
    <path>/recalbox/share/zip/thomson/Ranger 3 (1987-09)(Loriciels)(FR).fd</path>
    <name>Ranger 3 (1987-09)(Loriciels)(FR)</name>
    <image>/recalbox/share/thumbs/Thomson - MOTO/Named_Titles/Ranger 3 (1987-09)(Loriciels)(FR).png</image>
    <video>/recalbox/share/videos/Thomson - MOTO/Ranger 3 (1987-09)(Loriciels)(FR).mp4</video>
  </game>
  <game>
    <path>/recalbox/share/zip/thomson/Renegade (1988)(FIL)(FR).fd</path>
    <name>Renegade (1988)(FIL)(FR)</name>
    <image>/recalbox/share/thumbs/Thomson - MOTO/Named_Titles/Renegade (1988)(FIL)(FR).png</image>
    <video>/recalbox/share/videos/Thomson - MOTO/Renegade (1988)(FIL)(FR).mp4</video>
  </game>
  <game>
    <path>/recalbox/share/zip/thomson/Reussites (1987)(FIL)(FR).fd</path>
    <name>Reussites (1987)(FIL)(FR)</name>
    <image>/recalbox/share/thumbs/Thomson - MOTO/Named_Titles/Reussites (1987)(FIL)(FR).png</image>
    <video>/recalbox/share/videos/Thomson - MOTO/Reussites (1987)(FIL)(FR).mp4</video>
  </game>
  <game>
    <path>/recalbox/share/zip/thomson/Risk (1986-06-20)(Hebdogiciel)(FR)[f TO8 disk].fd</path>
    <name>Risk (1986-06-20)(Hebdogiciel)(FR)[f TO8 disk]</name>
    <image>/recalbox/share/thumbs/Thomson - MOTO/Named_Titles/Risk (1986-06-20)(Hebdogiciel)(FR)[f TO8 disk].png</image>
    <video>/recalbox/share/videos/Thomson - MOTO/Risk (1986-06-20)(Hebdogiciel)(FR)[f TO8 disk].mp4</video>
  </game>
  <game>
    <path>/recalbox/share/zip/thomson/Road Killer (1987-05)(Softbook)(FR).fd</path>
    <name>Road Killer (1987-05)(Softbook)(FR)</name>
    <image>/recalbox/share/thumbs/Thomson - MOTO/Named_Titles/Road Killer (1987-05)(Softbook)(FR).png</image>
    <video>/recalbox/share/videos/Thomson - MOTO/Road Killer (1987-05)(Softbook)(FR).mp4</video>
  </game>
  <game>
    <path>/recalbox/share/zip/thomson/Road Killer (1987-05)(Softbook)(FR)[a].fd</path>
    <name>Road Killer (1987-05)(Softbook)(FR)[a]</name>
    <image>/recalbox/share/thumbs/Thomson - MOTO/Named_Titles/Road Killer (1987-05)(Softbook)(FR)[a].png</image>
    <video>/recalbox/share/videos/Thomson - MOTO/Road Killer (1987-05)(Softbook)(FR)[a].mp4</video>
  </game>
  <game>
    <path>/recalbox/share/zip/thomson/Robinson Crusoe (1987)(Coktel Vision)(FR).fd</path>
    <name>Robinson Crusoe (1987)(Coktel Vision)(FR)</name>
    <image>/recalbox/share/thumbs/Thomson - MOTO/Named_Titles/Robinson Crusoe (1987)(Coktel Vision)(FR).png</image>
    <video>/recalbox/share/videos/Thomson - MOTO/Robinson Crusoe (1987)(Coktel Vision)(FR).mp4</video>
  </game>
  <game>
    <path>/recalbox/share/zip/thomson/Romulus, Rome et Moi (198x)(Free Game Blot)(FR).fd</path>
    <name>Romulus, Rome et Moi (198x)(Free Game Blot)(FR)</name>
    <image>/recalbox/share/thumbs/Thomson - MOTO/Named_Titles/Romulus, Rome et Moi (198x)(Free Game Blot)(FR).png</image>
    <video>/recalbox/share/videos/Thomson - MOTO/Romulus, Rome et Moi (198x)(Free Game Blot)(FR).mp4</video>
  </game>
  <game>
    <path>/recalbox/share/zip/thomson/Rotorwar (198x)(Vifi-Nathan)(FR).fd</path>
    <name>Rotorwar (198x)(Vifi-Nathan)(FR)</name>
    <image>/recalbox/share/thumbs/Thomson - MOTO/Named_Titles/Rotorwar (198x)(Vifi-Nathan)(FR).png</image>
    <video>/recalbox/share/videos/Thomson - MOTO/Rotorwar (198x)(Vifi-Nathan)(FR).mp4</video>
  </game>
  <game>
    <path>/recalbox/share/zip/thomson/Sapiens (1986-07)(Loriciels)(FR).fd</path>
    <name>Sapiens (1986-07)(Loriciels)(FR)</name>
    <image>/recalbox/share/thumbs/Thomson - MOTO/Named_Titles/Sapiens (1986-07)(Loriciels)(FR).png</image>
    <video>/recalbox/share/videos/Thomson - MOTO/Sapiens (1986-07)(Loriciels)(FR).mp4</video>
  </game>
  <game>
    <path>/recalbox/share/zip/thomson/Scalextric (1987)(Leisure Genius)(FR).fd</path>
    <name>Scalextric (1987)(Leisure Genius)(FR)</name>
    <image>/recalbox/share/thumbs/Thomson - MOTO/Named_Titles/Scalextric (1987)(Leisure Genius)(FR).png</image>
    <video>/recalbox/share/videos/Thomson - MOTO/Scalextric (1987)(Leisure Genius)(FR).mp4</video>
  </game>
  <game>
    <path>/recalbox/share/zip/thomson/Secte Noire, La (2004)(Retrocoding Production)(FR)(FW).fd</path>
    <name>Secte Noire, La (2004)(Retrocoding Production)(FR)(FW)</name>
    <image>/recalbox/share/thumbs/Thomson - MOTO/Named_Titles/Secte Noire, La (2004)(Retrocoding Production)(FR)(FW).png</image>
    <video>/recalbox/share/videos/Thomson - MOTO/Secte Noire, La (2004)(Retrocoding Production)(FR)(FW).mp4</video>
  </game>
  <game>
    <path>/recalbox/share/zip/thomson/Silent Service (1987)(FIL)(FR).fd</path>
    <name>Silent Service (1987)(FIL)(FR)</name>
    <image>/recalbox/share/thumbs/Thomson - MOTO/Named_Titles/Silent Service (1987)(FIL)(FR).png</image>
    <video>/recalbox/share/videos/Thomson - MOTO/Silent Service (1987)(FIL)(FR).mp4</video>
  </game>
  <game>
    <path>/recalbox/share/zip/thomson/Slap Fight (1987)(FIL)(FR).fd</path>
    <name>Slap Fight (1987)(FIL)(FR)</name>
    <image>/recalbox/share/thumbs/Thomson - MOTO/Named_Titles/Slap Fight (1987)(FIL)(FR).png</image>
    <video>/recalbox/share/videos/Thomson - MOTO/Slap Fight (1987)(FIL)(FR).mp4</video>
  </game>
  <game>
    <path>/recalbox/share/zip/thomson/Sokoban (19xx)(Breaker, John).fd</path>
    <name>Sokoban (19xx)(Breaker, John)</name>
    <image>/recalbox/share/thumbs/Thomson - MOTO/Named_Titles/Sokoban (19xx)(Breaker, John).png</image>
    <video>/recalbox/share/videos/Thomson - MOTO/Sokoban (19xx)(Breaker, John).mp4</video>
  </game>
  <game>
    <path>/recalbox/share/zip/thomson/Soleil Noir (1985)(Loriciels - Microids)(FR).fd</path>
    <name>Soleil Noir (1985)(Loriciels - Microids)(FR)</name>
    <image>/recalbox/share/thumbs/Thomson - MOTO/Named_Titles/Soleil Noir (1985)(Loriciels - Microids)(FR).png</image>
    <video>/recalbox/share/videos/Thomson - MOTO/Soleil Noir (1985)(Loriciels - Microids)(FR).mp4</video>
  </game>
  <game>
    <path>/recalbox/share/zip/thomson/Sorcery (1985)(FIL)(FR).fd</path>
    <name>Sorcery (1985)(FIL)(FR)</name>
    <image>/recalbox/share/thumbs/Thomson - MOTO/Named_Titles/Sorcery (1985)(FIL)(FR).png</image>
    <video>/recalbox/share/videos/Thomson - MOTO/Sorcery (1985)(FIL)(FR).mp4</video>
  </game>
  <game>
    <path>/recalbox/share/zip/thomson/Space Game (1987)(Free Game Blot)(FR).fd</path>
    <name>Space Game (1987)(Free Game Blot)(FR)</name>
    <image>/recalbox/share/thumbs/Thomson - MOTO/Named_Titles/Space Game (1987)(Free Game Blot)(FR).png</image>
    <video>/recalbox/share/videos/Thomson - MOTO/Space Game (1987)(Free Game Blot)(FR).mp4</video>
  </game>
  <game>
    <path>/recalbox/share/zip/thomson/Space Racer (1988)(Loriciels)(FR).fd</path>
    <name>Space Racer (1988)(Loriciels)(FR)</name>
    <image>/recalbox/share/thumbs/Thomson - MOTO/Named_Titles/Space Racer (1988)(Loriciels)(FR).png</image>
    <video>/recalbox/share/videos/Thomson - MOTO/Space Racer (1988)(Loriciels)(FR).mp4</video>
  </game>
  <game>
    <path>/recalbox/share/zip/thomson/Space Shuttle Simulator (1986-04)(Loriciels)(FR).fd</path>
    <name>Space Shuttle Simulator (1986-04)(Loriciels)(FR)</name>
    <image>/recalbox/share/thumbs/Thomson - MOTO/Named_Titles/Space Shuttle Simulator (1986-04)(Loriciels)(FR).png</image>
    <video>/recalbox/share/videos/Thomson - MOTO/Space Shuttle Simulator (1986-04)(Loriciels)(FR).mp4</video>
  </game>
  <game>
    <path>/recalbox/share/zip/thomson/Space Tunnel (1987)(Softbook)(FR).fd</path>
    <name>Space Tunnel (1987)(Softbook)(FR)</name>
    <image>/recalbox/share/thumbs/Thomson - MOTO/Named_Titles/Space Tunnel (1987)(Softbook)(FR).png</image>
    <video>/recalbox/share/videos/Thomson - MOTO/Space Tunnel (1987)(Softbook)(FR).mp4</video>
  </game>
  <game>
    <path>/recalbox/share/zip/thomson/Speedway (1986)(Free Game Blot)(FR).fd</path>
    <name>Speedway (1986)(Free Game Blot)(FR)</name>
    <image>/recalbox/share/thumbs/Thomson - MOTO/Named_Titles/Speedway (1986)(Free Game Blot)(FR).png</image>
    <video>/recalbox/share/videos/Thomson - MOTO/Speedway (1986)(Free Game Blot)(FR).mp4</video>
  </game>
  <game>
    <path>/recalbox/share/zip/thomson/Spindizzy (1986-10)(Loriciels)(FR)[BASIC 1.0].fd</path>
    <name>Spindizzy (1986-10)(Loriciels)(FR)[BASIC 1.0]</name>
    <image>/recalbox/share/thumbs/Thomson - MOTO/Named_Titles/Spindizzy (1986-10)(Loriciels)(FR)[BASIC 1.0].png</image>
    <video>/recalbox/share/videos/Thomson - MOTO/Spindizzy (1986-10)(Loriciels)(FR)[BASIC 1.0].mp4</video>
  </game>
  <game>
    <path>/recalbox/share/zip/thomson/Sports d&apos;Ete (1988)(FIL)(FR).fd</path>
    <name>Sports d&apos;Ete (1988)(FIL)(FR)</name>
    <image>/recalbox/share/thumbs/Thomson - MOTO/Named_Titles/Sports d&apos;Ete (1988)(FIL)(FR).png</image>
    <video>/recalbox/share/videos/Thomson - MOTO/Sports d&apos;Ete (1988)(FIL)(FR).mp4</video>
  </game>
  <game>
    <path>/recalbox/share/zip/thomson/Stone Zone (1987)(Softbook)(FR).fd</path>
    <name>Stone Zone (1987)(Softbook)(FR)</name>
    <image>/recalbox/share/thumbs/Thomson - MOTO/Named_Titles/Stone Zone (1987)(Softbook)(FR).png</image>
    <video>/recalbox/share/videos/Thomson - MOTO/Stone Zone (1987)(Softbook)(FR).mp4</video>
  </game>
  <game>
    <path>/recalbox/share/zip/thomson/Super Androides (1986)(Infogrames)(FR)[BASIC 1.0].fd</path>
    <name>Super Androides (1986)(Infogrames)(FR)[BASIC 1.0]</name>
    <image>/recalbox/share/thumbs/Thomson - MOTO/Named_Titles/Super Androides (1986)(Infogrames)(FR)[BASIC 1.0].png</image>
    <video>/recalbox/share/videos/Thomson - MOTO/Super Androides (1986)(Infogrames)(FR)[BASIC 1.0].mp4</video>
  </game>
  <game>
    <path>/recalbox/share/zip/thomson/Super Androides (1986)(Infogrames)(FR)[non-bootable - LOADM&apos;&apos;&apos;&apos;JEU&apos;&apos;&apos;&apos;,,R].fd</path>
    <name>Super Androides (1986)(Infogrames)(FR)[non-bootable - LOADM&apos;&apos;&apos;&apos;JEU&apos;&apos;&apos;&apos;,,R]</name>
    <image>/recalbox/share/thumbs/Thomson - MOTO/Named_Titles/Super Androides (1986)(Infogrames)(FR)[non-bootable - LOADM&apos;&apos;&apos;&apos;JEU&apos;&apos;&apos;&apos;,,R].png</image>
    <video>/recalbox/share/videos/Thomson - MOTO/Super Androides (1986)(Infogrames)(FR)[non-bootable - LOADM&apos;&apos;&apos;&apos;JEU&apos;&apos;&apos;&apos;,,R].mp4</video>
  </game>
  <game>
    <path>/recalbox/share/zip/thomson/Super Business (1985)(FIL)(FR).fd</path>
    <name>Super Business (1985)(FIL)(FR)</name>
    <image>/recalbox/share/thumbs/Thomson - MOTO/Named_Titles/Super Business (1985)(FIL)(FR).png</image>
    <video>/recalbox/share/videos/Thomson - MOTO/Super Business (1985)(FIL)(FR).mp4</video>
  </game>
  <game>
    <path>/recalbox/share/zip/thomson/Super Tennis (1986)(FIL)(FR).fd</path>
    <name>Super Tennis (1986)(FIL)(FR)</name>
    <image>/recalbox/share/thumbs/Thomson - MOTO/Named_Titles/Super Tennis (1986)(FIL)(FR).png</image>
    <video>/recalbox/share/videos/Thomson - MOTO/Super Tennis (1986)(FIL)(FR).mp4</video>
  </game>
  <game>
    <path>/recalbox/share/zip/thomson/T.N.T. (1986)(Infogrames)(FR).fd</path>
    <name>T.N.T. (1986)(Infogrames)(FR)</name>
    <image>/recalbox/share/thumbs/Thomson - MOTO/Named_Titles/T.N.T. (1986)(Infogrames)(FR).png</image>
    <video>/recalbox/share/videos/Thomson - MOTO/T.N.T. (1986)(Infogrames)(FR).mp4</video>
  </game>
  <game>
    <path>/recalbox/share/zip/thomson/Talisman de Osiris, Le (198x)(Chip)(FR)[non-bootable - RUN&apos;&apos;JEU&apos;&apos; - MO6 version included].fd</path>
    <name>Talisman de Osiris, Le (198x)(Chip)(FR)[non-bootable - RUN&apos;&apos;JEU&apos;&apos; - MO6 version included]</name>
    <image>/recalbox/share/thumbs/Thomson - MOTO/Named_Titles/Talisman de Osiris, Le (198x)(Chip)(FR)[non-bootable - RUN&apos;&apos;JEU&apos;&apos; - MO6 version included].png</image>
    <video>/recalbox/share/videos/Thomson - MOTO/Talisman de Osiris, Le (198x)(Chip)(FR)[non-bootable - RUN&apos;&apos;JEU&apos;&apos; - MO6 version included].mp4</video>
  </game>
  <game>
    <path>/recalbox/share/zip/thomson/Temple de Quauhtli, Le (1986)(Loriciels)(FR).fd</path>
    <name>Temple de Quauhtli, Le (1986)(Loriciels)(FR)</name>
    <image>/recalbox/share/thumbs/Thomson - MOTO/Named_Titles/Temple de Quauhtli, Le (1986)(Loriciels)(FR).png</image>
    <video>/recalbox/share/videos/Thomson - MOTO/Temple de Quauhtli, Le (1986)(Loriciels)(FR).mp4</video>
  </game>
  <game>
    <path>/recalbox/share/zip/thomson/Temple de Quauhtli, Le (1986-09)(Loriciels)(FR).fd</path>
    <name>Temple de Quauhtli, Le (1986-09)(Loriciels)(FR)</name>
    <image>/recalbox/share/thumbs/Thomson - MOTO/Named_Titles/Temple de Quauhtli, Le (1986-09)(Loriciels)(FR).png</image>
    <video>/recalbox/share/videos/Thomson - MOTO/Temple de Quauhtli, Le (1986-09)(Loriciels)(FR).mp4</video>
  </game>
  <game>
    <path>/recalbox/share/zip/thomson/Tetris (19xx)(Breaker, John).fd</path>
    <name>Tetris (19xx)(Breaker, John)</name>
    <image>/recalbox/share/thumbs/Thomson - MOTO/Named_Titles/Tetris (19xx)(Breaker, John).png</image>
    <video>/recalbox/share/videos/Thomson - MOTO/Tetris (19xx)(Breaker, John).mp4</video>
  </game>
  <game>
    <path>/recalbox/share/zip/thomson/Tetris (2005)(YRprod)(FR)(en).fd</path>
    <name>Tetris (2005)(YRprod)(FR)(en)</name>
    <image>/recalbox/share/thumbs/Thomson - MOTO/Named_Titles/Tetris (2005)(YRprod)(FR)(en).png</image>
    <video>/recalbox/share/videos/Thomson - MOTO/Tetris (2005)(YRprod)(FR)(en).mp4</video>
  </game>
  <game>
    <path>/recalbox/share/zip/thomson/Tout Shuss (1987)(FIL)(FR).fd</path>
    <name>Tout Shuss (1987)(FIL)(FR)</name>
    <image>/recalbox/share/thumbs/Thomson - MOTO/Named_Titles/Tout Shuss (1987)(FIL)(FR).png</image>
    <video>/recalbox/share/videos/Thomson - MOTO/Tout Shuss (1987)(FIL)(FR).mp4</video>
  </game>
  <game>
    <path>/recalbox/share/zip/thomson/Tresor Du Pirate, Le (1985)(Free Game Blot)(FR).fd</path>
    <name>Tresor Du Pirate, Le (1985)(Free Game Blot)(FR)</name>
    <image>/recalbox/share/thumbs/Thomson - MOTO/Named_Titles/Tresor Du Pirate, Le (1985)(Free Game Blot)(FR).png</image>
    <video>/recalbox/share/videos/Thomson - MOTO/Tresor Du Pirate, Le (1985)(Free Game Blot)(FR).mp4</video>
  </game>
  <game>
    <path>/recalbox/share/zip/thomson/Tresor des Baskerville, Le (1987)(Chip)(FR).fd</path>
    <name>Tresor des Baskerville, Le (1987)(Chip)(FR)</name>
    <image>/recalbox/share/thumbs/Thomson - MOTO/Named_Titles/Tresor des Baskerville, Le (1987)(Chip)(FR).png</image>
    <video>/recalbox/share/videos/Thomson - MOTO/Tresor des Baskerville, Le (1987)(Chip)(FR).mp4</video>
  </game>
  <game>
    <path>/recalbox/share/zip/thomson/Trilogie du Temple d&apos;Apshai, La (1985)(Epyx)(FR).fd</path>
    <name>Trilogie du Temple d&apos;Apshai, La (1985)(Epyx)(FR)</name>
    <image>/recalbox/share/thumbs/Thomson - MOTO/Named_Titles/Trilogie du Temple d&apos;Apshai, La (1985)(Epyx)(FR).png</image>
    <video>/recalbox/share/videos/Thomson - MOTO/Trilogie du Temple d&apos;Apshai, La (1985)(Epyx)(FR).mp4</video>
  </game>
  <game>
    <path>/recalbox/share/zip/thomson/Triple Seven (2005)(YRprod)(FR).fd</path>
    <name>Triple Seven (2005)(YRprod)(FR)</name>
    <image>/recalbox/share/thumbs/Thomson - MOTO/Named_Titles/Triple Seven (2005)(YRprod)(FR).png</image>
    <video>/recalbox/share/videos/Thomson - MOTO/Triple Seven (2005)(YRprod)(FR).mp4</video>
  </game>
  <game>
    <path>/recalbox/share/zip/thomson/Trivial Pursuit (198x)(Ubisoft)(FR).fd</path>
    <name>Trivial Pursuit (198x)(Ubisoft)(FR)</name>
    <image>/recalbox/share/thumbs/Thomson - MOTO/Named_Titles/Trivial Pursuit (198x)(Ubisoft)(FR).png</image>
    <video>/recalbox/share/videos/Thomson - MOTO/Trivial Pursuit (198x)(Ubisoft)(FR).mp4</video>
  </game>
  <game>
    <path>/recalbox/share/zip/thomson/Trivial Pursuit (198x)(Ubisoft)(FR)[a].fd</path>
    <name>Trivial Pursuit (198x)(Ubisoft)(FR)[a]</name>
    <image>/recalbox/share/thumbs/Thomson - MOTO/Named_Titles/Trivial Pursuit (198x)(Ubisoft)(FR)[a].png</image>
    <video>/recalbox/share/videos/Thomson - MOTO/Trivial Pursuit (198x)(Ubisoft)(FR)[a].mp4</video>
  </game>
  <game>
    <path>/recalbox/share/zip/thomson/Troubadours (1989)(Lankhor)(FR).fd</path>
    <name>Troubadours (1989)(Lankhor)(FR)</name>
    <image>/recalbox/share/thumbs/Thomson - MOTO/Named_Titles/Troubadours (1989)(Lankhor)(FR).png</image>
    <video>/recalbox/share/videos/Thomson - MOTO/Troubadours (1989)(Lankhor)(FR).mp4</video>
  </game>
  <game>
    <path>/recalbox/share/zip/thomson/Turlogh de Penroth (1988)(Cobra Soft)(FR).fd</path>
    <name>Turlogh de Penroth (1988)(Cobra Soft)(FR)</name>
    <image>/recalbox/share/thumbs/Thomson - MOTO/Named_Titles/Turlogh de Penroth (1988)(Cobra Soft)(FR).png</image>
    <video>/recalbox/share/videos/Thomson - MOTO/Turlogh de Penroth (1988)(Cobra Soft)(FR).mp4</video>
  </game>
  <game>
    <path>/recalbox/share/zip/thomson/Turlogh de Penroth (1988)(Cobra Soft)[cr A. Hitler].fd</path>
    <name>Turlogh de Penroth (1988)(Cobra Soft)[cr A. Hitler]</name>
    <image>/recalbox/share/thumbs/Thomson - MOTO/Named_Titles/Turlogh de Penroth (1988)(Cobra Soft)[cr A. Hitler].png</image>
    <video>/recalbox/share/videos/Thomson - MOTO/Turlogh de Penroth (1988)(Cobra Soft)[cr A. Hitler].mp4</video>
  </game>
  <game>
    <path>/recalbox/share/zip/thomson/Vampir Action (1987-05)(Tilt)(FR).fd</path>
    <name>Vampir Action (1987-05)(Tilt)(FR)</name>
    <image>/recalbox/share/thumbs/Thomson - MOTO/Named_Titles/Vampir Action (1987-05)(Tilt)(FR).png</image>
    <video>/recalbox/share/videos/Thomson - MOTO/Vampir Action (1987-05)(Tilt)(FR).mp4</video>
  </game>
  <game>
    <path>/recalbox/share/zip/thomson/Vampire (1986)(Infogrames)(FR).fd</path>
    <name>Vampire (1986)(Infogrames)(FR)</name>
    <image>/recalbox/share/thumbs/Thomson - MOTO/Named_Titles/Vampire (1986)(Infogrames)(FR).png</image>
    <video>/recalbox/share/videos/Thomson - MOTO/Vampire (1986)(Infogrames)(FR).mp4</video>
  </game>
  <game>
    <path>/recalbox/share/zip/thomson/Vol Solo (1986)(FIL)(FR).fd</path>
    <name>Vol Solo (1986)(FIL)(FR)</name>
    <image>/recalbox/share/thumbs/Thomson - MOTO/Named_Titles/Vol Solo (1986)(FIL)(FR).png</image>
    <video>/recalbox/share/videos/Thomson - MOTO/Vol Solo (1986)(FIL)(FR).mp4</video>
  </game>
  <game>
    <path>/recalbox/share/zip/thomson/Voxels (2007)(YRprod)(FR).fd</path>
    <name>Voxels (2007)(YRprod)(FR)</name>
    <image>/recalbox/share/thumbs/Thomson - MOTO/Named_Titles/Voxels (2007)(YRprod)(FR).png</image>
    <video>/recalbox/share/videos/Thomson - MOTO/Voxels (2007)(YRprod)(FR).mp4</video>
  </game>
  <game>
    <path>/recalbox/share/zip/thomson/Wargame (1985)(Free Game Blot)(FR).fd</path>
    <name>Wargame (1985)(Free Game Blot)(FR)</name>
    <image>/recalbox/share/thumbs/Thomson - MOTO/Named_Titles/Wargame (1985)(Free Game Blot)(FR).png</image>
    <video>/recalbox/share/videos/Thomson - MOTO/Wargame (1985)(Free Game Blot)(FR).mp4</video>
  </game>
  <game>
    <path>/recalbox/share/zip/thomson/Way of the Tiger, The (1986)(FIL)(FR).fd</path>
    <name>Way of the Tiger, The (1986)(FIL)(FR)</name>
    <image>/recalbox/share/thumbs/Thomson - MOTO/Named_Titles/Way of the Tiger, The (1986)(FIL)(FR).png</image>
    <video>/recalbox/share/videos/Thomson - MOTO/Way of the Tiger, The (1986)(FIL)(FR).mp4</video>
  </game>
  <game>
    <path>/recalbox/share/zip/thomson/Wizball (1988)(FIL)(FR).fd</path>
    <name>Wizball (1988)(FIL)(FR)</name>
    <image>/recalbox/share/thumbs/Thomson - MOTO/Named_Titles/Wizball (1988)(FIL)(FR).png</image>
    <video>/recalbox/share/videos/Thomson - MOTO/Wizball (1988)(FIL)(FR).mp4</video>
  </game>
</gamelist>
