<gamelist>
  <game>
    <path>/recalbox/share/rom/Redump/Commodore - Amiga CDTV/17 Bit - Collection for Amiga CDTV (Europe) (Disc A) (The Early Classics).zip</path>
    <name>17 Bit - Collection for Amiga CDTV (Europe) (Disc A) (The Early Classics)</name>
    <image>/recalbox/share/thumbs/Commodore - CDTV/Named_Titles/17 Bit - Collection for Amiga CDTV (Europe) (Disc A) (The Early Classics).png</image>
    <video>/recalbox/share/videos/Redump/Commodore - Amiga CDTV/17 Bit - Collection for Amiga CDTV (Europe) (Disc A) (The Early Classics).mp4</video>
  </game>
  <game>
    <path>/recalbox/share/rom/Redump/Commodore - Amiga CDTV/17 Bit - Collection for Amiga CDTV (Europe) (Disc B) (The Latest Batch) (Rev 1).zip</path>
    <name>17 Bit - Collection for Amiga CDTV (Europe) (Disc B) (The Latest Batch) (Rev 1)</name>
    <image>/recalbox/share/thumbs/Commodore - CDTV/Named_Titles/17 Bit - Collection for Amiga CDTV (Europe) (Disc B) (The Latest Batch) (Rev 1).png</image>
    <video>/recalbox/share/videos/Redump/Commodore - Amiga CDTV/17 Bit - Collection for Amiga CDTV (Europe) (Disc B) (The Latest Batch) (Rev 1).mp4</video>
  </game>
  <game>
    <path>/recalbox/share/rom/Redump/Commodore - Amiga CDTV/17 Bit - Collection for Amiga CDTV (Europe) (Disc B) (The Latest Batch).zip</path>
    <name>17 Bit - Collection for Amiga CDTV (Europe) (Disc B) (The Latest Batch)</name>
    <image>/recalbox/share/thumbs/Commodore - CDTV/Named_Titles/17 Bit - Collection for Amiga CDTV (Europe) (Disc B) (The Latest Batch).png</image>
    <video>/recalbox/share/videos/Redump/Commodore - Amiga CDTV/17 Bit - Collection for Amiga CDTV (Europe) (Disc B) (The Latest Batch).mp4</video>
  </game>
  <game>
    <path>/recalbox/share/rom/Redump/Commodore - Amiga CDTV/17 Bit - Continuation Disc (Europe).zip</path>
    <name>17 Bit - Continuation Disc (Europe)</name>
    <image>/recalbox/share/thumbs/Commodore - CDTV/Named_Titles/17 Bit - Continuation Disc (Europe).png</image>
    <video>/recalbox/share/videos/Redump/Commodore - Amiga CDTV/17 Bit - Continuation Disc (Europe).mp4</video>
  </game>
  <game>
    <path>/recalbox/share/rom/Redump/Commodore - Amiga CDTV/Advanced Military Systems (Europe).zip</path>
    <name>Advanced Military Systems (Europe)</name>
    <image>/recalbox/share/thumbs/Commodore - CDTV/Named_Titles/Advanced Military Systems (Europe).png</image>
    <video>/recalbox/share/videos/Redump/Commodore - Amiga CDTV/Advanced Military Systems (Europe).mp4</video>
  </game>
  <game>
    <path>/recalbox/share/rom/Redump/Commodore - Amiga CDTV/Almathera Clipart &amp; Fonts CD, The (Europe).zip</path>
    <name>Almathera Clipart &amp; Fonts CD, The (Europe)</name>
    <image>/recalbox/share/thumbs/Commodore - CDTV/Named_Titles/Almathera Clipart &amp; Fonts CD, The (Europe).png</image>
    <video>/recalbox/share/videos/Redump/Commodore - Amiga CDTV/Almathera Clipart &amp; Fonts CD, The (Europe).mp4</video>
  </game>
  <game>
    <path>/recalbox/share/rom/Redump/Commodore - Amiga CDTV/Almathera Comms &amp; Networking CD (Europe).zip</path>
    <name>Almathera Comms &amp; Networking CD (Europe)</name>
    <image>/recalbox/share/thumbs/Commodore - CDTV/Named_Titles/Almathera Comms &amp; Networking CD (Europe).png</image>
    <video>/recalbox/share/videos/Redump/Commodore - Amiga CDTV/Almathera Comms &amp; Networking CD (Europe).mp4</video>
  </game>
  <game>
    <path>/recalbox/share/rom/Redump/Commodore - Amiga CDTV/Almathera Photo Library CD, The (Europe).zip</path>
    <name>Almathera Photo Library CD, The (Europe)</name>
    <image>/recalbox/share/thumbs/Commodore - CDTV/Named_Titles/Almathera Photo Library CD, The (Europe).png</image>
    <video>/recalbox/share/videos/Redump/Commodore - Amiga CDTV/Almathera Photo Library CD, The (Europe).mp4</video>
  </game>
  <game>
    <path>/recalbox/share/rom/Redump/Commodore - Amiga CDTV/American Heritage - Illustrated Encyclopedic Dictionary - 1991a Edition (USA).zip</path>
    <name>American Heritage - Illustrated Encyclopedic Dictionary - 1991a Edition (USA)</name>
    <image>/recalbox/share/thumbs/Commodore - CDTV/Named_Titles/American Heritage - Illustrated Encyclopedic Dictionary - 1991a Edition (USA).png</image>
    <video>/recalbox/share/videos/Redump/Commodore - Amiga CDTV/American Heritage - Illustrated Encyclopedic Dictionary - 1991a Edition (USA).mp4</video>
  </game>
  <game>
    <path>/recalbox/share/rom/Redump/Commodore - Amiga CDTV/Barney Bear Goes to School (USA).zip</path>
    <name>Barney Bear Goes to School (USA)</name>
    <image>/recalbox/share/thumbs/Commodore - CDTV/Named_Titles/Barney Bear Goes to School (USA).png</image>
    <video>/recalbox/share/videos/Redump/Commodore - Amiga CDTV/Barney Bear Goes to School (USA).mp4</video>
  </game>
  <game>
    <path>/recalbox/share/rom/Redump/Commodore - Amiga CDTV/Bun for Barney, A (USA).zip</path>
    <name>Bun for Barney, A (USA)</name>
    <image>/recalbox/share/thumbs/Commodore - CDTV/Named_Titles/Bun for Barney, A (USA).png</image>
    <video>/recalbox/share/videos/Redump/Commodore - Amiga CDTV/Bun for Barney, A (USA).mp4</video>
  </game>
  <game>
    <path>/recalbox/share/rom/Redump/Commodore - Amiga CDTV/CD Remix Version II (Europe).zip</path>
    <name>CD Remix Version II (Europe)</name>
    <image>/recalbox/share/thumbs/Commodore - CDTV/Named_Titles/CD Remix Version II (Europe).png</image>
    <video>/recalbox/share/videos/Redump/Commodore - Amiga CDTV/CD Remix Version II (Europe).mp4</video>
  </game>
  <game>
    <path>/recalbox/share/rom/Redump/Commodore - Amiga CDTV/CDPD 1 (Europe) (Rerelease).zip</path>
    <name>CDPD 1 (Europe) (Rerelease)</name>
    <image>/recalbox/share/thumbs/Commodore - CDTV/Named_Titles/CDPD 1 (Europe) (Rerelease).png</image>
    <video>/recalbox/share/videos/Redump/Commodore - Amiga CDTV/CDPD 1 (Europe) (Rerelease).mp4</video>
  </game>
  <game>
    <path>/recalbox/share/rom/Redump/Commodore - Amiga CDTV/CDPD 1 (Europe).zip</path>
    <name>CDPD 1 (Europe)</name>
    <image>/recalbox/share/thumbs/Commodore - CDTV/Named_Titles/CDPD 1 (Europe).png</image>
    <video>/recalbox/share/videos/Redump/Commodore - Amiga CDTV/CDPD 1 (Europe).mp4</video>
  </game>
  <game>
    <path>/recalbox/share/rom/Redump/Commodore - Amiga CDTV/CDPD 2 (Europe) (Rerelease).zip</path>
    <name>CDPD 2 (Europe) (Rerelease)</name>
    <image>/recalbox/share/thumbs/Commodore - CDTV/Named_Titles/CDPD 2 (Europe) (Rerelease).png</image>
    <video>/recalbox/share/videos/Redump/Commodore - Amiga CDTV/CDPD 2 (Europe) (Rerelease).mp4</video>
  </game>
  <game>
    <path>/recalbox/share/rom/Redump/Commodore - Amiga CDTV/CDPD 2 (Europe).zip</path>
    <name>CDPD 2 (Europe)</name>
    <image>/recalbox/share/thumbs/Commodore - CDTV/Named_Titles/CDPD 2 (Europe).png</image>
    <video>/recalbox/share/videos/Redump/Commodore - Amiga CDTV/CDPD 2 (Europe).mp4</video>
  </game>
  <game>
    <path>/recalbox/share/rom/Redump/Commodore - Amiga CDTV/CDTV Demo Disc (Europe) (Disc 1) (Amiga CD Psygnosis Demo).zip</path>
    <name>CDTV Demo Disc (Europe) (Disc 1) (Amiga CD Psygnosis Demo)</name>
    <image>/recalbox/share/thumbs/Commodore - CDTV/Named_Titles/CDTV Demo Disc (Europe) (Disc 1) (Amiga CD Psygnosis Demo).png</image>
    <video>/recalbox/share/videos/Redump/Commodore - Amiga CDTV/CDTV Demo Disc (Europe) (Disc 1) (Amiga CD Psygnosis Demo).mp4</video>
  </game>
  <game>
    <path>/recalbox/share/rom/Redump/Commodore - Amiga CDTV/CDTV Demo Disc (Europe) (Disc 2) (Amiga CDTV - Amiga 600 - Amiga 600 HD).zip</path>
    <name>CDTV Demo Disc (Europe) (Disc 2) (Amiga CDTV - Amiga 600 - Amiga 600 HD)</name>
    <image>/recalbox/share/thumbs/Commodore - CDTV/Named_Titles/CDTV Demo Disc (Europe) (Disc 2) (Amiga CDTV - Amiga 600 - Amiga 600 HD).png</image>
    <video>/recalbox/share/videos/Redump/Commodore - Amiga CDTV/CDTV Demo Disc (Europe) (Disc 2) (Amiga CDTV - Amiga 600 - Amiga 600 HD).mp4</video>
  </game>
  <game>
    <path>/recalbox/share/rom/Redump/Commodore - Amiga CDTV/Case of the Cautious Condor, The (Europe).zip</path>
    <name>Case of the Cautious Condor, The (Europe)</name>
    <image>/recalbox/share/thumbs/Commodore - CDTV/Named_Titles/Case of the Cautious Condor, The (Europe).png</image>
    <video>/recalbox/share/videos/Redump/Commodore - Amiga CDTV/Case of the Cautious Condor, The (Europe).mp4</video>
  </game>
  <game>
    <path>/recalbox/share/rom/Redump/Commodore - Amiga CDTV/Cinderella - The Original Fairy Tale (USA) (En,Fr,De,Es,It).zip</path>
    <name>Cinderella - The Original Fairy Tale (USA) (En,Fr,De,Es,It)</name>
    <image>/recalbox/share/thumbs/Commodore - CDTV/Named_Titles/Cinderella - The Original Fairy Tale (USA) (En,Fr,De,Es,It).png</image>
    <video>/recalbox/share/videos/Redump/Commodore - Amiga CDTV/Cinderella - The Original Fairy Tale (USA) (En,Fr,De,Es,It).mp4</video>
  </game>
  <game>
    <path>/recalbox/share/rom/Redump/Commodore - Amiga CDTV/Classic Board Games (Europe) (En,Ja,Fr,De,Es,It).zip</path>
    <name>Classic Board Games (Europe) (En,Ja,Fr,De,Es,It)</name>
    <image>/recalbox/share/thumbs/Commodore - CDTV/Named_Titles/Classic Board Games (Europe) (En,Ja,Fr,De,Es,It).png</image>
    <video>/recalbox/share/videos/Redump/Commodore - Amiga CDTV/Classic Board Games (Europe) (En,Ja,Fr,De,Es,It).mp4</video>
  </game>
  <game>
    <path>/recalbox/share/rom/Redump/Commodore - Amiga CDTV/Curse of RA, The (Germany).zip</path>
    <name>Curse of RA, The (Germany)</name>
    <image>/recalbox/share/thumbs/Commodore - CDTV/Named_Titles/Curse of RA, The (Germany).png</image>
    <video>/recalbox/share/videos/Redump/Commodore - Amiga CDTV/Curse of RA, The (Germany).mp4</video>
  </game>
  <game>
    <path>/recalbox/share/rom/Redump/Commodore - Amiga CDTV/Defender of the Crown (Europe).zip</path>
    <name>Defender of the Crown (Europe)</name>
    <image>/recalbox/share/thumbs/Commodore - CDTV/Named_Titles/Defender of the Crown (Europe).png</image>
    <video>/recalbox/share/videos/Redump/Commodore - Amiga CDTV/Defender of the Crown (Europe).mp4</video>
  </game>
  <game>
    <path>/recalbox/share/rom/Redump/Commodore - Amiga CDTV/Defender of the Crown II (Europe).zip</path>
    <name>Defender of the Crown II (Europe)</name>
    <image>/recalbox/share/thumbs/Commodore - CDTV/Named_Titles/Defender of the Crown II (Europe).png</image>
    <video>/recalbox/share/videos/Redump/Commodore - Amiga CDTV/Defender of the Crown II (Europe).mp4</video>
  </game>
  <game>
    <path>/recalbox/share/rom/Redump/Commodore - Amiga CDTV/Defender of the Crown II (USA) (En,Fr,De,Es,It).zip</path>
    <name>Defender of the Crown II (USA) (En,Fr,De,Es,It)</name>
    <image>/recalbox/share/thumbs/Commodore - CDTV/Named_Titles/Defender of the Crown II (USA) (En,Fr,De,Es,It).png</image>
    <video>/recalbox/share/videos/Redump/Commodore - Amiga CDTV/Defender of the Crown II (USA) (En,Fr,De,Es,It).mp4</video>
  </game>
  <game>
    <path>/recalbox/share/rom/Redump/Commodore - Amiga CDTV/Demo 1 (Europe).zip</path>
    <name>Demo 1 (Europe)</name>
    <image>/recalbox/share/thumbs/Commodore - CDTV/Named_Titles/Demo 1 (Europe).png</image>
    <video>/recalbox/share/videos/Redump/Commodore - Amiga CDTV/Demo 1 (Europe).mp4</video>
  </game>
  <game>
    <path>/recalbox/share/rom/Redump/Commodore - Amiga CDTV/Demo Collection for Amiga CDTV, The (Europe) (Black Disc).zip</path>
    <name>Demo Collection for Amiga CDTV, The (Europe) (Black Disc)</name>
    <image>/recalbox/share/thumbs/Commodore - CDTV/Named_Titles/Demo Collection for Amiga CDTV, The (Europe) (Black Disc).png</image>
    <video>/recalbox/share/videos/Redump/Commodore - Amiga CDTV/Demo Collection for Amiga CDTV, The (Europe) (Black Disc).mp4</video>
  </game>
  <game>
    <path>/recalbox/share/rom/Redump/Commodore - Amiga CDTV/Deutschland Kompakt (Germany).zip</path>
    <name>Deutschland Kompakt (Germany)</name>
    <image>/recalbox/share/thumbs/Commodore - CDTV/Named_Titles/Deutschland Kompakt (Germany).png</image>
    <video>/recalbox/share/videos/Redump/Commodore - Amiga CDTV/Deutschland Kompakt (Germany).mp4</video>
  </game>
  <game>
    <path>/recalbox/share/rom/Redump/Commodore - Amiga CDTV/Fantastic Voyage (USA).zip</path>
    <name>Fantastic Voyage (USA)</name>
    <image>/recalbox/share/thumbs/Commodore - CDTV/Named_Titles/Fantastic Voyage (USA).png</image>
    <video>/recalbox/share/videos/Redump/Commodore - Amiga CDTV/Fantastic Voyage (USA).mp4</video>
  </game>
  <game>
    <path>/recalbox/share/rom/Redump/Commodore - Amiga CDTV/Games &amp; Goodies (UK).zip</path>
    <name>Games &amp; Goodies (UK)</name>
    <image>/recalbox/share/thumbs/Commodore - CDTV/Named_Titles/Games &amp; Goodies (UK).png</image>
    <video>/recalbox/share/videos/Redump/Commodore - Amiga CDTV/Games &amp; Goodies (UK).mp4</video>
  </game>
  <game>
    <path>/recalbox/share/rom/Redump/Commodore - Amiga CDTV/Garden Fax - Fruits, Vegetables &amp; Herbs (USA).zip</path>
    <name>Garden Fax - Fruits, Vegetables &amp; Herbs (USA)</name>
    <image>/recalbox/share/thumbs/Commodore - CDTV/Named_Titles/Garden Fax - Fruits, Vegetables &amp; Herbs (USA).png</image>
    <video>/recalbox/share/videos/Redump/Commodore - Amiga CDTV/Garden Fax - Fruits, Vegetables &amp; Herbs (USA).mp4</video>
  </game>
  <game>
    <path>/recalbox/share/rom/Redump/Commodore - Amiga CDTV/Garden Fax - Garden Plants (USA).zip</path>
    <name>Garden Fax - Garden Plants (USA)</name>
    <image>/recalbox/share/thumbs/Commodore - CDTV/Named_Titles/Garden Fax - Garden Plants (USA).png</image>
    <video>/recalbox/share/videos/Redump/Commodore - Amiga CDTV/Garden Fax - Garden Plants (USA).mp4</video>
  </game>
  <game>
    <path>/recalbox/share/rom/Redump/Commodore - Amiga CDTV/Garden Fax - Indoor Plants (USA).zip</path>
    <name>Garden Fax - Indoor Plants (USA)</name>
    <image>/recalbox/share/thumbs/Commodore - CDTV/Named_Titles/Garden Fax - Indoor Plants (USA).png</image>
    <video>/recalbox/share/videos/Redump/Commodore - Amiga CDTV/Garden Fax - Indoor Plants (USA).mp4</video>
  </game>
  <game>
    <path>/recalbox/share/rom/Redump/Commodore - Amiga CDTV/Garden Fax - Trees, Shrubs, Roses &amp; Conifers (USA).zip</path>
    <name>Garden Fax - Trees, Shrubs, Roses &amp; Conifers (USA)</name>
    <image>/recalbox/share/thumbs/Commodore - CDTV/Named_Titles/Garden Fax - Trees, Shrubs, Roses &amp; Conifers (USA).png</image>
    <video>/recalbox/share/videos/Redump/Commodore - Amiga CDTV/Garden Fax - Trees, Shrubs, Roses &amp; Conifers (USA).mp4</video>
  </game>
  <game>
    <path>/recalbox/share/rom/Redump/Commodore - Amiga CDTV/Hutchinson Encyclopedia, The (Europe).zip</path>
    <name>Hutchinson Encyclopedia, The (Europe)</name>
    <image>/recalbox/share/thumbs/Commodore - CDTV/Named_Titles/Hutchinson Encyclopedia, The (Europe).png</image>
    <video>/recalbox/share/videos/Redump/Commodore - Amiga CDTV/Hutchinson Encyclopedia, The (Europe).mp4</video>
  </game>
  <game>
    <path>/recalbox/share/rom/Redump/Commodore - Amiga CDTV/Illustrated Works of Shakespeare (Europe).zip</path>
    <name>Illustrated Works of Shakespeare (Europe)</name>
    <image>/recalbox/share/thumbs/Commodore - CDTV/Named_Titles/Illustrated Works of Shakespeare (Europe).png</image>
    <video>/recalbox/share/videos/Redump/Commodore - Amiga CDTV/Illustrated Works of Shakespeare (Europe).mp4</video>
  </game>
  <game>
    <path>/recalbox/share/rom/Redump/Commodore - Amiga CDTV/Insight Dinosaurs (Europe).zip</path>
    <name>Insight Dinosaurs (Europe)</name>
    <image>/recalbox/share/thumbs/Commodore - CDTV/Named_Titles/Insight Dinosaurs (Europe).png</image>
    <video>/recalbox/share/videos/Redump/Commodore - Amiga CDTV/Insight Dinosaurs (Europe).mp4</video>
  </game>
  <game>
    <path>/recalbox/share/rom/Redump/Commodore - Amiga CDTV/Language TV - English (France).zip</path>
    <name>Language TV - English (France)</name>
    <image>/recalbox/share/thumbs/Commodore - CDTV/Named_Titles/Language TV - English (France).png</image>
    <video>/recalbox/share/videos/Redump/Commodore - Amiga CDTV/Language TV - English (France).mp4</video>
  </game>
  <game>
    <path>/recalbox/share/rom/Redump/Commodore - Amiga CDTV/Lemmings (Europe).zip</path>
    <name>Lemmings (Europe)</name>
    <image>/recalbox/share/thumbs/Commodore - CDTV/Named_Titles/Lemmings (Europe).png</image>
    <video>/recalbox/share/videos/Redump/Commodore - Amiga CDTV/Lemmings (Europe).mp4</video>
  </game>
  <game>
    <path>/recalbox/share/rom/Redump/Commodore - Amiga CDTV/Log!cal (Europe).zip</path>
    <name>Log!cal (Europe)</name>
    <image>/recalbox/share/thumbs/Commodore - CDTV/Named_Titles/Log!cal (Europe).png</image>
    <video>/recalbox/share/videos/Redump/Commodore - Amiga CDTV/Log!cal (Europe).mp4</video>
  </game>
  <game>
    <path>/recalbox/share/rom/Redump/Commodore - Amiga CDTV/Mud Puddle (USA) (En,Fr,De,Es,It).zip</path>
    <name>Mud Puddle (USA) (En,Fr,De,Es,It)</name>
    <image>/recalbox/share/thumbs/Commodore - CDTV/Named_Titles/Mud Puddle (USA) (En,Fr,De,Es,It).png</image>
    <video>/recalbox/share/videos/Redump/Commodore - Amiga CDTV/Mud Puddle (USA) (En,Fr,De,Es,It).mp4</video>
  </game>
  <game>
    <path>/recalbox/share/rom/Redump/Commodore - Amiga CDTV/New Basics Electronic Cookbook, The - 1991a Edition (USA).zip</path>
    <name>New Basics Electronic Cookbook, The - 1991a Edition (USA)</name>
    <image>/recalbox/share/thumbs/Commodore - CDTV/Named_Titles/New Basics Electronic Cookbook, The - 1991a Edition (USA).png</image>
    <video>/recalbox/share/videos/Redump/Commodore - Amiga CDTV/New Basics Electronic Cookbook, The - 1991a Edition (USA).mp4</video>
  </game>
  <game>
    <path>/recalbox/share/rom/Redump/Commodore - Amiga CDTV/Now That's What I Call Games (UK).zip</path>
    <name>Now That&apos;s What I Call Games (UK)</name>
    <image>/recalbox/share/thumbs/Commodore - CDTV/Named_Titles/Now That&apos;s What I Call Games (UK).png</image>
    <video>/recalbox/share/videos/Redump/Commodore - Amiga CDTV/Now That&apos;s What I Call Games (UK).mp4</video>
  </game>
  <game>
    <path>/recalbox/share/rom/Redump/Commodore - Amiga CDTV/Pandora's CD (Europe) (Alt).zip</path>
    <name>Pandora&apos;s CD (Europe) (Alt)</name>
    <image>/recalbox/share/thumbs/Commodore - CDTV/Named_Titles/Pandora&apos;s CD (Europe) (Alt).png</image>
    <video>/recalbox/share/videos/Redump/Commodore - Amiga CDTV/Pandora&apos;s CD (Europe) (Alt).mp4</video>
  </game>
  <game>
    <path>/recalbox/share/rom/Redump/Commodore - Amiga CDTV/Pandora's CD (Europe).zip</path>
    <name>Pandora&apos;s CD (Europe)</name>
    <image>/recalbox/share/thumbs/Commodore - CDTV/Named_Titles/Pandora&apos;s CD (Europe).png</image>
    <video>/recalbox/share/videos/Redump/Commodore - Amiga CDTV/Pandora&apos;s CD (Europe).mp4</video>
  </game>
  <game>
    <path>/recalbox/share/rom/Redump/Commodore - Amiga CDTV/Prehistorik (Europe).zip</path>
    <name>Prehistorik (Europe)</name>
    <image>/recalbox/share/thumbs/Commodore - CDTV/Named_Titles/Prehistorik (Europe).png</image>
    <video>/recalbox/share/videos/Redump/Commodore - Amiga CDTV/Prehistorik (Europe).mp4</video>
  </game>
  <game>
    <path>/recalbox/share/rom/Redump/Commodore - Amiga CDTV/Psycho Killer (Europe).zip</path>
    <name>Psycho Killer (Europe)</name>
    <image>/recalbox/share/thumbs/Commodore - CDTV/Named_Titles/Psycho Killer (Europe).png</image>
    <video>/recalbox/share/videos/Redump/Commodore - Amiga CDTV/Psycho Killer (Europe).mp4</video>
  </game>
  <game>
    <path>/recalbox/share/rom/Redump/Commodore - Amiga CDTV/Raffles (Sweden).zip</path>
    <name>Raffles (Sweden)</name>
    <image>/recalbox/share/thumbs/Commodore - CDTV/Named_Titles/Raffles (Sweden).png</image>
    <video>/recalbox/share/videos/Redump/Commodore - Amiga CDTV/Raffles (Sweden).mp4</video>
  </game>
  <game>
    <path>/recalbox/share/rom/Redump/Commodore - Amiga CDTV/SimCity (Europe) (En,Fr,De,Es,It).zip</path>
    <name>SimCity (Europe) (En,Fr,De,Es,It)</name>
    <image>/recalbox/share/thumbs/Commodore - CDTV/Named_Titles/SimCity (Europe) (En,Fr,De,Es,It).png</image>
    <video>/recalbox/share/videos/Redump/Commodore - Amiga CDTV/SimCity (Europe) (En,Fr,De,Es,It).mp4</video>
  </game>
  <game>
    <path>/recalbox/share/rom/Redump/Commodore - Amiga CDTV/Snoopy - The Case of the Missing Blanket (Sweden).zip</path>
    <name>Snoopy - The Case of the Missing Blanket (Sweden)</name>
    <image>/recalbox/share/thumbs/Commodore - CDTV/Named_Titles/Snoopy - The Case of the Missing Blanket (Sweden).png</image>
    <video>/recalbox/share/videos/Redump/Commodore - Amiga CDTV/Snoopy - The Case of the Missing Blanket (Sweden).mp4</video>
  </game>
  <game>
    <path>/recalbox/share/rom/Redump/Commodore - Amiga CDTV/Team Yankee (Europe) (Ten on Ten).zip</path>
    <name>Team Yankee (Europe) (Ten on Ten)</name>
    <image>/recalbox/share/thumbs/Commodore - CDTV/Named_Titles/Team Yankee (Europe) (Ten on Ten).png</image>
    <video>/recalbox/share/videos/Redump/Commodore - Amiga CDTV/Team Yankee (Europe) (Ten on Ten).mp4</video>
  </game>
  <game>
    <path>/recalbox/share/rom/Redump/Commodore - Amiga CDTV/Team Yankee (Europe).zip</path>
    <name>Team Yankee (Europe)</name>
    <image>/recalbox/share/thumbs/Commodore - CDTV/Named_Titles/Team Yankee (Europe).png</image>
    <video>/recalbox/share/videos/Redump/Commodore - Amiga CDTV/Team Yankee (Europe).mp4</video>
  </game>
  <game>
    <path>/recalbox/share/rom/Redump/Commodore - Amiga CDTV/Time Table of History - Business, Politics &amp; Media - 1991a Edition (USA).zip</path>
    <name>Time Table of History - Business, Politics &amp; Media - 1991a Edition (USA)</name>
    <image>/recalbox/share/thumbs/Commodore - CDTV/Named_Titles/Time Table of History - Business, Politics &amp; Media - 1991a Edition (USA).png</image>
    <video>/recalbox/share/videos/Redump/Commodore - Amiga CDTV/Time Table of History - Business, Politics &amp; Media - 1991a Edition (USA).mp4</video>
  </game>
  <game>
    <path>/recalbox/share/rom/Redump/Commodore - Amiga CDTV/Trivial Pursuit - The CDTV Edition (Europe) (Disc 1).zip</path>
    <name>Trivial Pursuit - The CDTV Edition (Europe) (Disc 1)</name>
    <image>/recalbox/share/thumbs/Commodore - CDTV/Named_Titles/Trivial Pursuit - The CDTV Edition (Europe) (Disc 1).png</image>
    <video>/recalbox/share/videos/Redump/Commodore - Amiga CDTV/Trivial Pursuit - The CDTV Edition (Europe) (Disc 1).mp4</video>
  </game>
  <game>
    <path>/recalbox/share/rom/Redump/Commodore - Amiga CDTV/Trivial Pursuit - The CDTV Edition (Europe) (Disc 2).zip</path>
    <name>Trivial Pursuit - The CDTV Edition (Europe) (Disc 2)</name>
    <image>/recalbox/share/thumbs/Commodore - CDTV/Named_Titles/Trivial Pursuit - The CDTV Edition (Europe) (Disc 2).png</image>
    <video>/recalbox/share/videos/Redump/Commodore - Amiga CDTV/Trivial Pursuit - The CDTV Edition (Europe) (Disc 2).mp4</video>
  </game>
  <game>
    <path>/recalbox/share/rom/Redump/Commodore - Amiga CDTV/Turrican (Germany).zip</path>
    <name>Turrican (Germany)</name>
    <image>/recalbox/share/thumbs/Commodore - CDTV/Named_Titles/Turrican (Germany).png</image>
    <video>/recalbox/share/videos/Redump/Commodore - Amiga CDTV/Turrican (Germany).mp4</video>
  </game>
  <game>
    <path>/recalbox/share/rom/Redump/Commodore - Amiga CDTV/Turrican II - The Final Fight (Germany).zip</path>
    <name>Turrican II - The Final Fight (Germany)</name>
    <image>/recalbox/share/thumbs/Commodore - CDTV/Named_Titles/Turrican II - The Final Fight (Germany).png</image>
    <video>/recalbox/share/videos/Redump/Commodore - Amiga CDTV/Turrican II - The Final Fight (Germany).mp4</video>
  </game>
  <game>
    <path>/recalbox/share/rom/Redump/Commodore - Amiga CDTV/Welcome to CDTV Multimedia (USA).zip</path>
    <name>Welcome to CDTV Multimedia (USA)</name>
    <image>/recalbox/share/thumbs/Commodore - CDTV/Named_Titles/Welcome to CDTV Multimedia (USA).png</image>
    <video>/recalbox/share/videos/Redump/Commodore - Amiga CDTV/Welcome to CDTV Multimedia (USA).mp4</video>
  </game>
  <game>
    <path>/recalbox/share/rom/Redump/Commodore - Amiga CDTV/Will Bridge Vol. 1 - Initiation aux Encheres - Practice (France).zip</path>
    <name>Will Bridge Vol. 1 - Initiation aux Encheres - Practice (France)</name>
    <image>/recalbox/share/thumbs/Commodore - CDTV/Named_Titles/Will Bridge Vol. 1 - Initiation aux Encheres - Practice (France).png</image>
    <video>/recalbox/share/videos/Redump/Commodore - Amiga CDTV/Will Bridge Vol. 1 - Initiation aux Encheres - Practice (France).mp4</video>
  </game>
  <game>
    <path>/recalbox/share/rom/Redump/Commodore - Amiga CDTV/World Vista (Europe).zip</path>
    <name>World Vista (Europe)</name>
    <image>/recalbox/share/thumbs/Commodore - CDTV/Named_Titles/World Vista (Europe).png</image>
    <video>/recalbox/share/videos/Redump/Commodore - Amiga CDTV/World Vista (Europe).mp4</video>
  </game>
  <game>
    <path>/recalbox/share/rom/Redump/Commodore - Amiga CDTV/Wrath of the Demon (USA).zip</path>
    <name>Wrath of the Demon (USA)</name>
    <image>/recalbox/share/thumbs/Commodore - CDTV/Named_Titles/Wrath of the Demon (USA).png</image>
    <video>/recalbox/share/videos/Redump/Commodore - Amiga CDTV/Wrath of the Demon (USA).mp4</video>
  </game>
  <game>
    <path>/recalbox/share/rom/Redump/Commodore - Amiga CDTV/Xenon 2 - Megablast (Europe) (En,Fr,De,It).zip</path>
    <name>Xenon 2 - Megablast (Europe) (En,Fr,De,It)</name>
    <image>/recalbox/share/thumbs/Commodore - CDTV/Named_Titles/Xenon 2 - Megablast (Europe) (En,Fr,De,It).png</image>
    <video>/recalbox/share/videos/Redump/Commodore - Amiga CDTV/Xenon 2 - Megablast (Europe) (En,Fr,De,It).mp4</video>
  </game>
</gamelist>