<gamelist>
  <game>
    <path>/recalbox/share/zip/bk/Africa (1994)(RDA Corporation).bin</path>
    <name>Africa (1994)(RDA Corporation)</name>
    <image>/recalbox/share/thumbs2/Elektronika/BK-0011-411/Africa (1994)(RDA Corporation).png</image>
    <video>/recalbox/share/videos/Elektronika/BK-0011-411/Africa (1994)(RDA Corporation).mp4</video>
  </game>
  <game>
    <path>/recalbox/share/zip/bk/Arkanoid (1990)(-).bin</path>
    <name>Arkanoid (1990)(-)</name>
    <image>/recalbox/share/thumbs2/Elektronika/BK-0011-411/Arkanoid (1990)(-).png</image>
    <video>/recalbox/share/videos/Elektronika/BK-0011-411/Arkanoid (1990)(-).mp4</video>
  </game>
  <game>
    <path>/recalbox/share/zip/bk/BK Demo (1991)(NPCsoft).bin</path>
    <name>BK Demo (1991)(NPCsoft)</name>
    <image>/recalbox/share/thumbs2/Elektronika/BK-0011-411/BK Demo (1991)(NPCsoft).png</image>
    <video>/recalbox/share/videos/Elektronika/BK-0011-411/BK Demo (1991)(NPCsoft).mp4</video>
  </game>
  <game>
    <path>/recalbox/share/zip/bk/Billiard (1988)(-).bin</path>
    <name>Billiard (1988)(-)</name>
    <image>/recalbox/share/thumbs2/Elektronika/BK-0011-411/Billiard (1988)(-).png</image>
    <video>/recalbox/share/videos/Elektronika/BK-0011-411/Billiard (1988)(-).mp4</video>
  </game>
  <game>
    <path>/recalbox/share/zip/bk/Blockout (1991)(RDA Corporation).bin</path>
    <name>Blockout (1991)(RDA Corporation)</name>
    <image>/recalbox/share/thumbs2/Elektronika/BK-0011-411/Blockout (1991)(RDA Corporation).png</image>
    <video>/recalbox/share/videos/Elektronika/BK-0011-411/Blockout (1991)(RDA Corporation).mp4</video>
  </game>
  <game>
    <path>/recalbox/share/zip/bk/Bolderdash (19xx)(-)(en).bin</path>
    <name>Bolderdash (19xx)(-)(en)</name>
    <image>/recalbox/share/thumbs2/Elektronika/BK-0011-411/Bolderdash (19xx)(-)(en).png</image>
    <video>/recalbox/share/videos/Elektronika/BK-0011-411/Bolderdash (19xx)(-)(en).mp4</video>
  </game>
  <game>
    <path>/recalbox/share/zip/bk/Break House (1989)(Katasonov Vitalij)(en).bin</path>
    <name>Break House (1989)(Katasonov Vitalij)(en)</name>
    <image>/recalbox/share/thumbs2/Elektronika/BK-0011-411/Break House (1989)(Katasonov Vitalij)(en).png</image>
    <video>/recalbox/share/videos/Elektronika/BK-0011-411/Break House (1989)(Katasonov Vitalij)(en).mp4</video>
  </game>
  <game>
    <path>/recalbox/share/zip/bk/Breaking Ball (19xx)(SW Corporation).bin</path>
    <name>Breaking Ball (19xx)(SW Corporation)</name>
    <image>/recalbox/share/thumbs2/Elektronika/BK-0011-411/Breaking Ball (19xx)(SW Corporation).png</image>
    <video>/recalbox/share/videos/Elektronika/BK-0011-411/Breaking Ball (19xx)(SW Corporation).mp4</video>
  </game>
  <game>
    <path>/recalbox/share/zip/bk/Breaking Ball (19xx)(SW Corporation)[a].bin</path>
    <name>Breaking Ball (19xx)(SW Corporation)[a]</name>
    <image>/recalbox/share/thumbs2/Elektronika/BK-0011-411/Breaking Ball (19xx)(SW Corporation)[a].png</image>
    <video>/recalbox/share/videos/Elektronika/BK-0011-411/Breaking Ball (19xx)(SW Corporation)[a].mp4</video>
  </game>
  <game>
    <path>/recalbox/share/zip/bk/Bubbler (19xx)(-)(en).bin</path>
    <name>Bubbler (19xx)(-)(en)</name>
    <image>/recalbox/share/thumbs2/Elektronika/BK-0011-411/Bubbler (19xx)(-)(en).png</image>
    <video>/recalbox/share/videos/Elektronika/BK-0011-411/Bubbler (19xx)(-)(en).mp4</video>
  </game>
  <game>
    <path>/recalbox/share/zip/bk/Captain Comic (19xx)(SW Corporation).bin</path>
    <name>Captain Comic (19xx)(SW Corporation)</name>
    <image>/recalbox/share/thumbs2/Elektronika/BK-0011-411/Captain Comic (19xx)(SW Corporation).png</image>
    <video>/recalbox/share/videos/Elektronika/BK-0011-411/Captain Comic (19xx)(SW Corporation).mp4</video>
  </game>
  <game>
    <path>/recalbox/share/zip/bk/Checkers (1991)(RDA Corporation).bin</path>
    <name>Checkers (1991)(RDA Corporation)</name>
    <image>/recalbox/share/thumbs2/Elektronika/BK-0011-411/Checkers (1991)(RDA Corporation).png</image>
    <video>/recalbox/share/videos/Elektronika/BK-0011-411/Checkers (1991)(RDA Corporation).mp4</video>
  </game>
  <game>
    <path>/recalbox/share/zip/bk/Chess (19xx)(-).bin</path>
    <name>Chess (19xx)(-)</name>
    <image>/recalbox/share/thumbs2/Elektronika/BK-0011-411/Chess (19xx)(-).png</image>
    <video>/recalbox/share/videos/Elektronika/BK-0011-411/Chess (19xx)(-).mp4</video>
  </game>
  <game>
    <path>/recalbox/share/zip/bk/Circler (1991)(-)[cr].bin</path>
    <name>Circler (1991)(-)[cr]</name>
    <image>/recalbox/share/thumbs2/Elektronika/BK-0011-411/Circler (1991)(-)[cr].png</image>
    <video>/recalbox/share/videos/Elektronika/BK-0011-411/Circler (1991)(-)[cr].mp4</video>
  </game>
  <game>
    <path>/recalbox/share/zip/bk/Crack (1991)(-).bin</path>
    <name>Crack (1991)(-)</name>
    <image>/recalbox/share/thumbs2/Elektronika/BK-0011-411/Crack (1991)(-).png</image>
    <video>/recalbox/share/videos/Elektronika/BK-0011-411/Crack (1991)(-).mp4</video>
  </game>
  <game>
    <path>/recalbox/share/zip/bk/Demon Stalker (1991)(KV).bin</path>
    <name>Demon Stalker (1991)(KV)</name>
    <image>/recalbox/share/thumbs2/Elektronika/BK-0011-411/Demon Stalker (1991)(KV).png</image>
    <video>/recalbox/share/videos/Elektronika/BK-0011-411/Demon Stalker (1991)(KV).mp4</video>
  </game>
  <game>
    <path>/recalbox/share/zip/bk/Diday (1990)(BIL Corporation).bin</path>
    <name>Diday (1990)(BIL Corporation)</name>
    <image>/recalbox/share/thumbs2/Elektronika/BK-0011-411/Diday (1990)(BIL Corporation).png</image>
    <video>/recalbox/share/videos/Elektronika/BK-0011-411/Diday (1990)(BIL Corporation).mp4</video>
  </game>
  <game>
    <path>/recalbox/share/zip/bk/Digger (1990)(SHW &amp; AW).bin</path>
    <name>Digger (1990)(SHW &amp; AW)</name>
    <image>/recalbox/share/thumbs2/Elektronika/BK-0011-411/Digger (1990)(SHW &amp; AW).png</image>
    <video>/recalbox/share/videos/Elektronika/BK-0011-411/Digger (1990)(SHW &amp; AW).mp4</video>
  </game>
  <game>
    <path>/recalbox/share/zip/bk/Divers 3 (1989)(-).bin</path>
    <name>Divers 3 (1989)(-)</name>
    <image>/recalbox/share/thumbs2/Elektronika/BK-0011-411/Divers 3 (1989)(-).png</image>
    <video>/recalbox/share/videos/Elektronika/BK-0011-411/Divers 3 (1989)(-).mp4</video>
  </game>
  <game>
    <path>/recalbox/share/zip/bk/Dropzona (19xx)(-).bin</path>
    <name>Dropzona (19xx)(-)</name>
    <image>/recalbox/share/thumbs2/Elektronika/BK-0011-411/Dropzona (19xx)(-).png</image>
    <video>/recalbox/share/videos/Elektronika/BK-0011-411/Dropzona (19xx)(-).mp4</video>
  </game>
  <game>
    <path>/recalbox/share/zip/bk/Exolon 1 (1992)(Soft of Future).bin</path>
    <name>Exolon 1 (1992)(Soft of Future)</name>
    <image>/recalbox/share/thumbs2/Elektronika/BK-0011-411/Exolon 1 (1992)(Soft of Future).png</image>
    <video>/recalbox/share/videos/Elektronika/BK-0011-411/Exolon 1 (1992)(Soft of Future).mp4</video>
  </game>
  <game>
    <path>/recalbox/share/zip/bk/Faraon (1990)(Alek&apos;s Program Production).bin</path>
    <name>Faraon (1990)(Alek&apos;s Program Production)</name>
    <image>/recalbox/share/thumbs2/Elektronika/BK-0011-411/Faraon (1990)(Alek&apos;s Program Production).png</image>
    <video>/recalbox/share/videos/Elektronika/BK-0011-411/Faraon (1990)(Alek&apos;s Program Production).mp4</video>
  </game>
  <game>
    <path>/recalbox/share/zip/bk/Ferrari (1992)(Buboh).bin</path>
    <name>Ferrari (1992)(Buboh)</name>
    <image>/recalbox/share/thumbs2/Elektronika/BK-0011-411/Ferrari (1992)(Buboh).png</image>
    <video>/recalbox/share/videos/Elektronika/BK-0011-411/Ferrari (1992)(Buboh).mp4</video>
  </game>
  <game>
    <path>/recalbox/share/zip/bk/Flasse (1990)(BIL Corporation).bin</path>
    <name>Flasse (1990)(BIL Corporation)</name>
    <image>/recalbox/share/thumbs2/Elektronika/BK-0011-411/Flasse (1990)(BIL Corporation).png</image>
    <video>/recalbox/share/videos/Elektronika/BK-0011-411/Flasse (1990)(BIL Corporation).mp4</video>
  </game>
  <game>
    <path>/recalbox/share/zip/bk/Flier (19xx)(SW Corporation).bin</path>
    <name>Flier (19xx)(SW Corporation)</name>
    <image>/recalbox/share/thumbs2/Elektronika/BK-0011-411/Flier (19xx)(SW Corporation).png</image>
    <video>/recalbox/share/videos/Elektronika/BK-0011-411/Flier (19xx)(SW Corporation).mp4</video>
  </game>
  <game>
    <path>/recalbox/share/zip/bk/Green (1991)(NPC Soft).bin</path>
    <name>Green (1991)(NPC Soft)</name>
    <image>/recalbox/share/thumbs2/Elektronika/BK-0011-411/Green (1991)(NPC Soft).png</image>
    <video>/recalbox/share/videos/Elektronika/BK-0011-411/Green (1991)(NPC Soft).mp4</video>
  </game>
  <game>
    <path>/recalbox/share/zip/bk/Horace (19xx)(-).bin</path>
    <name>Horace (19xx)(-)</name>
    <image>/recalbox/share/thumbs2/Elektronika/BK-0011-411/Horace (19xx)(-).png</image>
    <video>/recalbox/share/videos/Elektronika/BK-0011-411/Horace (19xx)(-).mp4</video>
  </game>
  <game>
    <path>/recalbox/share/zip/bk/ZZZ-UNK-Des1 (19xx)(SW Corporation).bin</path>
    <name>ZZZ-UNK-Des1 (19xx)(SW Corporation)</name>
    <image>/recalbox/share/thumbs2/Elektronika/BK-0011-411/ZZZ-UNK-Des1 (19xx)(SW Corporation).png</image>
    <video>/recalbox/share/videos/Elektronika/BK-0011-411/ZZZ-UNK-Des1 (19xx)(SW Corporation).mp4</video>
  </game>
  <game>
    <path>/recalbox/share/zip/bk/ZZZ-UNK-Des2 (19xx)(SW Corporation).bin</path>
    <name>ZZZ-UNK-Des2 (19xx)(SW Corporation)</name>
    <image>/recalbox/share/thumbs2/Elektronika/BK-0011-411/ZZZ-UNK-Des2 (19xx)(SW Corporation).png</image>
    <video>/recalbox/share/videos/Elektronika/BK-0011-411/ZZZ-UNK-Des2 (19xx)(SW Corporation).mp4</video>
  </game>
  <game>
    <path>/recalbox/share/zip/bk/ZZZ-UNK-Des3 (19xx)(SW Corporation).bin</path>
    <name>ZZZ-UNK-Des3 (19xx)(SW Corporation)</name>
    <image>/recalbox/share/thumbs2/Elektronika/BK-0011-411/ZZZ-UNK-Des3 (19xx)(SW Corporation).png</image>
    <video>/recalbox/share/videos/Elektronika/BK-0011-411/ZZZ-UNK-Des3 (19xx)(SW Corporation).mp4</video>
  </game>
  <game>
    <path>/recalbox/share/zip/bk/ZZZ-UNK-Des4 (19xx)(SW Corporation).bin</path>
    <name>ZZZ-UNK-Des4 (19xx)(SW Corporation)</name>
    <image>/recalbox/share/thumbs2/Elektronika/BK-0011-411/ZZZ-UNK-Des4 (19xx)(SW Corporation).png</image>
    <video>/recalbox/share/videos/Elektronika/BK-0011-411/ZZZ-UNK-Des4 (19xx)(SW Corporation).mp4</video>
  </game>
  <game>
    <path>/recalbox/share/zip/bk/ZZZ-UNK-Des5 (19xx)(SW Corporation).bin</path>
    <name>ZZZ-UNK-Des5 (19xx)(SW Corporation)</name>
    <image>/recalbox/share/thumbs2/Elektronika/BK-0011-411/ZZZ-UNK-Des5 (19xx)(SW Corporation).png</image>
    <video>/recalbox/share/videos/Elektronika/BK-0011-411/ZZZ-UNK-Des5 (19xx)(SW Corporation).mp4</video>
  </game>
</gamelist>
