<gamelist>
  <game>
    <path>/recalbox/share/rom/No-Intro/Apple - IIGS A2R/2088 - The Cryllan Mission - The Second Scenario (USA) (Disk 1).zip</path>
    <name>2088 - The Cryllan Mission - The Second Scenario (USA) (Disk 1)</name>
    <image>/recalbox/share/thumbs2/Apple - IIGS A2R/2088 - The Cryllan Mission - The Second Scenario (USA) (Disk 1).png</image>
    <video>/recalbox/share/videos/Apple - IIGS A2R/2088 - The Cryllan Mission - The Second Scenario (USA) (Disk 1).mp4</video>
  </game>
  <game>
    <path>/recalbox/share/rom/No-Intro/Apple - IIGS A2R/2088 - The Cryllan Mission - The Second Scenario (USA) (Disk 2).zip</path>
    <name>2088 - The Cryllan Mission - The Second Scenario (USA) (Disk 2)</name>
    <image>/recalbox/share/thumbs2/Apple - IIGS A2R/2088 - The Cryllan Mission - The Second Scenario (USA) (Disk 2).png</image>
    <video>/recalbox/share/videos/Apple - IIGS A2R/2088 - The Cryllan Mission - The Second Scenario (USA) (Disk 2).mp4</video>
  </game>
  <game>
    <path>/recalbox/share/rom/No-Intro/Apple - IIGS A2R/2088 - The Cryllan Mission - The Second Scenario (USA) (Disk 3).zip</path>
    <name>2088 - The Cryllan Mission - The Second Scenario (USA) (Disk 3)</name>
    <image>/recalbox/share/thumbs2/Apple - IIGS A2R/2088 - The Cryllan Mission - The Second Scenario (USA) (Disk 3).png</image>
    <video>/recalbox/share/videos/Apple - IIGS A2R/2088 - The Cryllan Mission - The Second Scenario (USA) (Disk 3).mp4</video>
  </game>
  <game>
    <path>/recalbox/share/rom/No-Intro/Apple - IIGS A2R/816-Paint (USA).zip</path>
    <name>816-Paint (USA)</name>
    <image>/recalbox/share/thumbs2/Apple - IIGS A2R/816-Paint (USA).png</image>
    <video>/recalbox/share/videos/Apple - IIGS A2R/816-Paint (USA).mp4</video>
  </game>
  <game>
    <path>/recalbox/share/rom/No-Intro/Apple - IIGS A2R/Aesop&apos;s Fables (Alt) (Unknown) (Disk 1).zip</path>
    <name>Aesop&apos;s Fables (Alt) (Unknown) (Disk 1)</name>
    <image>/recalbox/share/thumbs2/Apple - IIGS A2R/Aesop&apos;s Fables (Alt) (Unknown) (Disk 1).png</image>
    <video>/recalbox/share/videos/Apple - IIGS A2R/Aesop&apos;s Fables (Alt) (Unknown) (Disk 1).mp4</video>
  </game>
  <game>
    <path>/recalbox/share/rom/No-Intro/Apple - IIGS A2R/Aesop&apos;s Fables (Alt) (Unknown) (Disk 2).zip</path>
    <name>Aesop&apos;s Fables (Alt) (Unknown) (Disk 2)</name>
    <image>/recalbox/share/thumbs2/Apple - IIGS A2R/Aesop&apos;s Fables (Alt) (Unknown) (Disk 2).png</image>
    <video>/recalbox/share/videos/Apple - IIGS A2R/Aesop&apos;s Fables (Alt) (Unknown) (Disk 2).mp4</video>
  </game>
  <game>
    <path>/recalbox/share/rom/No-Intro/Apple - IIGS A2R/Aesop&apos;s Fables (USA) (Disk 1).zip</path>
    <name>Aesop&apos;s Fables (USA) (Disk 1)</name>
    <image>/recalbox/share/thumbs2/Apple - IIGS A2R/Aesop&apos;s Fables (USA) (Disk 1).png</image>
    <video>/recalbox/share/videos/Apple - IIGS A2R/Aesop&apos;s Fables (USA) (Disk 1).mp4</video>
  </game>
  <game>
    <path>/recalbox/share/rom/No-Intro/Apple - IIGS A2R/Aesop&apos;s Fables (USA) (Disk 2).zip</path>
    <name>Aesop&apos;s Fables (USA) (Disk 2)</name>
    <image>/recalbox/share/thumbs2/Apple - IIGS A2R/Aesop&apos;s Fables (USA) (Disk 2).png</image>
    <video>/recalbox/share/videos/Apple - IIGS A2R/Aesop&apos;s Fables (USA) (Disk 2).mp4</video>
  </game>
  <game>
    <path>/recalbox/share/rom/No-Intro/Apple - IIGS A2R/Alien Mind (USA) (Disk 1).zip</path>
    <name>Alien Mind (USA) (Disk 1)</name>
    <image>/recalbox/share/thumbs2/Apple - IIGS A2R/Alien Mind (USA) (Disk 1).png</image>
    <video>/recalbox/share/videos/Apple - IIGS A2R/Alien Mind (USA) (Disk 1).mp4</video>
  </game>
  <game>
    <path>/recalbox/share/rom/No-Intro/Apple - IIGS A2R/Alien Mind (USA) (Disk 2).zip</path>
    <name>Alien Mind (USA) (Disk 2)</name>
    <image>/recalbox/share/thumbs2/Apple - IIGS A2R/Alien Mind (USA) (Disk 2).png</image>
    <video>/recalbox/share/videos/Apple - IIGS A2R/Alien Mind (USA) (Disk 2).mp4</video>
  </game>
  <game>
    <path>/recalbox/share/rom/No-Intro/Apple - IIGS A2R/Arkanoid (USA).zip</path>
    <name>Arkanoid (USA)</name>
    <image>/recalbox/share/thumbs2/Apple - IIGS A2R/Arkanoid (USA).png</image>
    <video>/recalbox/share/videos/Apple - IIGS A2R/Arkanoid (USA).mp4</video>
  </game>
  <game>
    <path>/recalbox/share/rom/No-Intro/Apple - IIGS A2R/Arkanoid II - Revenge of Doh (USA).zip</path>
    <name>Arkanoid II - Revenge of Doh (USA)</name>
    <image>/recalbox/share/thumbs2/Apple - IIGS A2R/Arkanoid II - Revenge of Doh (USA).png</image>
    <video>/recalbox/share/videos/Apple - IIGS A2R/Arkanoid II - Revenge of Doh (USA).mp4</video>
  </game>
  <game>
    <path>/recalbox/share/rom/No-Intro/Apple - IIGS A2R/Art &amp; Film Director (USA) (Disk 1).zip</path>
    <name>Art &amp; Film Director (USA) (Disk 1)</name>
    <image>/recalbox/share/thumbs2/Apple - IIGS A2R/Art &amp; Film Director (USA) (Disk 1).png</image>
    <video>/recalbox/share/videos/Apple - IIGS A2R/Art &amp; Film Director (USA) (Disk 1).mp4</video>
  </game>
  <game>
    <path>/recalbox/share/rom/No-Intro/Apple - IIGS A2R/Art &amp; Film Director (USA) (Disk 2).zip</path>
    <name>Art &amp; Film Director (USA) (Disk 2)</name>
    <image>/recalbox/share/thumbs2/Apple - IIGS A2R/Art &amp; Film Director (USA) (Disk 2).png</image>
    <video>/recalbox/share/videos/Apple - IIGS A2R/Art &amp; Film Director (USA) (Disk 2).mp4</video>
  </game>
  <game>
    <path>/recalbox/share/rom/No-Intro/Apple - IIGS A2R/Art &amp; Film Director (USA) (Disk 3).zip</path>
    <name>Art &amp; Film Director (USA) (Disk 3)</name>
    <image>/recalbox/share/thumbs2/Apple - IIGS A2R/Art &amp; Film Director (USA) (Disk 3).png</image>
    <video>/recalbox/share/videos/Apple - IIGS A2R/Art &amp; Film Director (USA) (Disk 3).mp4</video>
  </game>
  <game>
    <path>/recalbox/share/rom/No-Intro/Apple - IIGS A2R/Audubon Grizzly Bears - Wildlife Adventures (USA) (Disk 1).zip</path>
    <name>Audubon Grizzly Bears - Wildlife Adventures (USA) (Disk 1)</name>
    <image>/recalbox/share/thumbs2/Apple - IIGS A2R/Audubon Grizzly Bears - Wildlife Adventures (USA) (Disk 1).png</image>
    <video>/recalbox/share/videos/Apple - IIGS A2R/Audubon Grizzly Bears - Wildlife Adventures (USA) (Disk 1).mp4</video>
  </game>
  <game>
    <path>/recalbox/share/rom/No-Intro/Apple - IIGS A2R/Audubon Grizzly Bears - Wildlife Adventures (USA) (Disk 2).zip</path>
    <name>Audubon Grizzly Bears - Wildlife Adventures (USA) (Disk 2)</name>
    <image>/recalbox/share/thumbs2/Apple - IIGS A2R/Audubon Grizzly Bears - Wildlife Adventures (USA) (Disk 2).png</image>
    <video>/recalbox/share/videos/Apple - IIGS A2R/Audubon Grizzly Bears - Wildlife Adventures (USA) (Disk 2).mp4</video>
  </game>
  <game>
    <path>/recalbox/share/rom/No-Intro/Apple - IIGS A2R/Audubon Whales - Wildlife Adventure (USA) (Disk 1).zip</path>
    <name>Audubon Whales - Wildlife Adventure (USA) (Disk 1)</name>
    <image>/recalbox/share/thumbs2/Apple - IIGS A2R/Audubon Whales - Wildlife Adventure (USA) (Disk 1).png</image>
    <video>/recalbox/share/videos/Apple - IIGS A2R/Audubon Whales - Wildlife Adventure (USA) (Disk 1).mp4</video>
  </game>
  <game>
    <path>/recalbox/share/rom/No-Intro/Apple - IIGS A2R/Audubon Whales - Wildlife Adventure (USA) (Disk 2).zip</path>
    <name>Audubon Whales - Wildlife Adventure (USA) (Disk 2)</name>
    <image>/recalbox/share/thumbs2/Apple - IIGS A2R/Audubon Whales - Wildlife Adventure (USA) (Disk 2).png</image>
    <video>/recalbox/share/videos/Apple - IIGS A2R/Audubon Whales - Wildlife Adventure (USA) (Disk 2).mp4</video>
  </game>
  <game>
    <path>/recalbox/share/rom/No-Intro/Apple - IIGS A2R/Balance of Power - The 1990 Edition (USA).zip</path>
    <name>Balance of Power - The 1990 Edition (USA)</name>
    <image>/recalbox/share/thumbs2/Apple - IIGS A2R/Balance of Power - The 1990 Edition (USA).png</image>
    <video>/recalbox/share/videos/Apple - IIGS A2R/Balance of Power - The 1990 Edition (USA).mp4</video>
  </game>
  <game>
    <path>/recalbox/share/rom/No-Intro/Apple - IIGS A2R/Bard&apos;s Tale II, The - The Destiny Knight (USA) (Disk 1) (Boot Disk).zip</path>
    <name>Bard&apos;s Tale II, The - The Destiny Knight (USA) (Disk 1) (Boot Disk)</name>
    <image>/recalbox/share/thumbs2/Apple - IIGS A2R/Bard&apos;s Tale II, The - The Destiny Knight (USA) (Disk 1) (Boot Disk).png</image>
    <video>/recalbox/share/videos/Apple - IIGS A2R/Bard&apos;s Tale II, The - The Destiny Knight (USA) (Disk 1) (Boot Disk).mp4</video>
  </game>
  <game>
    <path>/recalbox/share/rom/No-Intro/Apple - IIGS A2R/Bard&apos;s Tale II, The - The Destiny Knight (USA) (Disk 1) (Character Disk).zip</path>
    <name>Bard&apos;s Tale II, The - The Destiny Knight (USA) (Disk 1) (Character Disk)</name>
    <image>/recalbox/share/thumbs2/Apple - IIGS A2R/Bard&apos;s Tale II, The - The Destiny Knight (USA) (Disk 1) (Character Disk).png</image>
    <video>/recalbox/share/videos/Apple - IIGS A2R/Bard&apos;s Tale II, The - The Destiny Knight (USA) (Disk 1) (Character Disk).mp4</video>
  </game>
  <game>
    <path>/recalbox/share/rom/No-Intro/Apple - IIGS A2R/Bard&apos;s Tale II, The - The Destiny Knight (USA) (Disk 2) (Dungeon 1 Disk).zip</path>
    <name>Bard&apos;s Tale II, The - The Destiny Knight (USA) (Disk 2) (Dungeon 1 Disk)</name>
    <image>/recalbox/share/thumbs2/Apple - IIGS A2R/Bard&apos;s Tale II, The - The Destiny Knight (USA) (Disk 2) (Dungeon 1 Disk).png</image>
    <video>/recalbox/share/videos/Apple - IIGS A2R/Bard&apos;s Tale II, The - The Destiny Knight (USA) (Disk 2) (Dungeon 1 Disk).mp4</video>
  </game>
  <game>
    <path>/recalbox/share/rom/No-Intro/Apple - IIGS A2R/Bard&apos;s Tale II, The - The Destiny Knight (USA) (Disk 2) (Dungeon 2 Disk).zip</path>
    <name>Bard&apos;s Tale II, The - The Destiny Knight (USA) (Disk 2) (Dungeon 2 Disk)</name>
    <image>/recalbox/share/thumbs2/Apple - IIGS A2R/Bard&apos;s Tale II, The - The Destiny Knight (USA) (Disk 2) (Dungeon 2 Disk).png</image>
    <video>/recalbox/share/videos/Apple - IIGS A2R/Bard&apos;s Tale II, The - The Destiny Knight (USA) (Disk 2) (Dungeon 2 Disk).mp4</video>
  </game>
  <game>
    <path>/recalbox/share/rom/No-Intro/Apple - IIGS A2R/Beagle Draw (USA).zip</path>
    <name>Beagle Draw (USA)</name>
    <image>/recalbox/share/thumbs2/Apple - IIGS A2R/Beagle Draw (USA).png</image>
    <video>/recalbox/share/videos/Apple - IIGS A2R/Beagle Draw (USA).mp4</video>
  </game>
  <game>
    <path>/recalbox/share/rom/No-Intro/Apple - IIGS A2R/BeagleWrite (USA) (v3.2).zip</path>
    <name>BeagleWrite (USA) (v3.2)</name>
    <image>/recalbox/share/thumbs2/Apple - IIGS A2R/BeagleWrite (USA) (v3.2).png</image>
    <video>/recalbox/share/videos/Apple - IIGS A2R/BeagleWrite (USA) (v3.2).mp4</video>
  </game>
  <game>
    <path>/recalbox/share/rom/No-Intro/Apple - IIGS A2R/Beyond Zork (USA).zip</path>
    <name>Beyond Zork (USA)</name>
    <image>/recalbox/share/thumbs2/Apple - IIGS A2R/Beyond Zork (USA).png</image>
    <video>/recalbox/share/videos/Apple - IIGS A2R/Beyond Zork (USA).mp4</video>
  </game>
  <game>
    <path>/recalbox/share/rom/No-Intro/Apple - IIGS A2R/Black Cauldron, The (USA) (Disk 1).zip</path>
    <name>Black Cauldron, The (USA) (Disk 1)</name>
    <image>/recalbox/share/thumbs2/Apple - IIGS A2R/Black Cauldron, The (USA) (Disk 1).png</image>
    <video>/recalbox/share/videos/Apple - IIGS A2R/Black Cauldron, The (USA) (Disk 1).mp4</video>
  </game>
  <game>
    <path>/recalbox/share/rom/No-Intro/Apple - IIGS A2R/Black Cauldron, The (USA) (Disk 2).zip</path>
    <name>Black Cauldron, The (USA) (Disk 2)</name>
    <image>/recalbox/share/thumbs2/Apple - IIGS A2R/Black Cauldron, The (USA) (Disk 2).png</image>
    <video>/recalbox/share/videos/Apple - IIGS A2R/Black Cauldron, The (USA) (Disk 2).mp4</video>
  </game>
  <game>
    <path>/recalbox/share/rom/No-Intro/Apple - IIGS A2R/Blackjack Academy (USA).zip</path>
    <name>Blackjack Academy (USA)</name>
    <image>/recalbox/share/thumbs2/Apple - IIGS A2R/Blackjack Academy (USA).png</image>
    <video>/recalbox/share/videos/Apple - IIGS A2R/Blackjack Academy (USA).mp4</video>
  </game>
  <game>
    <path>/recalbox/share/rom/No-Intro/Apple - IIGS A2R/Block Out (USA).zip</path>
    <name>Block Out (USA)</name>
    <image>/recalbox/share/thumbs2/Apple - IIGS A2R/Block Out (USA).png</image>
    <video>/recalbox/share/videos/Apple - IIGS A2R/Block Out (USA).mp4</video>
  </game>
  <game>
    <path>/recalbox/share/rom/No-Intro/Apple - IIGS A2R/Bridge 6.0 - Your Bid for Entertainment (USA).zip</path>
    <name>Bridge 6.0 - Your Bid for Entertainment (USA)</name>
    <image>/recalbox/share/thumbs2/Apple - IIGS A2R/Bridge 6.0 - Your Bid for Entertainment (USA).png</image>
    <video>/recalbox/share/videos/Apple - IIGS A2R/Bridge 6.0 - Your Bid for Entertainment (USA).mp4</video>
  </game>
  <game>
    <path>/recalbox/share/rom/No-Intro/Apple - IIGS A2R/Bubble Ghost (USA).zip</path>
    <name>Bubble Ghost (USA)</name>
    <image>/recalbox/share/thumbs2/Apple - IIGS A2R/Bubble Ghost (USA).png</image>
    <video>/recalbox/share/videos/Apple - IIGS A2R/Bubble Ghost (USA).mp4</video>
  </game>
  <game>
    <path>/recalbox/share/rom/No-Intro/Apple - IIGS A2R/Calendar Crafter (USA).zip</path>
    <name>Calendar Crafter (USA)</name>
    <image>/recalbox/share/thumbs2/Apple - IIGS A2R/Calendar Crafter (USA).png</image>
    <video>/recalbox/share/videos/Apple - IIGS A2R/Calendar Crafter (USA).mp4</video>
  </game>
  <game>
    <path>/recalbox/share/rom/No-Intro/Apple - IIGS A2R/California Games (USA).zip</path>
    <name>California Games (USA)</name>
    <image>/recalbox/share/thumbs2/Apple - IIGS A2R/California Games (USA).png</image>
    <video>/recalbox/share/videos/Apple - IIGS A2R/California Games (USA).mp4</video>
  </game>
  <game>
    <path>/recalbox/share/rom/No-Intro/Apple - IIGS A2R/Captain Blood (USA).zip</path>
    <name>Captain Blood (USA)</name>
    <image>/recalbox/share/thumbs2/Apple - IIGS A2R/Captain Blood (USA).png</image>
    <video>/recalbox/share/videos/Apple - IIGS A2R/Captain Blood (USA).mp4</video>
  </game>
  <game>
    <path>/recalbox/share/rom/No-Intro/Apple - IIGS A2R/Cavern Cobra (USA).zip</path>
    <name>Cavern Cobra (USA)</name>
    <image>/recalbox/share/thumbs2/Apple - IIGS A2R/Cavern Cobra (USA).png</image>
    <video>/recalbox/share/videos/Apple - IIGS A2R/Cavern Cobra (USA).mp4</video>
  </game>
  <game>
    <path>/recalbox/share/rom/No-Intro/Apple - IIGS A2R/Club Backgammon (USA).zip</path>
    <name>Club Backgammon (USA)</name>
    <image>/recalbox/share/thumbs2/Apple - IIGS A2R/Club Backgammon (USA).png</image>
    <video>/recalbox/share/videos/Apple - IIGS A2R/Club Backgammon (USA).mp4</video>
  </game>
  <game>
    <path>/recalbox/share/rom/No-Intro/Apple - IIGS A2R/Columns GS (USA).zip</path>
    <name>Columns GS (USA)</name>
    <image>/recalbox/share/thumbs2/Apple - IIGS A2R/Columns GS (USA).png</image>
    <video>/recalbox/share/videos/Apple - IIGS A2R/Columns GS (USA).mp4</video>
  </game>
  <game>
    <path>/recalbox/share/rom/No-Intro/Apple - IIGS A2R/Cribbage King - Gin King (USA) (Disk 1).zip</path>
    <name>Cribbage King - Gin King (USA) (Disk 1)</name>
    <image>/recalbox/share/thumbs2/Apple - IIGS A2R/Cribbage King - Gin King (USA) (Disk 1).png</image>
    <video>/recalbox/share/videos/Apple - IIGS A2R/Cribbage King - Gin King (USA) (Disk 1).mp4</video>
  </game>
  <game>
    <path>/recalbox/share/rom/No-Intro/Apple - IIGS A2R/Cribbage King - Gin King (USA) (Disk 2).zip</path>
    <name>Cribbage King - Gin King (USA) (Disk 2)</name>
    <image>/recalbox/share/thumbs2/Apple - IIGS A2R/Cribbage King - Gin King (USA) (Disk 2).png</image>
    <video>/recalbox/share/videos/Apple - IIGS A2R/Cribbage King - Gin King (USA) (Disk 2).mp4</video>
  </game>
  <game>
    <path>/recalbox/share/rom/No-Intro/Apple - IIGS A2R/Crystal Quest (USA).zip</path>
    <name>Crystal Quest (USA)</name>
    <image>/recalbox/share/thumbs2/Apple - IIGS A2R/Crystal Quest (USA).png</image>
    <video>/recalbox/share/videos/Apple - IIGS A2R/Crystal Quest (USA).mp4</video>
  </game>
  <game>
    <path>/recalbox/share/rom/No-Intro/Apple - IIGS A2R/Dark Castle (USA) (Disk 1).zip</path>
    <name>Dark Castle (USA) (Disk 1)</name>
    <image>/recalbox/share/thumbs2/Apple - IIGS A2R/Dark Castle (USA) (Disk 1).png</image>
    <video>/recalbox/share/videos/Apple - IIGS A2R/Dark Castle (USA) (Disk 1).mp4</video>
  </game>
  <game>
    <path>/recalbox/share/rom/No-Intro/Apple - IIGS A2R/Dark Castle (USA) (Disk 2).zip</path>
    <name>Dark Castle (USA) (Disk 2)</name>
    <image>/recalbox/share/thumbs2/Apple - IIGS A2R/Dark Castle (USA) (Disk 2).png</image>
    <video>/recalbox/share/videos/Apple - IIGS A2R/Dark Castle (USA) (Disk 2).mp4</video>
  </game>
  <game>
    <path>/recalbox/share/rom/No-Intro/Apple - IIGS A2R/Defender of the Crown (USA) (Disk 1).zip</path>
    <name>Defender of the Crown (USA) (Disk 1)</name>
    <image>/recalbox/share/thumbs2/Apple - IIGS A2R/Defender of the Crown (USA) (Disk 1).png</image>
    <video>/recalbox/share/videos/Apple - IIGS A2R/Defender of the Crown (USA) (Disk 1).mp4</video>
  </game>
  <game>
    <path>/recalbox/share/rom/No-Intro/Apple - IIGS A2R/Defender of the Crown (USA) (Disk 2).zip</path>
    <name>Defender of the Crown (USA) (Disk 2)</name>
    <image>/recalbox/share/thumbs2/Apple - IIGS A2R/Defender of the Crown (USA) (Disk 2).png</image>
    <video>/recalbox/share/videos/Apple - IIGS A2R/Defender of the Crown (USA) (Disk 2).mp4</video>
  </game>
  <game>
    <path>/recalbox/share/rom/No-Intro/Apple - IIGS A2R/Deja Vu (USA) (Disk 1).zip</path>
    <name>Deja Vu (USA) (Disk 1)</name>
    <image>/recalbox/share/thumbs2/Apple - IIGS A2R/Deja Vu (USA) (Disk 1).png</image>
    <video>/recalbox/share/videos/Apple - IIGS A2R/Deja Vu (USA) (Disk 1).mp4</video>
  </game>
  <game>
    <path>/recalbox/share/rom/No-Intro/Apple - IIGS A2R/Deja Vu (USA) (Disk 2).zip</path>
    <name>Deja Vu (USA) (Disk 2)</name>
    <image>/recalbox/share/thumbs2/Apple - IIGS A2R/Deja Vu (USA) (Disk 2).png</image>
    <video>/recalbox/share/videos/Apple - IIGS A2R/Deja Vu (USA) (Disk 2).mp4</video>
  </game>
  <game>
    <path>/recalbox/share/rom/No-Intro/Apple - IIGS A2R/Deja Vu II (USA).zip</path>
    <name>Deja Vu II (USA)</name>
    <image>/recalbox/share/thumbs2/Apple - IIGS A2R/Deja Vu II (USA).png</image>
    <video>/recalbox/share/videos/Apple - IIGS A2R/Deja Vu II (USA).mp4</video>
  </game>
  <game>
    <path>/recalbox/share/rom/No-Intro/Apple - IIGS A2R/Deluxe Paint II (USA) (Disk 1).zip</path>
    <name>Deluxe Paint II (USA) (Disk 1)</name>
    <image>/recalbox/share/thumbs2/Apple - IIGS A2R/Deluxe Paint II (USA) (Disk 1).png</image>
    <video>/recalbox/share/videos/Apple - IIGS A2R/Deluxe Paint II (USA) (Disk 1).mp4</video>
  </game>
  <game>
    <path>/recalbox/share/rom/No-Intro/Apple - IIGS A2R/Deluxe Paint II (USA) (Disk 2).zip</path>
    <name>Deluxe Paint II (USA) (Disk 2)</name>
    <image>/recalbox/share/thumbs2/Apple - IIGS A2R/Deluxe Paint II (USA) (Disk 2).png</image>
    <video>/recalbox/share/videos/Apple - IIGS A2R/Deluxe Paint II (USA) (Disk 2).mp4</video>
  </game>
  <game>
    <path>/recalbox/share/rom/No-Intro/Apple - IIGS A2R/Designer Prints (USA) (Disk 1).zip</path>
    <name>Designer Prints (USA) (Disk 1)</name>
    <image>/recalbox/share/thumbs2/Apple - IIGS A2R/Designer Prints (USA) (Disk 1).png</image>
    <video>/recalbox/share/videos/Apple - IIGS A2R/Designer Prints (USA) (Disk 1).mp4</video>
  </game>
  <game>
    <path>/recalbox/share/rom/No-Intro/Apple - IIGS A2R/Designer Prints (USA) (Disk 2).zip</path>
    <name>Designer Prints (USA) (Disk 2)</name>
    <image>/recalbox/share/thumbs2/Apple - IIGS A2R/Designer Prints (USA) (Disk 2).png</image>
    <video>/recalbox/share/videos/Apple - IIGS A2R/Designer Prints (USA) (Disk 2).mp4</video>
  </game>
  <game>
    <path>/recalbox/share/rom/No-Intro/Apple - IIGS A2R/Designer Puzzles (USA) (Disk 1).zip</path>
    <name>Designer Puzzles (USA) (Disk 1)</name>
    <image>/recalbox/share/thumbs2/Apple - IIGS A2R/Designer Puzzles (USA) (Disk 1).png</image>
    <video>/recalbox/share/videos/Apple - IIGS A2R/Designer Puzzles (USA) (Disk 1).mp4</video>
  </game>
  <game>
    <path>/recalbox/share/rom/No-Intro/Apple - IIGS A2R/Designer Puzzles (USA) (Disk 2).zip</path>
    <name>Designer Puzzles (USA) (Disk 2)</name>
    <image>/recalbox/share/thumbs2/Apple - IIGS A2R/Designer Puzzles (USA) (Disk 2).png</image>
    <video>/recalbox/share/videos/Apple - IIGS A2R/Designer Puzzles (USA) (Disk 2).mp4</video>
  </game>
  <game>
    <path>/recalbox/share/rom/No-Intro/Apple - IIGS A2R/Destroyer (USA).zip</path>
    <name>Destroyer (USA)</name>
    <image>/recalbox/share/thumbs2/Apple - IIGS A2R/Destroyer (USA).png</image>
    <video>/recalbox/share/videos/Apple - IIGS A2R/Destroyer (USA).mp4</video>
  </game>
  <game>
    <path>/recalbox/share/rom/No-Intro/Apple - IIGS A2R/Downhill Challenge (USA) (Disk 1).zip</path>
    <name>Downhill Challenge (USA) (Disk 1)</name>
    <image>/recalbox/share/thumbs2/Apple - IIGS A2R/Downhill Challenge (USA) (Disk 1).png</image>
    <video>/recalbox/share/videos/Apple - IIGS A2R/Downhill Challenge (USA) (Disk 1).mp4</video>
  </game>
  <game>
    <path>/recalbox/share/rom/No-Intro/Apple - IIGS A2R/Downhill Challenge (USA) (Disk 2).zip</path>
    <name>Downhill Challenge (USA) (Disk 2)</name>
    <image>/recalbox/share/thumbs2/Apple - IIGS A2R/Downhill Challenge (USA) (Disk 2).png</image>
    <video>/recalbox/share/videos/Apple - IIGS A2R/Downhill Challenge (USA) (Disk 2).mp4</video>
  </game>
  <game>
    <path>/recalbox/share/rom/No-Intro/Apple - IIGS A2R/Dragon Wars (USA).zip</path>
    <name>Dragon Wars (USA)</name>
    <image>/recalbox/share/thumbs2/Apple - IIGS A2R/Dragon Wars (USA).png</image>
    <video>/recalbox/share/videos/Apple - IIGS A2R/Dragon Wars (USA).mp4</video>
  </game>
  <game>
    <path>/recalbox/share/rom/No-Intro/Apple - IIGS A2R/Draw Plus (USA).zip</path>
    <name>Draw Plus (USA)</name>
    <image>/recalbox/share/thumbs2/Apple - IIGS A2R/Draw Plus (USA).png</image>
    <video>/recalbox/share/videos/Apple - IIGS A2R/Draw Plus (USA).mp4</video>
  </game>
  <game>
    <path>/recalbox/share/rom/No-Intro/Apple - IIGS A2R/Dream Grafix (USA).zip</path>
    <name>Dream Grafix (USA)</name>
    <image>/recalbox/share/thumbs2/Apple - IIGS A2R/Dream Grafix (USA).png</image>
    <video>/recalbox/share/videos/Apple - IIGS A2R/Dream Grafix (USA).mp4</video>
  </game>
  <game>
    <path>/recalbox/share/rom/No-Intro/Apple - IIGS A2R/Dream Zone (USA) (Disk 1).zip</path>
    <name>Dream Zone (USA) (Disk 1)</name>
    <image>/recalbox/share/thumbs2/Apple - IIGS A2R/Dream Zone (USA) (Disk 1).png</image>
    <video>/recalbox/share/videos/Apple - IIGS A2R/Dream Zone (USA) (Disk 1).mp4</video>
  </game>
  <game>
    <path>/recalbox/share/rom/No-Intro/Apple - IIGS A2R/Dream Zone (USA) (Disk 2).zip</path>
    <name>Dream Zone (USA) (Disk 2)</name>
    <image>/recalbox/share/thumbs2/Apple - IIGS A2R/Dream Zone (USA) (Disk 2).png</image>
    <video>/recalbox/share/videos/Apple - IIGS A2R/Dream Zone (USA) (Disk 2).mp4</video>
  </game>
  <game>
    <path>/recalbox/share/rom/No-Intro/Apple - IIGS A2R/Fantavision (USA).zip</path>
    <name>Fantavision (USA)</name>
    <image>/recalbox/share/thumbs2/Apple - IIGS A2R/Fantavision (USA).png</image>
    <video>/recalbox/share/videos/Apple - IIGS A2R/Fantavision (USA).mp4</video>
  </game>
  <game>
    <path>/recalbox/share/rom/No-Intro/Apple - IIGS A2R/Fast Break (USA).zip</path>
    <name>Fast Break (USA)</name>
    <image>/recalbox/share/thumbs2/Apple - IIGS A2R/Fast Break (USA).png</image>
    <video>/recalbox/share/videos/Apple - IIGS A2R/Fast Break (USA).mp4</video>
  </game>
  <game>
    <path>/recalbox/share/rom/No-Intro/Apple - IIGS A2R/Fidelity, The - Chessmaster 2100 (USA) (Disk 1).zip</path>
    <name>Fidelity, The - Chessmaster 2100 (USA) (Disk 1)</name>
    <image>/recalbox/share/thumbs2/Apple - IIGS A2R/Fidelity, The - Chessmaster 2100 (USA) (Disk 1).png</image>
    <video>/recalbox/share/videos/Apple - IIGS A2R/Fidelity, The - Chessmaster 2100 (USA) (Disk 1).mp4</video>
  </game>
  <game>
    <path>/recalbox/share/rom/No-Intro/Apple - IIGS A2R/Fidelity, The - Chessmaster 2100 (USA) (Disk 2).zip</path>
    <name>Fidelity, The - Chessmaster 2100 (USA) (Disk 2)</name>
    <image>/recalbox/share/thumbs2/Apple - IIGS A2R/Fidelity, The - Chessmaster 2100 (USA) (Disk 2).png</image>
    <video>/recalbox/share/videos/Apple - IIGS A2R/Fidelity, The - Chessmaster 2100 (USA) (Disk 2).mp4</video>
  </game>
  <game>
    <path>/recalbox/share/rom/No-Intro/Apple - IIGS A2R/Final Assault (USA).zip</path>
    <name>Final Assault (USA)</name>
    <image>/recalbox/share/thumbs2/Apple - IIGS A2R/Final Assault (USA).png</image>
    <video>/recalbox/share/videos/Apple - IIGS A2R/Final Assault (USA).mp4</video>
  </game>
  <game>
    <path>/recalbox/share/rom/No-Intro/Apple - IIGS A2R/Full Metal Planete (USA) (Fr).zip</path>
    <name>Full Metal Planete (USA) (Fr)</name>
    <image>/recalbox/share/thumbs2/Apple - IIGS A2R/Full Metal Planete (USA) (Fr).png</image>
    <video>/recalbox/share/videos/Apple - IIGS A2R/Full Metal Planete (USA) (Fr).mp4</video>
  </game>
  <game>
    <path>/recalbox/share/rom/No-Intro/Apple - IIGS A2R/GBA Championship Basketball - Two-on-Two (USA).zip</path>
    <name>GBA Championship Basketball - Two-on-Two (USA)</name>
    <image>/recalbox/share/thumbs2/Apple - IIGS A2R/GBA Championship Basketball - Two-on-Two (USA).png</image>
    <video>/recalbox/share/videos/Apple - IIGS A2R/GBA Championship Basketball - Two-on-Two (USA).mp4</video>
  </game>
  <game>
    <path>/recalbox/share/rom/No-Intro/Apple - IIGS A2R/Gate, The (USA) (Disk 1).zip</path>
    <name>Gate, The (USA) (Disk 1)</name>
    <image>/recalbox/share/thumbs2/Apple - IIGS A2R/Gate, The (USA) (Disk 1).png</image>
    <video>/recalbox/share/videos/Apple - IIGS A2R/Gate, The (USA) (Disk 1).mp4</video>
  </game>
  <game>
    <path>/recalbox/share/rom/No-Intro/Apple - IIGS A2R/Gate, The (USA) (Disk 2).zip</path>
    <name>Gate, The (USA) (Disk 2)</name>
    <image>/recalbox/share/thumbs2/Apple - IIGS A2R/Gate, The (USA) (Disk 2).png</image>
    <video>/recalbox/share/videos/Apple - IIGS A2R/Gate, The (USA) (Disk 2).mp4</video>
  </game>
  <game>
    <path>/recalbox/share/rom/No-Intro/Apple - IIGS A2R/Gauntlet (USA).zip</path>
    <name>Gauntlet (USA)</name>
    <image>/recalbox/share/thumbs2/Apple - IIGS A2R/Gauntlet (USA).png</image>
    <video>/recalbox/share/videos/Apple - IIGS A2R/Gauntlet (USA).mp4</video>
  </game>
  <game>
    <path>/recalbox/share/rom/No-Intro/Apple - IIGS A2R/Gold Rush (USA) (Disk 1).zip</path>
    <name>Gold Rush (USA) (Disk 1)</name>
    <image>/recalbox/share/thumbs2/Apple - IIGS A2R/Gold Rush (USA) (Disk 1).png</image>
    <video>/recalbox/share/videos/Apple - IIGS A2R/Gold Rush (USA) (Disk 1).mp4</video>
  </game>
  <game>
    <path>/recalbox/share/rom/No-Intro/Apple - IIGS A2R/Gold Rush (USA) (Disk 2).zip</path>
    <name>Gold Rush (USA) (Disk 2)</name>
    <image>/recalbox/share/thumbs2/Apple - IIGS A2R/Gold Rush (USA) (Disk 2).png</image>
    <video>/recalbox/share/videos/Apple - IIGS A2R/Gold Rush (USA) (Disk 2).mp4</video>
  </game>
  <game>
    <path>/recalbox/share/rom/No-Intro/Apple - IIGS A2R/Gold Rush (USA) (Disk 3).zip</path>
    <name>Gold Rush (USA) (Disk 3)</name>
    <image>/recalbox/share/thumbs2/Apple - IIGS A2R/Gold Rush (USA) (Disk 3).png</image>
    <video>/recalbox/share/videos/Apple - IIGS A2R/Gold Rush (USA) (Disk 3).mp4</video>
  </game>
  <game>
    <path>/recalbox/share/rom/No-Intro/Apple - IIGS A2R/Gold Rush (USA) (Disk 4).zip</path>
    <name>Gold Rush (USA) (Disk 4)</name>
    <image>/recalbox/share/thumbs2/Apple - IIGS A2R/Gold Rush (USA) (Disk 4).png</image>
    <video>/recalbox/share/videos/Apple - IIGS A2R/Gold Rush (USA) (Disk 4).mp4</video>
  </game>
  <game>
    <path>/recalbox/share/rom/No-Intro/Apple - IIGS A2R/Grand Prix Circuit (USA).zip</path>
    <name>Grand Prix Circuit (USA)</name>
    <image>/recalbox/share/thumbs2/Apple - IIGS A2R/Grand Prix Circuit (USA).png</image>
    <video>/recalbox/share/videos/Apple - IIGS A2R/Grand Prix Circuit (USA).mp4</video>
  </game>
  <game>
    <path>/recalbox/share/rom/No-Intro/Apple - IIGS A2R/Graphic Writer III (USA) (v1.0) (Disk 1).zip</path>
    <name>Graphic Writer III (USA) (v1.0) (Disk 1)</name>
    <image>/recalbox/share/thumbs2/Apple - IIGS A2R/Graphic Writer III (USA) (v1.0) (Disk 1).png</image>
    <video>/recalbox/share/videos/Apple - IIGS A2R/Graphic Writer III (USA) (v1.0) (Disk 1).mp4</video>
  </game>
  <game>
    <path>/recalbox/share/rom/No-Intro/Apple - IIGS A2R/Graphic Writer III (USA) (v1.0) (Disk 2).zip</path>
    <name>Graphic Writer III (USA) (v1.0) (Disk 2)</name>
    <image>/recalbox/share/thumbs2/Apple - IIGS A2R/Graphic Writer III (USA) (v1.0) (Disk 2).png</image>
    <video>/recalbox/share/videos/Apple - IIGS A2R/Graphic Writer III (USA) (v1.0) (Disk 2).mp4</video>
  </game>
  <game>
    <path>/recalbox/share/rom/No-Intro/Apple - IIGS A2R/Graphic Writer III (USA) (v1.0) (Disk 3).zip</path>
    <name>Graphic Writer III (USA) (v1.0) (Disk 3)</name>
    <image>/recalbox/share/thumbs2/Apple - IIGS A2R/Graphic Writer III (USA) (v1.0) (Disk 3).png</image>
    <video>/recalbox/share/videos/Apple - IIGS A2R/Graphic Writer III (USA) (v1.0) (Disk 3).mp4</video>
  </game>
  <game>
    <path>/recalbox/share/rom/No-Intro/Apple - IIGS A2R/Graphics Studio (USA).zip</path>
    <name>Graphics Studio (USA)</name>
    <image>/recalbox/share/thumbs2/Apple - IIGS A2R/Graphics Studio (USA).png</image>
    <video>/recalbox/share/videos/Apple - IIGS A2R/Graphics Studio (USA).mp4</video>
  </game>
  <game>
    <path>/recalbox/share/rom/No-Intro/Apple - IIGS A2R/Graphics Supermarket (USA).zip</path>
    <name>Graphics Supermarket (USA)</name>
    <image>/recalbox/share/thumbs2/Apple - IIGS A2R/Graphics Supermarket (USA).png</image>
    <video>/recalbox/share/videos/Apple - IIGS A2R/Graphics Supermarket (USA).mp4</video>
  </game>
  <game>
    <path>/recalbox/share/rom/No-Intro/Apple - IIGS A2R/Great Western Shootout (USA) (Disk 1).zip</path>
    <name>Great Western Shootout (USA) (Disk 1)</name>
    <image>/recalbox/share/thumbs2/Apple - IIGS A2R/Great Western Shootout (USA) (Disk 1).png</image>
    <video>/recalbox/share/videos/Apple - IIGS A2R/Great Western Shootout (USA) (Disk 1).mp4</video>
  </game>
  <game>
    <path>/recalbox/share/rom/No-Intro/Apple - IIGS A2R/Great Western Shootout (USA) (Disk 2).zip</path>
    <name>Great Western Shootout (USA) (Disk 2)</name>
    <image>/recalbox/share/thumbs2/Apple - IIGS A2R/Great Western Shootout (USA) (Disk 2).png</image>
    <video>/recalbox/share/videos/Apple - IIGS A2R/Great Western Shootout (USA) (Disk 2).mp4</video>
  </game>
  <game>
    <path>/recalbox/share/rom/No-Intro/Apple - IIGS A2R/Hacker II (USA).zip</path>
    <name>Hacker II (USA)</name>
    <image>/recalbox/share/thumbs2/Apple - IIGS A2R/Hacker II (USA).png</image>
    <video>/recalbox/share/videos/Apple - IIGS A2R/Hacker II (USA).mp4</video>
  </game>
  <game>
    <path>/recalbox/share/rom/No-Intro/Apple - IIGS A2R/Halls of Montezuma (USA) (Disk 1).zip</path>
    <name>Halls of Montezuma (USA) (Disk 1)</name>
    <image>/recalbox/share/thumbs2/Apple - IIGS A2R/Halls of Montezuma (USA) (Disk 1).png</image>
    <video>/recalbox/share/videos/Apple - IIGS A2R/Halls of Montezuma (USA) (Disk 1).mp4</video>
  </game>
  <game>
    <path>/recalbox/share/rom/No-Intro/Apple - IIGS A2R/Halls of Montezuma (USA) (Disk 2).zip</path>
    <name>Halls of Montezuma (USA) (Disk 2)</name>
    <image>/recalbox/share/thumbs2/Apple - IIGS A2R/Halls of Montezuma (USA) (Disk 2).png</image>
    <video>/recalbox/share/videos/Apple - IIGS A2R/Halls of Montezuma (USA) (Disk 2).mp4</video>
  </game>
  <game>
    <path>/recalbox/share/rom/No-Intro/Apple - IIGS A2R/Hardball! (USA).zip</path>
    <name>Hardball! (USA)</name>
    <image>/recalbox/share/thumbs2/Apple - IIGS A2R/Hardball! (USA).png</image>
    <video>/recalbox/share/videos/Apple - IIGS A2R/Hardball! (USA).mp4</video>
  </game>
  <game>
    <path>/recalbox/share/rom/No-Intro/Apple - IIGS A2R/Hostage - Rescue Mission (USA).zip</path>
    <name>Hostage - Rescue Mission (USA)</name>
    <image>/recalbox/share/thumbs2/Apple - IIGS A2R/Hostage - Rescue Mission (USA).png</image>
    <video>/recalbox/share/videos/Apple - IIGS A2R/Hostage - Rescue Mission (USA).mp4</video>
  </game>
  <game>
    <path>/recalbox/share/rom/No-Intro/Apple - IIGS A2R/Hover Blade (USA) (Disk 1).zip</path>
    <name>Hover Blade (USA) (Disk 1)</name>
    <image>/recalbox/share/thumbs2/Apple - IIGS A2R/Hover Blade (USA) (Disk 1).png</image>
    <video>/recalbox/share/videos/Apple - IIGS A2R/Hover Blade (USA) (Disk 1).mp4</video>
  </game>
  <game>
    <path>/recalbox/share/rom/No-Intro/Apple - IIGS A2R/Hover Blade (USA) (Disk 2).zip</path>
    <name>Hover Blade (USA) (Disk 2)</name>
    <image>/recalbox/share/thumbs2/Apple - IIGS A2R/Hover Blade (USA) (Disk 2).png</image>
    <video>/recalbox/share/videos/Apple - IIGS A2R/Hover Blade (USA) (Disk 2).mp4</video>
  </game>
  <game>
    <path>/recalbox/share/rom/No-Intro/Apple - IIGS A2R/Hunt for Red October, The (USA).zip</path>
    <name>Hunt for Red October, The (USA)</name>
    <image>/recalbox/share/thumbs2/Apple - IIGS A2R/Hunt for Red October, The (USA).png</image>
    <video>/recalbox/share/videos/Apple - IIGS A2R/Hunt for Red October, The (USA).mp4</video>
  </game>
  <game>
    <path>/recalbox/share/rom/No-Intro/Apple - IIGS A2R/HyperStudio (USA) (v3.1c) (Disk 1).zip</path>
    <name>HyperStudio (USA) (v3.1c) (Disk 1)</name>
    <image>/recalbox/share/thumbs2/Apple - IIGS A2R/HyperStudio (USA) (v3.1c) (Disk 1).png</image>
    <video>/recalbox/share/videos/Apple - IIGS A2R/HyperStudio (USA) (v3.1c) (Disk 1).mp4</video>
  </game>
  <game>
    <path>/recalbox/share/rom/No-Intro/Apple - IIGS A2R/HyperStudio (USA) (v3.1c) (Disk 2).zip</path>
    <name>HyperStudio (USA) (v3.1c) (Disk 2)</name>
    <image>/recalbox/share/thumbs2/Apple - IIGS A2R/HyperStudio (USA) (v3.1c) (Disk 2).png</image>
    <video>/recalbox/share/videos/Apple - IIGS A2R/HyperStudio (USA) (v3.1c) (Disk 2).mp4</video>
  </game>
  <game>
    <path>/recalbox/share/rom/No-Intro/Apple - IIGS A2R/HyperStudio (USA) (v3.1c) (Disk 3).zip</path>
    <name>HyperStudio (USA) (v3.1c) (Disk 3)</name>
    <image>/recalbox/share/thumbs2/Apple - IIGS A2R/HyperStudio (USA) (v3.1c) (Disk 3).png</image>
    <video>/recalbox/share/videos/Apple - IIGS A2R/HyperStudio (USA) (v3.1c) (Disk 3).mp4</video>
  </game>
  <game>
    <path>/recalbox/share/rom/No-Intro/Apple - IIGS A2R/HyperStudio (USA) (v3.1c) (Disk 4).zip</path>
    <name>HyperStudio (USA) (v3.1c) (Disk 4)</name>
    <image>/recalbox/share/thumbs2/Apple - IIGS A2R/HyperStudio (USA) (v3.1c) (Disk 4).png</image>
    <video>/recalbox/share/videos/Apple - IIGS A2R/HyperStudio (USA) (v3.1c) (Disk 4).mp4</video>
  </game>
  <game>
    <path>/recalbox/share/rom/No-Intro/Apple - IIGS A2R/HyperStudio (USA) (v3.1c) (Disk 5).zip</path>
    <name>HyperStudio (USA) (v3.1c) (Disk 5)</name>
    <image>/recalbox/share/thumbs2/Apple - IIGS A2R/HyperStudio (USA) (v3.1c) (Disk 5).png</image>
    <video>/recalbox/share/videos/Apple - IIGS A2R/HyperStudio (USA) (v3.1c) (Disk 5).mp4</video>
  </game>
  <game>
    <path>/recalbox/share/rom/No-Intro/Apple - IIGS A2R/HyperStudio (USA) (v3.1c) (Disk 6).zip</path>
    <name>HyperStudio (USA) (v3.1c) (Disk 6)</name>
    <image>/recalbox/share/thumbs2/Apple - IIGS A2R/HyperStudio (USA) (v3.1c) (Disk 6).png</image>
    <video>/recalbox/share/videos/Apple - IIGS A2R/HyperStudio (USA) (v3.1c) (Disk 6).mp4</video>
  </game>
  <game>
    <path>/recalbox/share/rom/No-Intro/Apple - IIGS A2R/HyperStudio (USA) (v3.1c) (Disk 7).zip</path>
    <name>HyperStudio (USA) (v3.1c) (Disk 7)</name>
    <image>/recalbox/share/thumbs2/Apple - IIGS A2R/HyperStudio (USA) (v3.1c) (Disk 7).png</image>
    <video>/recalbox/share/videos/Apple - IIGS A2R/HyperStudio (USA) (v3.1c) (Disk 7).mp4</video>
  </game>
  <game>
    <path>/recalbox/share/rom/No-Intro/Apple - IIGS A2R/ImageMaster - Basic Paint (USA).zip</path>
    <name>ImageMaster - Basic Paint (USA)</name>
    <image>/recalbox/share/thumbs2/Apple - IIGS A2R/ImageMaster - Basic Paint (USA).png</image>
    <video>/recalbox/share/videos/Apple - IIGS A2R/ImageMaster - Basic Paint (USA).mp4</video>
  </game>
  <game>
    <path>/recalbox/share/rom/No-Intro/Apple - IIGS A2R/Immortal, The (USA) (Disk 1).zip</path>
    <name>Immortal, The (USA) (Disk 1)</name>
    <image>/recalbox/share/thumbs2/Apple - IIGS A2R/Immortal, The (USA) (Disk 1).png</image>
    <video>/recalbox/share/videos/Apple - IIGS A2R/Immortal, The (USA) (Disk 1).mp4</video>
  </game>
  <game>
    <path>/recalbox/share/rom/No-Intro/Apple - IIGS A2R/Immortal, The (USA) (Disk 2).zip</path>
    <name>Immortal, The (USA) (Disk 2)</name>
    <image>/recalbox/share/thumbs2/Apple - IIGS A2R/Immortal, The (USA) (Disk 2).png</image>
    <video>/recalbox/share/videos/Apple - IIGS A2R/Immortal, The (USA) (Disk 2).mp4</video>
  </game>
  <game>
    <path>/recalbox/share/rom/No-Intro/Apple - IIGS A2R/Impossible Mission II (USA).zip</path>
    <name>Impossible Mission II (USA)</name>
    <image>/recalbox/share/thumbs2/Apple - IIGS A2R/Impossible Mission II (USA).png</image>
    <video>/recalbox/share/videos/Apple - IIGS A2R/Impossible Mission II (USA).mp4</video>
  </game>
  <game>
    <path>/recalbox/share/rom/No-Intro/Apple - IIGS A2R/Instant Synthesizer (USA) (Disk 1).zip</path>
    <name>Instant Synthesizer (USA) (Disk 1)</name>
    <image>/recalbox/share/thumbs2/Apple - IIGS A2R/Instant Synthesizer (USA) (Disk 1).png</image>
    <video>/recalbox/share/videos/Apple - IIGS A2R/Instant Synthesizer (USA) (Disk 1).mp4</video>
  </game>
  <game>
    <path>/recalbox/share/rom/No-Intro/Apple - IIGS A2R/Instant Synthesizer (USA) (Disk 2).zip</path>
    <name>Instant Synthesizer (USA) (Disk 2)</name>
    <image>/recalbox/share/thumbs2/Apple - IIGS A2R/Instant Synthesizer (USA) (Disk 2).png</image>
    <video>/recalbox/share/videos/Apple - IIGS A2R/Instant Synthesizer (USA) (Disk 2).mp4</video>
  </game>
  <game>
    <path>/recalbox/share/rom/No-Intro/Apple - IIGS A2R/Jack Nicklaus Greatest 18 Holes of Major Championship Golf (USA) (Disk 1).zip</path>
    <name>Jack Nicklaus Greatest 18 Holes of Major Championship Golf (USA) (Disk 1)</name>
    <image>/recalbox/share/thumbs2/Apple - IIGS A2R/Jack Nicklaus Greatest 18 Holes of Major Championship Golf (USA) (Disk 1).png</image>
    <video>/recalbox/share/videos/Apple - IIGS A2R/Jack Nicklaus Greatest 18 Holes of Major Championship Golf (USA) (Disk 1).mp4</video>
  </game>
  <game>
    <path>/recalbox/share/rom/No-Intro/Apple - IIGS A2R/Jack Nicklaus Greatest 18 Holes of Major Championship Golf (USA) (Disk 2).zip</path>
    <name>Jack Nicklaus Greatest 18 Holes of Major Championship Golf (USA) (Disk 2)</name>
    <image>/recalbox/share/thumbs2/Apple - IIGS A2R/Jack Nicklaus Greatest 18 Holes of Major Championship Golf (USA) (Disk 2).png</image>
    <video>/recalbox/share/videos/Apple - IIGS A2R/Jack Nicklaus Greatest 18 Holes of Major Championship Golf (USA) (Disk 2).mp4</video>
  </game>
  <game>
    <path>/recalbox/share/rom/No-Intro/Apple - IIGS A2R/Jam Session (USA) (Disk 1).zip</path>
    <name>Jam Session (USA) (Disk 1)</name>
    <image>/recalbox/share/thumbs2/Apple - IIGS A2R/Jam Session (USA) (Disk 1).png</image>
    <video>/recalbox/share/videos/Apple - IIGS A2R/Jam Session (USA) (Disk 1).mp4</video>
  </game>
  <game>
    <path>/recalbox/share/rom/No-Intro/Apple - IIGS A2R/Jam Session (USA) (Disk 2).zip</path>
    <name>Jam Session (USA) (Disk 2)</name>
    <image>/recalbox/share/thumbs2/Apple - IIGS A2R/Jam Session (USA) (Disk 2).png</image>
    <video>/recalbox/share/videos/Apple - IIGS A2R/Jam Session (USA) (Disk 2).mp4</video>
  </game>
  <game>
    <path>/recalbox/share/rom/No-Intro/Apple - IIGS A2R/Jigsaw (USA) (Disk 1).zip</path>
    <name>Jigsaw (USA) (Disk 1)</name>
    <image>/recalbox/share/thumbs2/Apple - IIGS A2R/Jigsaw (USA) (Disk 1).png</image>
    <video>/recalbox/share/videos/Apple - IIGS A2R/Jigsaw (USA) (Disk 1).mp4</video>
  </game>
  <game>
    <path>/recalbox/share/rom/No-Intro/Apple - IIGS A2R/Jigsaw (USA) (Disk 2).zip</path>
    <name>Jigsaw (USA) (Disk 2)</name>
    <image>/recalbox/share/thumbs2/Apple - IIGS A2R/Jigsaw (USA) (Disk 2).png</image>
    <video>/recalbox/share/videos/Apple - IIGS A2R/Jigsaw (USA) (Disk 2).mp4</video>
  </game>
  <game>
    <path>/recalbox/share/rom/No-Intro/Apple - IIGS A2R/John Elway&apos;s Quarterback (USA).zip</path>
    <name>John Elway&apos;s Quarterback (USA)</name>
    <image>/recalbox/share/thumbs2/Apple - IIGS A2R/John Elway&apos;s Quarterback (USA).png</image>
    <video>/recalbox/share/videos/Apple - IIGS A2R/John Elway&apos;s Quarterback (USA).mp4</video>
  </game>
  <game>
    <path>/recalbox/share/rom/No-Intro/Apple - IIGS A2R/Keef the Thief (USA) (Disk 1).zip</path>
    <name>Keef the Thief (USA) (Disk 1)</name>
    <image>/recalbox/share/thumbs2/Apple - IIGS A2R/Keef the Thief (USA) (Disk 1).png</image>
    <video>/recalbox/share/videos/Apple - IIGS A2R/Keef the Thief (USA) (Disk 1).mp4</video>
  </game>
  <game>
    <path>/recalbox/share/rom/No-Intro/Apple - IIGS A2R/Keef the Thief (USA) (Disk 2).zip</path>
    <name>Keef the Thief (USA) (Disk 2)</name>
    <image>/recalbox/share/thumbs2/Apple - IIGS A2R/Keef the Thief (USA) (Disk 2).png</image>
    <video>/recalbox/share/videos/Apple - IIGS A2R/Keef the Thief (USA) (Disk 2).mp4</video>
  </game>
  <game>
    <path>/recalbox/share/rom/No-Intro/Apple - IIGS A2R/King of Chicago, The (USA) (Disk 1).zip</path>
    <name>King of Chicago, The (USA) (Disk 1)</name>
    <image>/recalbox/share/thumbs2/Apple - IIGS A2R/King of Chicago, The (USA) (Disk 1).png</image>
    <video>/recalbox/share/videos/Apple - IIGS A2R/King of Chicago, The (USA) (Disk 1).mp4</video>
  </game>
  <game>
    <path>/recalbox/share/rom/No-Intro/Apple - IIGS A2R/King of Chicago, The (USA) (Disk 2).zip</path>
    <name>King of Chicago, The (USA) (Disk 2)</name>
    <image>/recalbox/share/thumbs2/Apple - IIGS A2R/King of Chicago, The (USA) (Disk 2).png</image>
    <video>/recalbox/share/videos/Apple - IIGS A2R/King of Chicago, The (USA) (Disk 2).mp4</video>
  </game>
  <game>
    <path>/recalbox/share/rom/No-Intro/Apple - IIGS A2R/King&apos;s Quest (USA) (Disk 1).zip</path>
    <name>King&apos;s Quest (USA) (Disk 1)</name>
    <image>/recalbox/share/thumbs2/Apple - IIGS A2R/King&apos;s Quest (USA) (Disk 1).png</image>
    <video>/recalbox/share/videos/Apple - IIGS A2R/King&apos;s Quest (USA) (Disk 1).mp4</video>
  </game>
  <game>
    <path>/recalbox/share/rom/No-Intro/Apple - IIGS A2R/King&apos;s Quest (USA) (Disk 2).zip</path>
    <name>King&apos;s Quest (USA) (Disk 2)</name>
    <image>/recalbox/share/thumbs2/Apple - IIGS A2R/King&apos;s Quest (USA) (Disk 2).png</image>
    <video>/recalbox/share/videos/Apple - IIGS A2R/King&apos;s Quest (USA) (Disk 2).mp4</video>
  </game>
  <game>
    <path>/recalbox/share/rom/No-Intro/Apple - IIGS A2R/King&apos;s Quest II - Romancing the Throne (USA) (Disk 1).zip</path>
    <name>King&apos;s Quest II - Romancing the Throne (USA) (Disk 1)</name>
    <image>/recalbox/share/thumbs2/Apple - IIGS A2R/King&apos;s Quest II - Romancing the Throne (USA) (Disk 1).png</image>
    <video>/recalbox/share/videos/Apple - IIGS A2R/King&apos;s Quest II - Romancing the Throne (USA) (Disk 1).mp4</video>
  </game>
  <game>
    <path>/recalbox/share/rom/No-Intro/Apple - IIGS A2R/King&apos;s Quest II - Romancing the Throne (USA) (Disk 2).zip</path>
    <name>King&apos;s Quest II - Romancing the Throne (USA) (Disk 2)</name>
    <image>/recalbox/share/thumbs2/Apple - IIGS A2R/King&apos;s Quest II - Romancing the Throne (USA) (Disk 2).png</image>
    <video>/recalbox/share/videos/Apple - IIGS A2R/King&apos;s Quest II - Romancing the Throne (USA) (Disk 2).mp4</video>
  </game>
  <game>
    <path>/recalbox/share/rom/No-Intro/Apple - IIGS A2R/King&apos;s Quest III (USA) (Disk 1).zip</path>
    <name>King&apos;s Quest III (USA) (Disk 1)</name>
    <image>/recalbox/share/thumbs2/Apple - IIGS A2R/King&apos;s Quest III (USA) (Disk 1).png</image>
    <video>/recalbox/share/videos/Apple - IIGS A2R/King&apos;s Quest III (USA) (Disk 1).mp4</video>
  </game>
  <game>
    <path>/recalbox/share/rom/No-Intro/Apple - IIGS A2R/King&apos;s Quest III (USA) (Disk 2).zip</path>
    <name>King&apos;s Quest III (USA) (Disk 2)</name>
    <image>/recalbox/share/thumbs2/Apple - IIGS A2R/King&apos;s Quest III (USA) (Disk 2).png</image>
    <video>/recalbox/share/videos/Apple - IIGS A2R/King&apos;s Quest III (USA) (Disk 2).mp4</video>
  </game>
  <game>
    <path>/recalbox/share/rom/No-Intro/Apple - IIGS A2R/King&apos;s Quest IV (USA) (Disk 1).zip</path>
    <name>King&apos;s Quest IV (USA) (Disk 1)</name>
    <image>/recalbox/share/thumbs2/Apple - IIGS A2R/King&apos;s Quest IV (USA) (Disk 1).png</image>
    <video>/recalbox/share/videos/Apple - IIGS A2R/King&apos;s Quest IV (USA) (Disk 1).mp4</video>
  </game>
  <game>
    <path>/recalbox/share/rom/No-Intro/Apple - IIGS A2R/King&apos;s Quest IV (USA) (Disk 2).zip</path>
    <name>King&apos;s Quest IV (USA) (Disk 2)</name>
    <image>/recalbox/share/thumbs2/Apple - IIGS A2R/King&apos;s Quest IV (USA) (Disk 2).png</image>
    <video>/recalbox/share/videos/Apple - IIGS A2R/King&apos;s Quest IV (USA) (Disk 2).mp4</video>
  </game>
  <game>
    <path>/recalbox/share/rom/No-Intro/Apple - IIGS A2R/King&apos;s Quest IV (USA) (Disk 3).zip</path>
    <name>King&apos;s Quest IV (USA) (Disk 3)</name>
    <image>/recalbox/share/thumbs2/Apple - IIGS A2R/King&apos;s Quest IV (USA) (Disk 3).png</image>
    <video>/recalbox/share/videos/Apple - IIGS A2R/King&apos;s Quest IV (USA) (Disk 3).mp4</video>
  </game>
  <game>
    <path>/recalbox/share/rom/No-Intro/Apple - IIGS A2R/Laser Force (USA) (Disk 1).zip</path>
    <name>Laser Force (USA) (Disk 1)</name>
    <image>/recalbox/share/thumbs2/Apple - IIGS A2R/Laser Force (USA) (Disk 1).png</image>
    <video>/recalbox/share/videos/Apple - IIGS A2R/Laser Force (USA) (Disk 1).mp4</video>
  </game>
  <game>
    <path>/recalbox/share/rom/No-Intro/Apple - IIGS A2R/Laser Force (USA) (Disk 2).zip</path>
    <name>Laser Force (USA) (Disk 2)</name>
    <image>/recalbox/share/thumbs2/Apple - IIGS A2R/Laser Force (USA) (Disk 2).png</image>
    <video>/recalbox/share/videos/Apple - IIGS A2R/Laser Force (USA) (Disk 2).mp4</video>
  </game>
  <game>
    <path>/recalbox/share/rom/No-Intro/Apple - IIGS A2R/Last Ninja, The (USA).zip</path>
    <name>Last Ninja, The (USA)</name>
    <image>/recalbox/share/thumbs2/Apple - IIGS A2R/Last Ninja, The (USA).png</image>
    <video>/recalbox/share/videos/Apple - IIGS A2R/Last Ninja, The (USA).mp4</video>
  </game>
  <game>
    <path>/recalbox/share/rom/No-Intro/Apple - IIGS A2R/Leisure Suit Larry in the Land of the Lounge Wizard (USA) (Disk 1).zip</path>
    <name>Leisure Suit Larry in the Land of the Lounge Wizard (USA) (Disk 1)</name>
    <image>/recalbox/share/thumbs2/Apple - IIGS A2R/Leisure Suit Larry in the Land of the Lounge Wizard (USA) (Disk 1).png</image>
    <video>/recalbox/share/videos/Apple - IIGS A2R/Leisure Suit Larry in the Land of the Lounge Wizard (USA) (Disk 1).mp4</video>
  </game>
  <game>
    <path>/recalbox/share/rom/No-Intro/Apple - IIGS A2R/Leisure Suit Larry in the Land of the Lounge Wizard (USA) (Disk 2).zip</path>
    <name>Leisure Suit Larry in the Land of the Lounge Wizard (USA) (Disk 2)</name>
    <image>/recalbox/share/thumbs2/Apple - IIGS A2R/Leisure Suit Larry in the Land of the Lounge Wizard (USA) (Disk 2).png</image>
    <video>/recalbox/share/videos/Apple - IIGS A2R/Leisure Suit Larry in the Land of the Lounge Wizard (USA) (Disk 2).mp4</video>
  </game>
  <game>
    <path>/recalbox/share/rom/No-Intro/Apple - IIGS A2R/Mad Libs (USA).zip</path>
    <name>Mad Libs (USA)</name>
    <image>/recalbox/share/thumbs2/Apple - IIGS A2R/Mad Libs (USA).png</image>
    <video>/recalbox/share/videos/Apple - IIGS A2R/Mad Libs (USA).mp4</video>
  </game>
  <game>
    <path>/recalbox/share/rom/No-Intro/Apple - IIGS A2R/Manhunter - New York (USA) (Disk 1).zip</path>
    <name>Manhunter - New York (USA) (Disk 1)</name>
    <image>/recalbox/share/thumbs2/Apple - IIGS A2R/Manhunter - New York (USA) (Disk 1).png</image>
    <video>/recalbox/share/videos/Apple - IIGS A2R/Manhunter - New York (USA) (Disk 1).mp4</video>
  </game>
  <game>
    <path>/recalbox/share/rom/No-Intro/Apple - IIGS A2R/Manhunter - New York (USA) (Disk 2).zip</path>
    <name>Manhunter - New York (USA) (Disk 2)</name>
    <image>/recalbox/share/thumbs2/Apple - IIGS A2R/Manhunter - New York (USA) (Disk 2).png</image>
    <video>/recalbox/share/videos/Apple - IIGS A2R/Manhunter - New York (USA) (Disk 2).mp4</video>
  </game>
  <game>
    <path>/recalbox/share/rom/No-Intro/Apple - IIGS A2R/Manhunter - New York (USA) (Disk 3).zip</path>
    <name>Manhunter - New York (USA) (Disk 3)</name>
    <image>/recalbox/share/thumbs2/Apple - IIGS A2R/Manhunter - New York (USA) (Disk 3).png</image>
    <video>/recalbox/share/videos/Apple - IIGS A2R/Manhunter - New York (USA) (Disk 3).mp4</video>
  </game>
  <game>
    <path>/recalbox/share/rom/No-Intro/Apple - IIGS A2R/Manhunter - New York (USA) (Disk 4).zip</path>
    <name>Manhunter - New York (USA) (Disk 4)</name>
    <image>/recalbox/share/thumbs2/Apple - IIGS A2R/Manhunter - New York (USA) (Disk 4).png</image>
    <video>/recalbox/share/videos/Apple - IIGS A2R/Manhunter - New York (USA) (Disk 4).mp4</video>
  </game>
  <game>
    <path>/recalbox/share/rom/No-Intro/Apple - IIGS A2R/Master Tracks Jr. (USA) (v1.03).zip</path>
    <name>Master Tracks Jr. (USA) (v1.03)</name>
    <image>/recalbox/share/thumbs2/Apple - IIGS A2R/Master Tracks Jr. (USA) (v1.03).png</image>
    <video>/recalbox/share/videos/Apple - IIGS A2R/Master Tracks Jr. (USA) (v1.03).mp4</video>
  </game>
  <game>
    <path>/recalbox/share/rom/No-Intro/Apple - IIGS A2R/Master Tracks Pro (USA) (v1.04).zip</path>
    <name>Master Tracks Pro (USA) (v1.04)</name>
    <image>/recalbox/share/thumbs2/Apple - IIGS A2R/Master Tracks Pro (USA) (v1.04).png</image>
    <video>/recalbox/share/videos/Apple - IIGS A2R/Master Tracks Pro (USA) (v1.04).mp4</video>
  </game>
  <game>
    <path>/recalbox/share/rom/No-Intro/Apple - IIGS A2R/Math and Me (USA).zip</path>
    <name>Math and Me (USA)</name>
    <image>/recalbox/share/thumbs2/Apple - IIGS A2R/Math and Me (USA).png</image>
    <video>/recalbox/share/videos/Apple - IIGS A2R/Math and Me (USA).mp4</video>
  </game>
  <game>
    <path>/recalbox/share/rom/No-Intro/Apple - IIGS A2R/Mavis Beacon (USA) (Disk 1).zip</path>
    <name>Mavis Beacon (USA) (Disk 1)</name>
    <image>/recalbox/share/thumbs2/Apple - IIGS A2R/Mavis Beacon (USA) (Disk 1).png</image>
    <video>/recalbox/share/videos/Apple - IIGS A2R/Mavis Beacon (USA) (Disk 1).mp4</video>
  </game>
  <game>
    <path>/recalbox/share/rom/No-Intro/Apple - IIGS A2R/Mavis Beacon (USA) (Disk 2).zip</path>
    <name>Mavis Beacon (USA) (Disk 2)</name>
    <image>/recalbox/share/thumbs2/Apple - IIGS A2R/Mavis Beacon (USA) (Disk 2).png</image>
    <video>/recalbox/share/videos/Apple - IIGS A2R/Mavis Beacon (USA) (Disk 2).mp4</video>
  </game>
  <game>
    <path>/recalbox/share/rom/No-Intro/Apple - IIGS A2R/Mean 18 (USA) (Disk 1).zip</path>
    <name>Mean 18 (USA) (Disk 1)</name>
    <image>/recalbox/share/thumbs2/Apple - IIGS A2R/Mean 18 (USA) (Disk 1).png</image>
    <video>/recalbox/share/videos/Apple - IIGS A2R/Mean 18 (USA) (Disk 1).mp4</video>
  </game>
  <game>
    <path>/recalbox/share/rom/No-Intro/Apple - IIGS A2R/Mean 18 (USA) (Disk 2).zip</path>
    <name>Mean 18 (USA) (Disk 2)</name>
    <image>/recalbox/share/thumbs2/Apple - IIGS A2R/Mean 18 (USA) (Disk 2).png</image>
    <video>/recalbox/share/videos/Apple - IIGS A2R/Mean 18 (USA) (Disk 2).mp4</video>
  </game>
  <game>
    <path>/recalbox/share/rom/No-Intro/Apple - IIGS A2R/Mean 18 (USA) (Disk 3).zip</path>
    <name>Mean 18 (USA) (Disk 3)</name>
    <image>/recalbox/share/thumbs2/Apple - IIGS A2R/Mean 18 (USA) (Disk 3).png</image>
    <video>/recalbox/share/videos/Apple - IIGS A2R/Mean 18 (USA) (Disk 3).mp4</video>
  </game>
  <game>
    <path>/recalbox/share/rom/No-Intro/Apple - IIGS A2R/Mean 18 (USA) (Disk 4).zip</path>
    <name>Mean 18 (USA) (Disk 4)</name>
    <image>/recalbox/share/thumbs2/Apple - IIGS A2R/Mean 18 (USA) (Disk 4).png</image>
    <video>/recalbox/share/videos/Apple - IIGS A2R/Mean 18 (USA) (Disk 4).mp4</video>
  </game>
  <game>
    <path>/recalbox/share/rom/No-Intro/Apple - IIGS A2R/Mercury (USA) (Disk 1).zip</path>
    <name>Mercury (USA) (Disk 1)</name>
    <image>/recalbox/share/thumbs2/Apple - IIGS A2R/Mercury (USA) (Disk 1).png</image>
    <video>/recalbox/share/videos/Apple - IIGS A2R/Mercury (USA) (Disk 1).mp4</video>
  </game>
  <game>
    <path>/recalbox/share/rom/No-Intro/Apple - IIGS A2R/Mercury (USA) (Disk 2).zip</path>
    <name>Mercury (USA) (Disk 2)</name>
    <image>/recalbox/share/thumbs2/Apple - IIGS A2R/Mercury (USA) (Disk 2).png</image>
    <video>/recalbox/share/videos/Apple - IIGS A2R/Mercury (USA) (Disk 2).mp4</video>
  </game>
  <game>
    <path>/recalbox/share/rom/No-Intro/Apple - IIGS A2R/Mini-Putt - The Ultimate Challenge (USA).zip</path>
    <name>Mini-Putt - The Ultimate Challenge (USA)</name>
    <image>/recalbox/share/thumbs2/Apple - IIGS A2R/Mini-Putt - The Ultimate Challenge (USA).png</image>
    <video>/recalbox/share/videos/Apple - IIGS A2R/Mini-Putt - The Ultimate Challenge (USA).mp4</video>
  </game>
  <game>
    <path>/recalbox/share/rom/No-Intro/Apple - IIGS A2R/Monte Carlo (USA).zip</path>
    <name>Monte Carlo (USA)</name>
    <image>/recalbox/share/thumbs2/Apple - IIGS A2R/Monte Carlo (USA).png</image>
    <video>/recalbox/share/videos/Apple - IIGS A2R/Monte Carlo (USA).mp4</video>
  </game>
  <game>
    <path>/recalbox/share/rom/No-Intro/Apple - IIGS A2R/Music Construction Set (USA).zip</path>
    <name>Music Construction Set (USA)</name>
    <image>/recalbox/share/thumbs2/Apple - IIGS A2R/Music Construction Set (USA).png</image>
    <video>/recalbox/share/videos/Apple - IIGS A2R/Music Construction Set (USA).mp4</video>
  </game>
  <game>
    <path>/recalbox/share/rom/No-Intro/Apple - IIGS A2R/Music Studio (USA) (v2.0) (Disk 1).zip</path>
    <name>Music Studio (USA) (v2.0) (Disk 1)</name>
    <image>/recalbox/share/thumbs2/Apple - IIGS A2R/Music Studio (USA) (v2.0) (Disk 1).png</image>
    <video>/recalbox/share/videos/Apple - IIGS A2R/Music Studio (USA) (v2.0) (Disk 1).mp4</video>
  </game>
  <game>
    <path>/recalbox/share/rom/No-Intro/Apple - IIGS A2R/Music Studio (USA) (v2.0) (Disk 2).zip</path>
    <name>Music Studio (USA) (v2.0) (Disk 2)</name>
    <image>/recalbox/share/thumbs2/Apple - IIGS A2R/Music Studio (USA) (v2.0) (Disk 2).png</image>
    <video>/recalbox/share/videos/Apple - IIGS A2R/Music Studio (USA) (v2.0) (Disk 2).mp4</video>
  </game>
  <game>
    <path>/recalbox/share/rom/No-Intro/Apple - IIGS A2R/Music Writer (USA) (v2.03) (Disk 1).zip</path>
    <name>Music Writer (USA) (v2.03) (Disk 1)</name>
    <image>/recalbox/share/thumbs2/Apple - IIGS A2R/Music Writer (USA) (v2.03) (Disk 1).png</image>
    <video>/recalbox/share/videos/Apple - IIGS A2R/Music Writer (USA) (v2.03) (Disk 1).mp4</video>
  </game>
  <game>
    <path>/recalbox/share/rom/No-Intro/Apple - IIGS A2R/Music Writer (USA) (v2.03) (Disk 2).zip</path>
    <name>Music Writer (USA) (v2.03) (Disk 2)</name>
    <image>/recalbox/share/thumbs2/Apple - IIGS A2R/Music Writer (USA) (v2.03) (Disk 2).png</image>
    <video>/recalbox/share/videos/Apple - IIGS A2R/Music Writer (USA) (v2.03) (Disk 2).mp4</video>
  </game>
  <game>
    <path>/recalbox/share/rom/No-Intro/Apple - IIGS A2R/Neuromancer (USA).zip</path>
    <name>Neuromancer (USA)</name>
    <image>/recalbox/share/thumbs2/Apple - IIGS A2R/Neuromancer (USA).png</image>
    <video>/recalbox/share/videos/Apple - IIGS A2R/Neuromancer (USA).mp4</video>
  </game>
  <game>
    <path>/recalbox/share/rom/No-Intro/Apple - IIGS A2R/NoiseTracker (USA).zip</path>
    <name>NoiseTracker (USA)</name>
    <image>/recalbox/share/thumbs2/Apple - IIGS A2R/NoiseTracker (USA).png</image>
    <video>/recalbox/share/videos/Apple - IIGS A2R/NoiseTracker (USA).mp4</video>
  </game>
  <game>
    <path>/recalbox/share/rom/No-Intro/Apple - IIGS A2R/Omega (USA).zip</path>
    <name>Omega (USA)</name>
    <image>/recalbox/share/thumbs2/Apple - IIGS A2R/Omega (USA).png</image>
    <video>/recalbox/share/videos/Apple - IIGS A2R/Omega (USA).mp4</video>
  </game>
  <game>
    <path>/recalbox/share/rom/No-Intro/Apple - IIGS A2R/Out of This World (USA) (Disk 1).zip</path>
    <name>Out of This World (USA) (Disk 1)</name>
    <image>/recalbox/share/thumbs2/Apple - IIGS A2R/Out of This World (USA) (Disk 1).png</image>
    <video>/recalbox/share/videos/Apple - IIGS A2R/Out of This World (USA) (Disk 1).mp4</video>
  </game>
  <game>
    <path>/recalbox/share/rom/No-Intro/Apple - IIGS A2R/Out of This World (USA) (Disk 2).zip</path>
    <name>Out of This World (USA) (Disk 2)</name>
    <image>/recalbox/share/thumbs2/Apple - IIGS A2R/Out of This World (USA) (Disk 2).png</image>
    <video>/recalbox/share/videos/Apple - IIGS A2R/Out of This World (USA) (Disk 2).mp4</video>
  </game>
  <game>
    <path>/recalbox/share/rom/No-Intro/Apple - IIGS A2R/Paintworks Gold (USA) (v1.5) (Disk 1).zip</path>
    <name>Paintworks Gold (USA) (v1.5) (Disk 1)</name>
    <image>/recalbox/share/thumbs2/Apple - IIGS A2R/Paintworks Gold (USA) (v1.5) (Disk 1).png</image>
    <video>/recalbox/share/videos/Apple - IIGS A2R/Paintworks Gold (USA) (v1.5) (Disk 1).mp4</video>
  </game>
  <game>
    <path>/recalbox/share/rom/No-Intro/Apple - IIGS A2R/Paintworks Gold (USA) (v1.5) (Disk 2).zip</path>
    <name>Paintworks Gold (USA) (v1.5) (Disk 2)</name>
    <image>/recalbox/share/thumbs2/Apple - IIGS A2R/Paintworks Gold (USA) (v1.5) (Disk 2).png</image>
    <video>/recalbox/share/videos/Apple - IIGS A2R/Paintworks Gold (USA) (v1.5) (Disk 2).mp4</video>
  </game>
  <game>
    <path>/recalbox/share/rom/No-Intro/Apple - IIGS A2R/Paintworks Plus (USA).zip</path>
    <name>Paintworks Plus (USA)</name>
    <image>/recalbox/share/thumbs2/Apple - IIGS A2R/Paintworks Plus (USA).png</image>
    <video>/recalbox/share/videos/Apple - IIGS A2R/Paintworks Plus (USA).mp4</video>
  </game>
  <game>
    <path>/recalbox/share/rom/No-Intro/Apple - IIGS A2R/Photonix (USA) (v1.46).zip</path>
    <name>Photonix (USA) (v1.46)</name>
    <image>/recalbox/share/thumbs2/Apple - IIGS A2R/Photonix (USA) (v1.46).png</image>
    <video>/recalbox/share/videos/Apple - IIGS A2R/Photonix (USA) (v1.46).mp4</video>
  </game>
  <game>
    <path>/recalbox/share/rom/No-Intro/Apple - IIGS A2R/Pipe Dream (USA).zip</path>
    <name>Pipe Dream (USA)</name>
    <image>/recalbox/share/thumbs2/Apple - IIGS A2R/Pipe Dream (USA).png</image>
    <video>/recalbox/share/videos/Apple - IIGS A2R/Pipe Dream (USA).mp4</video>
  </game>
  <game>
    <path>/recalbox/share/rom/No-Intro/Apple - IIGS A2R/Platinum Paint (USA) (v2.01) (Disk 1).zip</path>
    <name>Platinum Paint (USA) (v2.01) (Disk 1)</name>
    <image>/recalbox/share/thumbs2/Apple - IIGS A2R/Platinum Paint (USA) (v2.01) (Disk 1).png</image>
    <video>/recalbox/share/videos/Apple - IIGS A2R/Platinum Paint (USA) (v2.01) (Disk 1).mp4</video>
  </game>
  <game>
    <path>/recalbox/share/rom/No-Intro/Apple - IIGS A2R/Platinum Paint (USA) (v2.01) (Disk 2).zip</path>
    <name>Platinum Paint (USA) (v2.01) (Disk 2)</name>
    <image>/recalbox/share/thumbs2/Apple - IIGS A2R/Platinum Paint (USA) (v2.01) (Disk 2).png</image>
    <video>/recalbox/share/videos/Apple - IIGS A2R/Platinum Paint (USA) (v2.01) (Disk 2).mp4</video>
  </game>
  <game>
    <path>/recalbox/share/rom/No-Intro/Apple - IIGS A2R/Police Quest (USA) (Disk 1).zip</path>
    <name>Police Quest (USA) (Disk 1)</name>
    <image>/recalbox/share/thumbs2/Apple - IIGS A2R/Police Quest (USA) (Disk 1).png</image>
    <video>/recalbox/share/videos/Apple - IIGS A2R/Police Quest (USA) (Disk 1).mp4</video>
  </game>
  <game>
    <path>/recalbox/share/rom/No-Intro/Apple - IIGS A2R/Police Quest (USA) (Disk 2).zip</path>
    <name>Police Quest (USA) (Disk 2)</name>
    <image>/recalbox/share/thumbs2/Apple - IIGS A2R/Police Quest (USA) (Disk 2).png</image>
    <video>/recalbox/share/videos/Apple - IIGS A2R/Police Quest (USA) (Disk 2).mp4</video>
  </game>
  <game>
    <path>/recalbox/share/rom/No-Intro/Apple - IIGS A2R/Print Shop (USA).zip</path>
    <name>Print Shop (USA)</name>
    <image>/recalbox/share/thumbs2/Apple - IIGS A2R/Print Shop (USA).png</image>
    <video>/recalbox/share/videos/Apple - IIGS A2R/Print Shop (USA).mp4</video>
  </game>
  <game>
    <path>/recalbox/share/rom/No-Intro/Apple - IIGS A2R/Print Shop Companion, The (USA).zip</path>
    <name>Print Shop Companion, The (USA)</name>
    <image>/recalbox/share/thumbs2/Apple - IIGS A2R/Print Shop Companion, The (USA).png</image>
    <video>/recalbox/share/videos/Apple - IIGS A2R/Print Shop Companion, The (USA).mp4</video>
  </game>
  <game>
    <path>/recalbox/share/rom/No-Intro/Apple - IIGS A2R/Qix (USA).zip</path>
    <name>Qix (USA)</name>
    <image>/recalbox/share/thumbs2/Apple - IIGS A2R/Qix (USA).png</image>
    <video>/recalbox/share/videos/Apple - IIGS A2R/Qix (USA).mp4</video>
  </game>
  <game>
    <path>/recalbox/share/rom/No-Intro/Apple - IIGS A2R/Questron II (USA).zip</path>
    <name>Questron II (USA)</name>
    <image>/recalbox/share/thumbs2/Apple - IIGS A2R/Questron II (USA).png</image>
    <video>/recalbox/share/videos/Apple - IIGS A2R/Questron II (USA).mp4</video>
  </game>
  <game>
    <path>/recalbox/share/rom/No-Intro/Apple - IIGS A2R/Reach for the Stars (USA).zip</path>
    <name>Reach for the Stars (USA)</name>
    <image>/recalbox/share/thumbs2/Apple - IIGS A2R/Reach for the Stars (USA).png</image>
    <video>/recalbox/share/videos/Apple - IIGS A2R/Reach for the Stars (USA).mp4</video>
  </game>
  <game>
    <path>/recalbox/share/rom/No-Intro/Apple - IIGS A2R/Read &amp; Rhyme (USA) (Disk 1).zip</path>
    <name>Read &amp; Rhyme (USA) (Disk 1)</name>
    <image>/recalbox/share/thumbs2/Apple - IIGS A2R/Read &amp; Rhyme (USA) (Disk 1).png</image>
    <video>/recalbox/share/videos/Apple - IIGS A2R/Read &amp; Rhyme (USA) (Disk 1).mp4</video>
  </game>
  <game>
    <path>/recalbox/share/rom/No-Intro/Apple - IIGS A2R/Read &amp; Rhyme (USA) (Disk 2).zip</path>
    <name>Read &amp; Rhyme (USA) (Disk 2)</name>
    <image>/recalbox/share/thumbs2/Apple - IIGS A2R/Read &amp; Rhyme (USA) (Disk 2).png</image>
    <video>/recalbox/share/videos/Apple - IIGS A2R/Read &amp; Rhyme (USA) (Disk 2).mp4</video>
  </game>
  <game>
    <path>/recalbox/share/rom/No-Intro/Apple - IIGS A2R/Read-a-Rama (USA) (Disk 1).zip</path>
    <name>Read-a-Rama (USA) (Disk 1)</name>
    <image>/recalbox/share/thumbs2/Apple - IIGS A2R/Read-a-Rama (USA) (Disk 1).png</image>
    <video>/recalbox/share/videos/Apple - IIGS A2R/Read-a-Rama (USA) (Disk 1).mp4</video>
  </game>
  <game>
    <path>/recalbox/share/rom/No-Intro/Apple - IIGS A2R/Read-a-Rama (USA) (Disk 2).zip</path>
    <name>Read-a-Rama (USA) (Disk 2)</name>
    <image>/recalbox/share/thumbs2/Apple - IIGS A2R/Read-a-Rama (USA) (Disk 2).png</image>
    <video>/recalbox/share/videos/Apple - IIGS A2R/Read-a-Rama (USA) (Disk 2).mp4</video>
  </game>
  <game>
    <path>/recalbox/share/rom/No-Intro/Apple - IIGS A2R/Read-a-Rama (USA) (Disk 3).zip</path>
    <name>Read-a-Rama (USA) (Disk 3)</name>
    <image>/recalbox/share/thumbs2/Apple - IIGS A2R/Read-a-Rama (USA) (Disk 3).png</image>
    <video>/recalbox/share/videos/Apple - IIGS A2R/Read-a-Rama (USA) (Disk 3).mp4</video>
  </game>
  <game>
    <path>/recalbox/share/rom/No-Intro/Apple - IIGS A2R/Reader Rabbit (USA).zip</path>
    <name>Reader Rabbit (USA)</name>
    <image>/recalbox/share/thumbs2/Apple - IIGS A2R/Reader Rabbit (USA).png</image>
    <video>/recalbox/share/videos/Apple - IIGS A2R/Reader Rabbit (USA).mp4</video>
  </game>
  <game>
    <path>/recalbox/share/rom/No-Intro/Apple - IIGS A2R/Reading and Me (USA) (Disk 1).zip</path>
    <name>Reading and Me (USA) (Disk 1)</name>
    <image>/recalbox/share/thumbs2/Apple - IIGS A2R/Reading and Me (USA) (Disk 1).png</image>
    <video>/recalbox/share/videos/Apple - IIGS A2R/Reading and Me (USA) (Disk 1).mp4</video>
  </game>
  <game>
    <path>/recalbox/share/rom/No-Intro/Apple - IIGS A2R/Reading and Me (USA) (Disk 2).zip</path>
    <name>Reading and Me (USA) (Disk 2)</name>
    <image>/recalbox/share/thumbs2/Apple - IIGS A2R/Reading and Me (USA) (Disk 2).png</image>
    <video>/recalbox/share/videos/Apple - IIGS A2R/Reading and Me (USA) (Disk 2).mp4</video>
  </game>
  <game>
    <path>/recalbox/share/rom/No-Intro/Apple - IIGS A2R/Roadwar 2000 (USA).zip</path>
    <name>Roadwar 2000 (USA)</name>
    <image>/recalbox/share/thumbs2/Apple - IIGS A2R/Roadwar 2000 (USA).png</image>
    <video>/recalbox/share/videos/Apple - IIGS A2R/Roadwar 2000 (USA).mp4</video>
  </game>
  <game>
    <path>/recalbox/share/rom/No-Intro/Apple - IIGS A2R/Salvation Supreme (USA) (v2.0) (Disk 1).zip</path>
    <name>Salvation Supreme (USA) (v2.0) (Disk 1)</name>
    <image>/recalbox/share/thumbs2/Apple - IIGS A2R/Salvation Supreme (USA) (v2.0) (Disk 1).png</image>
    <video>/recalbox/share/videos/Apple - IIGS A2R/Salvation Supreme (USA) (v2.0) (Disk 1).mp4</video>
  </game>
  <game>
    <path>/recalbox/share/rom/No-Intro/Apple - IIGS A2R/Salvation Supreme (USA) (v2.0) (Disk 2).zip</path>
    <name>Salvation Supreme (USA) (v2.0) (Disk 2)</name>
    <image>/recalbox/share/thumbs2/Apple - IIGS A2R/Salvation Supreme (USA) (v2.0) (Disk 2).png</image>
    <video>/recalbox/share/videos/Apple - IIGS A2R/Salvation Supreme (USA) (v2.0) (Disk 2).mp4</video>
  </game>
  <game>
    <path>/recalbox/share/rom/No-Intro/Apple - IIGS A2R/Sea Strike (USA).zip</path>
    <name>Sea Strike (USA)</name>
    <image>/recalbox/share/thumbs2/Apple - IIGS A2R/Sea Strike (USA).png</image>
    <video>/recalbox/share/videos/Apple - IIGS A2R/Sea Strike (USA).mp4</video>
  </game>
  <game>
    <path>/recalbox/share/rom/No-Intro/Apple - IIGS A2R/Serve &amp; Volley (USA).zip</path>
    <name>Serve &amp; Volley (USA)</name>
    <image>/recalbox/share/thumbs2/Apple - IIGS A2R/Serve &amp; Volley (USA).png</image>
    <video>/recalbox/share/videos/Apple - IIGS A2R/Serve &amp; Volley (USA).mp4</video>
  </game>
  <game>
    <path>/recalbox/share/rom/No-Intro/Apple - IIGS A2R/Shadowgate (USA) (Disk 1).zip</path>
    <name>Shadowgate (USA) (Disk 1)</name>
    <image>/recalbox/share/thumbs2/Apple - IIGS A2R/Shadowgate (USA) (Disk 1).png</image>
    <video>/recalbox/share/videos/Apple - IIGS A2R/Shadowgate (USA) (Disk 1).mp4</video>
  </game>
  <game>
    <path>/recalbox/share/rom/No-Intro/Apple - IIGS A2R/Shadowgate (USA) (Disk 2).zip</path>
    <name>Shadowgate (USA) (Disk 2)</name>
    <image>/recalbox/share/thumbs2/Apple - IIGS A2R/Shadowgate (USA) (Disk 2).png</image>
    <video>/recalbox/share/videos/Apple - IIGS A2R/Shadowgate (USA) (Disk 2).mp4</video>
  </game>
  <game>
    <path>/recalbox/share/rom/No-Intro/Apple - IIGS A2R/Shanghai (USA).zip</path>
    <name>Shanghai (USA)</name>
    <image>/recalbox/share/thumbs2/Apple - IIGS A2R/Shanghai (USA).png</image>
    <video>/recalbox/share/videos/Apple - IIGS A2R/Shanghai (USA).mp4</video>
  </game>
  <game>
    <path>/recalbox/share/rom/No-Intro/Apple - IIGS A2R/Shanghai II - Dragon&apos;s Eye (USA) (Disk 1).zip</path>
    <name>Shanghai II - Dragon&apos;s Eye (USA) (Disk 1)</name>
    <image>/recalbox/share/thumbs2/Apple - IIGS A2R/Shanghai II - Dragon&apos;s Eye (USA) (Disk 1).png</image>
    <video>/recalbox/share/videos/Apple - IIGS A2R/Shanghai II - Dragon&apos;s Eye (USA) (Disk 1).mp4</video>
  </game>
  <game>
    <path>/recalbox/share/rom/No-Intro/Apple - IIGS A2R/Shanghai II - Dragon&apos;s Eye (USA) (Disk 2).zip</path>
    <name>Shanghai II - Dragon&apos;s Eye (USA) (Disk 2)</name>
    <image>/recalbox/share/thumbs2/Apple - IIGS A2R/Shanghai II - Dragon&apos;s Eye (USA) (Disk 2).png</image>
    <video>/recalbox/share/videos/Apple - IIGS A2R/Shanghai II - Dragon&apos;s Eye (USA) (Disk 2).mp4</video>
  </game>
  <game>
    <path>/recalbox/share/rom/No-Intro/Apple - IIGS A2R/Show Off (USA) (v1.1) (Disk 1).zip</path>
    <name>Show Off (USA) (v1.1) (Disk 1)</name>
    <image>/recalbox/share/thumbs2/Apple - IIGS A2R/Show Off (USA) (v1.1) (Disk 1).png</image>
    <video>/recalbox/share/videos/Apple - IIGS A2R/Show Off (USA) (v1.1) (Disk 1).mp4</video>
  </game>
  <game>
    <path>/recalbox/share/rom/No-Intro/Apple - IIGS A2R/Show Off (USA) (v1.1) (Disk 2).zip</path>
    <name>Show Off (USA) (v1.1) (Disk 2)</name>
    <image>/recalbox/share/thumbs2/Apple - IIGS A2R/Show Off (USA) (v1.1) (Disk 2).png</image>
    <video>/recalbox/share/videos/Apple - IIGS A2R/Show Off (USA) (v1.1) (Disk 2).mp4</video>
  </game>
  <game>
    <path>/recalbox/share/rom/No-Intro/Apple - IIGS A2R/Show Off (USA) (v1.1) (Disk 3).zip</path>
    <name>Show Off (USA) (v1.1) (Disk 3)</name>
    <image>/recalbox/share/thumbs2/Apple - IIGS A2R/Show Off (USA) (v1.1) (Disk 3).png</image>
    <video>/recalbox/share/videos/Apple - IIGS A2R/Show Off (USA) (v1.1) (Disk 3).mp4</video>
  </game>
  <game>
    <path>/recalbox/share/rom/No-Intro/Apple - IIGS A2R/Silent Service (USA).zip</path>
    <name>Silent Service (USA)</name>
    <image>/recalbox/share/thumbs2/Apple - IIGS A2R/Silent Service (USA).png</image>
    <video>/recalbox/share/videos/Apple - IIGS A2R/Silent Service (USA).mp4</video>
  </game>
  <game>
    <path>/recalbox/share/rom/No-Intro/Apple - IIGS A2R/Silpheed (USA) (Disk 1).zip</path>
    <name>Silpheed (USA) (Disk 1)</name>
    <image>/recalbox/share/thumbs2/Apple - IIGS A2R/Silpheed (USA) (Disk 1).png</image>
    <video>/recalbox/share/videos/Apple - IIGS A2R/Silpheed (USA) (Disk 1).mp4</video>
  </game>
  <game>
    <path>/recalbox/share/rom/No-Intro/Apple - IIGS A2R/Silpheed (USA) (Disk 2).zip</path>
    <name>Silpheed (USA) (Disk 2)</name>
    <image>/recalbox/share/thumbs2/Apple - IIGS A2R/Silpheed (USA) (Disk 2).png</image>
    <video>/recalbox/share/videos/Apple - IIGS A2R/Silpheed (USA) (Disk 2).mp4</video>
  </game>
  <game>
    <path>/recalbox/share/rom/No-Intro/Apple - IIGS A2R/Skate or Die (USA).zip</path>
    <name>Skate or Die (USA)</name>
    <image>/recalbox/share/thumbs2/Apple - IIGS A2R/Skate or Die (USA).png</image>
    <video>/recalbox/share/videos/Apple - IIGS A2R/Skate or Die (USA).mp4</video>
  </game>
  <game>
    <path>/recalbox/share/rom/No-Intro/Apple - IIGS A2R/SmoothTalker (USA).zip</path>
    <name>SmoothTalker (USA)</name>
    <image>/recalbox/share/thumbs2/Apple - IIGS A2R/SmoothTalker (USA).png</image>
    <video>/recalbox/share/videos/Apple - IIGS A2R/SmoothTalker (USA).mp4</video>
  </game>
  <game>
    <path>/recalbox/share/rom/No-Intro/Apple - IIGS A2R/Snoopy&apos;s Reading Machine (USA).zip</path>
    <name>Snoopy&apos;s Reading Machine (USA)</name>
    <image>/recalbox/share/thumbs2/Apple - IIGS A2R/Snoopy&apos;s Reading Machine (USA).png</image>
    <video>/recalbox/share/videos/Apple - IIGS A2R/Snoopy&apos;s Reading Machine (USA).mp4</video>
  </game>
  <game>
    <path>/recalbox/share/rom/No-Intro/Apple - IIGS A2R/Solitaire Royale (USA).zip</path>
    <name>Solitaire Royale (USA)</name>
    <image>/recalbox/share/thumbs2/Apple - IIGS A2R/Solitaire Royale (USA).png</image>
    <video>/recalbox/share/videos/Apple - IIGS A2R/Solitaire Royale (USA).mp4</video>
  </game>
  <game>
    <path>/recalbox/share/rom/No-Intro/Apple - IIGS A2R/Space Ace (USA) (Disk 1).zip</path>
    <name>Space Ace (USA) (Disk 1)</name>
    <image>/recalbox/share/thumbs2/Apple - IIGS A2R/Space Ace (USA) (Disk 1).png</image>
    <video>/recalbox/share/videos/Apple - IIGS A2R/Space Ace (USA) (Disk 1).mp4</video>
  </game>
  <game>
    <path>/recalbox/share/rom/No-Intro/Apple - IIGS A2R/Space Ace (USA) (Disk 2).zip</path>
    <name>Space Ace (USA) (Disk 2)</name>
    <image>/recalbox/share/thumbs2/Apple - IIGS A2R/Space Ace (USA) (Disk 2).png</image>
    <video>/recalbox/share/videos/Apple - IIGS A2R/Space Ace (USA) (Disk 2).mp4</video>
  </game>
  <game>
    <path>/recalbox/share/rom/No-Intro/Apple - IIGS A2R/Space Ace (USA) (Disk 3).zip</path>
    <name>Space Ace (USA) (Disk 3)</name>
    <image>/recalbox/share/thumbs2/Apple - IIGS A2R/Space Ace (USA) (Disk 3).png</image>
    <video>/recalbox/share/videos/Apple - IIGS A2R/Space Ace (USA) (Disk 3).mp4</video>
  </game>
  <game>
    <path>/recalbox/share/rom/No-Intro/Apple - IIGS A2R/Space Ace (USA) (Disk 4).zip</path>
    <name>Space Ace (USA) (Disk 4)</name>
    <image>/recalbox/share/thumbs2/Apple - IIGS A2R/Space Ace (USA) (Disk 4).png</image>
    <video>/recalbox/share/videos/Apple - IIGS A2R/Space Ace (USA) (Disk 4).mp4</video>
  </game>
  <game>
    <path>/recalbox/share/rom/No-Intro/Apple - IIGS A2R/Space Ace (USA) (Disk 5).zip</path>
    <name>Space Ace (USA) (Disk 5)</name>
    <image>/recalbox/share/thumbs2/Apple - IIGS A2R/Space Ace (USA) (Disk 5).png</image>
    <video>/recalbox/share/videos/Apple - IIGS A2R/Space Ace (USA) (Disk 5).mp4</video>
  </game>
  <game>
    <path>/recalbox/share/rom/No-Intro/Apple - IIGS A2R/Space Ace (USA) (Disk 6).zip</path>
    <name>Space Ace (USA) (Disk 6)</name>
    <image>/recalbox/share/thumbs2/Apple - IIGS A2R/Space Ace (USA) (Disk 6).png</image>
    <video>/recalbox/share/videos/Apple - IIGS A2R/Space Ace (USA) (Disk 6).mp4</video>
  </game>
  <game>
    <path>/recalbox/share/rom/No-Intro/Apple - IIGS A2R/Space Ace (USA) (Disk 7).zip</path>
    <name>Space Ace (USA) (Disk 7)</name>
    <image>/recalbox/share/thumbs2/Apple - IIGS A2R/Space Ace (USA) (Disk 7).png</image>
    <video>/recalbox/share/videos/Apple - IIGS A2R/Space Ace (USA) (Disk 7).mp4</video>
  </game>
  <game>
    <path>/recalbox/share/rom/No-Intro/Apple - IIGS A2R/Space Ace (USA) (Disk 8).zip</path>
    <name>Space Ace (USA) (Disk 8)</name>
    <image>/recalbox/share/thumbs2/Apple - IIGS A2R/Space Ace (USA) (Disk 8).png</image>
    <video>/recalbox/share/videos/Apple - IIGS A2R/Space Ace (USA) (Disk 8).mp4</video>
  </game>
  <game>
    <path>/recalbox/share/rom/No-Intro/Apple - IIGS A2R/Space Ace (USA) (Disk 9).zip</path>
    <name>Space Ace (USA) (Disk 9)</name>
    <image>/recalbox/share/thumbs2/Apple - IIGS A2R/Space Ace (USA) (Disk 9).png</image>
    <video>/recalbox/share/videos/Apple - IIGS A2R/Space Ace (USA) (Disk 9).mp4</video>
  </game>
  <game>
    <path>/recalbox/share/rom/No-Intro/Apple - IIGS A2R/Space Quest I - The Sarien Encounter (USA) (Disk 1).zip</path>
    <name>Space Quest I - The Sarien Encounter (USA) (Disk 1)</name>
    <image>/recalbox/share/thumbs2/Apple - IIGS A2R/Space Quest I - The Sarien Encounter (USA) (Disk 1).png</image>
    <video>/recalbox/share/videos/Apple - IIGS A2R/Space Quest I - The Sarien Encounter (USA) (Disk 1).mp4</video>
  </game>
  <game>
    <path>/recalbox/share/rom/No-Intro/Apple - IIGS A2R/Space Quest I - The Sarien Encounter (USA) (Disk 2).zip</path>
    <name>Space Quest I - The Sarien Encounter (USA) (Disk 2)</name>
    <image>/recalbox/share/thumbs2/Apple - IIGS A2R/Space Quest I - The Sarien Encounter (USA) (Disk 2).png</image>
    <video>/recalbox/share/videos/Apple - IIGS A2R/Space Quest I - The Sarien Encounter (USA) (Disk 2).mp4</video>
  </game>
  <game>
    <path>/recalbox/share/rom/No-Intro/Apple - IIGS A2R/Space Quest II - Vohaul&apos;s Revenge (USA) (Disk 1).zip</path>
    <name>Space Quest II - Vohaul&apos;s Revenge (USA) (Disk 1)</name>
    <image>/recalbox/share/thumbs2/Apple - IIGS A2R/Space Quest II - Vohaul&apos;s Revenge (USA) (Disk 1).png</image>
    <video>/recalbox/share/videos/Apple - IIGS A2R/Space Quest II - Vohaul&apos;s Revenge (USA) (Disk 1).mp4</video>
  </game>
  <game>
    <path>/recalbox/share/rom/No-Intro/Apple - IIGS A2R/Space Quest II - Vohaul&apos;s Revenge (USA) (Disk 2).zip</path>
    <name>Space Quest II - Vohaul&apos;s Revenge (USA) (Disk 2)</name>
    <image>/recalbox/share/thumbs2/Apple - IIGS A2R/Space Quest II - Vohaul&apos;s Revenge (USA) (Disk 2).png</image>
    <video>/recalbox/share/videos/Apple - IIGS A2R/Space Quest II - Vohaul&apos;s Revenge (USA) (Disk 2).mp4</video>
  </game>
  <game>
    <path>/recalbox/share/rom/No-Intro/Apple - IIGS A2R/Star Saga One - Beyond the Boundary (USA) (v1.1).zip</path>
    <name>Star Saga One - Beyond the Boundary (USA) (v1.1)</name>
    <image>/recalbox/share/thumbs2/Apple - IIGS A2R/Star Saga One - Beyond the Boundary (USA) (v1.1).png</image>
    <video>/recalbox/share/videos/Apple - IIGS A2R/Star Saga One - Beyond the Boundary (USA) (v1.1).mp4</video>
  </game>
  <game>
    <path>/recalbox/share/rom/No-Intro/Apple - IIGS A2R/Star Saga Two - The Clathran Menance (USA) (v1.0).zip</path>
    <name>Star Saga Two - The Clathran Menance (USA) (v1.0)</name>
    <image>/recalbox/share/thumbs2/Apple - IIGS A2R/Star Saga Two - The Clathran Menance (USA) (v1.0).png</image>
    <video>/recalbox/share/videos/Apple - IIGS A2R/Star Saga Two - The Clathran Menance (USA) (v1.0).mp4</video>
  </game>
  <game>
    <path>/recalbox/share/rom/No-Intro/Apple - IIGS A2R/Stars &amp; Planets (USA).zip</path>
    <name>Stars &amp; Planets (USA)</name>
    <image>/recalbox/share/thumbs2/Apple - IIGS A2R/Stars &amp; Planets (USA).png</image>
    <video>/recalbox/share/videos/Apple - IIGS A2R/Stars &amp; Planets (USA).mp4</video>
  </game>
  <game>
    <path>/recalbox/share/rom/No-Intro/Apple - IIGS A2R/Stickybear Shapes (USA).zip</path>
    <name>Stickybear Shapes (USA)</name>
    <image>/recalbox/share/thumbs2/Apple - IIGS A2R/Stickybear Shapes (USA).png</image>
    <video>/recalbox/share/videos/Apple - IIGS A2R/Stickybear Shapes (USA).mp4</video>
  </game>
  <game>
    <path>/recalbox/share/rom/No-Intro/Apple - IIGS A2R/Storybook Weaver (USA) (Disk 1).zip</path>
    <name>Storybook Weaver (USA) (Disk 1)</name>
    <image>/recalbox/share/thumbs2/Apple - IIGS A2R/Storybook Weaver (USA) (Disk 1).png</image>
    <video>/recalbox/share/videos/Apple - IIGS A2R/Storybook Weaver (USA) (Disk 1).mp4</video>
  </game>
  <game>
    <path>/recalbox/share/rom/No-Intro/Apple - IIGS A2R/Storybook Weaver (USA) (Disk 2).zip</path>
    <name>Storybook Weaver (USA) (Disk 2)</name>
    <image>/recalbox/share/thumbs2/Apple - IIGS A2R/Storybook Weaver (USA) (Disk 2).png</image>
    <video>/recalbox/share/videos/Apple - IIGS A2R/Storybook Weaver (USA) (Disk 2).mp4</video>
  </game>
  <game>
    <path>/recalbox/share/rom/No-Intro/Apple - IIGS A2R/Storybook Weaver - World of Make Believe (USA) (Disk 1).zip</path>
    <name>Storybook Weaver - World of Make Believe (USA) (Disk 1)</name>
    <image>/recalbox/share/thumbs2/Apple - IIGS A2R/Storybook Weaver - World of Make Believe (USA) (Disk 1).png</image>
    <video>/recalbox/share/videos/Apple - IIGS A2R/Storybook Weaver - World of Make Believe (USA) (Disk 1).mp4</video>
  </game>
  <game>
    <path>/recalbox/share/rom/No-Intro/Apple - IIGS A2R/Storybook Weaver - World of Make Believe (USA) (Disk 2).zip</path>
    <name>Storybook Weaver - World of Make Believe (USA) (Disk 2)</name>
    <image>/recalbox/share/thumbs2/Apple - IIGS A2R/Storybook Weaver - World of Make Believe (USA) (Disk 2).png</image>
    <video>/recalbox/share/videos/Apple - IIGS A2R/Storybook Weaver - World of Make Believe (USA) (Disk 2).mp4</video>
  </game>
  <game>
    <path>/recalbox/share/rom/No-Intro/Apple - IIGS A2R/Street Sports Soccer (USA).zip</path>
    <name>Street Sports Soccer (USA)</name>
    <image>/recalbox/share/thumbs2/Apple - IIGS A2R/Street Sports Soccer (USA).png</image>
    <video>/recalbox/share/videos/Apple - IIGS A2R/Street Sports Soccer (USA).mp4</video>
  </game>
  <game>
    <path>/recalbox/share/rom/No-Intro/Apple - IIGS A2R/Sub Battle Simulator (USA).zip</path>
    <name>Sub Battle Simulator (USA)</name>
    <image>/recalbox/share/thumbs2/Apple - IIGS A2R/Sub Battle Simulator (USA).png</image>
    <video>/recalbox/share/videos/Apple - IIGS A2R/Sub Battle Simulator (USA).mp4</video>
  </game>
  <game>
    <path>/recalbox/share/rom/No-Intro/Apple - IIGS A2R/Superstar Ice Hockey (USA).zip</path>
    <name>Superstar Ice Hockey (USA)</name>
    <image>/recalbox/share/thumbs2/Apple - IIGS A2R/Superstar Ice Hockey (USA).png</image>
    <video>/recalbox/share/videos/Apple - IIGS A2R/Superstar Ice Hockey (USA).mp4</video>
  </game>
  <game>
    <path>/recalbox/share/rom/No-Intro/Apple - IIGS A2R/Tales From the Arabian Nights (USA) (Disk 1).zip</path>
    <name>Tales From the Arabian Nights (USA) (Disk 1)</name>
    <image>/recalbox/share/thumbs2/Apple - IIGS A2R/Tales From the Arabian Nights (USA) (Disk 1).png</image>
    <video>/recalbox/share/videos/Apple - IIGS A2R/Tales From the Arabian Nights (USA) (Disk 1).mp4</video>
  </game>
  <game>
    <path>/recalbox/share/rom/No-Intro/Apple - IIGS A2R/Tales From the Arabian Nights (USA) (Disk 2).zip</path>
    <name>Tales From the Arabian Nights (USA) (Disk 2)</name>
    <image>/recalbox/share/thumbs2/Apple - IIGS A2R/Tales From the Arabian Nights (USA) (Disk 2).png</image>
    <video>/recalbox/share/videos/Apple - IIGS A2R/Tales From the Arabian Nights (USA) (Disk 2).mp4</video>
  </game>
  <game>
    <path>/recalbox/share/rom/No-Intro/Apple - IIGS A2R/Tarot (USA).zip</path>
    <name>Tarot (USA)</name>
    <image>/recalbox/share/thumbs2/Apple - IIGS A2R/Tarot (USA).png</image>
    <video>/recalbox/share/videos/Apple - IIGS A2R/Tarot (USA).mp4</video>
  </game>
  <game>
    <path>/recalbox/share/rom/No-Intro/Apple - IIGS A2R/Task Force (USA) (Disk 1).zip</path>
    <name>Task Force (USA) (Disk 1)</name>
    <image>/recalbox/share/thumbs2/Apple - IIGS A2R/Task Force (USA) (Disk 1).png</image>
    <video>/recalbox/share/videos/Apple - IIGS A2R/Task Force (USA) (Disk 1).mp4</video>
  </game>
  <game>
    <path>/recalbox/share/rom/No-Intro/Apple - IIGS A2R/Task Force (USA) (Disk 2).zip</path>
    <name>Task Force (USA) (Disk 2)</name>
    <image>/recalbox/share/thumbs2/Apple - IIGS A2R/Task Force (USA) (Disk 2).png</image>
    <video>/recalbox/share/videos/Apple - IIGS A2R/Task Force (USA) (Disk 2).mp4</video>
  </game>
  <game>
    <path>/recalbox/share/rom/No-Intro/Apple - IIGS A2R/Tass Times in Tonetown (USA).zip</path>
    <name>Tass Times in Tonetown (USA)</name>
    <image>/recalbox/share/thumbs2/Apple - IIGS A2R/Tass Times in Tonetown (USA).png</image>
    <video>/recalbox/share/videos/Apple - IIGS A2R/Tass Times in Tonetown (USA).mp4</video>
  </game>
  <game>
    <path>/recalbox/share/rom/No-Intro/Apple - IIGS A2R/Tetris (USA).zip</path>
    <name>Tetris (USA)</name>
    <image>/recalbox/share/thumbs2/Apple - IIGS A2R/Tetris (USA).png</image>
    <video>/recalbox/share/videos/Apple - IIGS A2R/Tetris (USA).mp4</video>
  </game>
  <game>
    <path>/recalbox/share/rom/No-Intro/Apple - IIGS A2R/Thexder (USA).zip</path>
    <name>Thexder (USA)</name>
    <image>/recalbox/share/thumbs2/Apple - IIGS A2R/Thexder (USA).png</image>
    <video>/recalbox/share/videos/Apple - IIGS A2R/Thexder (USA).mp4</video>
  </game>
  <game>
    <path>/recalbox/share/rom/No-Intro/Apple - IIGS A2R/Third Courier, The (USA) (Disk 1).zip</path>
    <name>Third Courier, The (USA) (Disk 1)</name>
    <image>/recalbox/share/thumbs2/Apple - IIGS A2R/Third Courier, The (USA) (Disk 1).png</image>
    <video>/recalbox/share/videos/Apple - IIGS A2R/Third Courier, The (USA) (Disk 1).mp4</video>
  </game>
  <game>
    <path>/recalbox/share/rom/No-Intro/Apple - IIGS A2R/Third Courier, The (USA) (Disk 2).zip</path>
    <name>Third Courier, The (USA) (Disk 2)</name>
    <image>/recalbox/share/thumbs2/Apple - IIGS A2R/Third Courier, The (USA) (Disk 2).png</image>
    <video>/recalbox/share/videos/Apple - IIGS A2R/Third Courier, The (USA) (Disk 2).mp4</video>
  </game>
  <game>
    <path>/recalbox/share/rom/No-Intro/Apple - IIGS A2R/Tower of Myraglen, The (USA) (Disk 1).zip</path>
    <name>Tower of Myraglen, The (USA) (Disk 1)</name>
    <image>/recalbox/share/thumbs2/Apple - IIGS A2R/Tower of Myraglen, The (USA) (Disk 1).png</image>
    <video>/recalbox/share/videos/Apple - IIGS A2R/Tower of Myraglen, The (USA) (Disk 1).mp4</video>
  </game>
  <game>
    <path>/recalbox/share/rom/No-Intro/Apple - IIGS A2R/Tower of Myraglen, The (USA) (Disk 2).zip</path>
    <name>Tower of Myraglen, The (USA) (Disk 2)</name>
    <image>/recalbox/share/thumbs2/Apple - IIGS A2R/Tower of Myraglen, The (USA) (Disk 2).png</image>
    <video>/recalbox/share/videos/Apple - IIGS A2R/Tower of Myraglen, The (USA) (Disk 2).mp4</video>
  </game>
  <game>
    <path>/recalbox/share/rom/No-Intro/Apple - IIGS A2R/Triango (USA).zip</path>
    <name>Triango (USA)</name>
    <image>/recalbox/share/thumbs2/Apple - IIGS A2R/Triango (USA).png</image>
    <video>/recalbox/share/videos/Apple - IIGS A2R/Triango (USA).mp4</video>
  </game>
  <game>
    <path>/recalbox/share/rom/No-Intro/Apple - IIGS A2R/Tunnels of Armageddon (USA).zip</path>
    <name>Tunnels of Armageddon (USA)</name>
    <image>/recalbox/share/thumbs2/Apple - IIGS A2R/Tunnels of Armageddon (USA).png</image>
    <video>/recalbox/share/videos/Apple - IIGS A2R/Tunnels of Armageddon (USA).mp4</video>
  </game>
  <game>
    <path>/recalbox/share/rom/No-Intro/Apple - IIGS A2R/Uninvited (USA) (Disk 1).zip</path>
    <name>Uninvited (USA) (Disk 1)</name>
    <image>/recalbox/share/thumbs2/Apple - IIGS A2R/Uninvited (USA) (Disk 1).png</image>
    <video>/recalbox/share/videos/Apple - IIGS A2R/Uninvited (USA) (Disk 1).mp4</video>
  </game>
  <game>
    <path>/recalbox/share/rom/No-Intro/Apple - IIGS A2R/Uninvited (USA) (Disk 2).zip</path>
    <name>Uninvited (USA) (Disk 2)</name>
    <image>/recalbox/share/thumbs2/Apple - IIGS A2R/Uninvited (USA) (Disk 2).png</image>
    <video>/recalbox/share/videos/Apple - IIGS A2R/Uninvited (USA) (Disk 2).mp4</video>
  </game>
  <game>
    <path>/recalbox/share/rom/No-Intro/Apple - IIGS A2R/Wonders of the Animal Kingdom, The (USA) (Disk 1).zip</path>
    <name>Wonders of the Animal Kingdom, The (USA) (Disk 1)</name>
    <image>/recalbox/share/thumbs2/Apple - IIGS A2R/Wonders of the Animal Kingdom, The (USA) (Disk 1).png</image>
    <video>/recalbox/share/videos/Apple - IIGS A2R/Wonders of the Animal Kingdom, The (USA) (Disk 1).mp4</video>
  </game>
  <game>
    <path>/recalbox/share/rom/No-Intro/Apple - IIGS A2R/Wonders of the Animal Kingdom, The (USA) (Disk 2).zip</path>
    <name>Wonders of the Animal Kingdom, The (USA) (Disk 2)</name>
    <image>/recalbox/share/thumbs2/Apple - IIGS A2R/Wonders of the Animal Kingdom, The (USA) (Disk 2).png</image>
    <video>/recalbox/share/videos/Apple - IIGS A2R/Wonders of the Animal Kingdom, The (USA) (Disk 2).mp4</video>
  </game>
  <game>
    <path>/recalbox/share/rom/No-Intro/Apple - IIGS A2R/Word Master, The (USA).zip</path>
    <name>Word Master, The (USA)</name>
    <image>/recalbox/share/thumbs2/Apple - IIGS A2R/Word Master, The (USA).png</image>
    <video>/recalbox/share/videos/Apple - IIGS A2R/Word Master, The (USA).mp4</video>
  </game>
</gamelist>
