<gamelist>
  <game>
    <path>/recalbox/share/rom/Redump/Arcade - Sega - Naomi/Capcom vs. SNK 2 - Millionaire Fighting 2001 (Japan) (Rev A).zip</path>
    <name>Capcom vs. SNK 2 - Millionaire Fighting 2001 (Japan) (Rev A)</name>
    <image>/recalbox/share/thumbs/Sega - Naomi/Named_Titles/Capcom vs. SNK 2 - Millionaire Fighting 2001 (Japan) (Rev A).png</image>
    <video>/recalbox/share/videos/Redump/Arcade - Sega - Naomi/Capcom vs. SNK 2 - Millionaire Fighting 2001 (Japan) (Rev A).mp4</video>
  </game>
  <game>
    <path>/recalbox/share/rom/Redump/Arcade - Sega - Naomi/DIMM Firm Update (Japan) (Rev C).zip</path>
    <name>DIMM Firm Update (Japan) (Rev C)</name>
    <image>/recalbox/share/thumbs/Sega - Naomi/Named_Titles/DIMM Firm Update (Japan) (Rev C).png</image>
    <video>/recalbox/share/videos/Redump/Arcade - Sega - Naomi/DIMM Firm Update (Japan) (Rev C).mp4</video>
  </game>
  <game>
    <path>/recalbox/share/rom/Redump/Arcade - Sega - Naomi/Guilty Gear XX - The Midnight Carnival (Japan).zip</path>
    <name>Guilty Gear XX - The Midnight Carnival (Japan)</name>
    <image>/recalbox/share/thumbs/Sega - Naomi/Named_Titles/Guilty Gear XX - The Midnight Carnival (Japan).png</image>
    <video>/recalbox/share/videos/Redump/Arcade - Sega - Naomi/Guilty Gear XX - The Midnight Carnival (Japan).mp4</video>
  </game>
  <game>
    <path>/recalbox/share/rom/Redump/Arcade - Sega - Naomi/Guilty Gear XX Slash - The Midnight Carnival (Japan) (Rev A).zip</path>
    <name>Guilty Gear XX Slash - The Midnight Carnival (Japan) (Rev A)</name>
    <image>/recalbox/share/thumbs/Sega - Naomi/Named_Titles/Guilty Gear XX Slash - The Midnight Carnival (Japan) (Rev A).png</image>
    <video>/recalbox/share/videos/Redump/Arcade - Sega - Naomi/Guilty Gear XX Slash - The Midnight Carnival (Japan) (Rev A).mp4</video>
  </game>
  <game>
    <path>/recalbox/share/rom/Redump/Arcade - Sega - Naomi/Kidou Senshi Gundam - Renpou vs. Zeon DX ~ Mobile Suit Gundam - The Earth Federation vs. The Principality of Zeon Deluxe (USA, Japan) (En,Ja).zip</path>
    <name>Kidou Senshi Gundam - Renpou vs. Zeon DX ~ Mobile Suit Gundam - The Earth Federation vs. The Principality of Zeon Deluxe (USA, Japan) (En,Ja)</name>
    <image>/recalbox/share/thumbs/Sega - Naomi/Named_Titles/Kidou Senshi Gundam - Renpou vs. Zeon DX ~ Mobile Suit Gundam - The Earth Federation vs. The Principality of Zeon Deluxe (USA, Japan) (En,Ja).png</image>
    <video>/recalbox/share/videos/Redump/Arcade - Sega - Naomi/Kidou Senshi Gundam - Renpou vs. Zeon DX ~ Mobile Suit Gundam - The Earth Federation vs. The Principality of Zeon Deluxe (USA, Japan) (En,Ja).mp4</video>
  </game>
  <game>
    <path>/recalbox/share/rom/Redump/Arcade - Sega - Naomi/Maze of the Kings, The (World) (En,Ja).zip</path>
    <name>Maze of the Kings, The (World) (En,Ja)</name>
    <image>/recalbox/share/thumbs/Sega - Naomi/Named_Titles/Maze of the Kings, The (World) (En,Ja).png</image>
    <video>/recalbox/share/videos/Redump/Arcade - Sega - Naomi/Maze of the Kings, The (World) (En,Ja).mp4</video>
  </game>
  <game>
    <path>/recalbox/share/rom/Redump/Arcade - Sega - Naomi/Melty Blood - Act Cadenza (Japan) (Rev C).zip</path>
    <name>Melty Blood - Act Cadenza (Japan) (Rev C)</name>
    <image>/recalbox/share/thumbs/Sega - Naomi/Named_Titles/Melty Blood - Act Cadenza (Japan) (Rev C).png</image>
    <video>/recalbox/share/videos/Redump/Arcade - Sega - Naomi/Melty Blood - Act Cadenza (Japan) (Rev C).mp4</video>
  </game>
  <game>
    <path>/recalbox/share/rom/Redump/Arcade - Sega - Naomi/Melty Blood - Act Cadenza Ver. B (Japan) (Rev A).zip</path>
    <name>Melty Blood - Act Cadenza Ver. B (Japan) (Rev A)</name>
    <image>/recalbox/share/thumbs/Sega - Naomi/Named_Titles/Melty Blood - Act Cadenza Ver. B (Japan) (Rev A).png</image>
    <video>/recalbox/share/videos/Redump/Arcade - Sega - Naomi/Melty Blood - Act Cadenza Ver. B (Japan) (Rev A).mp4</video>
  </game>
  <game>
    <path>/recalbox/share/rom/Redump/Arcade - Sega - Naomi/Monkey Ball (Japan).zip</path>
    <name>Monkey Ball (Japan)</name>
    <image>/recalbox/share/thumbs/Sega - Naomi/Named_Titles/Monkey Ball (Japan).png</image>
    <video>/recalbox/share/videos/Redump/Arcade - Sega - Naomi/Monkey Ball (Japan).mp4</video>
  </game>
  <game>
    <path>/recalbox/share/rom/Redump/Arcade - Sega - Naomi/Puyo Pop Fever (World).zip</path>
    <name>Puyo Pop Fever (World)</name>
    <image>/recalbox/share/thumbs/Sega - Naomi/Named_Titles/Puyo Pop Fever (World).png</image>
    <video>/recalbox/share/videos/Redump/Arcade - Sega - Naomi/Puyo Pop Fever (World).mp4</video>
  </game>
  <game>
    <path>/recalbox/share/rom/Redump/Arcade - Sega - Naomi/Radirgy (Japan).zip</path>
    <name>Radirgy (Japan)</name>
    <image>/recalbox/share/thumbs/Sega - Naomi/Named_Titles/Radirgy (Japan).png</image>
    <video>/recalbox/share/videos/Redump/Arcade - Sega - Naomi/Radirgy (Japan).mp4</video>
  </game>
  <game>
    <path>/recalbox/share/rom/Redump/Arcade - Sega - Naomi/Slashout (World) (En,Ja).zip</path>
    <name>Slashout (World) (En,Ja)</name>
    <image>/recalbox/share/thumbs/Sega - Naomi/Named_Titles/Slashout (World) (En,Ja).png</image>
    <video>/recalbox/share/videos/Redump/Arcade - Sega - Naomi/Slashout (World) (En,Ja).mp4</video>
  </game>
</gamelist>