<gamelist>
  <game>
    <path>/recalbox/share/rom/No-Intro/Coleco - ColecoVision/2010 - The Graphic Action Game (USA) (Beta).zip</path>
    <name>2010 - The Graphic Action Game (USA) (Beta)</name>
    <image>/recalbox/share/thumbs/Coleco - ColecoVision/Named_Titles/2010 - The Graphic Action Game (USA) (Beta).png</image>
    <video>/recalbox/share/videos/No-Intro/Coleco - ColecoVision/2010 - The Graphic Action Game (USA) (Beta).mp4</video>
  </game>
  <game>
    <path>/recalbox/share/rom/No-Intro/Coleco - ColecoVision/2010 - The Graphic Action Game (USA).zip</path>
    <name>2010 - The Graphic Action Game (USA)</name>
    <image>/recalbox/share/thumbs/Coleco - ColecoVision/Named_Titles/2010 - The Graphic Action Game (USA).png</image>
    <video>/recalbox/share/videos/No-Intro/Coleco - ColecoVision/2010 - The Graphic Action Game (USA).mp4</video>
  </game>
  <game>
    <path>/recalbox/share/rom/No-Intro/Coleco - ColecoVision/A.E. (USA) (Proto).zip</path>
    <name>A.E. (USA) (Proto)</name>
    <image>/recalbox/share/thumbs/Coleco - ColecoVision/Named_Titles/A.E. (USA) (Proto).png</image>
    <video>/recalbox/share/videos/No-Intro/Coleco - ColecoVision/A.E. (USA) (Proto).mp4</video>
  </game>
  <game>
    <path>/recalbox/share/rom/No-Intro/Coleco - ColecoVision/Activision Decathlon, The (USA).zip</path>
    <name>Activision Decathlon, The (USA)</name>
    <image>/recalbox/share/thumbs/Coleco - ColecoVision/Named_Titles/Activision Decathlon, The (USA).png</image>
    <video>/recalbox/share/videos/No-Intro/Coleco - ColecoVision/Activision Decathlon, The (USA).mp4</video>
  </game>
  <game>
    <path>/recalbox/share/rom/No-Intro/Coleco - ColecoVision/Adam's Musicbox Demo (USA) (Demo).zip</path>
    <name>Adam&apos;s Musicbox Demo (USA) (Demo)</name>
    <image>/recalbox/share/thumbs/Coleco - ColecoVision/Named_Titles/Adam&apos;s Musicbox Demo (USA) (Demo).png</image>
    <video>/recalbox/share/videos/No-Intro/Coleco - ColecoVision/Adam&apos;s Musicbox Demo (USA) (Demo).mp4</video>
  </game>
  <game>
    <path>/recalbox/share/rom/No-Intro/Coleco - ColecoVision/Alphabet Zoo (USA).zip</path>
    <name>Alphabet Zoo (USA)</name>
    <image>/recalbox/share/thumbs/Coleco - ColecoVision/Named_Titles/Alphabet Zoo (USA).png</image>
    <video>/recalbox/share/videos/No-Intro/Coleco - ColecoVision/Alphabet Zoo (USA).mp4</video>
  </game>
  <game>
    <path>/recalbox/share/rom/No-Intro/Coleco - ColecoVision/Amazing Bumpman (USA).zip</path>
    <name>Amazing Bumpman (USA)</name>
    <image>/recalbox/share/thumbs/Coleco - ColecoVision/Named_Titles/Amazing Bumpman (USA).png</image>
    <video>/recalbox/share/videos/No-Intro/Coleco - ColecoVision/Amazing Bumpman (USA).mp4</video>
  </game>
  <game>
    <path>/recalbox/share/rom/No-Intro/Coleco - ColecoVision/Antarctic Adventure (USA, Europe) (Beta).zip</path>
    <name>Antarctic Adventure (USA, Europe) (Beta)</name>
    <image>/recalbox/share/thumbs/Coleco - ColecoVision/Named_Titles/Antarctic Adventure (USA, Europe) (Beta).png</image>
    <video>/recalbox/share/videos/No-Intro/Coleco - ColecoVision/Antarctic Adventure (USA, Europe) (Beta).mp4</video>
  </game>
  <game>
    <path>/recalbox/share/rom/No-Intro/Coleco - ColecoVision/Antarctic Adventure (USA, Europe).zip</path>
    <name>Antarctic Adventure (USA, Europe)</name>
    <image>/recalbox/share/thumbs/Coleco - ColecoVision/Named_Titles/Antarctic Adventure (USA, Europe).png</image>
    <video>/recalbox/share/videos/No-Intro/Coleco - ColecoVision/Antarctic Adventure (USA, Europe).mp4</video>
  </game>
  <game>
    <path>/recalbox/share/rom/No-Intro/Coleco - ColecoVision/Aquattack (USA).zip</path>
    <name>Aquattack (USA)</name>
    <image>/recalbox/share/thumbs/Coleco - ColecoVision/Named_Titles/Aquattack (USA).png</image>
    <video>/recalbox/share/videos/No-Intro/Coleco - ColecoVision/Aquattack (USA).mp4</video>
  </game>
  <game>
    <path>/recalbox/share/rom/No-Intro/Coleco - ColecoVision/Artillery Duel (USA).zip</path>
    <name>Artillery Duel (USA)</name>
    <image>/recalbox/share/thumbs/Coleco - ColecoVision/Named_Titles/Artillery Duel (USA).png</image>
    <video>/recalbox/share/videos/No-Intro/Coleco - ColecoVision/Artillery Duel (USA).mp4</video>
  </game>
  <game>
    <path>/recalbox/share/rom/No-Intro/Coleco - ColecoVision/BC's Quest for Tires (Canada).zip</path>
    <name>BC&apos;s Quest for Tires (Canada)</name>
    <image>/recalbox/share/thumbs/Coleco - ColecoVision/Named_Titles/BC&apos;s Quest for Tires (Canada).png</image>
    <video>/recalbox/share/videos/No-Intro/Coleco - ColecoVision/BC&apos;s Quest for Tires (Canada).mp4</video>
  </game>
  <game>
    <path>/recalbox/share/rom/No-Intro/Coleco - ColecoVision/BC's Quest for Tires (USA).zip</path>
    <name>BC&apos;s Quest for Tires (USA)</name>
    <image>/recalbox/share/thumbs/Coleco - ColecoVision/Named_Titles/BC&apos;s Quest for Tires (USA).png</image>
    <video>/recalbox/share/videos/No-Intro/Coleco - ColecoVision/BC&apos;s Quest for Tires (USA).mp4</video>
  </game>
  <game>
    <path>/recalbox/share/rom/No-Intro/Coleco - ColecoVision/BC's Quest for Tires II - Grog's Revenge (Canada).zip</path>
    <name>BC&apos;s Quest for Tires II - Grog&apos;s Revenge (Canada)</name>
    <image>/recalbox/share/thumbs/Coleco - ColecoVision/Named_Titles/BC&apos;s Quest for Tires II - Grog&apos;s Revenge (Canada).png</image>
    <video>/recalbox/share/videos/No-Intro/Coleco - ColecoVision/BC&apos;s Quest for Tires II - Grog&apos;s Revenge (Canada).mp4</video>
  </game>
  <game>
    <path>/recalbox/share/rom/No-Intro/Coleco - ColecoVision/BC's Quest for Tires II - Grog's Revenge (USA).zip</path>
    <name>BC&apos;s Quest for Tires II - Grog&apos;s Revenge (USA)</name>
    <image>/recalbox/share/thumbs/Coleco - ColecoVision/Named_Titles/BC&apos;s Quest for Tires II - Grog&apos;s Revenge (USA).png</image>
    <video>/recalbox/share/videos/No-Intro/Coleco - ColecoVision/BC&apos;s Quest for Tires II - Grog&apos;s Revenge (USA).mp4</video>
  </game>
  <game>
    <path>/recalbox/share/rom/No-Intro/Coleco - ColecoVision/Beamrider (USA).zip</path>
    <name>Beamrider (USA)</name>
    <image>/recalbox/share/thumbs/Coleco - ColecoVision/Named_Titles/Beamrider (USA).png</image>
    <video>/recalbox/share/videos/No-Intro/Coleco - ColecoVision/Beamrider (USA).mp4</video>
  </game>
  <game>
    <path>/recalbox/share/rom/No-Intro/Coleco - ColecoVision/Berenstain Bears, The (USA) (Demo).zip</path>
    <name>Berenstain Bears, The (USA) (Demo)</name>
    <image>/recalbox/share/thumbs/Coleco - ColecoVision/Named_Titles/Berenstain Bears, The (USA) (Demo).png</image>
    <video>/recalbox/share/videos/No-Intro/Coleco - ColecoVision/Berenstain Bears, The (USA) (Demo).mp4</video>
  </game>
  <game>
    <path>/recalbox/share/rom/No-Intro/Coleco - ColecoVision/Blockade Runner (USA).zip</path>
    <name>Blockade Runner (USA)</name>
    <image>/recalbox/share/thumbs/Coleco - ColecoVision/Named_Titles/Blockade Runner (USA).png</image>
    <video>/recalbox/share/videos/No-Intro/Coleco - ColecoVision/Blockade Runner (USA).mp4</video>
  </game>
  <game>
    <path>/recalbox/share/rom/No-Intro/Coleco - ColecoVision/Boulder Dash (USA) (Beta).zip</path>
    <name>Boulder Dash (USA) (Beta)</name>
    <image>/recalbox/share/thumbs/Coleco - ColecoVision/Named_Titles/Boulder Dash (USA) (Beta).png</image>
    <video>/recalbox/share/videos/No-Intro/Coleco - ColecoVision/Boulder Dash (USA) (Beta).mp4</video>
  </game>
  <game>
    <path>/recalbox/share/rom/No-Intro/Coleco - ColecoVision/Boulder Dash (USA).zip</path>
    <name>Boulder Dash (USA)</name>
    <image>/recalbox/share/thumbs/Coleco - ColecoVision/Named_Titles/Boulder Dash (USA).png</image>
    <video>/recalbox/share/videos/No-Intro/Coleco - ColecoVision/Boulder Dash (USA).mp4</video>
  </game>
  <game>
    <path>/recalbox/share/rom/No-Intro/Coleco - ColecoVision/Brain Strainers (USA).zip</path>
    <name>Brain Strainers (USA)</name>
    <image>/recalbox/share/thumbs/Coleco - ColecoVision/Named_Titles/Brain Strainers (USA).png</image>
    <video>/recalbox/share/videos/No-Intro/Coleco - ColecoVision/Brain Strainers (USA).mp4</video>
  </game>
  <game>
    <path>/recalbox/share/rom/No-Intro/Coleco - ColecoVision/Buck Rogers - Planet of Zoom (USA, Europe).zip</path>
    <name>Buck Rogers - Planet of Zoom (USA, Europe)</name>
    <image>/recalbox/share/thumbs/Coleco - ColecoVision/Named_Titles/Buck Rogers - Planet of Zoom (USA, Europe).png</image>
    <video>/recalbox/share/videos/No-Intro/Coleco - ColecoVision/Buck Rogers - Planet of Zoom (USA, Europe).mp4</video>
  </game>
  <game>
    <path>/recalbox/share/rom/No-Intro/Coleco - ColecoVision/Bump 'n' Jump (USA, Europe) (Beta).zip</path>
    <name>Bump &apos;n&apos; Jump (USA, Europe) (Beta)</name>
    <image>/recalbox/share/thumbs/Coleco - ColecoVision/Named_Titles/Bump &apos;n&apos; Jump (USA, Europe) (Beta).png</image>
    <video>/recalbox/share/videos/No-Intro/Coleco - ColecoVision/Bump &apos;n&apos; Jump (USA, Europe) (Beta).mp4</video>
  </game>
  <game>
    <path>/recalbox/share/rom/No-Intro/Coleco - ColecoVision/Bump 'n' Jump (USA, Europe).zip</path>
    <name>Bump &apos;n&apos; Jump (USA, Europe)</name>
    <image>/recalbox/share/thumbs/Coleco - ColecoVision/Named_Titles/Bump &apos;n&apos; Jump (USA, Europe).png</image>
    <video>/recalbox/share/videos/No-Intro/Coleco - ColecoVision/Bump &apos;n&apos; Jump (USA, Europe).mp4</video>
  </game>
  <game>
    <path>/recalbox/share/rom/No-Intro/Coleco - ColecoVision/BurgerTime (USA, Europe) (Beta).zip</path>
    <name>BurgerTime (USA, Europe) (Beta)</name>
    <image>/recalbox/share/thumbs/Coleco - ColecoVision/Named_Titles/BurgerTime (USA, Europe) (Beta).png</image>
    <video>/recalbox/share/videos/No-Intro/Coleco - ColecoVision/BurgerTime (USA, Europe) (Beta).mp4</video>
  </game>
  <game>
    <path>/recalbox/share/rom/No-Intro/Coleco - ColecoVision/BurgerTime (USA, Europe).zip</path>
    <name>BurgerTime (USA, Europe)</name>
    <image>/recalbox/share/thumbs/Coleco - ColecoVision/Named_Titles/BurgerTime (USA, Europe).png</image>
    <video>/recalbox/share/videos/No-Intro/Coleco - ColecoVision/BurgerTime (USA, Europe).mp4</video>
  </game>
  <game>
    <path>/recalbox/share/rom/No-Intro/Coleco - ColecoVision/CAT S.O.S. Game, The (USA) (Promo).zip</path>
    <name>CAT S.O.S. Game, The (USA) (Promo)</name>
    <image>/recalbox/share/thumbs/Coleco - ColecoVision/Named_Titles/CAT S.O.S. Game, The (USA) (Promo).png</image>
    <video>/recalbox/share/videos/No-Intro/Coleco - ColecoVision/CAT S.O.S. Game, The (USA) (Promo).mp4</video>
  </game>
  <game>
    <path>/recalbox/share/rom/No-Intro/Coleco - ColecoVision/Cabbage Patch Kids - Adventures in the Park (USA, Europe) (Beta 1).zip</path>
    <name>Cabbage Patch Kids - Adventures in the Park (USA, Europe) (Beta 1)</name>
    <image>/recalbox/share/thumbs/Coleco - ColecoVision/Named_Titles/Cabbage Patch Kids - Adventures in the Park (USA, Europe) (Beta 1).png</image>
    <video>/recalbox/share/videos/No-Intro/Coleco - ColecoVision/Cabbage Patch Kids - Adventures in the Park (USA, Europe) (Beta 1).mp4</video>
  </game>
  <game>
    <path>/recalbox/share/rom/No-Intro/Coleco - ColecoVision/Cabbage Patch Kids - Adventures in the Park (USA, Europe) (Beta 2).zip</path>
    <name>Cabbage Patch Kids - Adventures in the Park (USA, Europe) (Beta 2)</name>
    <image>/recalbox/share/thumbs/Coleco - ColecoVision/Named_Titles/Cabbage Patch Kids - Adventures in the Park (USA, Europe) (Beta 2).png</image>
    <video>/recalbox/share/videos/No-Intro/Coleco - ColecoVision/Cabbage Patch Kids - Adventures in the Park (USA, Europe) (Beta 2).mp4</video>
  </game>
  <game>
    <path>/recalbox/share/rom/No-Intro/Coleco - ColecoVision/Cabbage Patch Kids - Adventures in the Park (USA, Europe).zip</path>
    <name>Cabbage Patch Kids - Adventures in the Park (USA, Europe)</name>
    <image>/recalbox/share/thumbs/Coleco - ColecoVision/Named_Titles/Cabbage Patch Kids - Adventures in the Park (USA, Europe).png</image>
    <video>/recalbox/share/videos/No-Intro/Coleco - ColecoVision/Cabbage Patch Kids - Adventures in the Park (USA, Europe).mp4</video>
  </game>
  <game>
    <path>/recalbox/share/rom/No-Intro/Coleco - ColecoVision/Cabbage Patch Kids - Picture Show (USA).zip</path>
    <name>Cabbage Patch Kids - Picture Show (USA)</name>
    <image>/recalbox/share/thumbs/Coleco - ColecoVision/Named_Titles/Cabbage Patch Kids - Picture Show (USA).png</image>
    <video>/recalbox/share/videos/No-Intro/Coleco - ColecoVision/Cabbage Patch Kids - Picture Show (USA).mp4</video>
  </game>
  <game>
    <path>/recalbox/share/rom/No-Intro/Coleco - ColecoVision/Campaign '84 (USA).zip</path>
    <name>Campaign &apos;84 (USA)</name>
    <image>/recalbox/share/thumbs/Coleco - ColecoVision/Named_Titles/Campaign &apos;84 (USA).png</image>
    <video>/recalbox/share/videos/No-Intro/Coleco - ColecoVision/Campaign &apos;84 (USA).mp4</video>
  </game>
  <game>
    <path>/recalbox/share/rom/No-Intro/Coleco - ColecoVision/Carnival (USA, Europe).zip</path>
    <name>Carnival (USA, Europe)</name>
    <image>/recalbox/share/thumbs/Coleco - ColecoVision/Named_Titles/Carnival (USA, Europe).png</image>
    <video>/recalbox/share/videos/No-Intro/Coleco - ColecoVision/Carnival (USA, Europe).mp4</video>
  </game>
  <game>
    <path>/recalbox/share/rom/No-Intro/Coleco - ColecoVision/Castelo (Brazil) (En) (Unl).zip</path>
    <name>Castelo (Brazil) (En) (Unl)</name>
    <image>/recalbox/share/thumbs/Coleco - ColecoVision/Named_Titles/Castelo (Brazil) (En) (Unl).png</image>
    <video>/recalbox/share/videos/No-Intro/Coleco - ColecoVision/Castelo (Brazil) (En) (Unl).mp4</video>
  </game>
  <game>
    <path>/recalbox/share/rom/No-Intro/Coleco - ColecoVision/Centipede (USA).zip</path>
    <name>Centipede (USA)</name>
    <image>/recalbox/share/thumbs/Coleco - ColecoVision/Named_Titles/Centipede (USA).png</image>
    <video>/recalbox/share/videos/No-Intro/Coleco - ColecoVision/Centipede (USA).mp4</video>
  </game>
  <game>
    <path>/recalbox/share/rom/No-Intro/Coleco - ColecoVision/Choplifter! (USA).zip</path>
    <name>Choplifter! (USA)</name>
    <image>/recalbox/share/thumbs/Coleco - ColecoVision/Named_Titles/Choplifter! (USA).png</image>
    <video>/recalbox/share/videos/No-Intro/Coleco - ColecoVision/Choplifter! (USA).mp4</video>
  </game>
  <game>
    <path>/recalbox/share/rom/No-Intro/Coleco - ColecoVision/Chuck Norris - Superkicks (USA).zip</path>
    <name>Chuck Norris - Superkicks (USA)</name>
    <image>/recalbox/share/thumbs/Coleco - ColecoVision/Named_Titles/Chuck Norris - Superkicks (USA).png</image>
    <video>/recalbox/share/videos/No-Intro/Coleco - ColecoVision/Chuck Norris - Superkicks (USA).mp4</video>
  </game>
  <game>
    <path>/recalbox/share/rom/No-Intro/Coleco - ColecoVision/ColecoVision Monitor Test (USA, Europe).zip</path>
    <name>ColecoVision Monitor Test (USA, Europe)</name>
    <image>/recalbox/share/thumbs/Coleco - ColecoVision/Named_Titles/ColecoVision Monitor Test (USA, Europe).png</image>
    <video>/recalbox/share/videos/No-Intro/Coleco - ColecoVision/ColecoVision Monitor Test (USA, Europe).mp4</video>
  </game>
  <game>
    <path>/recalbox/share/rom/No-Intro/Coleco - ColecoVision/Congo Bongo (USA).zip</path>
    <name>Congo Bongo (USA)</name>
    <image>/recalbox/share/thumbs/Coleco - ColecoVision/Named_Titles/Congo Bongo (USA).png</image>
    <video>/recalbox/share/videos/No-Intro/Coleco - ColecoVision/Congo Bongo (USA).mp4</video>
  </game>
  <game>
    <path>/recalbox/share/rom/No-Intro/Coleco - ColecoVision/Cosmic Avenger (USA, Europe).zip</path>
    <name>Cosmic Avenger (USA, Europe)</name>
    <image>/recalbox/share/thumbs/Coleco - ColecoVision/Named_Titles/Cosmic Avenger (USA, Europe).png</image>
    <video>/recalbox/share/videos/No-Intro/Coleco - ColecoVision/Cosmic Avenger (USA, Europe).mp4</video>
  </game>
  <game>
    <path>/recalbox/share/rom/No-Intro/Coleco - ColecoVision/Cosmic Crisis (Europe).zip</path>
    <name>Cosmic Crisis (Europe)</name>
    <image>/recalbox/share/thumbs/Coleco - ColecoVision/Named_Titles/Cosmic Crisis (Europe).png</image>
    <video>/recalbox/share/videos/No-Intro/Coleco - ColecoVision/Cosmic Crisis (Europe).mp4</video>
  </game>
  <game>
    <path>/recalbox/share/rom/No-Intro/Coleco - ColecoVision/Dam Busters, The (Canada).zip</path>
    <name>Dam Busters, The (Canada)</name>
    <image>/recalbox/share/thumbs/Coleco - ColecoVision/Named_Titles/Dam Busters, The (Canada).png</image>
    <video>/recalbox/share/videos/No-Intro/Coleco - ColecoVision/Dam Busters, The (Canada).mp4</video>
  </game>
  <game>
    <path>/recalbox/share/rom/No-Intro/Coleco - ColecoVision/Dam Busters, The (USA).zip</path>
    <name>Dam Busters, The (USA)</name>
    <image>/recalbox/share/thumbs/Coleco - ColecoVision/Named_Titles/Dam Busters, The (USA).png</image>
    <video>/recalbox/share/videos/No-Intro/Coleco - ColecoVision/Dam Busters, The (USA).mp4</video>
  </game>
  <game>
    <path>/recalbox/share/rom/No-Intro/Coleco - ColecoVision/Dance Fantasy (USA).zip</path>
    <name>Dance Fantasy (USA)</name>
    <image>/recalbox/share/thumbs/Coleco - ColecoVision/Named_Titles/Dance Fantasy (USA).png</image>
    <video>/recalbox/share/videos/No-Intro/Coleco - ColecoVision/Dance Fantasy (USA).mp4</video>
  </game>
  <game>
    <path>/recalbox/share/rom/No-Intro/Coleco - ColecoVision/Defender (USA) (BUG Fixed).zip</path>
    <name>Defender (USA) (BUG Fixed)</name>
    <image>/recalbox/share/thumbs/Coleco - ColecoVision/Named_Titles/Defender (USA) (BUG Fixed).png</image>
    <video>/recalbox/share/videos/No-Intro/Coleco - ColecoVision/Defender (USA) (BUG Fixed).mp4</video>
  </game>
  <game>
    <path>/recalbox/share/rom/No-Intro/Coleco - ColecoVision/Defender (USA).zip</path>
    <name>Defender (USA)</name>
    <image>/recalbox/share/thumbs/Coleco - ColecoVision/Named_Titles/Defender (USA).png</image>
    <video>/recalbox/share/videos/No-Intro/Coleco - ColecoVision/Defender (USA).mp4</video>
  </game>
  <game>
    <path>/recalbox/share/rom/No-Intro/Coleco - ColecoVision/Destructor (USA, Europe).zip</path>
    <name>Destructor (USA, Europe)</name>
    <image>/recalbox/share/thumbs/Coleco - ColecoVision/Named_Titles/Destructor (USA, Europe).png</image>
    <video>/recalbox/share/videos/No-Intro/Coleco - ColecoVision/Destructor (USA, Europe).mp4</video>
  </game>
  <game>
    <path>/recalbox/share/rom/No-Intro/Coleco - ColecoVision/Dig Dug (USA) (Proto).zip</path>
    <name>Dig Dug (USA) (Proto)</name>
    <image>/recalbox/share/thumbs/Coleco - ColecoVision/Named_Titles/Dig Dug (USA) (Proto).png</image>
    <video>/recalbox/share/videos/No-Intro/Coleco - ColecoVision/Dig Dug (USA) (Proto).mp4</video>
  </game>
  <game>
    <path>/recalbox/share/rom/No-Intro/Coleco - ColecoVision/Donkey Kong (USA).zip</path>
    <name>Donkey Kong (USA)</name>
    <image>/recalbox/share/thumbs/Coleco - ColecoVision/Named_Titles/Donkey Kong (USA).png</image>
    <video>/recalbox/share/videos/No-Intro/Coleco - ColecoVision/Donkey Kong (USA).mp4</video>
  </game>
  <game>
    <path>/recalbox/share/rom/No-Intro/Coleco - ColecoVision/Donkey Kong (USA, Europe) (v1.1).zip</path>
    <name>Donkey Kong (USA, Europe) (v1.1)</name>
    <image>/recalbox/share/thumbs/Coleco - ColecoVision/Named_Titles/Donkey Kong (USA, Europe) (v1.1).png</image>
    <video>/recalbox/share/videos/No-Intro/Coleco - ColecoVision/Donkey Kong (USA, Europe) (v1.1).mp4</video>
  </game>
  <game>
    <path>/recalbox/share/rom/No-Intro/Coleco - ColecoVision/Donkey Kong Junior (USA, Europe).zip</path>
    <name>Donkey Kong Junior (USA, Europe)</name>
    <image>/recalbox/share/thumbs/Coleco - ColecoVision/Named_Titles/Donkey Kong Junior (USA, Europe).png</image>
    <video>/recalbox/share/videos/No-Intro/Coleco - ColecoVision/Donkey Kong Junior (USA, Europe).mp4</video>
  </game>
  <game>
    <path>/recalbox/share/rom/No-Intro/Coleco - ColecoVision/Dr. Seuss - Fix-Up the Mix-Up Puzzler (USA).zip</path>
    <name>Dr. Seuss - Fix-Up the Mix-Up Puzzler (USA)</name>
    <image>/recalbox/share/thumbs/Coleco - ColecoVision/Named_Titles/Dr. Seuss - Fix-Up the Mix-Up Puzzler (USA).png</image>
    <video>/recalbox/share/videos/No-Intro/Coleco - ColecoVision/Dr. Seuss - Fix-Up the Mix-Up Puzzler (USA).mp4</video>
  </game>
  <game>
    <path>/recalbox/share/rom/No-Intro/Coleco - ColecoVision/Dragon's Lair (USA) (Proto).zip</path>
    <name>Dragon&apos;s Lair (USA) (Proto)</name>
    <image>/recalbox/share/thumbs/Coleco - ColecoVision/Named_Titles/Dragon&apos;s Lair (USA) (Proto).png</image>
    <video>/recalbox/share/videos/No-Intro/Coleco - ColecoVision/Dragon&apos;s Lair (USA) (Proto).mp4</video>
  </game>
  <game>
    <path>/recalbox/share/rom/No-Intro/Coleco - ColecoVision/Dragonfire (USA).zip</path>
    <name>Dragonfire (USA)</name>
    <image>/recalbox/share/thumbs/Coleco - ColecoVision/Named_Titles/Dragonfire (USA).png</image>
    <video>/recalbox/share/videos/No-Intro/Coleco - ColecoVision/Dragonfire (USA).mp4</video>
  </game>
  <game>
    <path>/recalbox/share/rom/No-Intro/Coleco - ColecoVision/Dukes of Hazzard, The (USA).zip</path>
    <name>Dukes of Hazzard, The (USA)</name>
    <image>/recalbox/share/thumbs/Coleco - ColecoVision/Named_Titles/Dukes of Hazzard, The (USA).png</image>
    <video>/recalbox/share/videos/No-Intro/Coleco - ColecoVision/Dukes of Hazzard, The (USA).mp4</video>
  </game>
  <game>
    <path>/recalbox/share/rom/No-Intro/Coleco - ColecoVision/Energy Quiz (Canada) (En,Fr-CA) (1983-06-06) (Proto).zip</path>
    <name>Energy Quiz (Canada) (En,Fr-CA) (1983-06-06) (Proto)</name>
    <image>/recalbox/share/thumbs/Coleco - ColecoVision/Named_Titles/Energy Quiz (Canada) (En,Fr-CA) (1983-06-06) (Proto).png</image>
    <video>/recalbox/share/videos/No-Intro/Coleco - ColecoVision/Energy Quiz (Canada) (En,Fr-CA) (1983-06-06) (Proto).mp4</video>
  </game>
  <game>
    <path>/recalbox/share/rom/No-Intro/Coleco - ColecoVision/Escape from the Mindmaster (USA) (Proto).zip</path>
    <name>Escape from the Mindmaster (USA) (Proto)</name>
    <image>/recalbox/share/thumbs/Coleco - ColecoVision/Named_Titles/Escape from the Mindmaster (USA) (Proto).png</image>
    <video>/recalbox/share/videos/No-Intro/Coleco - ColecoVision/Escape from the Mindmaster (USA) (Proto).mp4</video>
  </game>
  <game>
    <path>/recalbox/share/rom/No-Intro/Coleco - ColecoVision/Evolution (Canada).zip</path>
    <name>Evolution (Canada)</name>
    <image>/recalbox/share/thumbs/Coleco - ColecoVision/Named_Titles/Evolution (Canada).png</image>
    <video>/recalbox/share/videos/No-Intro/Coleco - ColecoVision/Evolution (Canada).mp4</video>
  </game>
  <game>
    <path>/recalbox/share/rom/No-Intro/Coleco - ColecoVision/Evolution (USA) (Unl).zip</path>
    <name>Evolution (USA) (Unl)</name>
    <image>/recalbox/share/thumbs/Coleco - ColecoVision/Named_Titles/Evolution (USA) (Unl).png</image>
    <video>/recalbox/share/videos/No-Intro/Coleco - ColecoVision/Evolution (USA) (Unl).mp4</video>
  </game>
  <game>
    <path>/recalbox/share/rom/No-Intro/Coleco - ColecoVision/Facemaker (USA).zip</path>
    <name>Facemaker (USA)</name>
    <image>/recalbox/share/thumbs/Coleco - ColecoVision/Named_Titles/Facemaker (USA).png</image>
    <video>/recalbox/share/videos/No-Intro/Coleco - ColecoVision/Facemaker (USA).mp4</video>
  </game>
  <game>
    <path>/recalbox/share/rom/No-Intro/Coleco - ColecoVision/Fall Guy (USA) (Proto).zip</path>
    <name>Fall Guy (USA) (Proto)</name>
    <image>/recalbox/share/thumbs/Coleco - ColecoVision/Named_Titles/Fall Guy (USA) (Proto).png</image>
    <video>/recalbox/share/videos/No-Intro/Coleco - ColecoVision/Fall Guy (USA) (Proto).mp4</video>
  </game>
  <game>
    <path>/recalbox/share/rom/No-Intro/Coleco - ColecoVision/Fathom (USA).zip</path>
    <name>Fathom (USA)</name>
    <image>/recalbox/share/thumbs/Coleco - ColecoVision/Named_Titles/Fathom (USA).png</image>
    <video>/recalbox/share/videos/No-Intro/Coleco - ColecoVision/Fathom (USA).mp4</video>
  </game>
  <game>
    <path>/recalbox/share/rom/No-Intro/Coleco - ColecoVision/Final Test Cartridge (USA).zip</path>
    <name>Final Test Cartridge (USA)</name>
    <image>/recalbox/share/thumbs/Coleco - ColecoVision/Named_Titles/Final Test Cartridge (USA).png</image>
    <video>/recalbox/share/videos/No-Intro/Coleco - ColecoVision/Final Test Cartridge (USA).mp4</video>
  </game>
  <game>
    <path>/recalbox/share/rom/No-Intro/Coleco - ColecoVision/Fireman (USA) (Proto).zip</path>
    <name>Fireman (USA) (Proto)</name>
    <image>/recalbox/share/thumbs/Coleco - ColecoVision/Named_Titles/Fireman (USA) (Proto).png</image>
    <video>/recalbox/share/videos/No-Intro/Coleco - ColecoVision/Fireman (USA) (Proto).mp4</video>
  </game>
  <game>
    <path>/recalbox/share/rom/No-Intro/Coleco - ColecoVision/Flipper Slipper (USA) (Unl).zip</path>
    <name>Flipper Slipper (USA) (Unl)</name>
    <image>/recalbox/share/thumbs/Coleco - ColecoVision/Named_Titles/Flipper Slipper (USA) (Unl).png</image>
    <video>/recalbox/share/videos/No-Intro/Coleco - ColecoVision/Flipper Slipper (USA) (Unl).mp4</video>
  </game>
  <game>
    <path>/recalbox/share/rom/No-Intro/Coleco - ColecoVision/Flipper Slipper (USA, Europe).zip</path>
    <name>Flipper Slipper (USA, Europe)</name>
    <image>/recalbox/share/thumbs/Coleco - ColecoVision/Named_Titles/Flipper Slipper (USA, Europe).png</image>
    <video>/recalbox/share/videos/No-Intro/Coleco - ColecoVision/Flipper Slipper (USA, Europe).mp4</video>
  </game>
  <game>
    <path>/recalbox/share/rom/No-Intro/Coleco - ColecoVision/Fortune Builder (USA).zip</path>
    <name>Fortune Builder (USA)</name>
    <image>/recalbox/share/thumbs/Coleco - ColecoVision/Named_Titles/Fortune Builder (USA).png</image>
    <video>/recalbox/share/videos/No-Intro/Coleco - ColecoVision/Fortune Builder (USA).mp4</video>
  </game>
  <game>
    <path>/recalbox/share/rom/No-Intro/Coleco - ColecoVision/Fraction Fever (USA).zip</path>
    <name>Fraction Fever (USA)</name>
    <image>/recalbox/share/thumbs/Coleco - ColecoVision/Named_Titles/Fraction Fever (USA).png</image>
    <video>/recalbox/share/videos/No-Intro/Coleco - ColecoVision/Fraction Fever (USA).mp4</video>
  </game>
  <game>
    <path>/recalbox/share/rom/No-Intro/Coleco - ColecoVision/Frantic Freddy (USA).zip</path>
    <name>Frantic Freddy (USA)</name>
    <image>/recalbox/share/thumbs/Coleco - ColecoVision/Named_Titles/Frantic Freddy (USA).png</image>
    <video>/recalbox/share/videos/No-Intro/Coleco - ColecoVision/Frantic Freddy (USA).mp4</video>
  </game>
  <game>
    <path>/recalbox/share/rom/No-Intro/Coleco - ColecoVision/Frenzy (USA, Europe).zip</path>
    <name>Frenzy (USA, Europe)</name>
    <image>/recalbox/share/thumbs/Coleco - ColecoVision/Named_Titles/Frenzy (USA, Europe).png</image>
    <video>/recalbox/share/videos/No-Intro/Coleco - ColecoVision/Frenzy (USA, Europe).mp4</video>
  </game>
  <game>
    <path>/recalbox/share/rom/No-Intro/Coleco - ColecoVision/Frogger (USA).zip</path>
    <name>Frogger (USA)</name>
    <image>/recalbox/share/thumbs/Coleco - ColecoVision/Named_Titles/Frogger (USA).png</image>
    <video>/recalbox/share/videos/No-Intro/Coleco - ColecoVision/Frogger (USA).mp4</video>
  </game>
  <game>
    <path>/recalbox/share/rom/No-Intro/Coleco - ColecoVision/Frogger II - ThreeeDeep! (USA) (Beta) (1984-06-15).zip</path>
    <name>Frogger II - ThreeeDeep! (USA) (Beta) (1984-06-15)</name>
    <image>/recalbox/share/thumbs/Coleco - ColecoVision/Named_Titles/Frogger II - ThreeeDeep! (USA) (Beta) (1984-06-15).png</image>
    <video>/recalbox/share/videos/No-Intro/Coleco - ColecoVision/Frogger II - ThreeeDeep! (USA) (Beta) (1984-06-15).mp4</video>
  </game>
  <game>
    <path>/recalbox/share/rom/No-Intro/Coleco - ColecoVision/Frogger II - ThreeeDeep! (USA).zip</path>
    <name>Frogger II - ThreeeDeep! (USA)</name>
    <image>/recalbox/share/thumbs/Coleco - ColecoVision/Named_Titles/Frogger II - ThreeeDeep! (USA).png</image>
    <video>/recalbox/share/videos/No-Intro/Coleco - ColecoVision/Frogger II - ThreeeDeep! (USA).mp4</video>
  </game>
  <game>
    <path>/recalbox/share/rom/No-Intro/Coleco - ColecoVision/Front Line (USA, Europe) (Standard Controller).zip</path>
    <name>Front Line (USA, Europe) (Standard Controller)</name>
    <image>/recalbox/share/thumbs/Coleco - ColecoVision/Named_Titles/Front Line (USA, Europe) (Standard Controller).png</image>
    <video>/recalbox/share/videos/No-Intro/Coleco - ColecoVision/Front Line (USA, Europe) (Standard Controller).mp4</video>
  </game>
  <game>
    <path>/recalbox/share/rom/No-Intro/Coleco - ColecoVision/Front Line (USA, Europe) (Super Action Controller).zip</path>
    <name>Front Line (USA, Europe) (Super Action Controller)</name>
    <image>/recalbox/share/thumbs/Coleco - ColecoVision/Named_Titles/Front Line (USA, Europe) (Super Action Controller).png</image>
    <video>/recalbox/share/videos/No-Intro/Coleco - ColecoVision/Front Line (USA, Europe) (Super Action Controller).mp4</video>
  </game>
  <game>
    <path>/recalbox/share/rom/No-Intro/Coleco - ColecoVision/Gateway to Apshai (USA, Europe).zip</path>
    <name>Gateway to Apshai (USA, Europe)</name>
    <image>/recalbox/share/thumbs/Coleco - ColecoVision/Named_Titles/Gateway to Apshai (USA, Europe).png</image>
    <video>/recalbox/share/videos/No-Intro/Coleco - ColecoVision/Gateway to Apshai (USA, Europe).mp4</video>
  </game>
  <game>
    <path>/recalbox/share/rom/No-Intro/Coleco - ColecoVision/Gorf (USA, Europe).zip</path>
    <name>Gorf (USA, Europe)</name>
    <image>/recalbox/share/thumbs/Coleco - ColecoVision/Named_Titles/Gorf (USA, Europe).png</image>
    <video>/recalbox/share/videos/No-Intro/Coleco - ColecoVision/Gorf (USA, Europe).mp4</video>
  </game>
  <game>
    <path>/recalbox/share/rom/No-Intro/Coleco - ColecoVision/Gust Buster (USA).zip</path>
    <name>Gust Buster (USA)</name>
    <image>/recalbox/share/thumbs/Coleco - ColecoVision/Named_Titles/Gust Buster (USA).png</image>
    <video>/recalbox/share/videos/No-Intro/Coleco - ColecoVision/Gust Buster (USA).mp4</video>
  </game>
  <game>
    <path>/recalbox/share/rom/No-Intro/Coleco - ColecoVision/Gyruss (USA) (Beta).zip</path>
    <name>Gyruss (USA) (Beta)</name>
    <image>/recalbox/share/thumbs/Coleco - ColecoVision/Named_Titles/Gyruss (USA) (Beta).png</image>
    <video>/recalbox/share/videos/No-Intro/Coleco - ColecoVision/Gyruss (USA) (Beta).mp4</video>
  </game>
  <game>
    <path>/recalbox/share/rom/No-Intro/Coleco - ColecoVision/Gyruss (USA).zip</path>
    <name>Gyruss (USA)</name>
    <image>/recalbox/share/thumbs/Coleco - ColecoVision/Named_Titles/Gyruss (USA).png</image>
    <video>/recalbox/share/videos/No-Intro/Coleco - ColecoVision/Gyruss (USA).mp4</video>
  </game>
  <game>
    <path>/recalbox/share/rom/No-Intro/Coleco - ColecoVision/H.E.R.O. - Helicopter Emergency Rescue Operation (USA).zip</path>
    <name>H.E.R.O. - Helicopter Emergency Rescue Operation (USA)</name>
    <image>/recalbox/share/thumbs/Coleco - ColecoVision/Named_Titles/H.E.R.O. - Helicopter Emergency Rescue Operation (USA).png</image>
    <video>/recalbox/share/videos/No-Intro/Coleco - ColecoVision/H.E.R.O. - Helicopter Emergency Rescue Operation (USA).mp4</video>
  </game>
  <game>
    <path>/recalbox/share/rom/No-Intro/Coleco - ColecoVision/Heist, The (USA).zip</path>
    <name>Heist, The (USA)</name>
    <image>/recalbox/share/thumbs/Coleco - ColecoVision/Named_Titles/Heist, The (USA).png</image>
    <video>/recalbox/share/videos/No-Intro/Coleco - ColecoVision/Heist, The (USA).mp4</video>
  </game>
  <game>
    <path>/recalbox/share/rom/No-Intro/Coleco - ColecoVision/Illusions (USA).zip</path>
    <name>Illusions (USA)</name>
    <image>/recalbox/share/thumbs/Coleco - ColecoVision/Named_Titles/Illusions (USA).png</image>
    <video>/recalbox/share/videos/No-Intro/Coleco - ColecoVision/Illusions (USA).mp4</video>
  </game>
  <game>
    <path>/recalbox/share/rom/No-Intro/Coleco - ColecoVision/It's Only Rock 'N' Roll (USA).zip</path>
    <name>It&apos;s Only Rock &apos;N&apos; Roll (USA)</name>
    <image>/recalbox/share/thumbs/Coleco - ColecoVision/Named_Titles/It&apos;s Only Rock &apos;N&apos; Roll (USA).png</image>
    <video>/recalbox/share/videos/No-Intro/Coleco - ColecoVision/It&apos;s Only Rock &apos;N&apos; Roll (USA).mp4</video>
  </game>
  <game>
    <path>/recalbox/share/rom/No-Intro/Coleco - ColecoVision/James Bond 007 (USA).zip</path>
    <name>James Bond 007 (USA)</name>
    <image>/recalbox/share/thumbs/Coleco - ColecoVision/Named_Titles/James Bond 007 (USA).png</image>
    <video>/recalbox/share/videos/No-Intro/Coleco - ColecoVision/James Bond 007 (USA).mp4</video>
  </game>
  <game>
    <path>/recalbox/share/rom/No-Intro/Coleco - ColecoVision/Joust (USA) (Proto).zip</path>
    <name>Joust (USA) (Proto)</name>
    <image>/recalbox/share/thumbs/Coleco - ColecoVision/Named_Titles/Joust (USA) (Proto).png</image>
    <video>/recalbox/share/videos/No-Intro/Coleco - ColecoVision/Joust (USA) (Proto).mp4</video>
  </game>
  <game>
    <path>/recalbox/share/rom/No-Intro/Coleco - ColecoVision/Jukebox (USA).zip</path>
    <name>Jukebox (USA)</name>
    <image>/recalbox/share/thumbs/Coleco - ColecoVision/Named_Titles/Jukebox (USA).png</image>
    <video>/recalbox/share/videos/No-Intro/Coleco - ColecoVision/Jukebox (USA).mp4</video>
  </game>
  <game>
    <path>/recalbox/share/rom/No-Intro/Coleco - ColecoVision/Julius Erving and Larry Bird Go - One-on-One (USA).zip</path>
    <name>Julius Erving and Larry Bird Go - One-on-One (USA)</name>
    <image>/recalbox/share/thumbs/Coleco - ColecoVision/Named_Titles/Julius Erving and Larry Bird Go - One-on-One (USA).png</image>
    <video>/recalbox/share/videos/No-Intro/Coleco - ColecoVision/Julius Erving and Larry Bird Go - One-on-One (USA).mp4</video>
  </game>
  <game>
    <path>/recalbox/share/rom/No-Intro/Coleco - ColecoVision/Jumpman Junior (USA, Europe).zip</path>
    <name>Jumpman Junior (USA, Europe)</name>
    <image>/recalbox/share/thumbs/Coleco - ColecoVision/Named_Titles/Jumpman Junior (USA, Europe).png</image>
    <video>/recalbox/share/videos/No-Intro/Coleco - ColecoVision/Jumpman Junior (USA, Europe).mp4</video>
  </game>
  <game>
    <path>/recalbox/share/rom/No-Intro/Coleco - ColecoVision/Ken Uston Blackjack-Poker (USA, Europe).zip</path>
    <name>Ken Uston Blackjack-Poker (USA, Europe)</name>
    <image>/recalbox/share/thumbs/Coleco - ColecoVision/Named_Titles/Ken Uston Blackjack-Poker (USA, Europe).png</image>
    <video>/recalbox/share/videos/No-Intro/Coleco - ColecoVision/Ken Uston Blackjack-Poker (USA, Europe).mp4</video>
  </game>
  <game>
    <path>/recalbox/share/rom/No-Intro/Coleco - ColecoVision/Keystone Kapers (USA).zip</path>
    <name>Keystone Kapers (USA)</name>
    <image>/recalbox/share/thumbs/Coleco - ColecoVision/Named_Titles/Keystone Kapers (USA).png</image>
    <video>/recalbox/share/videos/No-Intro/Coleco - ColecoVision/Keystone Kapers (USA).mp4</video>
  </game>
  <game>
    <path>/recalbox/share/rom/No-Intro/Coleco - ColecoVision/Lady Bug (USA, Europe).zip</path>
    <name>Lady Bug (USA, Europe)</name>
    <image>/recalbox/share/thumbs/Coleco - ColecoVision/Named_Titles/Lady Bug (USA, Europe).png</image>
    <video>/recalbox/share/videos/No-Intro/Coleco - ColecoVision/Lady Bug (USA, Europe).mp4</video>
  </game>
  <game>
    <path>/recalbox/share/rom/No-Intro/Coleco - ColecoVision/Learning with Leeper (USA).zip</path>
    <name>Learning with Leeper (USA)</name>
    <image>/recalbox/share/thumbs/Coleco - ColecoVision/Named_Titles/Learning with Leeper (USA).png</image>
    <video>/recalbox/share/videos/No-Intro/Coleco - ColecoVision/Learning with Leeper (USA).mp4</video>
  </game>
  <game>
    <path>/recalbox/share/rom/No-Intro/Coleco - ColecoVision/Linking Logic (USA).zip</path>
    <name>Linking Logic (USA)</name>
    <image>/recalbox/share/thumbs/Coleco - ColecoVision/Named_Titles/Linking Logic (USA).png</image>
    <video>/recalbox/share/videos/No-Intro/Coleco - ColecoVision/Linking Logic (USA).mp4</video>
  </game>
  <game>
    <path>/recalbox/share/rom/No-Intro/Coleco - ColecoVision/Logic Levels (USA).zip</path>
    <name>Logic Levels (USA)</name>
    <image>/recalbox/share/thumbs/Coleco - ColecoVision/Named_Titles/Logic Levels (USA).png</image>
    <video>/recalbox/share/videos/No-Intro/Coleco - ColecoVision/Logic Levels (USA).mp4</video>
  </game>
  <game>
    <path>/recalbox/share/rom/No-Intro/Coleco - ColecoVision/Looping (USA, Europe).zip</path>
    <name>Looping (USA, Europe)</name>
    <image>/recalbox/share/thumbs/Coleco - ColecoVision/Named_Titles/Looping (USA, Europe).png</image>
    <video>/recalbox/share/videos/No-Intro/Coleco - ColecoVision/Looping (USA, Europe).mp4</video>
  </game>
  <game>
    <path>/recalbox/share/rom/No-Intro/Coleco - ColecoVision/Lord of the Dungeon (USA) (Beta).zip</path>
    <name>Lord of the Dungeon (USA) (Beta)</name>
    <image>/recalbox/share/thumbs/Coleco - ColecoVision/Named_Titles/Lord of the Dungeon (USA) (Beta).png</image>
    <video>/recalbox/share/videos/No-Intro/Coleco - ColecoVision/Lord of the Dungeon (USA) (Beta).mp4</video>
  </game>
  <game>
    <path>/recalbox/share/rom/No-Intro/Coleco - ColecoVision/M.A.S.H (Europe) (Proto).zip</path>
    <name>M.A.S.H (Europe) (Proto)</name>
    <image>/recalbox/share/thumbs/Coleco - ColecoVision/Named_Titles/M.A.S.H (Europe) (Proto).png</image>
    <video>/recalbox/share/videos/No-Intro/Coleco - ColecoVision/M.A.S.H (Europe) (Proto).mp4</video>
  </game>
  <game>
    <path>/recalbox/share/rom/No-Intro/Coleco - ColecoVision/Masters of the Universe - The Power of He-Man (USA) (Proto).zip</path>
    <name>Masters of the Universe - The Power of He-Man (USA) (Proto)</name>
    <image>/recalbox/share/thumbs/Coleco - ColecoVision/Named_Titles/Masters of the Universe - The Power of He-Man (USA) (Proto).png</image>
    <video>/recalbox/share/videos/No-Intro/Coleco - ColecoVision/Masters of the Universe - The Power of He-Man (USA) (Proto).mp4</video>
  </game>
  <game>
    <path>/recalbox/share/rom/No-Intro/Coleco - ColecoVision/Matt Patrol (USA) (Proto) (Alt).zip</path>
    <name>Matt Patrol (USA) (Proto) (Alt)</name>
    <image>/recalbox/share/thumbs/Coleco - ColecoVision/Named_Titles/Matt Patrol (USA) (Proto) (Alt).png</image>
    <video>/recalbox/share/videos/No-Intro/Coleco - ColecoVision/Matt Patrol (USA) (Proto) (Alt).mp4</video>
  </game>
  <game>
    <path>/recalbox/share/rom/No-Intro/Coleco - ColecoVision/Matt Patrol (USA) (Proto).zip</path>
    <name>Matt Patrol (USA) (Proto)</name>
    <image>/recalbox/share/thumbs/Coleco - ColecoVision/Named_Titles/Matt Patrol (USA) (Proto).png</image>
    <video>/recalbox/share/videos/No-Intro/Coleco - ColecoVision/Matt Patrol (USA) (Proto).mp4</video>
  </game>
  <game>
    <path>/recalbox/share/rom/No-Intro/Coleco - ColecoVision/Memory Manor (USA).zip</path>
    <name>Memory Manor (USA)</name>
    <image>/recalbox/share/thumbs/Coleco - ColecoVision/Named_Titles/Memory Manor (USA).png</image>
    <video>/recalbox/share/videos/No-Intro/Coleco - ColecoVision/Memory Manor (USA).mp4</video>
  </game>
  <game>
    <path>/recalbox/share/rom/No-Intro/Coleco - ColecoVision/Meteoric Shower (Europe).zip</path>
    <name>Meteoric Shower (Europe)</name>
    <image>/recalbox/share/thumbs/Coleco - ColecoVision/Named_Titles/Meteoric Shower (Europe).png</image>
    <video>/recalbox/share/videos/No-Intro/Coleco - ColecoVision/Meteoric Shower (Europe).mp4</video>
  </game>
  <game>
    <path>/recalbox/share/rom/No-Intro/Coleco - ColecoVision/Miner 2049er Starring Bounty Bob (USA, Europe) (v1.1).zip</path>
    <name>Miner 2049er Starring Bounty Bob (USA, Europe) (v1.1)</name>
    <image>/recalbox/share/thumbs/Coleco - ColecoVision/Named_Titles/Miner 2049er Starring Bounty Bob (USA, Europe) (v1.1).png</image>
    <video>/recalbox/share/videos/No-Intro/Coleco - ColecoVision/Miner 2049er Starring Bounty Bob (USA, Europe) (v1.1).mp4</video>
  </game>
  <game>
    <path>/recalbox/share/rom/No-Intro/Coleco - ColecoVision/Miner 2049er Starring Bounty Bob (USA, Europe).zip</path>
    <name>Miner 2049er Starring Bounty Bob (USA, Europe)</name>
    <image>/recalbox/share/thumbs/Coleco - ColecoVision/Named_Titles/Miner 2049er Starring Bounty Bob (USA, Europe).png</image>
    <video>/recalbox/share/videos/No-Intro/Coleco - ColecoVision/Miner 2049er Starring Bounty Bob (USA, Europe).mp4</video>
  </game>
  <game>
    <path>/recalbox/share/rom/No-Intro/Coleco - ColecoVision/Monkey Academy (USA) (Beta).zip</path>
    <name>Monkey Academy (USA) (Beta)</name>
    <image>/recalbox/share/thumbs/Coleco - ColecoVision/Named_Titles/Monkey Academy (USA) (Beta).png</image>
    <video>/recalbox/share/videos/No-Intro/Coleco - ColecoVision/Monkey Academy (USA) (Beta).mp4</video>
  </game>
  <game>
    <path>/recalbox/share/rom/No-Intro/Coleco - ColecoVision/Monkey Academy (USA).zip</path>
    <name>Monkey Academy (USA)</name>
    <image>/recalbox/share/thumbs/Coleco - ColecoVision/Named_Titles/Monkey Academy (USA).png</image>
    <video>/recalbox/share/videos/No-Intro/Coleco - ColecoVision/Monkey Academy (USA).mp4</video>
  </game>
  <game>
    <path>/recalbox/share/rom/No-Intro/Coleco - ColecoVision/Montezuma's Revenge (USA).zip</path>
    <name>Montezuma&apos;s Revenge (USA)</name>
    <image>/recalbox/share/thumbs/Coleco - ColecoVision/Named_Titles/Montezuma&apos;s Revenge (USA).png</image>
    <video>/recalbox/share/videos/No-Intro/Coleco - ColecoVision/Montezuma&apos;s Revenge (USA).mp4</video>
  </game>
  <game>
    <path>/recalbox/share/rom/No-Intro/Coleco - ColecoVision/Moonsweeper (USA, Europe).zip</path>
    <name>Moonsweeper (USA, Europe)</name>
    <image>/recalbox/share/thumbs/Coleco - ColecoVision/Named_Titles/Moonsweeper (USA, Europe).png</image>
    <video>/recalbox/share/videos/No-Intro/Coleco - ColecoVision/Moonsweeper (USA, Europe).mp4</video>
  </game>
  <game>
    <path>/recalbox/share/rom/No-Intro/Coleco - ColecoVision/Motocross Racer (USA).zip</path>
    <name>Motocross Racer (USA)</name>
    <image>/recalbox/share/thumbs/Coleco - ColecoVision/Named_Titles/Motocross Racer (USA).png</image>
    <video>/recalbox/share/videos/No-Intro/Coleco - ColecoVision/Motocross Racer (USA).mp4</video>
  </game>
  <game>
    <path>/recalbox/share/rom/No-Intro/Coleco - ColecoVision/Mountain King (USA).zip</path>
    <name>Mountain King (USA)</name>
    <image>/recalbox/share/thumbs/Coleco - ColecoVision/Named_Titles/Mountain King (USA).png</image>
    <video>/recalbox/share/videos/No-Intro/Coleco - ColecoVision/Mountain King (USA).mp4</video>
  </game>
  <game>
    <path>/recalbox/share/rom/No-Intro/Coleco - ColecoVision/Mouse Trap (USA, Europe).zip</path>
    <name>Mouse Trap (USA, Europe)</name>
    <image>/recalbox/share/thumbs/Coleco - ColecoVision/Named_Titles/Mouse Trap (USA, Europe).png</image>
    <video>/recalbox/share/videos/No-Intro/Coleco - ColecoVision/Mouse Trap (USA, Europe).mp4</video>
  </game>
  <game>
    <path>/recalbox/share/rom/No-Intro/Coleco - ColecoVision/Mr. Do! (USA, Europe).zip</path>
    <name>Mr. Do! (USA, Europe)</name>
    <image>/recalbox/share/thumbs/Coleco - ColecoVision/Named_Titles/Mr. Do! (USA, Europe).png</image>
    <video>/recalbox/share/videos/No-Intro/Coleco - ColecoVision/Mr. Do! (USA, Europe).mp4</video>
  </game>
  <game>
    <path>/recalbox/share/rom/No-Intro/Coleco - ColecoVision/Mr. Do!'s Castle (USA).zip</path>
    <name>Mr. Do!&apos;s Castle (USA)</name>
    <image>/recalbox/share/thumbs/Coleco - ColecoVision/Named_Titles/Mr. Do!&apos;s Castle (USA).png</image>
    <video>/recalbox/share/videos/No-Intro/Coleco - ColecoVision/Mr. Do!&apos;s Castle (USA).mp4</video>
  </game>
  <game>
    <path>/recalbox/share/rom/No-Intro/Coleco - ColecoVision/Nova Blast (USA, Europe).zip</path>
    <name>Nova Blast (USA, Europe)</name>
    <image>/recalbox/share/thumbs/Coleco - ColecoVision/Named_Titles/Nova Blast (USA, Europe).png</image>
    <video>/recalbox/share/videos/No-Intro/Coleco - ColecoVision/Nova Blast (USA, Europe).mp4</video>
  </game>
  <game>
    <path>/recalbox/share/rom/No-Intro/Coleco - ColecoVision/Number Bumper (USA) (Beta).zip</path>
    <name>Number Bumper (USA) (Beta)</name>
    <image>/recalbox/share/thumbs/Coleco - ColecoVision/Named_Titles/Number Bumper (USA) (Beta).png</image>
    <video>/recalbox/share/videos/No-Intro/Coleco - ColecoVision/Number Bumper (USA) (Beta).mp4</video>
  </game>
  <game>
    <path>/recalbox/share/rom/No-Intro/Coleco - ColecoVision/Oil's Well (USA).zip</path>
    <name>Oil&apos;s Well (USA)</name>
    <image>/recalbox/share/thumbs/Coleco - ColecoVision/Named_Titles/Oil&apos;s Well (USA).png</image>
    <video>/recalbox/share/videos/No-Intro/Coleco - ColecoVision/Oil&apos;s Well (USA).mp4</video>
  </game>
  <game>
    <path>/recalbox/share/rom/No-Intro/Coleco - ColecoVision/Omega Race (USA, Europe).zip</path>
    <name>Omega Race (USA, Europe)</name>
    <image>/recalbox/share/thumbs/Coleco - ColecoVision/Named_Titles/Omega Race (USA, Europe).png</image>
    <video>/recalbox/share/videos/No-Intro/Coleco - ColecoVision/Omega Race (USA, Europe).mp4</video>
  </game>
  <game>
    <path>/recalbox/share/rom/No-Intro/Coleco - ColecoVision/Orbit (USA) (Proto).zip</path>
    <name>Orbit (USA) (Proto)</name>
    <image>/recalbox/share/thumbs/Coleco - ColecoVision/Named_Titles/Orbit (USA) (Proto).png</image>
    <video>/recalbox/share/videos/No-Intro/Coleco - ColecoVision/Orbit (USA) (Proto).mp4</video>
  </game>
  <game>
    <path>/recalbox/share/rom/No-Intro/Coleco - ColecoVision/Pac-Man (USA) (Proto).zip</path>
    <name>Pac-Man (USA) (Proto)</name>
    <image>/recalbox/share/thumbs/Coleco - ColecoVision/Named_Titles/Pac-Man (USA) (Proto).png</image>
    <video>/recalbox/share/videos/No-Intro/Coleco - ColecoVision/Pac-Man (USA) (Proto).mp4</video>
  </game>
  <game>
    <path>/recalbox/share/rom/No-Intro/Coleco - ColecoVision/Pepper II (USA, Europe).zip</path>
    <name>Pepper II (USA, Europe)</name>
    <image>/recalbox/share/thumbs/Coleco - ColecoVision/Named_Titles/Pepper II (USA, Europe).png</image>
    <video>/recalbox/share/videos/No-Intro/Coleco - ColecoVision/Pepper II (USA, Europe).mp4</video>
  </game>
  <game>
    <path>/recalbox/share/rom/No-Intro/Coleco - ColecoVision/Pitfall II - Lost Caverns (USA).zip</path>
    <name>Pitfall II - Lost Caverns (USA)</name>
    <image>/recalbox/share/thumbs/Coleco - ColecoVision/Named_Titles/Pitfall II - Lost Caverns (USA).png</image>
    <video>/recalbox/share/videos/No-Intro/Coleco - ColecoVision/Pitfall II - Lost Caverns (USA).mp4</video>
  </game>
  <game>
    <path>/recalbox/share/rom/No-Intro/Coleco - ColecoVision/Pitfall! (USA).zip</path>
    <name>Pitfall! (USA)</name>
    <image>/recalbox/share/thumbs/Coleco - ColecoVision/Named_Titles/Pitfall! (USA).png</image>
    <video>/recalbox/share/videos/No-Intro/Coleco - ColecoVision/Pitfall! (USA).mp4</video>
  </game>
  <game>
    <path>/recalbox/share/rom/No-Intro/Coleco - ColecoVision/Pitstop (USA).zip</path>
    <name>Pitstop (USA)</name>
    <image>/recalbox/share/thumbs/Coleco - ColecoVision/Named_Titles/Pitstop (USA).png</image>
    <video>/recalbox/share/videos/No-Intro/Coleco - ColecoVision/Pitstop (USA).mp4</video>
  </game>
  <game>
    <path>/recalbox/share/rom/No-Intro/Coleco - ColecoVision/Pitstop (USA, Europe) (v1.1).zip</path>
    <name>Pitstop (USA, Europe) (v1.1)</name>
    <image>/recalbox/share/thumbs/Coleco - ColecoVision/Named_Titles/Pitstop (USA, Europe) (v1.1).png</image>
    <video>/recalbox/share/videos/No-Intro/Coleco - ColecoVision/Pitstop (USA, Europe) (v1.1).mp4</video>
  </game>
  <game>
    <path>/recalbox/share/rom/No-Intro/Coleco - ColecoVision/Popeye (USA).zip</path>
    <name>Popeye (USA)</name>
    <image>/recalbox/share/thumbs/Coleco - ColecoVision/Named_Titles/Popeye (USA).png</image>
    <video>/recalbox/share/videos/No-Intro/Coleco - ColecoVision/Popeye (USA).mp4</video>
  </game>
  <game>
    <path>/recalbox/share/rom/No-Intro/Coleco - ColecoVision/Porky's (USA) (Proto).zip</path>
    <name>Porky&apos;s (USA) (Proto)</name>
    <image>/recalbox/share/thumbs/Coleco - ColecoVision/Named_Titles/Porky&apos;s (USA) (Proto).png</image>
    <video>/recalbox/share/videos/No-Intro/Coleco - ColecoVision/Porky&apos;s (USA) (Proto).mp4</video>
  </game>
  <game>
    <path>/recalbox/share/rom/No-Intro/Coleco - ColecoVision/Power Lords - Quest for Volcan (USA) (Proto 1).zip</path>
    <name>Power Lords - Quest for Volcan (USA) (Proto 1)</name>
    <image>/recalbox/share/thumbs/Coleco - ColecoVision/Named_Titles/Power Lords - Quest for Volcan (USA) (Proto 1).png</image>
    <video>/recalbox/share/videos/No-Intro/Coleco - ColecoVision/Power Lords - Quest for Volcan (USA) (Proto 1).mp4</video>
  </game>
  <game>
    <path>/recalbox/share/rom/No-Intro/Coleco - ColecoVision/Power Lords - Quest for Volcan (USA) (Proto 2).zip</path>
    <name>Power Lords - Quest for Volcan (USA) (Proto 2)</name>
    <image>/recalbox/share/thumbs/Coleco - ColecoVision/Named_Titles/Power Lords - Quest for Volcan (USA) (Proto 2).png</image>
    <video>/recalbox/share/videos/No-Intro/Coleco - ColecoVision/Power Lords - Quest for Volcan (USA) (Proto 2).mp4</video>
  </game>
  <game>
    <path>/recalbox/share/rom/No-Intro/Coleco - ColecoVision/Q-bert (USA).zip</path>
    <name>Q-bert (USA)</name>
    <image>/recalbox/share/thumbs/Coleco - ColecoVision/Named_Titles/Q-bert (USA).png</image>
    <video>/recalbox/share/videos/No-Intro/Coleco - ColecoVision/Q-bert (USA).mp4</video>
  </game>
  <game>
    <path>/recalbox/share/rom/No-Intro/Coleco - ColecoVision/Q-bert's Qubes (USA).zip</path>
    <name>Q-bert&apos;s Qubes (USA)</name>
    <image>/recalbox/share/thumbs/Coleco - ColecoVision/Named_Titles/Q-bert&apos;s Qubes (USA).png</image>
    <video>/recalbox/share/videos/No-Intro/Coleco - ColecoVision/Q-bert&apos;s Qubes (USA).mp4</video>
  </game>
  <game>
    <path>/recalbox/share/rom/No-Intro/Coleco - ColecoVision/Quest for Quintana Roo (USA).zip</path>
    <name>Quest for Quintana Roo (USA)</name>
    <image>/recalbox/share/thumbs/Coleco - ColecoVision/Named_Titles/Quest for Quintana Roo (USA).png</image>
    <video>/recalbox/share/videos/No-Intro/Coleco - ColecoVision/Quest for Quintana Roo (USA).mp4</video>
  </game>
  <game>
    <path>/recalbox/share/rom/No-Intro/Coleco - ColecoVision/River Raid (USA).zip</path>
    <name>River Raid (USA)</name>
    <image>/recalbox/share/thumbs/Coleco - ColecoVision/Named_Titles/River Raid (USA).png</image>
    <video>/recalbox/share/videos/No-Intro/Coleco - ColecoVision/River Raid (USA).mp4</video>
  </game>
  <game>
    <path>/recalbox/share/rom/No-Intro/Coleco - ColecoVision/Robin Hood (USA).zip</path>
    <name>Robin Hood (USA)</name>
    <image>/recalbox/share/thumbs/Coleco - ColecoVision/Named_Titles/Robin Hood (USA).png</image>
    <video>/recalbox/share/videos/No-Intro/Coleco - ColecoVision/Robin Hood (USA).mp4</video>
  </game>
  <game>
    <path>/recalbox/share/rom/No-Intro/Coleco - ColecoVision/Roc 'N Rope (USA, Europe).zip</path>
    <name>Roc &apos;N Rope (USA, Europe)</name>
    <image>/recalbox/share/thumbs/Coleco - ColecoVision/Named_Titles/Roc &apos;N Rope (USA, Europe).png</image>
    <video>/recalbox/share/videos/No-Intro/Coleco - ColecoVision/Roc &apos;N Rope (USA, Europe).mp4</video>
  </game>
  <game>
    <path>/recalbox/share/rom/No-Intro/Coleco - ColecoVision/Rock n' Bolt (USA).zip</path>
    <name>Rock n&apos; Bolt (USA)</name>
    <image>/recalbox/share/thumbs/Coleco - ColecoVision/Named_Titles/Rock n&apos; Bolt (USA).png</image>
    <video>/recalbox/share/videos/No-Intro/Coleco - ColecoVision/Rock n&apos; Bolt (USA).mp4</video>
  </game>
  <game>
    <path>/recalbox/share/rom/No-Intro/Coleco - ColecoVision/Rocky - Super Action Boxing (USA, Europe).zip</path>
    <name>Rocky - Super Action Boxing (USA, Europe)</name>
    <image>/recalbox/share/thumbs/Coleco - ColecoVision/Named_Titles/Rocky - Super Action Boxing (USA, Europe).png</image>
    <video>/recalbox/share/videos/No-Intro/Coleco - ColecoVision/Rocky - Super Action Boxing (USA, Europe).mp4</video>
  </game>
  <game>
    <path>/recalbox/share/rom/No-Intro/Coleco - ColecoVision/Rolloverture (USA).zip</path>
    <name>Rolloverture (USA)</name>
    <image>/recalbox/share/thumbs/Coleco - ColecoVision/Named_Titles/Rolloverture (USA).png</image>
    <video>/recalbox/share/videos/No-Intro/Coleco - ColecoVision/Rolloverture (USA).mp4</video>
  </game>
  <game>
    <path>/recalbox/share/rom/No-Intro/Coleco - ColecoVision/Root Beer Tapper (USA).zip</path>
    <name>Root Beer Tapper (USA)</name>
    <image>/recalbox/share/thumbs/Coleco - ColecoVision/Named_Titles/Root Beer Tapper (USA).png</image>
    <video>/recalbox/share/videos/No-Intro/Coleco - ColecoVision/Root Beer Tapper (USA).mp4</video>
  </game>
  <game>
    <path>/recalbox/share/rom/No-Intro/Coleco - ColecoVision/Sammy Lightfoot (USA).zip</path>
    <name>Sammy Lightfoot (USA)</name>
    <image>/recalbox/share/thumbs/Coleco - ColecoVision/Named_Titles/Sammy Lightfoot (USA).png</image>
    <video>/recalbox/share/videos/No-Intro/Coleco - ColecoVision/Sammy Lightfoot (USA).mp4</video>
  </game>
  <game>
    <path>/recalbox/share/rom/No-Intro/Coleco - ColecoVision/Sector Alpha (USA).zip</path>
    <name>Sector Alpha (USA)</name>
    <image>/recalbox/share/thumbs/Coleco - ColecoVision/Named_Titles/Sector Alpha (USA).png</image>
    <video>/recalbox/share/videos/No-Intro/Coleco - ColecoVision/Sector Alpha (USA).mp4</video>
  </game>
  <game>
    <path>/recalbox/share/rom/No-Intro/Coleco - ColecoVision/Sewer Sam (USA).zip</path>
    <name>Sewer Sam (USA)</name>
    <image>/recalbox/share/thumbs/Coleco - ColecoVision/Named_Titles/Sewer Sam (USA).png</image>
    <video>/recalbox/share/videos/No-Intro/Coleco - ColecoVision/Sewer Sam (USA).mp4</video>
  </game>
  <game>
    <path>/recalbox/share/rom/No-Intro/Coleco - ColecoVision/Sir Lancelot (USA).zip</path>
    <name>Sir Lancelot (USA)</name>
    <image>/recalbox/share/thumbs/Coleco - ColecoVision/Named_Titles/Sir Lancelot (USA).png</image>
    <video>/recalbox/share/videos/No-Intro/Coleco - ColecoVision/Sir Lancelot (USA).mp4</video>
  </game>
  <game>
    <path>/recalbox/share/rom/No-Intro/Coleco - ColecoVision/Skiing (USA).zip</path>
    <name>Skiing (USA)</name>
    <image>/recalbox/share/thumbs/Coleco - ColecoVision/Named_Titles/Skiing (USA).png</image>
    <video>/recalbox/share/videos/No-Intro/Coleco - ColecoVision/Skiing (USA).mp4</video>
  </game>
  <game>
    <path>/recalbox/share/rom/No-Intro/Coleco - ColecoVision/Slurpy (USA).zip</path>
    <name>Slurpy (USA)</name>
    <image>/recalbox/share/thumbs/Coleco - ColecoVision/Named_Titles/Slurpy (USA).png</image>
    <video>/recalbox/share/videos/No-Intro/Coleco - ColecoVision/Slurpy (USA).mp4</video>
  </game>
  <game>
    <path>/recalbox/share/rom/No-Intro/Coleco - ColecoVision/Smurf - Paint 'n' Play WORKSHOP (USA, Europe).zip</path>
    <name>Smurf - Paint &apos;n&apos; Play WORKSHOP (USA, Europe)</name>
    <image>/recalbox/share/thumbs/Coleco - ColecoVision/Named_Titles/Smurf - Paint &apos;n&apos; Play WORKSHOP (USA, Europe).png</image>
    <video>/recalbox/share/videos/No-Intro/Coleco - ColecoVision/Smurf - Paint &apos;n&apos; Play WORKSHOP (USA, Europe).mp4</video>
  </game>
  <game>
    <path>/recalbox/share/rom/No-Intro/Coleco - ColecoVision/Smurf - Rescue in Gargamel's Castle (USA, Europe).zip</path>
    <name>Smurf - Rescue in Gargamel&apos;s Castle (USA, Europe)</name>
    <image>/recalbox/share/thumbs/Coleco - ColecoVision/Named_Titles/Smurf - Rescue in Gargamel&apos;s Castle (USA, Europe).png</image>
    <video>/recalbox/share/videos/No-Intro/Coleco - ColecoVision/Smurf - Rescue in Gargamel&apos;s Castle (USA, Europe).mp4</video>
  </game>
  <game>
    <path>/recalbox/share/rom/No-Intro/Coleco - ColecoVision/Smurfs Save the Day (USA) (Demo).zip</path>
    <name>Smurfs Save the Day (USA) (Demo)</name>
    <image>/recalbox/share/thumbs/Coleco - ColecoVision/Named_Titles/Smurfs Save the Day (USA) (Demo).png</image>
    <video>/recalbox/share/videos/No-Intro/Coleco - ColecoVision/Smurfs Save the Day (USA) (Demo).mp4</video>
  </game>
  <game>
    <path>/recalbox/share/rom/No-Intro/Coleco - ColecoVision/Space Fury (USA, Europe).zip</path>
    <name>Space Fury (USA, Europe)</name>
    <image>/recalbox/share/thumbs/Coleco - ColecoVision/Named_Titles/Space Fury (USA, Europe).png</image>
    <video>/recalbox/share/videos/No-Intro/Coleco - ColecoVision/Space Fury (USA, Europe).mp4</video>
  </game>
  <game>
    <path>/recalbox/share/rom/No-Intro/Coleco - ColecoVision/Space Panic (USA, Europe).zip</path>
    <name>Space Panic (USA, Europe)</name>
    <image>/recalbox/share/thumbs/Coleco - ColecoVision/Named_Titles/Space Panic (USA, Europe).png</image>
    <video>/recalbox/share/videos/No-Intro/Coleco - ColecoVision/Space Panic (USA, Europe).mp4</video>
  </game>
  <game>
    <path>/recalbox/share/rom/No-Intro/Coleco - ColecoVision/Spectron (USA).zip</path>
    <name>Spectron (USA)</name>
    <image>/recalbox/share/thumbs/Coleco - ColecoVision/Named_Titles/Spectron (USA).png</image>
    <video>/recalbox/share/videos/No-Intro/Coleco - ColecoVision/Spectron (USA).mp4</video>
  </game>
  <game>
    <path>/recalbox/share/rom/No-Intro/Coleco - ColecoVision/Spy Hunter (USA) (Beta).zip</path>
    <name>Spy Hunter (USA) (Beta)</name>
    <image>/recalbox/share/thumbs/Coleco - ColecoVision/Named_Titles/Spy Hunter (USA) (Beta).png</image>
    <video>/recalbox/share/videos/No-Intro/Coleco - ColecoVision/Spy Hunter (USA) (Beta).mp4</video>
  </game>
  <game>
    <path>/recalbox/share/rom/No-Intro/Coleco - ColecoVision/Spy Hunter (USA).zip</path>
    <name>Spy Hunter (USA)</name>
    <image>/recalbox/share/thumbs/Coleco - ColecoVision/Named_Titles/Spy Hunter (USA).png</image>
    <video>/recalbox/share/videos/No-Intro/Coleco - ColecoVision/Spy Hunter (USA).mp4</video>
  </game>
  <game>
    <path>/recalbox/share/rom/No-Intro/Coleco - ColecoVision/Squish'em Featuring Sam (USA).zip</path>
    <name>Squish&apos;em Featuring Sam (USA)</name>
    <image>/recalbox/share/thumbs/Coleco - ColecoVision/Named_Titles/Squish&apos;em Featuring Sam (USA).png</image>
    <video>/recalbox/share/videos/No-Intro/Coleco - ColecoVision/Squish&apos;em Featuring Sam (USA).mp4</video>
  </game>
  <game>
    <path>/recalbox/share/rom/No-Intro/Coleco - ColecoVision/Star Fire (USA) (Proto).zip</path>
    <name>Star Fire (USA) (Proto)</name>
    <image>/recalbox/share/thumbs/Coleco - ColecoVision/Named_Titles/Star Fire (USA) (Proto).png</image>
    <video>/recalbox/share/videos/No-Intro/Coleco - ColecoVision/Star Fire (USA) (Proto).mp4</video>
  </game>
  <game>
    <path>/recalbox/share/rom/No-Intro/Coleco - ColecoVision/Star Trek - Strategic Operations Simulator (USA).zip</path>
    <name>Star Trek - Strategic Operations Simulator (USA)</name>
    <image>/recalbox/share/thumbs/Coleco - ColecoVision/Named_Titles/Star Trek - Strategic Operations Simulator (USA).png</image>
    <video>/recalbox/share/videos/No-Intro/Coleco - ColecoVision/Star Trek - Strategic Operations Simulator (USA).mp4</video>
  </game>
  <game>
    <path>/recalbox/share/rom/No-Intro/Coleco - ColecoVision/Star Wars - The Arcade Game (USA) (Beta) (1984-04-12).zip</path>
    <name>Star Wars - The Arcade Game (USA) (Beta) (1984-04-12)</name>
    <image>/recalbox/share/thumbs/Coleco - ColecoVision/Named_Titles/Star Wars - The Arcade Game (USA) (Beta) (1984-04-12).png</image>
    <video>/recalbox/share/videos/No-Intro/Coleco - ColecoVision/Star Wars - The Arcade Game (USA) (Beta) (1984-04-12).mp4</video>
  </game>
  <game>
    <path>/recalbox/share/rom/No-Intro/Coleco - ColecoVision/Star Wars - The Arcade Game (USA).zip</path>
    <name>Star Wars - The Arcade Game (USA)</name>
    <image>/recalbox/share/thumbs/Coleco - ColecoVision/Named_Titles/Star Wars - The Arcade Game (USA).png</image>
    <video>/recalbox/share/videos/No-Intro/Coleco - ColecoVision/Star Wars - The Arcade Game (USA).mp4</video>
  </game>
  <game>
    <path>/recalbox/share/rom/No-Intro/Coleco - ColecoVision/Steamroller (USA) (Proto).zip</path>
    <name>Steamroller (USA) (Proto)</name>
    <image>/recalbox/share/thumbs/Coleco - ColecoVision/Named_Titles/Steamroller (USA) (Proto).png</image>
    <video>/recalbox/share/videos/No-Intro/Coleco - ColecoVision/Steamroller (USA) (Proto).mp4</video>
  </game>
  <game>
    <path>/recalbox/share/rom/No-Intro/Coleco - ColecoVision/Strike It! (Europe).zip</path>
    <name>Strike It! (Europe)</name>
    <image>/recalbox/share/thumbs/Coleco - ColecoVision/Named_Titles/Strike It! (Europe).png</image>
    <video>/recalbox/share/videos/No-Intro/Coleco - ColecoVision/Strike It! (Europe).mp4</video>
  </game>
  <game>
    <path>/recalbox/share/rom/No-Intro/Coleco - ColecoVision/Subroc (USA, Europe).zip</path>
    <name>Subroc (USA, Europe)</name>
    <image>/recalbox/share/thumbs/Coleco - ColecoVision/Named_Titles/Subroc (USA, Europe).png</image>
    <video>/recalbox/share/videos/No-Intro/Coleco - ColecoVision/Subroc (USA, Europe).mp4</video>
  </game>
  <game>
    <path>/recalbox/share/rom/No-Intro/Coleco - ColecoVision/Super Action Baseball (USA).zip</path>
    <name>Super Action Baseball (USA)</name>
    <image>/recalbox/share/thumbs/Coleco - ColecoVision/Named_Titles/Super Action Baseball (USA).png</image>
    <video>/recalbox/share/videos/No-Intro/Coleco - ColecoVision/Super Action Baseball (USA).mp4</video>
  </game>
  <game>
    <path>/recalbox/share/rom/No-Intro/Coleco - ColecoVision/Super Action Football (Europe).zip</path>
    <name>Super Action Football (Europe)</name>
    <image>/recalbox/share/thumbs/Coleco - ColecoVision/Named_Titles/Super Action Football (Europe).png</image>
    <video>/recalbox/share/videos/No-Intro/Coleco - ColecoVision/Super Action Football (Europe).mp4</video>
  </game>
  <game>
    <path>/recalbox/share/rom/No-Intro/Coleco - ColecoVision/Super Action Football (USA).zip</path>
    <name>Super Action Football (USA)</name>
    <image>/recalbox/share/thumbs/Coleco - ColecoVision/Named_Titles/Super Action Football (USA).png</image>
    <video>/recalbox/share/videos/No-Intro/Coleco - ColecoVision/Super Action Football (USA).mp4</video>
  </game>
  <game>
    <path>/recalbox/share/rom/No-Intro/Coleco - ColecoVision/Super Cobra (USA).zip</path>
    <name>Super Cobra (USA)</name>
    <image>/recalbox/share/thumbs/Coleco - ColecoVision/Named_Titles/Super Cobra (USA).png</image>
    <video>/recalbox/share/videos/No-Intro/Coleco - ColecoVision/Super Cobra (USA).mp4</video>
  </game>
  <game>
    <path>/recalbox/share/rom/No-Intro/Coleco - ColecoVision/Super Controller Tester (USA).zip</path>
    <name>Super Controller Tester (USA)</name>
    <image>/recalbox/share/thumbs/Coleco - ColecoVision/Named_Titles/Super Controller Tester (USA).png</image>
    <video>/recalbox/share/videos/No-Intro/Coleco - ColecoVision/Super Controller Tester (USA).mp4</video>
  </game>
  <game>
    <path>/recalbox/share/rom/No-Intro/Coleco - ColecoVision/Super Cross Force (USA, Europe).zip</path>
    <name>Super Cross Force (USA, Europe)</name>
    <image>/recalbox/share/thumbs/Coleco - ColecoVision/Named_Titles/Super Cross Force (USA, Europe).png</image>
    <video>/recalbox/share/videos/No-Intro/Coleco - ColecoVision/Super Cross Force (USA, Europe).mp4</video>
  </game>
  <game>
    <path>/recalbox/share/rom/No-Intro/Coleco - ColecoVision/Super DK! (USA) (Proto).zip</path>
    <name>Super DK! (USA) (Proto)</name>
    <image>/recalbox/share/thumbs/Coleco - ColecoVision/Named_Titles/Super DK! (USA) (Proto).png</image>
    <video>/recalbox/share/videos/No-Intro/Coleco - ColecoVision/Super DK! (USA) (Proto).mp4</video>
  </game>
  <game>
    <path>/recalbox/share/rom/No-Intro/Coleco - ColecoVision/Super DK! Junior (USA) (Proto).zip</path>
    <name>Super DK! Junior (USA) (Proto)</name>
    <image>/recalbox/share/thumbs/Coleco - ColecoVision/Named_Titles/Super DK! Junior (USA) (Proto).png</image>
    <video>/recalbox/share/videos/No-Intro/Coleco - ColecoVision/Super DK! Junior (USA) (Proto).mp4</video>
  </game>
  <game>
    <path>/recalbox/share/rom/No-Intro/Coleco - ColecoVision/Super Sketch - Sketch Master (USA) (Program) (Unl).zip</path>
    <name>Super Sketch - Sketch Master (USA) (Program) (Unl)</name>
    <image>/recalbox/share/thumbs/Coleco - ColecoVision/Named_Titles/Super Sketch - Sketch Master (USA) (Program) (Unl).png</image>
    <video>/recalbox/share/videos/No-Intro/Coleco - ColecoVision/Super Sketch - Sketch Master (USA) (Program) (Unl).mp4</video>
  </game>
  <game>
    <path>/recalbox/share/rom/No-Intro/Coleco - ColecoVision/Sword and the Sorcerer, The (USA) (Demo).zip</path>
    <name>Sword and the Sorcerer, The (USA) (Demo)</name>
    <image>/recalbox/share/thumbs/Coleco - ColecoVision/Named_Titles/Sword and the Sorcerer, The (USA) (Demo).png</image>
    <video>/recalbox/share/videos/No-Intro/Coleco - ColecoVision/Sword and the Sorcerer, The (USA) (Demo).mp4</video>
  </game>
  <game>
    <path>/recalbox/share/rom/No-Intro/Coleco - ColecoVision/TOMARC the Barbarian (USA).zip</path>
    <name>TOMARC the Barbarian (USA)</name>
    <image>/recalbox/share/thumbs/Coleco - ColecoVision/Named_Titles/TOMARC the Barbarian (USA).png</image>
    <video>/recalbox/share/videos/No-Intro/Coleco - ColecoVision/TOMARC the Barbarian (USA).mp4</video>
  </game>
  <game>
    <path>/recalbox/share/rom/No-Intro/Coleco - ColecoVision/Tank Wars (Europe).zip</path>
    <name>Tank Wars (Europe)</name>
    <image>/recalbox/share/thumbs/Coleco - ColecoVision/Named_Titles/Tank Wars (Europe).png</image>
    <video>/recalbox/share/videos/No-Intro/Coleco - ColecoVision/Tank Wars (Europe).mp4</video>
  </game>
  <game>
    <path>/recalbox/share/rom/No-Intro/Coleco - ColecoVision/Tarzan (USA, Europe).zip</path>
    <name>Tarzan (USA, Europe)</name>
    <image>/recalbox/share/thumbs/Coleco - ColecoVision/Named_Titles/Tarzan (USA, Europe).png</image>
    <video>/recalbox/share/videos/No-Intro/Coleco - ColecoVision/Tarzan (USA, Europe).mp4</video>
  </game>
  <game>
    <path>/recalbox/share/rom/No-Intro/Coleco - ColecoVision/Telly Turtle (USA).zip</path>
    <name>Telly Turtle (USA)</name>
    <image>/recalbox/share/thumbs/Coleco - ColecoVision/Named_Titles/Telly Turtle (USA).png</image>
    <video>/recalbox/share/videos/No-Intro/Coleco - ColecoVision/Telly Turtle (USA).mp4</video>
  </game>
  <game>
    <path>/recalbox/share/rom/No-Intro/Coleco - ColecoVision/Threshold (USA).zip</path>
    <name>Threshold (USA)</name>
    <image>/recalbox/share/thumbs/Coleco - ColecoVision/Named_Titles/Threshold (USA).png</image>
    <video>/recalbox/share/videos/No-Intro/Coleco - ColecoVision/Threshold (USA).mp4</video>
  </game>
  <game>
    <path>/recalbox/share/rom/No-Intro/Coleco - ColecoVision/Time Pilot (USA, Europe).zip</path>
    <name>Time Pilot (USA, Europe)</name>
    <image>/recalbox/share/thumbs/Coleco - ColecoVision/Named_Titles/Time Pilot (USA, Europe).png</image>
    <video>/recalbox/share/videos/No-Intro/Coleco - ColecoVision/Time Pilot (USA, Europe).mp4</video>
  </game>
  <game>
    <path>/recalbox/share/rom/No-Intro/Coleco - ColecoVision/Tournament Tennis (USA).zip</path>
    <name>Tournament Tennis (USA)</name>
    <image>/recalbox/share/thumbs/Coleco - ColecoVision/Named_Titles/Tournament Tennis (USA).png</image>
    <video>/recalbox/share/videos/No-Intro/Coleco - ColecoVision/Tournament Tennis (USA).mp4</video>
  </game>
  <game>
    <path>/recalbox/share/rom/No-Intro/Coleco - ColecoVision/Tunnels &amp; Trolls (USA) (Demo).zip</path>
    <name>Tunnels &amp; Trolls (USA) (Demo)</name>
    <image>/recalbox/share/thumbs/Coleco - ColecoVision/Named_Titles/Tunnels &amp; Trolls (USA) (Demo).png</image>
    <video>/recalbox/share/videos/No-Intro/Coleco - ColecoVision/Tunnels &amp; Trolls (USA) (Demo).mp4</video>
  </game>
  <game>
    <path>/recalbox/share/rom/No-Intro/Coleco - ColecoVision/Turbo (USA, Europe).zip</path>
    <name>Turbo (USA, Europe)</name>
    <image>/recalbox/share/thumbs/Coleco - ColecoVision/Named_Titles/Turbo (USA, Europe).png</image>
    <video>/recalbox/share/videos/No-Intro/Coleco - ColecoVision/Turbo (USA, Europe).mp4</video>
  </game>
  <game>
    <path>/recalbox/share/rom/No-Intro/Coleco - ColecoVision/Tutankham (USA).zip</path>
    <name>Tutankham (USA)</name>
    <image>/recalbox/share/thumbs/Coleco - ColecoVision/Named_Titles/Tutankham (USA).png</image>
    <video>/recalbox/share/videos/No-Intro/Coleco - ColecoVision/Tutankham (USA).mp4</video>
  </game>
  <game>
    <path>/recalbox/share/rom/No-Intro/Coleco - ColecoVision/Up 'n Down (USA).zip</path>
    <name>Up &apos;n Down (USA)</name>
    <image>/recalbox/share/thumbs/Coleco - ColecoVision/Named_Titles/Up &apos;n Down (USA).png</image>
    <video>/recalbox/share/videos/No-Intro/Coleco - ColecoVision/Up &apos;n Down (USA).mp4</video>
  </game>
  <game>
    <path>/recalbox/share/rom/No-Intro/Coleco - ColecoVision/Venture (USA, Europe).zip</path>
    <name>Venture (USA, Europe)</name>
    <image>/recalbox/share/thumbs/Coleco - ColecoVision/Named_Titles/Venture (USA, Europe).png</image>
    <video>/recalbox/share/videos/No-Intro/Coleco - ColecoVision/Venture (USA, Europe).mp4</video>
  </game>
  <game>
    <path>/recalbox/share/rom/No-Intro/Coleco - ColecoVision/Victory (Europe).zip</path>
    <name>Victory (Europe)</name>
    <image>/recalbox/share/thumbs/Coleco - ColecoVision/Named_Titles/Victory (Europe).png</image>
    <video>/recalbox/share/videos/No-Intro/Coleco - ColecoVision/Victory (Europe).mp4</video>
  </game>
  <game>
    <path>/recalbox/share/rom/No-Intro/Coleco - ColecoVision/Victory (USA).zip</path>
    <name>Victory (USA)</name>
    <image>/recalbox/share/thumbs/Coleco - ColecoVision/Named_Titles/Victory (USA).png</image>
    <video>/recalbox/share/videos/No-Intro/Coleco - ColecoVision/Victory (USA).mp4</video>
  </game>
  <game>
    <path>/recalbox/share/rom/No-Intro/Coleco - ColecoVision/Video Hustler (USA) (Proto 1).zip</path>
    <name>Video Hustler (USA) (Proto 1)</name>
    <image>/recalbox/share/thumbs/Coleco - ColecoVision/Named_Titles/Video Hustler (USA) (Proto 1).png</image>
    <video>/recalbox/share/videos/No-Intro/Coleco - ColecoVision/Video Hustler (USA) (Proto 1).mp4</video>
  </game>
  <game>
    <path>/recalbox/share/rom/No-Intro/Coleco - ColecoVision/Video Hustler (USA) (Proto 2).zip</path>
    <name>Video Hustler (USA) (Proto 2)</name>
    <image>/recalbox/share/thumbs/Coleco - ColecoVision/Named_Titles/Video Hustler (USA) (Proto 2).png</image>
    <video>/recalbox/share/videos/No-Intro/Coleco - ColecoVision/Video Hustler (USA) (Proto 2).mp4</video>
  </game>
  <game>
    <path>/recalbox/share/rom/No-Intro/Coleco - ColecoVision/War Room (USA).zip</path>
    <name>War Room (USA)</name>
    <image>/recalbox/share/thumbs/Coleco - ColecoVision/Named_Titles/War Room (USA).png</image>
    <video>/recalbox/share/videos/No-Intro/Coleco - ColecoVision/War Room (USA).mp4</video>
  </game>
  <game>
    <path>/recalbox/share/rom/No-Intro/Coleco - ColecoVision/WarGames (USA, Europe).zip</path>
    <name>WarGames (USA, Europe)</name>
    <image>/recalbox/share/thumbs/Coleco - ColecoVision/Named_Titles/WarGames (USA, Europe).png</image>
    <video>/recalbox/share/videos/No-Intro/Coleco - ColecoVision/WarGames (USA, Europe).mp4</video>
  </game>
  <game>
    <path>/recalbox/share/rom/No-Intro/Coleco - ColecoVision/Wing War (USA).zip</path>
    <name>Wing War (USA)</name>
    <image>/recalbox/share/thumbs/Coleco - ColecoVision/Named_Titles/Wing War (USA).png</image>
    <video>/recalbox/share/videos/No-Intro/Coleco - ColecoVision/Wing War (USA).mp4</video>
  </game>
  <game>
    <path>/recalbox/share/rom/No-Intro/Coleco - ColecoVision/Wizard of Id's - WizMath (USA).zip</path>
    <name>Wizard of Id&apos;s - WizMath (USA)</name>
    <image>/recalbox/share/thumbs/Coleco - ColecoVision/Named_Titles/Wizard of Id&apos;s - WizMath (USA).png</image>
    <video>/recalbox/share/videos/No-Intro/Coleco - ColecoVision/Wizard of Id&apos;s - WizMath (USA).mp4</video>
  </game>
  <game>
    <path>/recalbox/share/rom/No-Intro/Coleco - ColecoVision/Word Feud (USA).zip</path>
    <name>Word Feud (USA)</name>
    <image>/recalbox/share/thumbs/Coleco - ColecoVision/Named_Titles/Word Feud (USA).png</image>
    <video>/recalbox/share/videos/No-Intro/Coleco - ColecoVision/Word Feud (USA).mp4</video>
  </game>
  <game>
    <path>/recalbox/share/rom/No-Intro/Coleco - ColecoVision/Yolk's on you, The (Europe) (Proto).zip</path>
    <name>Yolk&apos;s on you, The (Europe) (Proto)</name>
    <image>/recalbox/share/thumbs/Coleco - ColecoVision/Named_Titles/Yolk&apos;s on you, The (Europe) (Proto).png</image>
    <video>/recalbox/share/videos/No-Intro/Coleco - ColecoVision/Yolk&apos;s on you, The (Europe) (Proto).mp4</video>
  </game>
  <game>
    <path>/recalbox/share/rom/No-Intro/Coleco - ColecoVision/Zaxxon (Taiwan) (En) (Unl).zip</path>
    <name>Zaxxon (Taiwan) (En) (Unl)</name>
    <image>/recalbox/share/thumbs/Coleco - ColecoVision/Named_Titles/Zaxxon (Taiwan) (En) (Unl).png</image>
    <video>/recalbox/share/videos/No-Intro/Coleco - ColecoVision/Zaxxon (Taiwan) (En) (Unl).mp4</video>
  </game>
  <game>
    <path>/recalbox/share/rom/No-Intro/Coleco - ColecoVision/Zaxxon (USA, Europe).zip</path>
    <name>Zaxxon (USA, Europe)</name>
    <image>/recalbox/share/thumbs/Coleco - ColecoVision/Named_Titles/Zaxxon (USA, Europe).png</image>
    <video>/recalbox/share/videos/No-Intro/Coleco - ColecoVision/Zaxxon (USA, Europe).mp4</video>
  </game>
  <game>
    <path>/recalbox/share/rom/No-Intro/Coleco - ColecoVision/Zenji (USA).zip</path>
    <name>Zenji (USA)</name>
    <image>/recalbox/share/thumbs/Coleco - ColecoVision/Named_Titles/Zenji (USA).png</image>
    <video>/recalbox/share/videos/No-Intro/Coleco - ColecoVision/Zenji (USA).mp4</video>
  </game>
</gamelist>