<gamelist>
  <game>
    <path>/recalbox/share/roms/readystream/amigacd32/Akira (Europe).zip</path>
    <name>Akira (Europe)</name>
    <image>/recalbox/share/thumbs/Commodore - CD32/Named_Titles/Akira (Europe).png</image>
    <video>/recalbox/share/videos/Redump/Commodore - Amiga CD32/Akira (Europe).mp4</video>
  </game>
  <game>
    <path>/recalbox/share/roms/readystream/amigacd32/Alfred Chicken (Europe).zip</path>
    <name>Alfred Chicken (Europe)</name>
    <image>/recalbox/share/thumbs/Commodore - CD32/Named_Titles/Alfred Chicken (Europe).png</image>
    <video>/recalbox/share/videos/Redump/Commodore - Amiga CD32/Alfred Chicken (Europe).mp4</video>
  </game>
  <game>
    <path>/recalbox/share/roms/readystream/amigacd32/Alien Breed - Tower Assault (Europe).zip</path>
    <name>Alien Breed - Tower Assault (Europe)</name>
    <image>/recalbox/share/thumbs/Commodore - CD32/Named_Titles/Alien Breed - Tower Assault (Europe).png</image>
    <video>/recalbox/share/videos/Redump/Commodore - Amiga CD32/Alien Breed - Tower Assault (Europe).mp4</video>
  </game>
  <game>
    <path>/recalbox/share/roms/readystream/amigacd32/Alien Breed 3D (Europe).zip</path>
    <name>Alien Breed 3D (Europe)</name>
    <image>/recalbox/share/thumbs/Commodore - CD32/Named_Titles/Alien Breed 3D (Europe).png</image>
    <video>/recalbox/share/videos/Redump/Commodore - Amiga CD32/Alien Breed 3D (Europe).mp4</video>
  </game>
  <game>
    <path>/recalbox/share/roms/readystream/amigacd32/Alien Breed Special Edition &amp; Qwak (Europe) (En,Fr,De,It,Da).zip</path>
    <name>Alien Breed Special Edition &amp; Qwak (Europe) (En,Fr,De,It,Da)</name>
    <image>/recalbox/share/thumbs/Commodore - CD32/Named_Titles/Alien Breed Special Edition &amp; Qwak (Europe) (En,Fr,De,It,Da).png</image>
    <video>/recalbox/share/videos/Redump/Commodore - Amiga CD32/Alien Breed Special Edition &amp; Qwak (Europe) (En,Fr,De,It,Da).mp4</video>
  </game>
  <game>
    <path>/recalbox/share/roms/readystream/amigacd32/Amiga CD32 Gamer - Demos, Shareware &amp; PD Games - Volume 1 (UK).zip</path>
    <name>Amiga CD32 Gamer - Demos, Shareware &amp; PD Games - Volume 1 (UK)</name>
    <image>/recalbox/share/thumbs/Commodore - CD32/Named_Titles/Amiga CD32 Gamer - Demos, Shareware &amp; PD Games - Volume 1 (UK).png</image>
    <video>/recalbox/share/videos/Redump/Commodore - Amiga CD32/Amiga CD32 Gamer - Demos, Shareware &amp; PD Games - Volume 1 (UK).mp4</video>
  </game>
  <game>
    <path>/recalbox/share/roms/readystream/amigacd32/Amiga CD32 Gamer - Game Demos - Volume 2 (UK).zip</path>
    <name>Amiga CD32 Gamer - Game Demos - Volume 2 (UK)</name>
    <image>/recalbox/share/thumbs/Commodore - CD32/Named_Titles/Amiga CD32 Gamer - Game Demos - Volume 2 (UK).png</image>
    <video>/recalbox/share/videos/Redump/Commodore - Amiga CD32/Amiga CD32 Gamer - Game Demos - Volume 2 (UK).mp4</video>
  </game>
  <game>
    <path>/recalbox/share/roms/readystream/amigacd32/Amiga CD32 Magazine - Spring 1994 (Europe).zip</path>
    <name>Amiga CD32 Magazine - Spring 1994 (Europe)</name>
    <image>/recalbox/share/thumbs/Commodore - CD32/Named_Titles/Amiga CD32 Magazine - Spring 1994 (Europe).png</image>
    <video>/recalbox/share/videos/Redump/Commodore - Amiga CD32/Amiga CD32 Magazine - Spring 1994 (Europe).mp4</video>
  </game>
  <game>
    <path>/recalbox/share/roms/readystream/amigacd32/Amiga CD32 Magazine - Winter 1994 (Europe).zip</path>
    <name>Amiga CD32 Magazine - Winter 1994 (Europe)</name>
    <image>/recalbox/share/thumbs/Commodore - CD32/Named_Titles/Amiga CD32 Magazine - Winter 1994 (Europe).png</image>
    <video>/recalbox/share/videos/Redump/Commodore - Amiga CD32/Amiga CD32 Magazine - Winter 1994 (Europe).mp4</video>
  </game>
  <game>
    <path>/recalbox/share/roms/readystream/amigacd32/Amiga Power Techno Nation - Game Massive - The Essential CD32 Collection Volume 1 (Europe).zip</path>
    <name>Amiga Power Techno Nation - Game Massive - The Essential CD32 Collection Volume 1 (Europe)</name>
    <image>/recalbox/share/thumbs/Commodore - CD32/Named_Titles/Amiga Power Techno Nation - Game Massive - The Essential CD32 Collection Volume 1 (Europe).png</image>
    <video>/recalbox/share/videos/Redump/Commodore - Amiga CD32/Amiga Power Techno Nation - Game Massive - The Essential CD32 Collection Volume 1 (Europe).mp4</video>
  </game>
  <game>
    <path>/recalbox/share/roms/readystream/amigacd32/Arabian Nights (Europe) (En,Fr,De,It).zip</path>
    <name>Arabian Nights (Europe) (En,Fr,De,It)</name>
    <image>/recalbox/share/thumbs/Commodore - CD32/Named_Titles/Arabian Nights (Europe) (En,Fr,De,It).png</image>
    <video>/recalbox/share/videos/Redump/Commodore - Amiga CD32/Arabian Nights (Europe) (En,Fr,De,It).mp4</video>
  </game>
  <game>
    <path>/recalbox/share/roms/readystream/amigacd32/Arcade Pool (Europe) (En,Fr,De,It) (Alt).zip</path>
    <name>Arcade Pool (Europe) (En,Fr,De,It) (Alt)</name>
    <image>/recalbox/share/thumbs/Commodore - CD32/Named_Titles/Arcade Pool (Europe) (En,Fr,De,It) (Alt).png</image>
    <video>/recalbox/share/videos/Redump/Commodore - Amiga CD32/Arcade Pool (Europe) (En,Fr,De,It) (Alt).mp4</video>
  </game>
  <game>
    <path>/recalbox/share/roms/readystream/amigacd32/Arcade Pool (Europe) (En,Fr,De,It).zip</path>
    <name>Arcade Pool (Europe) (En,Fr,De,It)</name>
    <image>/recalbox/share/thumbs/Commodore - CD32/Named_Titles/Arcade Pool (Europe) (En,Fr,De,It).png</image>
    <video>/recalbox/share/videos/Redump/Commodore - Amiga CD32/Arcade Pool (Europe) (En,Fr,De,It).mp4</video>
  </game>
  <game>
    <path>/recalbox/share/roms/readystream/amigacd32/Assassins - Ultimate Games Compact Disc (Europe) (v2.0).zip</path>
    <name>Assassins - Ultimate Games Compact Disc (Europe) (v2.0)</name>
    <image>/recalbox/share/thumbs/Commodore - CD32/Named_Titles/Assassins - Ultimate Games Compact Disc (Europe) (v2.0).png</image>
    <video>/recalbox/share/videos/Redump/Commodore - Amiga CD32/Assassins - Ultimate Games Compact Disc (Europe) (v2.0).mp4</video>
  </game>
  <game>
    <path>/recalbox/share/roms/readystream/amigacd32/Banshee (Europe) (En,Fr,De,Da).zip</path>
    <name>Banshee (Europe) (En,Fr,De,Da)</name>
    <image>/recalbox/share/thumbs/Commodore - CD32/Named_Titles/Banshee (Europe) (En,Fr,De,Da).png</image>
    <video>/recalbox/share/videos/Redump/Commodore - Amiga CD32/Banshee (Europe) (En,Fr,De,Da).mp4</video>
  </game>
  <game>
    <path>/recalbox/share/roms/readystream/amigacd32/Base Jumpers (Europe).zip</path>
    <name>Base Jumpers (Europe)</name>
    <image>/recalbox/share/thumbs/Commodore - CD32/Named_Titles/Base Jumpers (Europe).png</image>
    <video>/recalbox/share/videos/Redump/Commodore - Amiga CD32/Base Jumpers (Europe).mp4</video>
  </game>
  <game>
    <path>/recalbox/share/roms/readystream/amigacd32/Battle Chess (Europe).zip</path>
    <name>Battle Chess (Europe)</name>
    <image>/recalbox/share/thumbs/Commodore - CD32/Named_Titles/Battle Chess (Europe).png</image>
    <video>/recalbox/share/videos/Redump/Commodore - Amiga CD32/Battle Chess (Europe).mp4</video>
  </game>
  <game>
    <path>/recalbox/share/roms/readystream/amigacd32/Battletoads (Europe).zip</path>
    <name>Battletoads (Europe)</name>
    <image>/recalbox/share/thumbs/Commodore - CD32/Named_Titles/Battletoads (Europe).png</image>
    <video>/recalbox/share/videos/Redump/Commodore - Amiga CD32/Battletoads (Europe).mp4</video>
  </game>
  <game>
    <path>/recalbox/share/roms/readystream/amigacd32/Beavers (Europe).zip</path>
    <name>Beavers (Europe)</name>
    <image>/recalbox/share/thumbs/Commodore - CD32/Named_Titles/Beavers (Europe).png</image>
    <video>/recalbox/share/videos/Redump/Commodore - Amiga CD32/Beavers (Europe).mp4</video>
  </game>
  <game>
    <path>/recalbox/share/roms/readystream/amigacd32/Beneath a Steel Sky (Europe) (En,Fr,De,It).zip</path>
    <name>Beneath a Steel Sky (Europe) (En,Fr,De,It)</name>
    <image>/recalbox/share/thumbs/Commodore - CD32/Named_Titles/Beneath a Steel Sky (Europe) (En,Fr,De,It).png</image>
    <video>/recalbox/share/videos/Redump/Commodore - Amiga CD32/Beneath a Steel Sky (Europe) (En,Fr,De,It).mp4</video>
  </game>
  <game>
    <path>/recalbox/share/roms/readystream/amigacd32/Benefactor (Europe).zip</path>
    <name>Benefactor (Europe)</name>
    <image>/recalbox/share/thumbs/Commodore - CD32/Named_Titles/Benefactor (Europe).png</image>
    <video>/recalbox/share/videos/Redump/Commodore - Amiga CD32/Benefactor (Europe).mp4</video>
  </game>
  <game>
    <path>/recalbox/share/roms/readystream/amigacd32/Big 6, The (Europe).zip</path>
    <name>Big 6, The (Europe)</name>
    <image>/recalbox/share/thumbs/Commodore - CD32/Named_Titles/Big 6, The (Europe).png</image>
    <video>/recalbox/share/videos/Redump/Commodore - Amiga CD32/Big 6, The (Europe).mp4</video>
  </game>
  <game>
    <path>/recalbox/share/roms/readystream/amigacd32/Black Viper (Europe) (En,De,It).zip</path>
    <name>Black Viper (Europe) (En,De,It)</name>
    <image>/recalbox/share/thumbs/Commodore - CD32/Named_Titles/Black Viper (Europe) (En,De,It).png</image>
    <video>/recalbox/share/videos/Redump/Commodore - Amiga CD32/Black Viper (Europe) (En,De,It).mp4</video>
  </game>
  <game>
    <path>/recalbox/share/roms/readystream/amigacd32/Brian the Lion (Europe) (En,Fr,De,It) (Gameplay CD-ROM).zip</path>
    <name>Brian the Lion (Europe) (En,Fr,De,It) (Gameplay CD-ROM)</name>
    <image>/recalbox/share/thumbs/Commodore - CD32/Named_Titles/Brian the Lion (Europe) (En,Fr,De,It) (Gameplay CD-ROM).png</image>
    <video>/recalbox/share/videos/Redump/Commodore - Amiga CD32/Brian the Lion (Europe) (En,Fr,De,It) (Gameplay CD-ROM).mp4</video>
  </game>
  <game>
    <path>/recalbox/share/roms/readystream/amigacd32/Brutal Football (Europe).zip</path>
    <name>Brutal Football (Europe)</name>
    <image>/recalbox/share/thumbs/Commodore - CD32/Named_Titles/Brutal Football (Europe).png</image>
    <video>/recalbox/share/videos/Redump/Commodore - Amiga CD32/Brutal Football (Europe).mp4</video>
  </game>
  <game>
    <path>/recalbox/share/roms/readystream/amigacd32/Bubba 'n' Stix (Europe).zip</path>
    <name>Bubba &apos;n&apos; Stix (Europe)</name>
    <image>/recalbox/share/thumbs/Commodore - CD32/Named_Titles/Bubba &apos;n&apos; Stix (Europe).png</image>
    <video>/recalbox/share/videos/Redump/Commodore - Amiga CD32/Bubba &apos;n&apos; Stix (Europe).mp4</video>
  </game>
  <game>
    <path>/recalbox/share/roms/readystream/amigacd32/Bubble and Squeak (Europe).zip</path>
    <name>Bubble and Squeak (Europe)</name>
    <image>/recalbox/share/thumbs/Commodore - CD32/Named_Titles/Bubble and Squeak (Europe).png</image>
    <video>/recalbox/share/videos/Redump/Commodore - Amiga CD32/Bubble and Squeak (Europe).mp4</video>
  </game>
  <game>
    <path>/recalbox/share/roms/readystream/amigacd32/Bump 'n' Burn (Europe).zip</path>
    <name>Bump &apos;n&apos; Burn (Europe)</name>
    <image>/recalbox/share/thumbs/Commodore - CD32/Named_Titles/Bump &apos;n&apos; Burn (Europe).png</image>
    <video>/recalbox/share/videos/Redump/Commodore - Amiga CD32/Bump &apos;n&apos; Burn (Europe).mp4</video>
  </game>
  <game>
    <path>/recalbox/share/roms/readystream/amigacd32/CD Micro French (Europe).zip</path>
    <name>CD Micro French (Europe)</name>
    <image>/recalbox/share/thumbs/Commodore - CD32/Named_Titles/CD Micro French (Europe).png</image>
    <video>/recalbox/share/videos/Redump/Commodore - Amiga CD32/CD Micro French (Europe).mp4</video>
  </game>
  <game>
    <path>/recalbox/share/roms/readystream/amigacd32/CD32 Gamer - Playable Game Demos - Volume 3 (UK).zip</path>
    <name>CD32 Gamer - Playable Game Demos - Volume 3 (UK)</name>
    <image>/recalbox/share/thumbs/Commodore - CD32/Named_Titles/CD32 Gamer - Playable Game Demos - Volume 3 (UK).png</image>
    <video>/recalbox/share/videos/Redump/Commodore - Amiga CD32/CD32 Gamer - Playable Game Demos - Volume 3 (UK).mp4</video>
  </game>
  <game>
    <path>/recalbox/share/roms/readystream/amigacd32/CD32 Gamer - Playable Game Demos, Demos, Multimedia &amp; Shareware - Volume 10 (UK).zip</path>
    <name>CD32 Gamer - Playable Game Demos, Demos, Multimedia &amp; Shareware - Volume 10 (UK)</name>
    <image>/recalbox/share/thumbs/Commodore - CD32/Named_Titles/CD32 Gamer - Playable Game Demos, Demos, Multimedia &amp; Shareware - Volume 10 (UK).png</image>
    <video>/recalbox/share/videos/Redump/Commodore - Amiga CD32/CD32 Gamer - Playable Game Demos, Demos, Multimedia &amp; Shareware - Volume 10 (UK).mp4</video>
  </game>
  <game>
    <path>/recalbox/share/roms/readystream/amigacd32/CD32 Gamer - Playable Game Demos, Demos, Multimedia &amp; Shareware - Volume 11 (UK).zip</path>
    <name>CD32 Gamer - Playable Game Demos, Demos, Multimedia &amp; Shareware - Volume 11 (UK)</name>
    <image>/recalbox/share/thumbs/Commodore - CD32/Named_Titles/CD32 Gamer - Playable Game Demos, Demos, Multimedia &amp; Shareware - Volume 11 (UK).png</image>
    <video>/recalbox/share/videos/Redump/Commodore - Amiga CD32/CD32 Gamer - Playable Game Demos, Demos, Multimedia &amp; Shareware - Volume 11 (UK).mp4</video>
  </game>
  <game>
    <path>/recalbox/share/roms/readystream/amigacd32/CD32 Gamer - Playable Game Demos, Demos, Multimedia &amp; Shareware - Volume 12 (UK).zip</path>
    <name>CD32 Gamer - Playable Game Demos, Demos, Multimedia &amp; Shareware - Volume 12 (UK)</name>
    <image>/recalbox/share/thumbs/Commodore - CD32/Named_Titles/CD32 Gamer - Playable Game Demos, Demos, Multimedia &amp; Shareware - Volume 12 (UK).png</image>
    <video>/recalbox/share/videos/Redump/Commodore - Amiga CD32/CD32 Gamer - Playable Game Demos, Demos, Multimedia &amp; Shareware - Volume 12 (UK).mp4</video>
  </game>
  <game>
    <path>/recalbox/share/roms/readystream/amigacd32/CD32 Gamer - Playable Game Demos, Demos, Multimedia &amp; Shareware - Volume 13 (UK).zip</path>
    <name>CD32 Gamer - Playable Game Demos, Demos, Multimedia &amp; Shareware - Volume 13 (UK)</name>
    <image>/recalbox/share/thumbs/Commodore - CD32/Named_Titles/CD32 Gamer - Playable Game Demos, Demos, Multimedia &amp; Shareware - Volume 13 (UK).png</image>
    <video>/recalbox/share/videos/Redump/Commodore - Amiga CD32/CD32 Gamer - Playable Game Demos, Demos, Multimedia &amp; Shareware - Volume 13 (UK).mp4</video>
  </game>
  <game>
    <path>/recalbox/share/roms/readystream/amigacd32/CD32 Gamer - Playable Game Demos, Demos, Multimedia &amp; Shareware - Volume 14 (UK).zip</path>
    <name>CD32 Gamer - Playable Game Demos, Demos, Multimedia &amp; Shareware - Volume 14 (UK)</name>
    <image>/recalbox/share/thumbs/Commodore - CD32/Named_Titles/CD32 Gamer - Playable Game Demos, Demos, Multimedia &amp; Shareware - Volume 14 (UK).png</image>
    <video>/recalbox/share/videos/Redump/Commodore - Amiga CD32/CD32 Gamer - Playable Game Demos, Demos, Multimedia &amp; Shareware - Volume 14 (UK).mp4</video>
  </game>
  <game>
    <path>/recalbox/share/roms/readystream/amigacd32/CD32 Gamer - Playable Game Demos, Demos, Multimedia &amp; Shareware - Volume 15 (UK).zip</path>
    <name>CD32 Gamer - Playable Game Demos, Demos, Multimedia &amp; Shareware - Volume 15 (UK)</name>
    <image>/recalbox/share/thumbs/Commodore - CD32/Named_Titles/CD32 Gamer - Playable Game Demos, Demos, Multimedia &amp; Shareware - Volume 15 (UK).png</image>
    <video>/recalbox/share/videos/Redump/Commodore - Amiga CD32/CD32 Gamer - Playable Game Demos, Demos, Multimedia &amp; Shareware - Volume 15 (UK).mp4</video>
  </game>
  <game>
    <path>/recalbox/share/roms/readystream/amigacd32/CD32 Gamer - Playable Game Demos, Demos, Multimedia &amp; Shareware - Volume 19 (UK).zip</path>
    <name>CD32 Gamer - Playable Game Demos, Demos, Multimedia &amp; Shareware - Volume 19 (UK)</name>
    <image>/recalbox/share/thumbs/Commodore - CD32/Named_Titles/CD32 Gamer - Playable Game Demos, Demos, Multimedia &amp; Shareware - Volume 19 (UK).png</image>
    <video>/recalbox/share/videos/Redump/Commodore - Amiga CD32/CD32 Gamer - Playable Game Demos, Demos, Multimedia &amp; Shareware - Volume 19 (UK).mp4</video>
  </game>
  <game>
    <path>/recalbox/share/roms/readystream/amigacd32/CD32 Gamer - Playable Game Demos, Demos, Multimedia &amp; Shareware - Volume 21 (UK).zip</path>
    <name>CD32 Gamer - Playable Game Demos, Demos, Multimedia &amp; Shareware - Volume 21 (UK)</name>
    <image>/recalbox/share/thumbs/Commodore - CD32/Named_Titles/CD32 Gamer - Playable Game Demos, Demos, Multimedia &amp; Shareware - Volume 21 (UK).png</image>
    <video>/recalbox/share/videos/Redump/Commodore - Amiga CD32/CD32 Gamer - Playable Game Demos, Demos, Multimedia &amp; Shareware - Volume 21 (UK).mp4</video>
  </game>
  <game>
    <path>/recalbox/share/roms/readystream/amigacd32/CD32 Gamer - Playable Game Demos, Demos, Multimedia &amp; Shareware - Volume 4 (UK).zip</path>
    <name>CD32 Gamer - Playable Game Demos, Demos, Multimedia &amp; Shareware - Volume 4 (UK)</name>
    <image>/recalbox/share/thumbs/Commodore - CD32/Named_Titles/CD32 Gamer - Playable Game Demos, Demos, Multimedia &amp; Shareware - Volume 4 (UK).png</image>
    <video>/recalbox/share/videos/Redump/Commodore - Amiga CD32/CD32 Gamer - Playable Game Demos, Demos, Multimedia &amp; Shareware - Volume 4 (UK).mp4</video>
  </game>
  <game>
    <path>/recalbox/share/roms/readystream/amigacd32/CD32 Gamer - Playable Game Demos, Demos, Multimedia &amp; Shareware - Volume 5 (UK).zip</path>
    <name>CD32 Gamer - Playable Game Demos, Demos, Multimedia &amp; Shareware - Volume 5 (UK)</name>
    <image>/recalbox/share/thumbs/Commodore - CD32/Named_Titles/CD32 Gamer - Playable Game Demos, Demos, Multimedia &amp; Shareware - Volume 5 (UK).png</image>
    <video>/recalbox/share/videos/Redump/Commodore - Amiga CD32/CD32 Gamer - Playable Game Demos, Demos, Multimedia &amp; Shareware - Volume 5 (UK).mp4</video>
  </game>
  <game>
    <path>/recalbox/share/roms/readystream/amigacd32/CD32 Gamer - Playable Game Demos, Demos, Multimedia &amp; Shareware - Volume 7 (UK).zip</path>
    <name>CD32 Gamer - Playable Game Demos, Demos, Multimedia &amp; Shareware - Volume 7 (UK)</name>
    <image>/recalbox/share/thumbs/Commodore - CD32/Named_Titles/CD32 Gamer - Playable Game Demos, Demos, Multimedia &amp; Shareware - Volume 7 (UK).png</image>
    <video>/recalbox/share/videos/Redump/Commodore - Amiga CD32/CD32 Gamer - Playable Game Demos, Demos, Multimedia &amp; Shareware - Volume 7 (UK).mp4</video>
  </game>
  <game>
    <path>/recalbox/share/roms/readystream/amigacd32/CD32 Gamer - Playable Game Demos, Demos, Multimedia &amp; Shareware - Volume 8 (UK).zip</path>
    <name>CD32 Gamer - Playable Game Demos, Demos, Multimedia &amp; Shareware - Volume 8 (UK)</name>
    <image>/recalbox/share/thumbs/Commodore - CD32/Named_Titles/CD32 Gamer - Playable Game Demos, Demos, Multimedia &amp; Shareware - Volume 8 (UK).png</image>
    <video>/recalbox/share/videos/Redump/Commodore - Amiga CD32/CD32 Gamer - Playable Game Demos, Demos, Multimedia &amp; Shareware - Volume 8 (UK).mp4</video>
  </game>
  <game>
    <path>/recalbox/share/roms/readystream/amigacd32/CD32 Gamer - Playable Game Demos, Demos, Multimedia &amp; Shareware - Volume 9 (UK).zip</path>
    <name>CD32 Gamer - Playable Game Demos, Demos, Multimedia &amp; Shareware - Volume 9 (UK)</name>
    <image>/recalbox/share/thumbs/Commodore - CD32/Named_Titles/CD32 Gamer - Playable Game Demos, Demos, Multimedia &amp; Shareware - Volume 9 (UK).png</image>
    <video>/recalbox/share/videos/Redump/Commodore - Amiga CD32/CD32 Gamer - Playable Game Demos, Demos, Multimedia &amp; Shareware - Volume 9 (UK).mp4</video>
  </game>
  <game>
    <path>/recalbox/share/roms/readystream/amigacd32/Cannon Fodder (Europe).zip</path>
    <name>Cannon Fodder (Europe)</name>
    <image>/recalbox/share/thumbs/Commodore - CD32/Named_Titles/Cannon Fodder (Europe).png</image>
    <video>/recalbox/share/videos/Redump/Commodore - Amiga CD32/Cannon Fodder (Europe).mp4</video>
  </game>
  <game>
    <path>/recalbox/share/roms/readystream/amigacd32/Castles II - Siege &amp; Conquest (Europe).zip</path>
    <name>Castles II - Siege &amp; Conquest (Europe)</name>
    <image>/recalbox/share/thumbs/Commodore - CD32/Named_Titles/Castles II - Siege &amp; Conquest (Europe).png</image>
    <video>/recalbox/share/videos/Redump/Commodore - Amiga CD32/Castles II - Siege &amp; Conquest (Europe).mp4</video>
  </game>
  <game>
    <path>/recalbox/share/roms/readystream/amigacd32/Chambers of Shaolin (Europe).zip</path>
    <name>Chambers of Shaolin (Europe)</name>
    <image>/recalbox/share/thumbs/Commodore - CD32/Named_Titles/Chambers of Shaolin (Europe).png</image>
    <video>/recalbox/share/videos/Redump/Commodore - Amiga CD32/Chambers of Shaolin (Europe).mp4</video>
  </game>
  <game>
    <path>/recalbox/share/roms/readystream/amigacd32/Chaos Engine, The (Europe) (En,Fr,De,It).zip</path>
    <name>Chaos Engine, The (Europe) (En,Fr,De,It)</name>
    <image>/recalbox/share/thumbs/Commodore - CD32/Named_Titles/Chaos Engine, The (Europe) (En,Fr,De,It).png</image>
    <video>/recalbox/share/videos/Redump/Commodore - Amiga CD32/Chaos Engine, The (Europe) (En,Fr,De,It).mp4</video>
  </game>
  <game>
    <path>/recalbox/share/roms/readystream/amigacd32/Chaos Engine, The (Europe) (Spectacular Voyage).zip</path>
    <name>Chaos Engine, The (Europe) (Spectacular Voyage)</name>
    <image>/recalbox/share/thumbs/Commodore - CD32/Named_Titles/Chaos Engine, The (Europe) (Spectacular Voyage).png</image>
    <video>/recalbox/share/videos/Redump/Commodore - Amiga CD32/Chaos Engine, The (Europe) (Spectacular Voyage).mp4</video>
  </game>
  <game>
    <path>/recalbox/share/roms/readystream/amigacd32/Chuck Rock (Europe).zip</path>
    <name>Chuck Rock (Europe)</name>
    <image>/recalbox/share/thumbs/Commodore - CD32/Named_Titles/Chuck Rock (Europe).png</image>
    <video>/recalbox/share/videos/Redump/Commodore - Amiga CD32/Chuck Rock (Europe).mp4</video>
  </game>
  <game>
    <path>/recalbox/share/roms/readystream/amigacd32/Chuck Rock II - Son of Chuck (Europe).zip</path>
    <name>Chuck Rock II - Son of Chuck (Europe)</name>
    <image>/recalbox/share/thumbs/Commodore - CD32/Named_Titles/Chuck Rock II - Son of Chuck (Europe).png</image>
    <video>/recalbox/share/videos/Redump/Commodore - Amiga CD32/Chuck Rock II - Son of Chuck (Europe).mp4</video>
  </game>
  <game>
    <path>/recalbox/share/roms/readystream/amigacd32/Classic Lotus Trilogy, The (Europe).zip</path>
    <name>Classic Lotus Trilogy, The (Europe)</name>
    <image>/recalbox/share/thumbs/Commodore - CD32/Named_Titles/Classic Lotus Trilogy, The (Europe).png</image>
    <video>/recalbox/share/videos/Redump/Commodore - Amiga CD32/Classic Lotus Trilogy, The (Europe).mp4</video>
  </game>
  <game>
    <path>/recalbox/share/roms/readystream/amigacd32/Clou!, Der (Germany).zip</path>
    <name>Clou!, Der (Germany)</name>
    <image>/recalbox/share/thumbs/Commodore - CD32/Named_Titles/Clou!, Der (Germany).png</image>
    <video>/recalbox/share/videos/Redump/Commodore - Amiga CD32/Clou!, Der (Germany).mp4</video>
  </game>
  <game>
    <path>/recalbox/share/roms/readystream/amigacd32/Communicator (Germany) (En,De).zip</path>
    <name>Communicator (Germany) (En,De)</name>
    <image>/recalbox/share/thumbs/Commodore - CD32/Named_Titles/Communicator (Germany) (En,De).png</image>
    <video>/recalbox/share/videos/Redump/Commodore - Amiga CD32/Communicator (Germany) (En,De).mp4</video>
  </game>
  <game>
    <path>/recalbox/share/roms/readystream/amigacd32/D-Generation (Europe).zip</path>
    <name>D-Generation (Europe)</name>
    <image>/recalbox/share/thumbs/Commodore - CD32/Named_Titles/D-Generation (Europe).png</image>
    <video>/recalbox/share/videos/Redump/Commodore - Amiga CD32/D-Generation (Europe).mp4</video>
  </game>
  <game>
    <path>/recalbox/share/roms/readystream/amigacd32/Dangerous Streets &amp; Wing Commander (Europe) (En,Fr,De,It).zip</path>
    <name>Dangerous Streets &amp; Wing Commander (Europe) (En,Fr,De,It)</name>
    <image>/recalbox/share/thumbs/Commodore - CD32/Named_Titles/Dangerous Streets &amp; Wing Commander (Europe) (En,Fr,De,It).png</image>
    <video>/recalbox/share/videos/Redump/Commodore - Amiga CD32/Dangerous Streets &amp; Wing Commander (Europe) (En,Fr,De,It).mp4</video>
  </game>
  <game>
    <path>/recalbox/share/roms/readystream/amigacd32/Dangerous Streets (Europe) (En,Fr,De,It).zip</path>
    <name>Dangerous Streets (Europe) (En,Fr,De,It)</name>
    <image>/recalbox/share/thumbs/Commodore - CD32/Named_Titles/Dangerous Streets (Europe) (En,Fr,De,It).png</image>
    <video>/recalbox/share/videos/Redump/Commodore - Amiga CD32/Dangerous Streets (Europe) (En,Fr,De,It).mp4</video>
  </game>
  <game>
    <path>/recalbox/share/roms/readystream/amigacd32/Darkseed (Europe).zip</path>
    <name>Darkseed (Europe)</name>
    <image>/recalbox/share/thumbs/Commodore - CD32/Named_Titles/Darkseed (Europe).png</image>
    <video>/recalbox/share/videos/Redump/Commodore - Amiga CD32/Darkseed (Europe).mp4</video>
  </game>
  <game>
    <path>/recalbox/share/roms/readystream/amigacd32/Deep Core (Europe) (v1.00).zip</path>
    <name>Deep Core (Europe) (v1.00)</name>
    <image>/recalbox/share/thumbs/Commodore - CD32/Named_Titles/Deep Core (Europe) (v1.00).png</image>
    <video>/recalbox/share/videos/Redump/Commodore - Amiga CD32/Deep Core (Europe) (v1.00).mp4</video>
  </game>
  <game>
    <path>/recalbox/share/roms/readystream/amigacd32/Deep Core (Europe) (v1.01).zip</path>
    <name>Deep Core (Europe) (v1.01)</name>
    <image>/recalbox/share/thumbs/Commodore - CD32/Named_Titles/Deep Core (Europe) (v1.01).png</image>
    <video>/recalbox/share/videos/Redump/Commodore - Amiga CD32/Deep Core (Europe) (v1.01).mp4</video>
  </game>
  <game>
    <path>/recalbox/share/roms/readystream/amigacd32/Demo Disc, The - Commodore Amiga CD32 Demonstration Disc 2.0 (Europe).zip</path>
    <name>Demo Disc, The - Commodore Amiga CD32 Demonstration Disc 2.0 (Europe)</name>
    <image>/recalbox/share/thumbs/Commodore - CD32/Named_Titles/Demo Disc, The - Commodore Amiga CD32 Demonstration Disc 2.0 (Europe).png</image>
    <video>/recalbox/share/videos/Redump/Commodore - Amiga CD32/Demo Disc, The - Commodore Amiga CD32 Demonstration Disc 2.0 (Europe).mp4</video>
  </game>
  <game>
    <path>/recalbox/share/roms/readystream/amigacd32/Dennis (Europe).zip</path>
    <name>Dennis (Europe)</name>
    <image>/recalbox/share/thumbs/Commodore - CD32/Named_Titles/Dennis (Europe).png</image>
    <video>/recalbox/share/videos/Redump/Commodore - Amiga CD32/Dennis (Europe).mp4</video>
  </game>
  <game>
    <path>/recalbox/share/roms/readystream/amigacd32/Diggers &amp; Oscar (Europe) (Rev 1) (Alt).zip</path>
    <name>Diggers &amp; Oscar (Europe) (Rev 1) (Alt)</name>
    <image>/recalbox/share/thumbs/Commodore - CD32/Named_Titles/Diggers &amp; Oscar (Europe) (Rev 1) (Alt).png</image>
    <video>/recalbox/share/videos/Redump/Commodore - Amiga CD32/Diggers &amp; Oscar (Europe) (Rev 1) (Alt).mp4</video>
  </game>
  <game>
    <path>/recalbox/share/roms/readystream/amigacd32/Diggers &amp; Oscar (Europe) (Rev 1).zip</path>
    <name>Diggers &amp; Oscar (Europe) (Rev 1)</name>
    <image>/recalbox/share/thumbs/Commodore - CD32/Named_Titles/Diggers &amp; Oscar (Europe) (Rev 1).png</image>
    <video>/recalbox/share/videos/Redump/Commodore - Amiga CD32/Diggers &amp; Oscar (Europe) (Rev 1).mp4</video>
  </game>
  <game>
    <path>/recalbox/share/roms/readystream/amigacd32/Diggers &amp; Oscar (Europe).zip</path>
    <name>Diggers &amp; Oscar (Europe)</name>
    <image>/recalbox/share/thumbs/Commodore - CD32/Named_Titles/Diggers &amp; Oscar (Europe).png</image>
    <video>/recalbox/share/videos/Redump/Commodore - Amiga CD32/Diggers &amp; Oscar (Europe).mp4</video>
  </game>
  <game>
    <path>/recalbox/share/roms/readystream/amigacd32/Disposable Hero (Europe).zip</path>
    <name>Disposable Hero (Europe)</name>
    <image>/recalbox/share/thumbs/Commodore - CD32/Named_Titles/Disposable Hero (Europe).png</image>
    <video>/recalbox/share/videos/Redump/Commodore - Amiga CD32/Disposable Hero (Europe).mp4</video>
  </game>
  <game>
    <path>/recalbox/share/roms/readystream/amigacd32/Donk! The Samurai Duck! (Europe).zip</path>
    <name>Donk! The Samurai Duck! (Europe)</name>
    <image>/recalbox/share/thumbs/Commodore - CD32/Named_Titles/Donk! The Samurai Duck! (Europe).png</image>
    <video>/recalbox/share/videos/Redump/Commodore - Amiga CD32/Donk! The Samurai Duck! (Europe).mp4</video>
  </game>
  <game>
    <path>/recalbox/share/roms/readystream/amigacd32/Dragonstone (Europe) (En,Fr,De).zip</path>
    <name>Dragonstone (Europe) (En,Fr,De)</name>
    <image>/recalbox/share/thumbs/Commodore - CD32/Named_Titles/Dragonstone (Europe) (En,Fr,De).png</image>
    <video>/recalbox/share/videos/Redump/Commodore - Amiga CD32/Dragonstone (Europe) (En,Fr,De).mp4</video>
  </game>
  <game>
    <path>/recalbox/share/roms/readystream/amigacd32/Emerald Mines (Europe).zip</path>
    <name>Emerald Mines (Europe)</name>
    <image>/recalbox/share/thumbs/Commodore - CD32/Named_Titles/Emerald Mines (Europe).png</image>
    <video>/recalbox/share/videos/Redump/Commodore - Amiga CD32/Emerald Mines (Europe).mp4</video>
  </game>
  <game>
    <path>/recalbox/share/roms/readystream/amigacd32/Fields of Glory (Europe) (En,Fr,De).zip</path>
    <name>Fields of Glory (Europe) (En,Fr,De)</name>
    <image>/recalbox/share/thumbs/Commodore - CD32/Named_Titles/Fields of Glory (Europe) (En,Fr,De).png</image>
    <video>/recalbox/share/videos/Redump/Commodore - Amiga CD32/Fields of Glory (Europe) (En,Fr,De).mp4</video>
  </game>
  <game>
    <path>/recalbox/share/roms/readystream/amigacd32/Fightin' Spirit (Europe) (En,De,It).zip</path>
    <name>Fightin&apos; Spirit (Europe) (En,De,It)</name>
    <image>/recalbox/share/thumbs/Commodore - CD32/Named_Titles/Fightin&apos; Spirit (Europe) (En,De,It).png</image>
    <video>/recalbox/share/videos/Redump/Commodore - Amiga CD32/Fightin&apos; Spirit (Europe) (En,De,It).mp4</video>
  </game>
  <game>
    <path>/recalbox/share/roms/readystream/amigacd32/Fire &amp; Ice - The Daring Adventures of Cool Coyote (Europe) (En,Fr,De,It).zip</path>
    <name>Fire &amp; Ice - The Daring Adventures of Cool Coyote (Europe) (En,Fr,De,It)</name>
    <image>/recalbox/share/thumbs/Commodore - CD32/Named_Titles/Fire &amp; Ice - The Daring Adventures of Cool Coyote (Europe) (En,Fr,De,It).png</image>
    <video>/recalbox/share/videos/Redump/Commodore - Amiga CD32/Fire &amp; Ice - The Daring Adventures of Cool Coyote (Europe) (En,Fr,De,It).mp4</video>
  </game>
  <game>
    <path>/recalbox/share/roms/readystream/amigacd32/Fire Force (Europe).zip</path>
    <name>Fire Force (Europe)</name>
    <image>/recalbox/share/thumbs/Commodore - CD32/Named_Titles/Fire Force (Europe).png</image>
    <video>/recalbox/share/videos/Redump/Commodore - Amiga CD32/Fire Force (Europe).mp4</video>
  </game>
  <game>
    <path>/recalbox/share/roms/readystream/amigacd32/Flink (Europe).zip</path>
    <name>Flink (Europe)</name>
    <image>/recalbox/share/thumbs/Commodore - CD32/Named_Titles/Flink (Europe).png</image>
    <video>/recalbox/share/videos/Redump/Commodore - Amiga CD32/Flink (Europe).mp4</video>
  </game>
  <game>
    <path>/recalbox/share/roms/readystream/amigacd32/Fly Harder (Europe).zip</path>
    <name>Fly Harder (Europe)</name>
    <image>/recalbox/share/thumbs/Commodore - CD32/Named_Titles/Fly Harder (Europe).png</image>
    <video>/recalbox/share/videos/Redump/Commodore - Amiga CD32/Fly Harder (Europe).mp4</video>
  </game>
  <game>
    <path>/recalbox/share/roms/readystream/amigacd32/Frontier - Elite II (Europe).zip</path>
    <name>Frontier - Elite II (Europe)</name>
    <image>/recalbox/share/thumbs/Commodore - CD32/Named_Titles/Frontier - Elite II (Europe).png</image>
    <video>/recalbox/share/videos/Redump/Commodore - Amiga CD32/Frontier - Elite II (Europe).mp4</video>
  </game>
  <game>
    <path>/recalbox/share/roms/readystream/amigacd32/Global Effect (Europe).zip</path>
    <name>Global Effect (Europe)</name>
    <image>/recalbox/share/thumbs/Commodore - CD32/Named_Titles/Global Effect (Europe).png</image>
    <video>/recalbox/share/videos/Redump/Commodore - Amiga CD32/Global Effect (Europe).mp4</video>
  </game>
  <game>
    <path>/recalbox/share/roms/readystream/amigacd32/Gloom (Europe).zip</path>
    <name>Gloom (Europe)</name>
    <image>/recalbox/share/thumbs/Commodore - CD32/Named_Titles/Gloom (Europe).png</image>
    <video>/recalbox/share/videos/Redump/Commodore - Amiga CD32/Gloom (Europe).mp4</video>
  </game>
  <game>
    <path>/recalbox/share/roms/readystream/amigacd32/Grandslam Gamer Gold Collection (Europe).zip</path>
    <name>Grandslam Gamer Gold Collection (Europe)</name>
    <image>/recalbox/share/thumbs/Commodore - CD32/Named_Titles/Grandslam Gamer Gold Collection (Europe).png</image>
    <video>/recalbox/share/videos/Redump/Commodore - Amiga CD32/Grandslam Gamer Gold Collection (Europe).mp4</video>
  </game>
  <game>
    <path>/recalbox/share/roms/readystream/amigacd32/Guardian (Europe) (Alt).zip</path>
    <name>Guardian (Europe) (Alt)</name>
    <image>/recalbox/share/thumbs/Commodore - CD32/Named_Titles/Guardian (Europe) (Alt).png</image>
    <video>/recalbox/share/videos/Redump/Commodore - Amiga CD32/Guardian (Europe) (Alt).mp4</video>
  </game>
  <game>
    <path>/recalbox/share/roms/readystream/amigacd32/Guardian (Europe).zip</path>
    <name>Guardian (Europe)</name>
    <image>/recalbox/share/thumbs/Commodore - CD32/Named_Titles/Guardian (Europe).png</image>
    <video>/recalbox/share/videos/Redump/Commodore - Amiga CD32/Guardian (Europe).mp4</video>
  </game>
  <game>
    <path>/recalbox/share/roms/readystream/amigacd32/Gulp! (Europe) (En,Fr,De,Es,It).zip</path>
    <name>Gulp! (Europe) (En,Fr,De,Es,It)</name>
    <image>/recalbox/share/thumbs/Commodore - CD32/Named_Titles/Gulp! (Europe) (En,Fr,De,Es,It).png</image>
    <video>/recalbox/share/videos/Redump/Commodore - Amiga CD32/Gulp! (Europe) (En,Fr,De,Es,It).mp4</video>
  </game>
  <game>
    <path>/recalbox/share/roms/readystream/amigacd32/Gunship 2000 (Europe).zip</path>
    <name>Gunship 2000 (Europe)</name>
    <image>/recalbox/share/thumbs/Commodore - CD32/Named_Titles/Gunship 2000 (Europe).png</image>
    <video>/recalbox/share/videos/Redump/Commodore - Amiga CD32/Gunship 2000 (Europe).mp4</video>
  </game>
  <game>
    <path>/recalbox/share/roms/readystream/amigacd32/Heimdall 2 - Into the Hall of Worlds (Europe).zip</path>
    <name>Heimdall 2 - Into the Hall of Worlds (Europe)</name>
    <image>/recalbox/share/thumbs/Commodore - CD32/Named_Titles/Heimdall 2 - Into the Hall of Worlds (Europe).png</image>
    <video>/recalbox/share/videos/Redump/Commodore - Amiga CD32/Heimdall 2 - Into the Hall of Worlds (Europe).mp4</video>
  </game>
  <game>
    <path>/recalbox/share/roms/readystream/amigacd32/HeroQuest II - Legacy of Sorasil (Europe) (En,Fr,De).zip</path>
    <name>HeroQuest II - Legacy of Sorasil (Europe) (En,Fr,De)</name>
    <image>/recalbox/share/thumbs/Commodore - CD32/Named_Titles/HeroQuest II - Legacy of Sorasil (Europe) (En,Fr,De).png</image>
    <video>/recalbox/share/videos/Redump/Commodore - Amiga CD32/HeroQuest II - Legacy of Sorasil (Europe) (En,Fr,De).mp4</video>
  </game>
  <game>
    <path>/recalbox/share/roms/readystream/amigacd32/Humans (Europe) (En,Fr,De,Es,It).zip</path>
    <name>Humans (Europe) (En,Fr,De,Es,It)</name>
    <image>/recalbox/share/thumbs/Commodore - CD32/Named_Titles/Humans (Europe) (En,Fr,De,Es,It).png</image>
    <video>/recalbox/share/videos/Redump/Commodore - Amiga CD32/Humans (Europe) (En,Fr,De,Es,It).mp4</video>
  </game>
  <game>
    <path>/recalbox/share/roms/readystream/amigacd32/Humans 3 - Evolution - Lost in Time... (Europe).zip</path>
    <name>Humans 3 - Evolution - Lost in Time... (Europe)</name>
    <image>/recalbox/share/thumbs/Commodore - CD32/Named_Titles/Humans 3 - Evolution - Lost in Time... (Europe).png</image>
    <video>/recalbox/share/videos/Redump/Commodore - Amiga CD32/Humans 3 - Evolution - Lost in Time... (Europe).mp4</video>
  </game>
  <game>
    <path>/recalbox/share/roms/readystream/amigacd32/Impossible Mission 2025 - The Special Edition (Europe).zip</path>
    <name>Impossible Mission 2025 - The Special Edition (Europe)</name>
    <image>/recalbox/share/thumbs/Commodore - CD32/Named_Titles/Impossible Mission 2025 - The Special Edition (Europe).png</image>
    <video>/recalbox/share/videos/Redump/Commodore - Amiga CD32/Impossible Mission 2025 - The Special Edition (Europe).mp4</video>
  </game>
  <game>
    <path>/recalbox/share/roms/readystream/amigacd32/International Karate + (Europe).zip</path>
    <name>International Karate + (Europe)</name>
    <image>/recalbox/share/thumbs/Commodore - CD32/Named_Titles/International Karate + (Europe).png</image>
    <video>/recalbox/share/videos/Redump/Commodore - Amiga CD32/International Karate + (Europe).mp4</video>
  </game>
  <game>
    <path>/recalbox/share/roms/readystream/amigacd32/International Sensible Soccer - World Champions (Europe) (En,Fr,De,It).zip</path>
    <name>International Sensible Soccer - World Champions (Europe) (En,Fr,De,It)</name>
    <image>/recalbox/share/thumbs/Commodore - CD32/Named_Titles/International Sensible Soccer - World Champions (Europe) (En,Fr,De,It).png</image>
    <video>/recalbox/share/videos/Redump/Commodore - Amiga CD32/International Sensible Soccer - World Champions (Europe) (En,Fr,De,It).mp4</video>
  </game>
  <game>
    <path>/recalbox/share/roms/readystream/amigacd32/James Pond 2 - Robocod (Europe).zip</path>
    <name>James Pond 2 - Robocod (Europe)</name>
    <image>/recalbox/share/thumbs/Commodore - CD32/Named_Titles/James Pond 2 - Robocod (Europe).png</image>
    <video>/recalbox/share/videos/Redump/Commodore - Amiga CD32/James Pond 2 - Robocod (Europe).mp4</video>
  </game>
  <game>
    <path>/recalbox/share/roms/readystream/amigacd32/James Pond 3 - Operation Starfi5h (Europe) (Kixx).zip</path>
    <name>James Pond 3 - Operation Starfi5h (Europe) (Kixx)</name>
    <image>/recalbox/share/thumbs/Commodore - CD32/Named_Titles/James Pond 3 - Operation Starfi5h (Europe) (Kixx).png</image>
    <video>/recalbox/share/videos/Redump/Commodore - Amiga CD32/James Pond 3 - Operation Starfi5h (Europe) (Kixx).mp4</video>
  </game>
  <game>
    <path>/recalbox/share/roms/readystream/amigacd32/James Pond 3 - Operation Starfi5h (Europe).zip</path>
    <name>James Pond 3 - Operation Starfi5h (Europe)</name>
    <image>/recalbox/share/thumbs/Commodore - CD32/Named_Titles/James Pond 3 - Operation Starfi5h (Europe).png</image>
    <video>/recalbox/share/videos/Redump/Commodore - Amiga CD32/James Pond 3 - Operation Starfi5h (Europe).mp4</video>
  </game>
  <game>
    <path>/recalbox/share/roms/readystream/amigacd32/Jetstrike CD32 (Europe).zip</path>
    <name>Jetstrike CD32 (Europe)</name>
    <image>/recalbox/share/thumbs/Commodore - CD32/Named_Titles/Jetstrike CD32 (Europe).png</image>
    <video>/recalbox/share/videos/Redump/Commodore - Amiga CD32/Jetstrike CD32 (Europe).mp4</video>
  </game>
  <game>
    <path>/recalbox/share/roms/readystream/amigacd32/Jim Power in Mutant Planet (Europe).zip</path>
    <name>Jim Power in Mutant Planet (Europe)</name>
    <image>/recalbox/share/thumbs/Commodore - CD32/Named_Titles/Jim Power in Mutant Planet (Europe).png</image>
    <video>/recalbox/share/videos/Redump/Commodore - Amiga CD32/Jim Power in Mutant Planet (Europe).mp4</video>
  </game>
  <game>
    <path>/recalbox/share/roms/readystream/amigacd32/John Barnes European Football (Europe) (En,Fr,De,Es,It).zip</path>
    <name>John Barnes European Football (Europe) (En,Fr,De,Es,It)</name>
    <image>/recalbox/share/thumbs/Commodore - CD32/Named_Titles/John Barnes European Football (Europe) (En,Fr,De,Es,It).png</image>
    <video>/recalbox/share/videos/Redump/Commodore - Amiga CD32/John Barnes European Football (Europe) (En,Fr,De,Es,It).mp4</video>
  </game>
  <game>
    <path>/recalbox/share/roms/readystream/amigacd32/Jungle Strike - The Sequel to Desert Strike (Europe).zip</path>
    <name>Jungle Strike - The Sequel to Desert Strike (Europe)</name>
    <image>/recalbox/share/thumbs/Commodore - CD32/Named_Titles/Jungle Strike - The Sequel to Desert Strike (Europe).png</image>
    <video>/recalbox/share/videos/Redump/Commodore - Amiga CD32/Jungle Strike - The Sequel to Desert Strike (Europe).mp4</video>
  </game>
  <game>
    <path>/recalbox/share/roms/readystream/amigacd32/Karaoke - Julsanger I (Sweden).zip</path>
    <name>Karaoke - Julsanger I (Sweden)</name>
    <image>/recalbox/share/thumbs/Commodore - CD32/Named_Titles/Karaoke - Julsanger I (Sweden).png</image>
    <video>/recalbox/share/videos/Redump/Commodore - Amiga CD32/Karaoke - Julsanger I (Sweden).mp4</video>
  </game>
  <game>
    <path>/recalbox/share/roms/readystream/amigacd32/Kid Chaos (Europe).zip</path>
    <name>Kid Chaos (Europe)</name>
    <image>/recalbox/share/thumbs/Commodore - CD32/Named_Titles/Kid Chaos (Europe).png</image>
    <video>/recalbox/share/videos/Redump/Commodore - Amiga CD32/Kid Chaos (Europe).mp4</video>
  </game>
  <game>
    <path>/recalbox/share/roms/readystream/amigacd32/Kingpin - Arcade Sports Bowling (Europe) (En,Fr,De,It).zip</path>
    <name>Kingpin - Arcade Sports Bowling (Europe) (En,Fr,De,It)</name>
    <image>/recalbox/share/thumbs/Commodore - CD32/Named_Titles/Kingpin - Arcade Sports Bowling (Europe) (En,Fr,De,It).png</image>
    <video>/recalbox/share/videos/Redump/Commodore - Amiga CD32/Kingpin - Arcade Sports Bowling (Europe) (En,Fr,De,It).mp4</video>
  </game>
  <game>
    <path>/recalbox/share/roms/readystream/amigacd32/Labyrinth of Time, The (Europe).zip</path>
    <name>Labyrinth of Time, The (Europe)</name>
    <image>/recalbox/share/thumbs/Commodore - CD32/Named_Titles/Labyrinth of Time, The (Europe).png</image>
    <video>/recalbox/share/videos/Redump/Commodore - Amiga CD32/Labyrinth of Time, The (Europe).mp4</video>
  </game>
  <game>
    <path>/recalbox/share/roms/readystream/amigacd32/Lamborghini - American Challenge (Europe).zip</path>
    <name>Lamborghini - American Challenge (Europe)</name>
    <image>/recalbox/share/thumbs/Commodore - CD32/Named_Titles/Lamborghini - American Challenge (Europe).png</image>
    <video>/recalbox/share/videos/Redump/Commodore - Amiga CD32/Lamborghini - American Challenge (Europe).mp4</video>
  </game>
  <game>
    <path>/recalbox/share/roms/readystream/amigacd32/Last Ninja 3 (Europe).zip</path>
    <name>Last Ninja 3 (Europe)</name>
    <image>/recalbox/share/thumbs/Commodore - CD32/Named_Titles/Last Ninja 3 (Europe).png</image>
    <video>/recalbox/share/videos/Redump/Commodore - Amiga CD32/Last Ninja 3 (Europe).mp4</video>
  </game>
  <game>
    <path>/recalbox/share/roms/readystream/amigacd32/Legends (Europe) (En,Fr,De).zip</path>
    <name>Legends (Europe) (En,Fr,De)</name>
    <image>/recalbox/share/thumbs/Commodore - CD32/Named_Titles/Legends (Europe) (En,Fr,De).png</image>
    <video>/recalbox/share/videos/Redump/Commodore - Amiga CD32/Legends (Europe) (En,Fr,De).mp4</video>
  </game>
  <game>
    <path>/recalbox/share/roms/readystream/amigacd32/Liberation - Captive II (Europe) (Rev 2).zip</path>
    <name>Liberation - Captive II (Europe) (Rev 2)</name>
    <image>/recalbox/share/thumbs/Commodore - CD32/Named_Titles/Liberation - Captive II (Europe) (Rev 2).png</image>
    <video>/recalbox/share/videos/Redump/Commodore - Amiga CD32/Liberation - Captive II (Europe) (Rev 2).mp4</video>
  </game>
  <game>
    <path>/recalbox/share/roms/readystream/amigacd32/Liberation - Captive II (Europe) (Rev 3).zip</path>
    <name>Liberation - Captive II (Europe) (Rev 3)</name>
    <image>/recalbox/share/thumbs/Commodore - CD32/Named_Titles/Liberation - Captive II (Europe) (Rev 3).png</image>
    <video>/recalbox/share/videos/Redump/Commodore - Amiga CD32/Liberation - Captive II (Europe) (Rev 3).mp4</video>
  </game>
  <game>
    <path>/recalbox/share/roms/readystream/amigacd32/Liberation - Captive II (Europe).zip</path>
    <name>Liberation - Captive II (Europe)</name>
    <image>/recalbox/share/thumbs/Commodore - CD32/Named_Titles/Liberation - Captive II (Europe).png</image>
    <video>/recalbox/share/videos/Redump/Commodore - Amiga CD32/Liberation - Captive II (Europe).mp4</video>
  </game>
  <game>
    <path>/recalbox/share/roms/readystream/amigacd32/Litil Divil (Europe).zip</path>
    <name>Litil Divil (Europe)</name>
    <image>/recalbox/share/thumbs/Commodore - CD32/Named_Titles/Litil Divil (Europe).png</image>
    <video>/recalbox/share/videos/Redump/Commodore - Amiga CD32/Litil Divil (Europe).mp4</video>
  </game>
  <game>
    <path>/recalbox/share/roms/readystream/amigacd32/Lost Vikings, The (Europe).zip</path>
    <name>Lost Vikings, The (Europe)</name>
    <image>/recalbox/share/thumbs/Commodore - CD32/Named_Titles/Lost Vikings, The (Europe).png</image>
    <video>/recalbox/share/videos/Redump/Commodore - Amiga CD32/Lost Vikings, The (Europe).mp4</video>
  </game>
  <game>
    <path>/recalbox/share/roms/readystream/amigacd32/Magic Island (Czech).zip</path>
    <name>Magic Island (Czech)</name>
    <image>/recalbox/share/thumbs/Commodore - CD32/Named_Titles/Magic Island (Czech).png</image>
    <video>/recalbox/share/videos/Redump/Commodore - Amiga CD32/Magic Island (Czech).mp4</video>
  </game>
  <game>
    <path>/recalbox/share/roms/readystream/amigacd32/Manchester United - Premier League Champions (Europe) (En,Fr,De,It) (Rev 1).zip</path>
    <name>Manchester United - Premier League Champions (Europe) (En,Fr,De,It) (Rev 1)</name>
    <image>/recalbox/share/thumbs/Commodore - CD32/Named_Titles/Manchester United - Premier League Champions (Europe) (En,Fr,De,It) (Rev 1).png</image>
    <video>/recalbox/share/videos/Redump/Commodore - Amiga CD32/Manchester United - Premier League Champions (Europe) (En,Fr,De,It) (Rev 1).mp4</video>
  </game>
  <game>
    <path>/recalbox/share/roms/readystream/amigacd32/Manchester United - Premier League Champions (Europe) (En,Fr,De,It).zip</path>
    <name>Manchester United - Premier League Champions (Europe) (En,Fr,De,It)</name>
    <image>/recalbox/share/thumbs/Commodore - CD32/Named_Titles/Manchester United - Premier League Champions (Europe) (En,Fr,De,It).png</image>
    <video>/recalbox/share/videos/Redump/Commodore - Amiga CD32/Manchester United - Premier League Champions (Europe) (En,Fr,De,It).mp4</video>
  </game>
  <game>
    <path>/recalbox/share/roms/readystream/amigacd32/Marvin's Marvellous Adventure (Europe) (En,Fr,De,Es,It).zip</path>
    <name>Marvin&apos;s Marvellous Adventure (Europe) (En,Fr,De,Es,It)</name>
    <image>/recalbox/share/thumbs/Commodore - CD32/Named_Titles/Marvin&apos;s Marvellous Adventure (Europe) (En,Fr,De,Es,It).png</image>
    <video>/recalbox/share/videos/Redump/Commodore - Amiga CD32/Marvin&apos;s Marvellous Adventure (Europe) (En,Fr,De,Es,It).mp4</video>
  </game>
  <game>
    <path>/recalbox/share/roms/readystream/amigacd32/Mean Arenas (Europe).zip</path>
    <name>Mean Arenas (Europe)</name>
    <image>/recalbox/share/thumbs/Commodore - CD32/Named_Titles/Mean Arenas (Europe).png</image>
    <video>/recalbox/share/videos/Redump/Commodore - Amiga CD32/Mean Arenas (Europe).mp4</video>
  </game>
  <game>
    <path>/recalbox/share/roms/readystream/amigacd32/Microcosm (Europe) (Spectacular Voyage).zip</path>
    <name>Microcosm (Europe) (Spectacular Voyage)</name>
    <image>/recalbox/share/thumbs/Commodore - CD32/Named_Titles/Microcosm (Europe) (Spectacular Voyage).png</image>
    <video>/recalbox/share/videos/Redump/Commodore - Amiga CD32/Microcosm (Europe) (Spectacular Voyage).mp4</video>
  </game>
  <game>
    <path>/recalbox/share/roms/readystream/amigacd32/Microcosm (Europe).zip</path>
    <name>Microcosm (Europe)</name>
    <image>/recalbox/share/thumbs/Commodore - CD32/Named_Titles/Microcosm (Europe).png</image>
    <video>/recalbox/share/videos/Redump/Commodore - Amiga CD32/Microcosm (Europe).mp4</video>
  </game>
  <game>
    <path>/recalbox/share/roms/readystream/amigacd32/Morph (Europe).zip</path>
    <name>Morph (Europe)</name>
    <image>/recalbox/share/thumbs/Commodore - CD32/Named_Titles/Morph (Europe).png</image>
    <video>/recalbox/share/videos/Redump/Commodore - Amiga CD32/Morph (Europe).mp4</video>
  </game>
  <game>
    <path>/recalbox/share/roms/readystream/amigacd32/Myth - History in the Making (Europe).zip</path>
    <name>Myth - History in the Making (Europe)</name>
    <image>/recalbox/share/thumbs/Commodore - CD32/Named_Titles/Myth - History in the Making (Europe).png</image>
    <video>/recalbox/share/videos/Redump/Commodore - Amiga CD32/Myth - History in the Making (Europe).mp4</video>
  </game>
  <game>
    <path>/recalbox/share/roms/readystream/amigacd32/Naughty Ones (Europe).zip</path>
    <name>Naughty Ones (Europe)</name>
    <image>/recalbox/share/thumbs/Commodore - CD32/Named_Titles/Naughty Ones (Europe).png</image>
    <video>/recalbox/share/videos/Redump/Commodore - Amiga CD32/Naughty Ones (Europe).mp4</video>
  </game>
  <game>
    <path>/recalbox/share/roms/readystream/amigacd32/Nick Faldos Championship Golf (Europe).zip</path>
    <name>Nick Faldos Championship Golf (Europe)</name>
    <image>/recalbox/share/thumbs/Commodore - CD32/Named_Titles/Nick Faldos Championship Golf (Europe).png</image>
    <video>/recalbox/share/videos/Redump/Commodore - Amiga CD32/Nick Faldos Championship Golf (Europe).mp4</video>
  </game>
  <game>
    <path>/recalbox/share/roms/readystream/amigacd32/Nigel Mansell's World Championship (Europe) (Alt).zip</path>
    <name>Nigel Mansell&apos;s World Championship (Europe) (Alt)</name>
    <image>/recalbox/share/thumbs/Commodore - CD32/Named_Titles/Nigel Mansell&apos;s World Championship (Europe) (Alt).png</image>
    <video>/recalbox/share/videos/Redump/Commodore - Amiga CD32/Nigel Mansell&apos;s World Championship (Europe) (Alt).mp4</video>
  </game>
  <game>
    <path>/recalbox/share/roms/readystream/amigacd32/Nigel Mansell's World Championship (Europe).zip</path>
    <name>Nigel Mansell&apos;s World Championship (Europe)</name>
    <image>/recalbox/share/thumbs/Commodore - CD32/Named_Titles/Nigel Mansell&apos;s World Championship (Europe).png</image>
    <video>/recalbox/share/videos/Redump/Commodore - Amiga CD32/Nigel Mansell&apos;s World Championship (Europe).mp4</video>
  </game>
  <game>
    <path>/recalbox/share/roms/readystream/amigacd32/Overkill &amp; Lunar-C (Europe).zip</path>
    <name>Overkill &amp; Lunar-C (Europe)</name>
    <image>/recalbox/share/thumbs/Commodore - CD32/Named_Titles/Overkill &amp; Lunar-C (Europe).png</image>
    <video>/recalbox/share/videos/Redump/Commodore - Amiga CD32/Overkill &amp; Lunar-C (Europe).mp4</video>
  </game>
  <game>
    <path>/recalbox/share/roms/readystream/amigacd32/PGA European Tour (Europe).zip</path>
    <name>PGA European Tour (Europe)</name>
    <image>/recalbox/share/thumbs/Commodore - CD32/Named_Titles/PGA European Tour (Europe).png</image>
    <video>/recalbox/share/videos/Redump/Commodore - Amiga CD32/PGA European Tour (Europe).mp4</video>
  </game>
  <game>
    <path>/recalbox/share/roms/readystream/amigacd32/Pierre Le Chef Is ... Out to Lunch (Europe).zip</path>
    <name>Pierre Le Chef Is ... Out to Lunch (Europe)</name>
    <image>/recalbox/share/thumbs/Commodore - CD32/Named_Titles/Pierre Le Chef Is ... Out to Lunch (Europe).png</image>
    <video>/recalbox/share/videos/Redump/Commodore - Amiga CD32/Pierre Le Chef Is ... Out to Lunch (Europe).mp4</video>
  </game>
  <game>
    <path>/recalbox/share/roms/readystream/amigacd32/Pinball Fantasies (Europe).zip</path>
    <name>Pinball Fantasies (Europe)</name>
    <image>/recalbox/share/thumbs/Commodore - CD32/Named_Titles/Pinball Fantasies (Europe).png</image>
    <video>/recalbox/share/videos/Redump/Commodore - Amiga CD32/Pinball Fantasies (Europe).mp4</video>
  </game>
  <game>
    <path>/recalbox/share/roms/readystream/amigacd32/Pinball Illusions (Europe).zip</path>
    <name>Pinball Illusions (Europe)</name>
    <image>/recalbox/share/thumbs/Commodore - CD32/Named_Titles/Pinball Illusions (Europe).png</image>
    <video>/recalbox/share/videos/Redump/Commodore - Amiga CD32/Pinball Illusions (Europe).mp4</video>
  </game>
  <game>
    <path>/recalbox/share/roms/readystream/amigacd32/Pirates! Gold (Europe) (En,De).zip</path>
    <name>Pirates! Gold (Europe) (En,De)</name>
    <image>/recalbox/share/thumbs/Commodore - CD32/Named_Titles/Pirates! Gold (Europe) (En,De).png</image>
    <video>/recalbox/share/videos/Redump/Commodore - Amiga CD32/Pirates! Gold (Europe) (En,De).mp4</video>
  </game>
  <game>
    <path>/recalbox/share/roms/readystream/amigacd32/Power Drive (Europe) (En,Fr,De,Es,It).zip</path>
    <name>Power Drive (Europe) (En,Fr,De,Es,It)</name>
    <image>/recalbox/share/thumbs/Commodore - CD32/Named_Titles/Power Drive (Europe) (En,Fr,De,Es,It).png</image>
    <video>/recalbox/share/videos/Redump/Commodore - Amiga CD32/Power Drive (Europe) (En,Fr,De,Es,It).mp4</video>
  </game>
  <game>
    <path>/recalbox/share/roms/readystream/amigacd32/Power-Games (Europe) (En,De).zip</path>
    <name>Power-Games (Europe) (En,De)</name>
    <image>/recalbox/share/thumbs/Commodore - CD32/Named_Titles/Power-Games (Europe) (En,De).png</image>
    <video>/recalbox/share/videos/Redump/Commodore - Amiga CD32/Power-Games (Europe) (En,De).mp4</video>
  </game>
  <game>
    <path>/recalbox/share/roms/readystream/amigacd32/Premiere (Europe).zip</path>
    <name>Premiere (Europe)</name>
    <image>/recalbox/share/thumbs/Commodore - CD32/Named_Titles/Premiere (Europe).png</image>
    <video>/recalbox/share/videos/Redump/Commodore - Amiga CD32/Premiere (Europe).mp4</video>
  </game>
  <game>
    <path>/recalbox/share/roms/readystream/amigacd32/Prey - An Alien Encounter (Europe).zip</path>
    <name>Prey - An Alien Encounter (Europe)</name>
    <image>/recalbox/share/thumbs/Commodore - CD32/Named_Titles/Prey - An Alien Encounter (Europe).png</image>
    <video>/recalbox/share/videos/Redump/Commodore - Amiga CD32/Prey - An Alien Encounter (Europe).mp4</video>
  </game>
  <game>
    <path>/recalbox/share/roms/readystream/amigacd32/Project-X &amp; F17 Challenge (Europe) (En,Fr,De,It,Da) (v2.0).zip</path>
    <name>Project-X &amp; F17 Challenge (Europe) (En,Fr,De,It,Da) (v2.0)</name>
    <image>/recalbox/share/thumbs/Commodore - CD32/Named_Titles/Project-X &amp; F17 Challenge (Europe) (En,Fr,De,It,Da) (v2.0).png</image>
    <video>/recalbox/share/videos/Redump/Commodore - Amiga CD32/Project-X &amp; F17 Challenge (Europe) (En,Fr,De,It,Da) (v2.0).mp4</video>
  </game>
  <game>
    <path>/recalbox/share/roms/readystream/amigacd32/Project-X &amp; Ultimate Body Blows (Europe).zip</path>
    <name>Project-X &amp; Ultimate Body Blows (Europe)</name>
    <image>/recalbox/share/thumbs/Commodore - CD32/Named_Titles/Project-X &amp; Ultimate Body Blows (Europe).png</image>
    <video>/recalbox/share/videos/Redump/Commodore - Amiga CD32/Project-X &amp; Ultimate Body Blows (Europe).mp4</video>
  </game>
  <game>
    <path>/recalbox/share/roms/readystream/amigacd32/Projekt - Lila (Germany) (Rev 1).zip</path>
    <name>Projekt - Lila (Germany) (Rev 1)</name>
    <image>/recalbox/share/thumbs/Commodore - CD32/Named_Titles/Projekt - Lila (Germany) (Rev 1).png</image>
    <video>/recalbox/share/videos/Redump/Commodore - Amiga CD32/Projekt - Lila (Germany) (Rev 1).mp4</video>
  </game>
  <game>
    <path>/recalbox/share/roms/readystream/amigacd32/Projekt - Lila (Germany).zip</path>
    <name>Projekt - Lila (Germany)</name>
    <image>/recalbox/share/thumbs/Commodore - CD32/Named_Titles/Projekt - Lila (Germany).png</image>
    <video>/recalbox/share/videos/Redump/Commodore - Amiga CD32/Projekt - Lila (Germany).mp4</video>
  </game>
  <game>
    <path>/recalbox/share/roms/readystream/amigacd32/Quik the Thunder Rabbit (Europe).zip</path>
    <name>Quik the Thunder Rabbit (Europe)</name>
    <image>/recalbox/share/thumbs/Commodore - CD32/Named_Titles/Quik the Thunder Rabbit (Europe).png</image>
    <video>/recalbox/share/videos/Redump/Commodore - Amiga CD32/Quik the Thunder Rabbit (Europe).mp4</video>
  </game>
  <game>
    <path>/recalbox/share/roms/readystream/amigacd32/Rise of the Robots (Europe).zip</path>
    <name>Rise of the Robots (Europe)</name>
    <image>/recalbox/share/thumbs/Commodore - CD32/Named_Titles/Rise of the Robots (Europe).png</image>
    <video>/recalbox/share/videos/Redump/Commodore - Amiga CD32/Rise of the Robots (Europe).mp4</video>
  </game>
  <game>
    <path>/recalbox/share/roms/readystream/amigacd32/Roadkill (Europe) (Alt).zip</path>
    <name>Roadkill (Europe) (Alt)</name>
    <image>/recalbox/share/thumbs/Commodore - CD32/Named_Titles/Roadkill (Europe) (Alt).png</image>
    <video>/recalbox/share/videos/Redump/Commodore - Amiga CD32/Roadkill (Europe) (Alt).mp4</video>
  </game>
  <game>
    <path>/recalbox/share/roms/readystream/amigacd32/Roadkill (Europe).zip</path>
    <name>Roadkill (Europe)</name>
    <image>/recalbox/share/thumbs/Commodore - CD32/Named_Titles/Roadkill (Europe).png</image>
    <video>/recalbox/share/videos/Redump/Commodore - Amiga CD32/Roadkill (Europe).mp4</video>
  </game>
  <game>
    <path>/recalbox/share/roms/readystream/amigacd32/Ryder Cup - Johnnie Walker (Europe).zip</path>
    <name>Ryder Cup - Johnnie Walker (Europe)</name>
    <image>/recalbox/share/thumbs/Commodore - CD32/Named_Titles/Ryder Cup - Johnnie Walker (Europe).png</image>
    <video>/recalbox/share/videos/Redump/Commodore - Amiga CD32/Ryder Cup - Johnnie Walker (Europe).mp4</video>
  </game>
  <game>
    <path>/recalbox/share/roms/readystream/amigacd32/Sabre Team (Europe) (En,Fr,De,Es,It).zip</path>
    <name>Sabre Team (Europe) (En,Fr,De,Es,It)</name>
    <image>/recalbox/share/thumbs/Commodore - CD32/Named_Titles/Sabre Team (Europe) (En,Fr,De,Es,It).png</image>
    <video>/recalbox/share/videos/Redump/Commodore - Amiga CD32/Sabre Team (Europe) (En,Fr,De,Es,It).mp4</video>
  </game>
  <game>
    <path>/recalbox/share/roms/readystream/amigacd32/Seek and Destroy (Europe).zip</path>
    <name>Seek and Destroy (Europe)</name>
    <image>/recalbox/share/thumbs/Commodore - CD32/Named_Titles/Seek and Destroy (Europe).png</image>
    <video>/recalbox/share/videos/Redump/Commodore - Amiga CD32/Seek and Destroy (Europe).mp4</video>
  </game>
  <game>
    <path>/recalbox/share/roms/readystream/amigacd32/Sensible Soccer - European Champions (Europe) (En,Fr,De,It).zip</path>
    <name>Sensible Soccer - European Champions (Europe) (En,Fr,De,It)</name>
    <image>/recalbox/share/thumbs/Commodore - CD32/Named_Titles/Sensible Soccer - European Champions (Europe) (En,Fr,De,It).png</image>
    <video>/recalbox/share/videos/Redump/Commodore - Amiga CD32/Sensible Soccer - European Champions (Europe) (En,Fr,De,It).mp4</video>
  </game>
  <game>
    <path>/recalbox/share/roms/readystream/amigacd32/Seven Gates of Jambala, The (Europe).zip</path>
    <name>Seven Gates of Jambala, The (Europe)</name>
    <image>/recalbox/share/thumbs/Commodore - CD32/Named_Titles/Seven Gates of Jambala, The (Europe).png</image>
    <video>/recalbox/share/videos/Redump/Commodore - Amiga CD32/Seven Gates of Jambala, The (Europe).mp4</video>
  </game>
  <game>
    <path>/recalbox/share/roms/readystream/amigacd32/Shadow Fighter (Europe).zip</path>
    <name>Shadow Fighter (Europe)</name>
    <image>/recalbox/share/thumbs/Commodore - CD32/Named_Titles/Shadow Fighter (Europe).png</image>
    <video>/recalbox/share/videos/Redump/Commodore - Amiga CD32/Shadow Fighter (Europe).mp4</video>
  </game>
  <game>
    <path>/recalbox/share/roms/readystream/amigacd32/Sheer Delight (USA, Europe).zip</path>
    <name>Sheer Delight (USA, Europe)</name>
    <image>/recalbox/share/thumbs/Commodore - CD32/Named_Titles/Sheer Delight (USA, Europe).png</image>
    <video>/recalbox/share/videos/Redump/Commodore - Amiga CD32/Sheer Delight (USA, Europe).mp4</video>
  </game>
  <game>
    <path>/recalbox/share/roms/readystream/amigacd32/Simon the Sorcerer (Europe).zip</path>
    <name>Simon the Sorcerer (Europe)</name>
    <image>/recalbox/share/thumbs/Commodore - CD32/Named_Titles/Simon the Sorcerer (Europe).png</image>
    <video>/recalbox/share/videos/Redump/Commodore - Amiga CD32/Simon the Sorcerer (Europe).mp4</video>
  </game>
  <game>
    <path>/recalbox/share/roms/readystream/amigacd32/Skeleton Krew (Europe).zip</path>
    <name>Skeleton Krew (Europe)</name>
    <image>/recalbox/share/thumbs/Commodore - CD32/Named_Titles/Skeleton Krew (Europe).png</image>
    <video>/recalbox/share/videos/Redump/Commodore - Amiga CD32/Skeleton Krew (Europe).mp4</video>
  </game>
  <game>
    <path>/recalbox/share/roms/readystream/amigacd32/Sleepwalker (Europe).zip</path>
    <name>Sleepwalker (Europe)</name>
    <image>/recalbox/share/thumbs/Commodore - CD32/Named_Titles/Sleepwalker (Europe).png</image>
    <video>/recalbox/share/videos/Redump/Commodore - Amiga CD32/Sleepwalker (Europe).mp4</video>
  </game>
  <game>
    <path>/recalbox/share/roms/readystream/amigacd32/Speedball 2 (Europe).zip</path>
    <name>Speedball 2 (Europe)</name>
    <image>/recalbox/share/thumbs/Commodore - CD32/Named_Titles/Speedball 2 (Europe).png</image>
    <video>/recalbox/share/videos/Redump/Commodore - Amiga CD32/Speedball 2 (Europe).mp4</video>
  </game>
  <game>
    <path>/recalbox/share/roms/readystream/amigacd32/Speris Legacy, The (Europe).zip</path>
    <name>Speris Legacy, The (Europe)</name>
    <image>/recalbox/share/thumbs/Commodore - CD32/Named_Titles/Speris Legacy, The (Europe).png</image>
    <video>/recalbox/share/videos/Redump/Commodore - Amiga CD32/Speris Legacy, The (Europe).mp4</video>
  </game>
  <game>
    <path>/recalbox/share/roms/readystream/amigacd32/Striker (Europe).zip</path>
    <name>Striker (Europe)</name>
    <image>/recalbox/share/thumbs/Commodore - CD32/Named_Titles/Striker (Europe).png</image>
    <video>/recalbox/share/videos/Redump/Commodore - Amiga CD32/Striker (Europe).mp4</video>
  </game>
  <game>
    <path>/recalbox/share/roms/readystream/amigacd32/Strip Pot (Europe).zip</path>
    <name>Strip Pot (Europe)</name>
    <image>/recalbox/share/thumbs/Commodore - CD32/Named_Titles/Strip Pot (Europe).png</image>
    <video>/recalbox/share/videos/Redump/Commodore - Amiga CD32/Strip Pot (Europe).mp4</video>
  </game>
  <game>
    <path>/recalbox/share/roms/readystream/amigacd32/Subwar 2050 (Europe) (En,Fr,De).zip</path>
    <name>Subwar 2050 (Europe) (En,Fr,De)</name>
    <image>/recalbox/share/thumbs/Commodore - CD32/Named_Titles/Subwar 2050 (Europe) (En,Fr,De).png</image>
    <video>/recalbox/share/videos/Redump/Commodore - Amiga CD32/Subwar 2050 (Europe) (En,Fr,De).mp4</video>
  </game>
  <game>
    <path>/recalbox/share/roms/readystream/amigacd32/Summer Olympix (Europe).zip</path>
    <name>Summer Olympix (Europe)</name>
    <image>/recalbox/share/thumbs/Commodore - CD32/Named_Titles/Summer Olympix (Europe).png</image>
    <video>/recalbox/share/videos/Redump/Commodore - Amiga CD32/Summer Olympix (Europe).mp4</video>
  </game>
  <game>
    <path>/recalbox/share/roms/readystream/amigacd32/Super Methane Bros. (Europe).zip</path>
    <name>Super Methane Bros. (Europe)</name>
    <image>/recalbox/share/thumbs/Commodore - CD32/Named_Titles/Super Methane Bros. (Europe).png</image>
    <video>/recalbox/share/videos/Redump/Commodore - Amiga CD32/Super Methane Bros. (Europe).mp4</video>
  </game>
  <game>
    <path>/recalbox/share/roms/readystream/amigacd32/Super Putty (Europe).zip</path>
    <name>Super Putty (Europe)</name>
    <image>/recalbox/share/thumbs/Commodore - CD32/Named_Titles/Super Putty (Europe).png</image>
    <video>/recalbox/share/videos/Redump/Commodore - Amiga CD32/Super Putty (Europe).mp4</video>
  </game>
  <game>
    <path>/recalbox/share/roms/readystream/amigacd32/Super Skidmarks (Europe) (Alt).zip</path>
    <name>Super Skidmarks (Europe) (Alt)</name>
    <image>/recalbox/share/thumbs/Commodore - CD32/Named_Titles/Super Skidmarks (Europe) (Alt).png</image>
    <video>/recalbox/share/videos/Redump/Commodore - Amiga CD32/Super Skidmarks (Europe) (Alt).mp4</video>
  </game>
  <game>
    <path>/recalbox/share/roms/readystream/amigacd32/Super Skidmarks (Europe).zip</path>
    <name>Super Skidmarks (Europe)</name>
    <image>/recalbox/share/thumbs/Commodore - CD32/Named_Titles/Super Skidmarks (Europe).png</image>
    <video>/recalbox/share/videos/Redump/Commodore - Amiga CD32/Super Skidmarks (Europe).mp4</video>
  </game>
  <game>
    <path>/recalbox/share/roms/readystream/amigacd32/Super Stardust (Europe).zip</path>
    <name>Super Stardust (Europe)</name>
    <image>/recalbox/share/thumbs/Commodore - CD32/Named_Titles/Super Stardust (Europe).png</image>
    <video>/recalbox/share/videos/Redump/Commodore - Amiga CD32/Super Stardust (Europe).mp4</video>
  </game>
  <game>
    <path>/recalbox/share/roms/readystream/amigacd32/Super Street Fighter II Turbo (Europe).zip</path>
    <name>Super Street Fighter II Turbo (Europe)</name>
    <image>/recalbox/share/thumbs/Commodore - CD32/Named_Titles/Super Street Fighter II Turbo (Europe).png</image>
    <video>/recalbox/share/videos/Redump/Commodore - Amiga CD32/Super Street Fighter II Turbo (Europe).mp4</video>
  </game>
  <game>
    <path>/recalbox/share/roms/readystream/amigacd32/Superfrog (Europe).zip</path>
    <name>Superfrog (Europe)</name>
    <image>/recalbox/share/thumbs/Commodore - CD32/Named_Titles/Superfrog (Europe).png</image>
    <video>/recalbox/share/videos/Redump/Commodore - Amiga CD32/Superfrog (Europe).mp4</video>
  </game>
  <game>
    <path>/recalbox/share/roms/readystream/amigacd32/Surf Ninjas (Europe).zip</path>
    <name>Surf Ninjas (Europe)</name>
    <image>/recalbox/share/thumbs/Commodore - CD32/Named_Titles/Surf Ninjas (Europe).png</image>
    <video>/recalbox/share/videos/Redump/Commodore - Amiga CD32/Surf Ninjas (Europe).mp4</video>
  </game>
  <game>
    <path>/recalbox/share/roms/readystream/amigacd32/Syndicate (Europe) (En,Fr,It).zip</path>
    <name>Syndicate (Europe) (En,Fr,It)</name>
    <image>/recalbox/share/thumbs/Commodore - CD32/Named_Titles/Syndicate (Europe) (En,Fr,It).png</image>
    <video>/recalbox/share/videos/Redump/Commodore - Amiga CD32/Syndicate (Europe) (En,Fr,It).mp4</video>
  </game>
  <game>
    <path>/recalbox/share/roms/readystream/amigacd32/Theme Park (Europe) (En,Fr,De,It).zip</path>
    <name>Theme Park (Europe) (En,Fr,De,It)</name>
    <image>/recalbox/share/thumbs/Commodore - CD32/Named_Titles/Theme Park (Europe) (En,Fr,De,It).png</image>
    <video>/recalbox/share/videos/Redump/Commodore - Amiga CD32/Theme Park (Europe) (En,Fr,De,It).mp4</video>
  </game>
  <game>
    <path>/recalbox/share/roms/readystream/amigacd32/Total Carnage (Europe).zip</path>
    <name>Total Carnage (Europe)</name>
    <image>/recalbox/share/thumbs/Commodore - CD32/Named_Titles/Total Carnage (Europe).png</image>
    <video>/recalbox/share/videos/Redump/Commodore - Amiga CD32/Total Carnage (Europe).mp4</video>
  </game>
  <game>
    <path>/recalbox/share/roms/readystream/amigacd32/Trivial Pursuit - The CD32 Edition (Europe).zip</path>
    <name>Trivial Pursuit - The CD32 Edition (Europe)</name>
    <image>/recalbox/share/thumbs/Commodore - CD32/Named_Titles/Trivial Pursuit - The CD32 Edition (Europe).png</image>
    <video>/recalbox/share/videos/Redump/Commodore - Amiga CD32/Trivial Pursuit - The CD32 Edition (Europe).mp4</video>
  </game>
  <game>
    <path>/recalbox/share/roms/readystream/amigacd32/Trolls (Europe).zip</path>
    <name>Trolls (Europe)</name>
    <image>/recalbox/share/thumbs/Commodore - CD32/Named_Titles/Trolls (Europe).png</image>
    <video>/recalbox/share/videos/Redump/Commodore - Amiga CD32/Trolls (Europe).mp4</video>
  </game>
  <game>
    <path>/recalbox/share/roms/readystream/amigacd32/UFO - Enemy Unknown (Europe) (En,Fr,De).zip</path>
    <name>UFO - Enemy Unknown (Europe) (En,Fr,De)</name>
    <image>/recalbox/share/thumbs/Commodore - CD32/Named_Titles/UFO - Enemy Unknown (Europe) (En,Fr,De).png</image>
    <video>/recalbox/share/videos/Redump/Commodore - Amiga CD32/UFO - Enemy Unknown (Europe) (En,Fr,De).mp4</video>
  </game>
  <game>
    <path>/recalbox/share/roms/readystream/amigacd32/Ultimate Body Blows (Europe).zip</path>
    <name>Ultimate Body Blows (Europe)</name>
    <image>/recalbox/share/thumbs/Commodore - CD32/Named_Titles/Ultimate Body Blows (Europe).png</image>
    <video>/recalbox/share/videos/Redump/Commodore - Amiga CD32/Ultimate Body Blows (Europe).mp4</video>
  </game>
  <game>
    <path>/recalbox/share/roms/readystream/amigacd32/Vital Light (Europe) (Alt).zip</path>
    <name>Vital Light (Europe) (Alt)</name>
    <image>/recalbox/share/thumbs/Commodore - CD32/Named_Titles/Vital Light (Europe) (Alt).png</image>
    <video>/recalbox/share/videos/Redump/Commodore - Amiga CD32/Vital Light (Europe) (Alt).mp4</video>
  </game>
  <game>
    <path>/recalbox/share/roms/readystream/amigacd32/Vital Light (Europe).zip</path>
    <name>Vital Light (Europe)</name>
    <image>/recalbox/share/thumbs/Commodore - CD32/Named_Titles/Vital Light (Europe).png</image>
    <video>/recalbox/share/videos/Redump/Commodore - Amiga CD32/Vital Light (Europe).mp4</video>
  </game>
  <game>
    <path>/recalbox/share/roms/readystream/amigacd32/Wembley International Soccer (Europe).zip</path>
    <name>Wembley International Soccer (Europe)</name>
    <image>/recalbox/share/thumbs/Commodore - CD32/Named_Titles/Wembley International Soccer (Europe).png</image>
    <video>/recalbox/share/videos/Redump/Commodore - Amiga CD32/Wembley International Soccer (Europe).mp4</video>
  </game>
  <game>
    <path>/recalbox/share/roms/readystream/amigacd32/Whale's Voyage (Europe).zip</path>
    <name>Whale&apos;s Voyage (Europe)</name>
    <image>/recalbox/share/thumbs/Commodore - CD32/Named_Titles/Whale&apos;s Voyage (Europe).png</image>
    <video>/recalbox/share/videos/Redump/Commodore - Amiga CD32/Whale&apos;s Voyage (Europe).mp4</video>
  </game>
  <game>
    <path>/recalbox/share/roms/readystream/amigacd32/Whale's Voyage (Germany).zip</path>
    <name>Whale&apos;s Voyage (Germany)</name>
    <image>/recalbox/share/thumbs/Commodore - CD32/Named_Titles/Whale&apos;s Voyage (Germany).png</image>
    <video>/recalbox/share/videos/Redump/Commodore - Amiga CD32/Whale&apos;s Voyage (Germany).mp4</video>
  </game>
  <game>
    <path>/recalbox/share/roms/readystream/amigacd32/Wild Cup Soccer (Europe).zip</path>
    <name>Wild Cup Soccer (Europe)</name>
    <image>/recalbox/share/thumbs/Commodore - CD32/Named_Titles/Wild Cup Soccer (Europe).png</image>
    <video>/recalbox/share/videos/Redump/Commodore - Amiga CD32/Wild Cup Soccer (Europe).mp4</video>
  </game>
  <game>
    <path>/recalbox/share/roms/readystream/amigacd32/Worms (Europe) (En,Fr,De).zip</path>
    <name>Worms (Europe) (En,Fr,De)</name>
    <image>/recalbox/share/thumbs/Commodore - CD32/Named_Titles/Worms (Europe) (En,Fr,De).png</image>
    <video>/recalbox/share/videos/Redump/Commodore - Amiga CD32/Worms (Europe) (En,Fr,De).mp4</video>
  </game>
  <game>
    <path>/recalbox/share/roms/readystream/amigacd32/Zool - Ninja of the Nth Dimension (Europe).zip</path>
    <name>Zool - Ninja of the Nth Dimension (Europe)</name>
    <image>/recalbox/share/thumbs/Commodore - CD32/Named_Titles/Zool - Ninja of the Nth Dimension (Europe).png</image>
    <video>/recalbox/share/videos/Redump/Commodore - Amiga CD32/Zool - Ninja of the Nth Dimension (Europe).mp4</video>
  </game>
  <game>
    <path>/recalbox/share/roms/readystream/amigacd32/Zool 2 (Europe).zip</path>
    <name>Zool 2 (Europe)</name>
    <image>/recalbox/share/thumbs/Commodore - CD32/Named_Titles/Zool 2 (Europe).png</image>
    <video>/recalbox/share/videos/Redump/Commodore - Amiga CD32/Zool 2 (Europe).mp4</video>
  </game>
</gamelist>