<gamelist>
  <game>
    <path>/recalbox/share/roms/readystream/scv/Astro Wars - Invaders from Space (Japan, France) (En).zip</path>
    <name>Astro Wars - Invaders from Space (Japan, France) (En)</name>
    <image>/recalbox/share/thumbs/Epoch - Super Cassette Vision/Named_Titles/Astro Wars - Invaders from Space (Japan, France) (En).png</image>
    <video>/recalbox/share/videos/No-Intro/Epoch - Super Cassette Vision/Astro Wars - Invaders from Space (Japan, France) (En).mp4</video>
  </game>
  <game>
    <path>/recalbox/share/roms/readystream/scv/Astro Wars II - Battle in Galaxy (Japan) (En).zip</path>
    <name>Astro Wars II - Battle in Galaxy (Japan) (En)</name>
    <image>/recalbox/share/thumbs/Epoch - Super Cassette Vision/Named_Titles/Astro Wars II - Battle in Galaxy (Japan) (En).png</image>
    <video>/recalbox/share/videos/No-Intro/Epoch - Super Cassette Vision/Astro Wars II - Battle in Galaxy (Japan) (En).mp4</video>
  </game>
  <game>
    <path>/recalbox/share/roms/readystream/scv/Boulder Dash (Japan) (En).zip</path>
    <name>Boulder Dash (Japan) (En)</name>
    <image>/recalbox/share/thumbs/Epoch - Super Cassette Vision/Named_Titles/Boulder Dash (Japan) (En).png</image>
    <video>/recalbox/share/videos/No-Intro/Epoch - Super Cassette Vision/Boulder Dash (Japan) (En).mp4</video>
  </game>
  <game>
    <path>/recalbox/share/roms/readystream/scv/Comic Circus (Japan) (En).zip</path>
    <name>Comic Circus (Japan) (En)</name>
    <image>/recalbox/share/thumbs/Epoch - Super Cassette Vision/Named_Titles/Comic Circus (Japan) (En).png</image>
    <video>/recalbox/share/videos/No-Intro/Epoch - Super Cassette Vision/Comic Circus (Japan) (En).mp4</video>
  </game>
  <game>
    <path>/recalbox/share/roms/readystream/scv/Dragon Ball - Dragon Dai Hikyou (Japan) (En).zip</path>
    <name>Dragon Ball - Dragon Dai Hikyou (Japan) (En)</name>
    <image>/recalbox/share/thumbs/Epoch - Super Cassette Vision/Named_Titles/Dragon Ball - Dragon Dai Hikyou (Japan) (En).png</image>
    <video>/recalbox/share/videos/No-Intro/Epoch - Super Cassette Vision/Dragon Ball - Dragon Dai Hikyou (Japan) (En).mp4</video>
  </game>
  <game>
    <path>/recalbox/share/roms/readystream/scv/Dragon Slayer (Japan) (En).zip</path>
    <name>Dragon Slayer (Japan) (En)</name>
    <image>/recalbox/share/thumbs/Epoch - Super Cassette Vision/Named_Titles/Dragon Slayer (Japan) (En).png</image>
    <video>/recalbox/share/videos/No-Intro/Epoch - Super Cassette Vision/Dragon Slayer (Japan) (En).mp4</video>
  </game>
  <game>
    <path>/recalbox/share/roms/readystream/scv/Kung Fu Road (Japan) (En).zip</path>
    <name>Kung Fu Road (Japan) (En)</name>
    <image>/recalbox/share/thumbs/Epoch - Super Cassette Vision/Named_Titles/Kung Fu Road (Japan) (En).png</image>
    <video>/recalbox/share/videos/No-Intro/Epoch - Super Cassette Vision/Kung Fu Road (Japan) (En).mp4</video>
  </game>
  <game>
    <path>/recalbox/share/roms/readystream/scv/Lupin Sansei (Japan) (En).zip</path>
    <name>Lupin Sansei (Japan) (En)</name>
    <image>/recalbox/share/thumbs/Epoch - Super Cassette Vision/Named_Titles/Lupin Sansei (Japan) (En).png</image>
    <video>/recalbox/share/videos/No-Intro/Epoch - Super Cassette Vision/Lupin Sansei (Japan) (En).mp4</video>
  </game>
  <game>
    <path>/recalbox/share/roms/readystream/scv/Mappy (Japan) (En).zip</path>
    <name>Mappy (Japan) (En)</name>
    <image>/recalbox/share/thumbs/Epoch - Super Cassette Vision/Named_Titles/Mappy (Japan) (En).png</image>
    <video>/recalbox/share/videos/No-Intro/Epoch - Super Cassette Vision/Mappy (Japan) (En).mp4</video>
  </game>
  <game>
    <path>/recalbox/share/roms/readystream/scv/Milky Princess (Japan) (En).zip</path>
    <name>Milky Princess (Japan) (En)</name>
    <image>/recalbox/share/thumbs/Epoch - Super Cassette Vision/Named_Titles/Milky Princess (Japan) (En).png</image>
    <video>/recalbox/share/videos/No-Intro/Epoch - Super Cassette Vision/Milky Princess (Japan) (En).mp4</video>
  </game>
  <game>
    <path>/recalbox/share/roms/readystream/scv/Nebula (Japan) (En) (Alt).zip</path>
    <name>Nebula (Japan) (En) (Alt)</name>
    <image>/recalbox/share/thumbs/Epoch - Super Cassette Vision/Named_Titles/Nebula (Japan) (En) (Alt).png</image>
    <video>/recalbox/share/videos/No-Intro/Epoch - Super Cassette Vision/Nebula (Japan) (En) (Alt).mp4</video>
  </game>
  <game>
    <path>/recalbox/share/roms/readystream/scv/Nebula (Japan) (En).zip</path>
    <name>Nebula (Japan) (En)</name>
    <image>/recalbox/share/thumbs/Epoch - Super Cassette Vision/Named_Titles/Nebula (Japan) (En).png</image>
    <video>/recalbox/share/videos/No-Intro/Epoch - Super Cassette Vision/Nebula (Japan) (En).mp4</video>
  </game>
  <game>
    <path>/recalbox/share/roms/readystream/scv/Professional Wrestling (Japan) (En).zip</path>
    <name>Professional Wrestling (Japan) (En)</name>
    <image>/recalbox/share/thumbs/Epoch - Super Cassette Vision/Named_Titles/Professional Wrestling (Japan) (En).png</image>
    <video>/recalbox/share/videos/No-Intro/Epoch - Super Cassette Vision/Professional Wrestling (Japan) (En).mp4</video>
  </game>
  <game>
    <path>/recalbox/share/roms/readystream/scv/Punch Boy (Japan) (En).zip</path>
    <name>Punch Boy (Japan) (En)</name>
    <image>/recalbox/share/thumbs/Epoch - Super Cassette Vision/Named_Titles/Punch Boy (Japan) (En).png</image>
    <video>/recalbox/share/videos/No-Intro/Epoch - Super Cassette Vision/Punch Boy (Japan) (En).mp4</video>
  </game>
  <game>
    <path>/recalbox/share/roms/readystream/scv/Real Graphic Mahjongg (Japan).zip</path>
    <name>Real Graphic Mahjongg (Japan)</name>
    <image>/recalbox/share/thumbs/Epoch - Super Cassette Vision/Named_Titles/Real Graphic Mahjongg (Japan).png</image>
    <video>/recalbox/share/videos/No-Intro/Epoch - Super Cassette Vision/Real Graphic Mahjongg (Japan).mp4</video>
  </game>
  <game>
    <path>/recalbox/share/roms/readystream/scv/Sansupyuta (Japan) (En).zip</path>
    <name>Sansupyuta (Japan) (En)</name>
    <image>/recalbox/share/thumbs/Epoch - Super Cassette Vision/Named_Titles/Sansupyuta (Japan) (En).png</image>
    <video>/recalbox/share/videos/No-Intro/Epoch - Super Cassette Vision/Sansupyuta (Japan) (En).mp4</video>
  </game>
  <game>
    <path>/recalbox/share/roms/readystream/scv/Sky Kid (Japan) (En).zip</path>
    <name>Sky Kid (Japan) (En)</name>
    <image>/recalbox/share/thumbs/Epoch - Super Cassette Vision/Named_Titles/Sky Kid (Japan) (En).png</image>
    <video>/recalbox/share/videos/No-Intro/Epoch - Super Cassette Vision/Sky Kid (Japan) (En).mp4</video>
  </game>
  <game>
    <path>/recalbox/share/roms/readystream/scv/Super Golf (Japan) (En).zip</path>
    <name>Super Golf (Japan) (En)</name>
    <image>/recalbox/share/thumbs/Epoch - Super Cassette Vision/Named_Titles/Super Golf (Japan) (En).png</image>
    <video>/recalbox/share/videos/No-Intro/Epoch - Super Cassette Vision/Super Golf (Japan) (En).mp4</video>
  </game>
  <game>
    <path>/recalbox/share/roms/readystream/scv/Super Soccer (France) (En).zip</path>
    <name>Super Soccer (France) (En)</name>
    <image>/recalbox/share/thumbs/Epoch - Super Cassette Vision/Named_Titles/Super Soccer (France) (En).png</image>
    <video>/recalbox/share/videos/No-Intro/Epoch - Super Cassette Vision/Super Soccer (France) (En).mp4</video>
  </game>
  <game>
    <path>/recalbox/share/roms/readystream/scv/Super Soccer (Japan) (En).zip</path>
    <name>Super Soccer (Japan) (En)</name>
    <image>/recalbox/share/thumbs/Epoch - Super Cassette Vision/Named_Titles/Super Soccer (Japan) (En).png</image>
    <video>/recalbox/share/videos/No-Intro/Epoch - Super Cassette Vision/Super Soccer (Japan) (En).mp4</video>
  </game>
  <game>
    <path>/recalbox/share/roms/readystream/scv/Ton Ton Ball (Japan) (En).zip</path>
    <name>Ton Ton Ball (Japan) (En)</name>
    <image>/recalbox/share/thumbs/Epoch - Super Cassette Vision/Named_Titles/Ton Ton Ball (Japan) (En).png</image>
    <video>/recalbox/share/videos/No-Intro/Epoch - Super Cassette Vision/Ton Ton Ball (Japan) (En).mp4</video>
  </game>
  <game>
    <path>/recalbox/share/roms/readystream/scv/Wheelie Racer (Japan, France) (En).zip</path>
    <name>Wheelie Racer (Japan, France) (En)</name>
    <image>/recalbox/share/thumbs/Epoch - Super Cassette Vision/Named_Titles/Wheelie Racer (Japan, France) (En).png</image>
    <video>/recalbox/share/videos/No-Intro/Epoch - Super Cassette Vision/Wheelie Racer (Japan, France) (En).mp4</video>
  </game>
</gamelist>