<gamelist>
  <game>
    <path>/recalbox/share/roms/readystream/wswanc/Arc the Lad - Kishin Fukkatsu (Japan).zip</path>
    <name>Arc the Lad - Kishin Fukkatsu (Japan)</name>
    <image>/recalbox/share/thumbs/Bandai - WonderSwan Color/Named_Titles/Arc the Lad - Kishin Fukkatsu (Japan).png</image>
    <video>/recalbox/share/videos/No-Intro/Bandai - WonderSwan Color/Arc the Lad - Kishin Fukkatsu (Japan).mp4</video>
  </game>
  <game>
    <path>/recalbox/share/roms/readystream/wswanc/Arial (World) (v0.21) (Proto) (WonderWitch) (Unl).zip</path>
    <name>Arial (World) (v0.21) (Proto) (WonderWitch) (Unl)</name>
    <image>/recalbox/share/thumbs/Bandai - WonderSwan Color/Named_Titles/Arial (World) (v0.21) (Proto) (WonderWitch) (Unl).png</image>
    <video>/recalbox/share/videos/No-Intro/Bandai - WonderSwan Color/Arial (World) (v0.21) (Proto) (WonderWitch) (Unl).mp4</video>
  </game>
  <game>
    <path>/recalbox/share/roms/readystream/wswanc/Artisan (World) (WonderWitch) (Unl).zip</path>
    <name>Artisan (World) (WonderWitch) (Unl)</name>
    <image>/recalbox/share/thumbs/Bandai - WonderSwan Color/Named_Titles/Artisan (World) (WonderWitch) (Unl).png</image>
    <video>/recalbox/share/videos/No-Intro/Bandai - WonderSwan Color/Artisan (World) (WonderWitch) (Unl).mp4</video>
  </game>
  <game>
    <path>/recalbox/share/roms/readystream/wswanc/Arubi (World) (Ja) (v0.08) (Proto) (WonderWitch) (Unl).zip</path>
    <name>Arubi (World) (Ja) (v0.08) (Proto) (WonderWitch) (Unl)</name>
    <image>/recalbox/share/thumbs/Bandai - WonderSwan Color/Named_Titles/Arubi (World) (Ja) (v0.08) (Proto) (WonderWitch) (Unl).png</image>
    <video>/recalbox/share/videos/No-Intro/Bandai - WonderSwan Color/Arubi (World) (Ja) (v0.08) (Proto) (WonderWitch) (Unl).mp4</video>
  </game>
  <game>
    <path>/recalbox/share/roms/readystream/wswanc/Atop the Witch's Tower (World) (v1.1) (Aftermarket) (Unl).zip</path>
    <name>Atop the Witch&apos;s Tower (World) (v1.1) (Aftermarket) (Unl)</name>
    <image>/recalbox/share/thumbs/Bandai - WonderSwan Color/Named_Titles/Atop the Witch&apos;s Tower (World) (v1.1) (Aftermarket) (Unl).png</image>
    <video>/recalbox/share/videos/No-Intro/Bandai - WonderSwan Color/Atop the Witch&apos;s Tower (World) (v1.1) (Aftermarket) (Unl).mp4</video>
  </game>
  <game>
    <path>/recalbox/share/roms/readystream/wswanc/Blue Wing Blitz (Japan).zip</path>
    <name>Blue Wing Blitz (Japan)</name>
    <image>/recalbox/share/thumbs/Bandai - WonderSwan Color/Named_Titles/Blue Wing Blitz (Japan).png</image>
    <video>/recalbox/share/videos/No-Intro/Bandai - WonderSwan Color/Blue Wing Blitz (Japan).mp4</video>
  </game>
  <game>
    <path>/recalbox/share/roms/readystream/wswanc/Bury (World) (WonderWitch) (Unl).zip</path>
    <name>Bury (World) (WonderWitch) (Unl)</name>
    <image>/recalbox/share/thumbs/Bandai - WonderSwan Color/Named_Titles/Bury (World) (WonderWitch) (Unl).png</image>
    <video>/recalbox/share/videos/No-Intro/Bandai - WonderSwan Color/Bury (World) (WonderWitch) (Unl).mp4</video>
  </game>
  <game>
    <path>/recalbox/share/roms/readystream/wswanc/CNLink (World) (Ja) (WonderWitch) (Unl).zip</path>
    <name>CNLink (World) (Ja) (WonderWitch) (Unl)</name>
    <image>/recalbox/share/thumbs/Bandai - WonderSwan Color/Named_Titles/CNLink (World) (Ja) (WonderWitch) (Unl).png</image>
    <video>/recalbox/share/videos/No-Intro/Bandai - WonderSwan Color/CNLink (World) (Ja) (WonderWitch) (Unl).mp4</video>
  </game>
  <game>
    <path>/recalbox/share/roms/readystream/wswanc/Canon Hockey (World) (WonderWitch) (Unl).zip</path>
    <name>Canon Hockey (World) (WonderWitch) (Unl)</name>
    <image>/recalbox/share/thumbs/Bandai - WonderSwan Color/Named_Titles/Canon Hockey (World) (WonderWitch) (Unl).png</image>
    <video>/recalbox/share/videos/No-Intro/Bandai - WonderSwan Color/Canon Hockey (World) (WonderWitch) (Unl).mp4</video>
  </game>
  <game>
    <path>/recalbox/share/roms/readystream/wswanc/Cardinal Sins - Recycle Edition (World) (Ja) (v1.02) (WonderWitch) (Aftermarket) (Unl).zip</path>
    <name>Cardinal Sins - Recycle Edition (World) (Ja) (v1.02) (WonderWitch) (Aftermarket) (Unl)</name>
    <image>/recalbox/share/thumbs/Bandai - WonderSwan Color/Named_Titles/Cardinal Sins - Recycle Edition (World) (Ja) (v1.02) (WonderWitch) (Aftermarket) (Unl).png</image>
    <video>/recalbox/share/videos/No-Intro/Bandai - WonderSwan Color/Cardinal Sins - Recycle Edition (World) (Ja) (v1.02) (WonderWitch) (Aftermarket) (Unl).mp4</video>
  </game>
  <game>
    <path>/recalbox/share/roms/readystream/wswanc/Chains (World) (WonderWitch) (Unl).zip</path>
    <name>Chains (World) (WonderWitch) (Unl)</name>
    <image>/recalbox/share/thumbs/Bandai - WonderSwan Color/Named_Titles/Chains (World) (WonderWitch) (Unl).png</image>
    <video>/recalbox/share/videos/No-Intro/Bandai - WonderSwan Color/Chains (World) (WonderWitch) (Unl).mp4</video>
  </game>
  <game>
    <path>/recalbox/share/roms/readystream/wswanc/Charaga (World) (WonderWitch) (Unl).zip</path>
    <name>Charaga (World) (WonderWitch) (Unl)</name>
    <image>/recalbox/share/thumbs/Bandai - WonderSwan Color/Named_Titles/Charaga (World) (WonderWitch) (Unl).png</image>
    <video>/recalbox/share/videos/No-Intro/Bandai - WonderSwan Color/Charaga (World) (WonderWitch) (Unl).mp4</video>
  </game>
  <game>
    <path>/recalbox/share/roms/readystream/wswanc/Coar Crashers (World) (Demo) (WonderWitch) (Unl).zip</path>
    <name>Coar Crashers (World) (Demo) (WonderWitch) (Unl)</name>
    <image>/recalbox/share/thumbs/Bandai - WonderSwan Color/Named_Titles/Coar Crashers (World) (Demo) (WonderWitch) (Unl).png</image>
    <video>/recalbox/share/videos/No-Intro/Bandai - WonderSwan Color/Coar Crashers (World) (Demo) (WonderWitch) (Unl).mp4</video>
  </game>
  <game>
    <path>/recalbox/share/roms/readystream/wswanc/Course Out 3 (World) (Ja) (v0.0.1) (Proto) (WonderWitch) (Unl).zip</path>
    <name>Course Out 3 (World) (Ja) (v0.0.1) (Proto) (WonderWitch) (Unl)</name>
    <image>/recalbox/share/thumbs/Bandai - WonderSwan Color/Named_Titles/Course Out 3 (World) (Ja) (v0.0.1) (Proto) (WonderWitch) (Unl).png</image>
    <video>/recalbox/share/videos/No-Intro/Bandai - WonderSwan Color/Course Out 3 (World) (Ja) (v0.0.1) (Proto) (WonderWitch) (Unl).mp4</video>
  </game>
  <game>
    <path>/recalbox/share/roms/readystream/wswanc/Dark Eyes - Battle Gate (Japan).zip</path>
    <name>Dark Eyes - Battle Gate (Japan)</name>
    <image>/recalbox/share/thumbs/Bandai - WonderSwan Color/Named_Titles/Dark Eyes - Battle Gate (Japan).png</image>
    <video>/recalbox/share/videos/No-Intro/Bandai - WonderSwan Color/Dark Eyes - Battle Gate (Japan).mp4</video>
  </game>
  <game>
    <path>/recalbox/share/roms/readystream/wswanc/Darkhero Figment - Calibur Edition (World) (Ja) (WonderWitch) (Unl).zip</path>
    <name>Darkhero Figment - Calibur Edition (World) (Ja) (WonderWitch) (Unl)</name>
    <image>/recalbox/share/thumbs/Bandai - WonderSwan Color/Named_Titles/Darkhero Figment - Calibur Edition (World) (Ja) (WonderWitch) (Unl).png</image>
    <video>/recalbox/share/videos/No-Intro/Bandai - WonderSwan Color/Darkhero Figment - Calibur Edition (World) (Ja) (WonderWitch) (Unl).mp4</video>
  </game>
  <game>
    <path>/recalbox/share/roms/readystream/wswanc/Darkhero Figment - Doris Edition (World) (Ja) (WonderWitch) (Unl).zip</path>
    <name>Darkhero Figment - Doris Edition (World) (Ja) (WonderWitch) (Unl)</name>
    <image>/recalbox/share/thumbs/Bandai - WonderSwan Color/Named_Titles/Darkhero Figment - Doris Edition (World) (Ja) (WonderWitch) (Unl).png</image>
    <video>/recalbox/share/videos/No-Intro/Bandai - WonderSwan Color/Darkhero Figment - Doris Edition (World) (Ja) (WonderWitch) (Unl).mp4</video>
  </game>
  <game>
    <path>/recalbox/share/roms/readystream/wswanc/Darkhero Figment 2 (World) (Ja) (WonderWitch) (Unl).zip</path>
    <name>Darkhero Figment 2 (World) (Ja) (WonderWitch) (Unl)</name>
    <image>/recalbox/share/thumbs/Bandai - WonderSwan Color/Named_Titles/Darkhero Figment 2 (World) (Ja) (WonderWitch) (Unl).png</image>
    <video>/recalbox/share/videos/No-Intro/Bandai - WonderSwan Color/Darkhero Figment 2 (World) (Ja) (WonderWitch) (Unl).mp4</video>
  </game>
  <game>
    <path>/recalbox/share/roms/readystream/wswanc/Dicing Knight. (Japan).zip</path>
    <name>Dicing Knight. (Japan)</name>
    <image>/recalbox/share/thumbs/Bandai - WonderSwan Color/Named_Titles/Dicing Knight. (Japan).png</image>
    <video>/recalbox/share/videos/No-Intro/Bandai - WonderSwan Color/Dicing Knight. (Japan).mp4</video>
  </game>
  <game>
    <path>/recalbox/share/roms/readystream/wswanc/DicingKnight Legion (World) (v2.1) (Demo) (WonderWitch) (Unl).zip</path>
    <name>DicingKnight Legion (World) (v2.1) (Demo) (WonderWitch) (Unl)</name>
    <image>/recalbox/share/thumbs/Bandai - WonderSwan Color/Named_Titles/DicingKnight Legion (World) (v2.1) (Demo) (WonderWitch) (Unl).png</image>
    <video>/recalbox/share/videos/No-Intro/Bandai - WonderSwan Color/DicingKnight Legion (World) (v2.1) (Demo) (WonderWitch) (Unl).mp4</video>
  </game>
  <game>
    <path>/recalbox/share/roms/readystream/wswanc/Digimon - Anode Tamer &amp; Cathode Tamer - Veedramon Version (Hong Kong) (En).zip</path>
    <name>Digimon - Anode Tamer &amp; Cathode Tamer - Veedramon Version (Hong Kong) (En)</name>
    <image>/recalbox/share/thumbs/Bandai - WonderSwan Color/Named_Titles/Digimon - Anode Tamer &amp; Cathode Tamer - Veedramon Version (Hong Kong) (En).png</image>
    <video>/recalbox/share/videos/No-Intro/Bandai - WonderSwan Color/Digimon - Anode Tamer &amp; Cathode Tamer - Veedramon Version (Hong Kong) (En).mp4</video>
  </game>
  <game>
    <path>/recalbox/share/roms/readystream/wswanc/Digimon Adventure 02 - D1 Tamers (Japan) (Rev 1).zip</path>
    <name>Digimon Adventure 02 - D1 Tamers (Japan) (Rev 1)</name>
    <image>/recalbox/share/thumbs/Bandai - WonderSwan Color/Named_Titles/Digimon Adventure 02 - D1 Tamers (Japan) (Rev 1).png</image>
    <video>/recalbox/share/videos/No-Intro/Bandai - WonderSwan Color/Digimon Adventure 02 - D1 Tamers (Japan) (Rev 1).mp4</video>
  </game>
  <game>
    <path>/recalbox/share/roms/readystream/wswanc/Digimon Tamers - Battle Spirit (Japan, Korea) (En,Ja).zip</path>
    <name>Digimon Tamers - Battle Spirit (Japan, Korea) (En,Ja)</name>
    <image>/recalbox/share/thumbs/Bandai - WonderSwan Color/Named_Titles/Digimon Tamers - Battle Spirit (Japan, Korea) (En,Ja).png</image>
    <video>/recalbox/share/videos/No-Intro/Bandai - WonderSwan Color/Digimon Tamers - Battle Spirit (Japan, Korea) (En,Ja).mp4</video>
  </game>
  <game>
    <path>/recalbox/share/roms/readystream/wswanc/Digimon Tamers - Brave Tamer (Japan) (Rev 1).zip</path>
    <name>Digimon Tamers - Brave Tamer (Japan) (Rev 1)</name>
    <image>/recalbox/share/thumbs/Bandai - WonderSwan Color/Named_Titles/Digimon Tamers - Brave Tamer (Japan) (Rev 1).png</image>
    <video>/recalbox/share/videos/No-Intro/Bandai - WonderSwan Color/Digimon Tamers - Brave Tamer (Japan) (Rev 1).mp4</video>
  </game>
  <game>
    <path>/recalbox/share/roms/readystream/wswanc/Digimon Tamers - Digimon Medley (Japan).zip</path>
    <name>Digimon Tamers - Digimon Medley (Japan)</name>
    <image>/recalbox/share/thumbs/Bandai - WonderSwan Color/Named_Titles/Digimon Tamers - Digimon Medley (Japan).png</image>
    <video>/recalbox/share/videos/No-Intro/Bandai - WonderSwan Color/Digimon Tamers - Digimon Medley (Japan).mp4</video>
  </game>
  <game>
    <path>/recalbox/share/roms/readystream/wswanc/Digital Monster - D-Project (Japan).zip</path>
    <name>Digital Monster - D-Project (Japan)</name>
    <image>/recalbox/share/thumbs/Bandai - WonderSwan Color/Named_Titles/Digital Monster - D-Project (Japan).png</image>
    <video>/recalbox/share/videos/No-Intro/Bandai - WonderSwan Color/Digital Monster - D-Project (Japan).mp4</video>
  </game>
  <game>
    <path>/recalbox/share/roms/readystream/wswanc/Dokodemo Hamster 3 - Odekake Saffron (Japan) (Rev 2).zip</path>
    <name>Dokodemo Hamster 3 - Odekake Saffron (Japan) (Rev 2)</name>
    <image>/recalbox/share/thumbs/Bandai - WonderSwan Color/Named_Titles/Dokodemo Hamster 3 - Odekake Saffron (Japan) (Rev 2).png</image>
    <video>/recalbox/share/videos/No-Intro/Bandai - WonderSwan Color/Dokodemo Hamster 3 - Odekake Saffron (Japan) (Rev 2).mp4</video>
  </game>
  <game>
    <path>/recalbox/share/roms/readystream/wswanc/Dragon Ball (Japan).zip</path>
    <name>Dragon Ball (Japan)</name>
    <image>/recalbox/share/thumbs/Bandai - WonderSwan Color/Named_Titles/Dragon Ball (Japan).png</image>
    <video>/recalbox/share/videos/No-Intro/Bandai - WonderSwan Color/Dragon Ball (Japan).mp4</video>
  </game>
  <game>
    <path>/recalbox/share/roms/readystream/wswanc/Evil Dragon (World) (WonderWitch) (Unl).zip</path>
    <name>Evil Dragon (World) (WonderWitch) (Unl)</name>
    <image>/recalbox/share/thumbs/Bandai - WonderSwan Color/Named_Titles/Evil Dragon (World) (WonderWitch) (Unl).png</image>
    <video>/recalbox/share/videos/No-Intro/Bandai - WonderSwan Color/Evil Dragon (World) (WonderWitch) (Unl).mp4</video>
  </game>
  <game>
    <path>/recalbox/share/roms/readystream/wswanc/Features (World) (WonderWitch) (Unl).zip</path>
    <name>Features (World) (WonderWitch) (Unl)</name>
    <image>/recalbox/share/thumbs/Bandai - WonderSwan Color/Named_Titles/Features (World) (WonderWitch) (Unl).png</image>
    <video>/recalbox/share/videos/No-Intro/Bandai - WonderSwan Color/Features (World) (WonderWitch) (Unl).mp4</video>
  </game>
  <game>
    <path>/recalbox/share/roms/readystream/wswanc/Final Fantasy II (Japan).zip</path>
    <name>Final Fantasy II (Japan)</name>
    <image>/recalbox/share/thumbs/Bandai - WonderSwan Color/Named_Titles/Final Fantasy II (Japan).png</image>
    <video>/recalbox/share/videos/No-Intro/Bandai - WonderSwan Color/Final Fantasy II (Japan).mp4</video>
  </game>
  <game>
    <path>/recalbox/share/roms/readystream/wswanc/Final Fantasy IV (Japan).zip</path>
    <name>Final Fantasy IV (Japan)</name>
    <image>/recalbox/share/thumbs/Bandai - WonderSwan Color/Named_Titles/Final Fantasy IV (Japan).png</image>
    <video>/recalbox/share/videos/No-Intro/Bandai - WonderSwan Color/Final Fantasy IV (Japan).mp4</video>
  </game>
  <game>
    <path>/recalbox/share/roms/readystream/wswanc/Flash Masta Firmware (World) (2016-08-29) (Aftermarket) (Unl).zip</path>
    <name>Flash Masta Firmware (World) (2016-08-29) (Aftermarket) (Unl)</name>
    <image>/recalbox/share/thumbs/Bandai - WonderSwan Color/Named_Titles/Flash Masta Firmware (World) (2016-08-29) (Aftermarket) (Unl).png</image>
    <video>/recalbox/share/videos/No-Intro/Bandai - WonderSwan Color/Flash Masta Firmware (World) (2016-08-29) (Aftermarket) (Unl).mp4</video>
  </game>
  <game>
    <path>/recalbox/share/roms/readystream/wswanc/From TV Animation One Piece - Grand Battle Swan Colosseum (Japan) (Sample).zip</path>
    <name>From TV Animation One Piece - Grand Battle Swan Colosseum (Japan) (Sample)</name>
    <image>/recalbox/share/thumbs/Bandai - WonderSwan Color/Named_Titles/From TV Animation One Piece - Grand Battle Swan Colosseum (Japan) (Sample).png</image>
    <video>/recalbox/share/videos/No-Intro/Bandai - WonderSwan Color/From TV Animation One Piece - Grand Battle Swan Colosseum (Japan) (Sample).mp4</video>
  </game>
  <game>
    <path>/recalbox/share/roms/readystream/wswanc/From TV Animation One Piece - Grand Battle Swan Colosseum (Japan).zip</path>
    <name>From TV Animation One Piece - Grand Battle Swan Colosseum (Japan)</name>
    <image>/recalbox/share/thumbs/Bandai - WonderSwan Color/Named_Titles/From TV Animation One Piece - Grand Battle Swan Colosseum (Japan).png</image>
    <video>/recalbox/share/videos/No-Intro/Bandai - WonderSwan Color/From TV Animation One Piece - Grand Battle Swan Colosseum (Japan).mp4</video>
  </game>
  <game>
    <path>/recalbox/share/roms/readystream/wswanc/From TV Animation One Piece - Treasure Wars (Japan) (Rev 1).zip</path>
    <name>From TV Animation One Piece - Treasure Wars (Japan) (Rev 1)</name>
    <image>/recalbox/share/thumbs/Bandai - WonderSwan Color/Named_Titles/From TV Animation One Piece - Treasure Wars (Japan) (Rev 1).png</image>
    <video>/recalbox/share/videos/No-Intro/Bandai - WonderSwan Color/From TV Animation One Piece - Treasure Wars (Japan) (Rev 1).mp4</video>
  </game>
  <game>
    <path>/recalbox/share/roms/readystream/wswanc/GPS TOOL for WonderSwan (World) (Ja) (WonderWitch) (Unl).zip</path>
    <name>GPS TOOL for WonderSwan (World) (Ja) (WonderWitch) (Unl)</name>
    <image>/recalbox/share/thumbs/Bandai - WonderSwan Color/Named_Titles/GPS TOOL for WonderSwan (World) (Ja) (WonderWitch) (Unl).png</image>
    <video>/recalbox/share/videos/No-Intro/Bandai - WonderSwan Color/GPS TOOL for WonderSwan (World) (Ja) (WonderWitch) (Unl).mp4</video>
  </game>
  <game>
    <path>/recalbox/share/roms/readystream/wswanc/Gansaku Shuu Watch (World) (Ja) (WonderWitch) (Unl).zip</path>
    <name>Gansaku Shuu Watch (World) (Ja) (WonderWitch) (Unl)</name>
    <image>/recalbox/share/thumbs/Bandai - WonderSwan Color/Named_Titles/Gansaku Shuu Watch (World) (Ja) (WonderWitch) (Unl).png</image>
    <video>/recalbox/share/videos/No-Intro/Bandai - WonderSwan Color/Gansaku Shuu Watch (World) (Ja) (WonderWitch) (Unl).mp4</video>
  </game>
  <game>
    <path>/recalbox/share/roms/readystream/wswanc/Golden Axe (Japan).zip</path>
    <name>Golden Axe (Japan)</name>
    <image>/recalbox/share/thumbs/Bandai - WonderSwan Color/Named_Titles/Golden Axe (Japan).png</image>
    <video>/recalbox/share/videos/No-Intro/Bandai - WonderSwan Color/Golden Axe (Japan).mp4</video>
  </game>
  <game>
    <path>/recalbox/share/roms/readystream/wswanc/GunPey EX (Japan).zip</path>
    <name>GunPey EX (Japan)</name>
    <image>/recalbox/share/thumbs/Bandai - WonderSwan Color/Named_Titles/GunPey EX (Japan).png</image>
    <video>/recalbox/share/videos/No-Intro/Bandai - WonderSwan Color/GunPey EX (Japan).mp4</video>
  </game>
  <game>
    <path>/recalbox/share/roms/readystream/wswanc/Guruguru Ringuru (World) (WonderWitch) (Unl).zip</path>
    <name>Guruguru Ringuru (World) (WonderWitch) (Unl)</name>
    <image>/recalbox/share/thumbs/Bandai - WonderSwan Color/Named_Titles/Guruguru Ringuru (World) (WonderWitch) (Unl).png</image>
    <video>/recalbox/share/videos/No-Intro/Bandai - WonderSwan Color/Guruguru Ringuru (World) (WonderWitch) (Unl).mp4</video>
  </game>
  <game>
    <path>/recalbox/share/roms/readystream/wswanc/HG-voice-player + Sound Sample (World) (WonderWitch) (Program) (Unl).zip</path>
    <name>HG-voice-player + Sound Sample (World) (WonderWitch) (Program) (Unl)</name>
    <image>/recalbox/share/thumbs/Bandai - WonderSwan Color/Named_Titles/HG-voice-player + Sound Sample (World) (WonderWitch) (Program) (Unl).png</image>
    <video>/recalbox/share/videos/No-Intro/Bandai - WonderSwan Color/HG-voice-player + Sound Sample (World) (WonderWitch) (Program) (Unl).mp4</video>
  </game>
  <game>
    <path>/recalbox/share/roms/readystream/wswanc/Hanjuku Hero - Ah, Sekai yo Hanjuku Nare...!! (Japan) (Rev 1).zip</path>
    <name>Hanjuku Hero - Ah, Sekai yo Hanjuku Nare...!! (Japan) (Rev 1)</name>
    <image>/recalbox/share/thumbs/Bandai - WonderSwan Color/Named_Titles/Hanjuku Hero - Ah, Sekai yo Hanjuku Nare...!! (Japan) (Rev 1).png</image>
    <video>/recalbox/share/videos/No-Intro/Bandai - WonderSwan Color/Hanjuku Hero - Ah, Sekai yo Hanjuku Nare...!! (Japan) (Rev 1).mp4</video>
  </game>
  <game>
    <path>/recalbox/share/roms/readystream/wswanc/Hashire! Taiboku! (World) (v0.5) (Proto) (WonderWitch) (Unl).zip</path>
    <name>Hashire! Taiboku! (World) (v0.5) (Proto) (WonderWitch) (Unl)</name>
    <image>/recalbox/share/thumbs/Bandai - WonderSwan Color/Named_Titles/Hashire! Taiboku! (World) (v0.5) (Proto) (WonderWitch) (Unl).png</image>
    <video>/recalbox/share/videos/No-Intro/Bandai - WonderSwan Color/Hashire! Taiboku! (World) (v0.5) (Proto) (WonderWitch) (Unl).mp4</video>
  </game>
  <game>
    <path>/recalbox/share/roms/readystream/wswanc/Hataraku Chocobo (Japan).zip</path>
    <name>Hataraku Chocobo (Japan)</name>
    <image>/recalbox/share/thumbs/Bandai - WonderSwan Color/Named_Titles/Hataraku Chocobo (Japan).png</image>
    <video>/recalbox/share/videos/No-Intro/Bandai - WonderSwan Color/Hataraku Chocobo (Japan).mp4</video>
  </game>
  <game>
    <path>/recalbox/share/roms/readystream/wswanc/Hoippuru for WonderSwan (World) (Ja) (v1.00) (WonderWitch) (Unl).zip</path>
    <name>Hoippuru for WonderSwan (World) (Ja) (v1.00) (WonderWitch) (Unl)</name>
    <image>/recalbox/share/thumbs/Bandai - WonderSwan Color/Named_Titles/Hoippuru for WonderSwan (World) (Ja) (v1.00) (WonderWitch) (Unl).png</image>
    <video>/recalbox/share/videos/No-Intro/Bandai - WonderSwan Color/Hoippuru for WonderSwan (World) (Ja) (v1.00) (WonderWitch) (Unl).mp4</video>
  </game>
  <game>
    <path>/recalbox/share/roms/readystream/wswanc/Hoippuru for WonderSwan (World) (Ja) (v2.00) (WonderWitch) (Unl).zip</path>
    <name>Hoippuru for WonderSwan (World) (Ja) (v2.00) (WonderWitch) (Unl)</name>
    <image>/recalbox/share/thumbs/Bandai - WonderSwan Color/Named_Titles/Hoippuru for WonderSwan (World) (Ja) (v2.00) (WonderWitch) (Unl).png</image>
    <video>/recalbox/share/videos/No-Intro/Bandai - WonderSwan Color/Hoippuru for WonderSwan (World) (Ja) (v2.00) (WonderWitch) (Unl).mp4</video>
  </game>
  <game>
    <path>/recalbox/share/roms/readystream/wswanc/House Keeper (World) (Ja) (WonderWitch) (Unl).zip</path>
    <name>House Keeper (World) (Ja) (WonderWitch) (Unl)</name>
    <image>/recalbox/share/thumbs/Bandai - WonderSwan Color/Named_Titles/House Keeper (World) (Ja) (WonderWitch) (Unl).png</image>
    <video>/recalbox/share/videos/No-Intro/Bandai - WonderSwan Color/House Keeper (World) (Ja) (WonderWitch) (Unl).mp4</video>
  </game>
  <game>
    <path>/recalbox/share/roms/readystream/wswanc/House Keeper - 1.5 Generation (World) (Ja) (Proto) (WonderWitch) (Unl).zip</path>
    <name>House Keeper - 1.5 Generation (World) (Ja) (Proto) (WonderWitch) (Unl)</name>
    <image>/recalbox/share/thumbs/Bandai - WonderSwan Color/Named_Titles/House Keeper - 1.5 Generation (World) (Ja) (Proto) (WonderWitch) (Unl).png</image>
    <video>/recalbox/share/videos/No-Intro/Bandai - WonderSwan Color/House Keeper - 1.5 Generation (World) (Ja) (Proto) (WonderWitch) (Unl).mp4</video>
  </game>
  <game>
    <path>/recalbox/share/roms/readystream/wswanc/Hunter X Hunter - Greed Island (Japan) (Rev 1).zip</path>
    <name>Hunter X Hunter - Greed Island (Japan) (Rev 1)</name>
    <image>/recalbox/share/thumbs/Bandai - WonderSwan Color/Named_Titles/Hunter X Hunter - Greed Island (Japan) (Rev 1).png</image>
    <video>/recalbox/share/videos/No-Intro/Bandai - WonderSwan Color/Hunter X Hunter - Greed Island (Japan) (Rev 1).mp4</video>
  </game>
  <game>
    <path>/recalbox/share/roms/readystream/wswanc/Hunter X Hunter - Greed Island (Japan).zip</path>
    <name>Hunter X Hunter - Greed Island (Japan)</name>
    <image>/recalbox/share/thumbs/Bandai - WonderSwan Color/Named_Titles/Hunter X Hunter - Greed Island (Japan).png</image>
    <video>/recalbox/share/videos/No-Intro/Bandai - WonderSwan Color/Hunter X Hunter - Greed Island (Japan).mp4</video>
  </game>
  <game>
    <path>/recalbox/share/roms/readystream/wswanc/Hunter X Hunter - Michibikareshi Mono (Japan).zip</path>
    <name>Hunter X Hunter - Michibikareshi Mono (Japan)</name>
    <image>/recalbox/share/thumbs/Bandai - WonderSwan Color/Named_Titles/Hunter X Hunter - Michibikareshi Mono (Japan).png</image>
    <video>/recalbox/share/videos/No-Intro/Bandai - WonderSwan Color/Hunter X Hunter - Michibikareshi Mono (Japan).mp4</video>
  </game>
  <game>
    <path>/recalbox/share/roms/readystream/wswanc/Hunter X Hunter - Sorezore no Ketsui (Japan).zip</path>
    <name>Hunter X Hunter - Sorezore no Ketsui (Japan)</name>
    <image>/recalbox/share/thumbs/Bandai - WonderSwan Color/Named_Titles/Hunter X Hunter - Sorezore no Ketsui (Japan).png</image>
    <video>/recalbox/share/videos/No-Intro/Bandai - WonderSwan Color/Hunter X Hunter - Sorezore no Ketsui (Japan).mp4</video>
  </game>
  <game>
    <path>/recalbox/share/roms/readystream/wswanc/Inuyasha - Fuuun Emaki (Japan).zip</path>
    <name>Inuyasha - Fuuun Emaki (Japan)</name>
    <image>/recalbox/share/thumbs/Bandai - WonderSwan Color/Named_Titles/Inuyasha - Fuuun Emaki (Japan).png</image>
    <video>/recalbox/share/videos/No-Intro/Bandai - WonderSwan Color/Inuyasha - Fuuun Emaki (Japan).mp4</video>
  </game>
  <game>
    <path>/recalbox/share/roms/readystream/wswanc/Inuyasha - Kagome no Sengoku Nikki (Japan).zip</path>
    <name>Inuyasha - Kagome no Sengoku Nikki (Japan)</name>
    <image>/recalbox/share/thumbs/Bandai - WonderSwan Color/Named_Titles/Inuyasha - Kagome no Sengoku Nikki (Japan).png</image>
    <video>/recalbox/share/videos/No-Intro/Bandai - WonderSwan Color/Inuyasha - Kagome no Sengoku Nikki (Japan).mp4</video>
  </game>
  <game>
    <path>/recalbox/share/roms/readystream/wswanc/Inuyasha - Kagome no Yume Nikki (Japan).zip</path>
    <name>Inuyasha - Kagome no Yume Nikki (Japan)</name>
    <image>/recalbox/share/thumbs/Bandai - WonderSwan Color/Named_Titles/Inuyasha - Kagome no Yume Nikki (Japan).png</image>
    <video>/recalbox/share/videos/No-Intro/Bandai - WonderSwan Color/Inuyasha - Kagome no Yume Nikki (Japan).mp4</video>
  </game>
  <game>
    <path>/recalbox/share/roms/readystream/wswanc/Isomon - Get Oh No!! (World) (Ja) (WonderWitch) (Unl).zip</path>
    <name>Isomon - Get Oh No!! (World) (Ja) (WonderWitch) (Unl)</name>
    <image>/recalbox/share/thumbs/Bandai - WonderSwan Color/Named_Titles/Isomon - Get Oh No!! (World) (Ja) (WonderWitch) (Unl).png</image>
    <video>/recalbox/share/videos/No-Intro/Bandai - WonderSwan Color/Isomon - Get Oh No!! (World) (Ja) (WonderWitch) (Unl).mp4</video>
  </game>
  <game>
    <path>/recalbox/share/roms/readystream/wswanc/Juicy Crew (World) (WonderWitch) (Unl).zip</path>
    <name>Juicy Crew (World) (WonderWitch) (Unl)</name>
    <image>/recalbox/share/thumbs/Bandai - WonderSwan Color/Named_Titles/Juicy Crew (World) (WonderWitch) (Unl).png</image>
    <video>/recalbox/share/videos/No-Intro/Bandai - WonderSwan Color/Juicy Crew (World) (WonderWitch) (Unl).mp4</video>
  </game>
  <game>
    <path>/recalbox/share/roms/readystream/wswanc/Kinnikuman II-Sei - Dream Tag Match (Japan).zip</path>
    <name>Kinnikuman II-Sei - Dream Tag Match (Japan)</name>
    <image>/recalbox/share/thumbs/Bandai - WonderSwan Color/Named_Titles/Kinnikuman II-Sei - Dream Tag Match (Japan).png</image>
    <video>/recalbox/share/videos/No-Intro/Bandai - WonderSwan Color/Kinnikuman II-Sei - Dream Tag Match (Japan).mp4</video>
  </game>
  <game>
    <path>/recalbox/share/roms/readystream/wswanc/Kurupara! (Japan) (Rev 1).zip</path>
    <name>Kurupara! (Japan) (Rev 1)</name>
    <image>/recalbox/share/thumbs/Bandai - WonderSwan Color/Named_Titles/Kurupara! (Japan) (Rev 1).png</image>
    <video>/recalbox/share/videos/No-Intro/Bandai - WonderSwan Color/Kurupara! (Japan) (Rev 1).mp4</video>
  </game>
  <game>
    <path>/recalbox/share/roms/readystream/wswanc/Kuttsuke Su (World) (Ja) (WonderWitch) (Unl).zip</path>
    <name>Kuttsuke Su (World) (Ja) (WonderWitch) (Unl)</name>
    <image>/recalbox/share/thumbs/Bandai - WonderSwan Color/Named_Titles/Kuttsuke Su (World) (Ja) (WonderWitch) (Unl).png</image>
    <video>/recalbox/share/videos/No-Intro/Bandai - WonderSwan Color/Kuttsuke Su (World) (Ja) (WonderWitch) (Unl).mp4</video>
  </game>
  <game>
    <path>/recalbox/share/roms/readystream/wswanc/Last Alive (Japan).zip</path>
    <name>Last Alive (Japan)</name>
    <image>/recalbox/share/thumbs/Bandai - WonderSwan Color/Named_Titles/Last Alive (Japan).png</image>
    <video>/recalbox/share/videos/No-Intro/Bandai - WonderSwan Color/Last Alive (Japan).mp4</video>
  </game>
  <game>
    <path>/recalbox/share/roms/readystream/wswanc/Magical Harvest (World) (v0.99) (WonderWitch) (Unl).zip</path>
    <name>Magical Harvest (World) (v0.99) (WonderWitch) (Unl)</name>
    <image>/recalbox/share/thumbs/Bandai - WonderSwan Color/Named_Titles/Magical Harvest (World) (v0.99) (WonderWitch) (Unl).png</image>
    <video>/recalbox/share/videos/No-Intro/Bandai - WonderSwan Color/Magical Harvest (World) (v0.99) (WonderWitch) (Unl).mp4</video>
  </game>
  <game>
    <path>/recalbox/share/roms/readystream/wswanc/Magical Harvest (World) (v1.00) (WonderWitch) (WWGP2001) (Unl).zip</path>
    <name>Magical Harvest (World) (v1.00) (WonderWitch) (WWGP2001) (Unl)</name>
    <image>/recalbox/share/thumbs/Bandai - WonderSwan Color/Named_Titles/Magical Harvest (World) (v1.00) (WonderWitch) (WWGP2001) (Unl).png</image>
    <video>/recalbox/share/videos/No-Intro/Bandai - WonderSwan Color/Magical Harvest (World) (v1.00) (WonderWitch) (WWGP2001) (Unl).mp4</video>
  </game>
  <game>
    <path>/recalbox/share/roms/readystream/wswanc/Makai Toushi Sa-Ga (Japan).zip</path>
    <name>Makai Toushi Sa-Ga (Japan)</name>
    <image>/recalbox/share/thumbs/Bandai - WonderSwan Color/Named_Titles/Makai Toushi Sa-Ga (Japan).png</image>
    <video>/recalbox/share/videos/No-Intro/Bandai - WonderSwan Color/Makai Toushi Sa-Ga (Japan).mp4</video>
  </game>
  <game>
    <path>/recalbox/share/roms/readystream/wswanc/Mawase Mawase WonderSwan Mawase (World) (WonderWitch) (Unl).zip</path>
    <name>Mawase Mawase WonderSwan Mawase (World) (WonderWitch) (Unl)</name>
    <image>/recalbox/share/thumbs/Bandai - WonderSwan Color/Named_Titles/Mawase Mawase WonderSwan Mawase (World) (WonderWitch) (Unl).png</image>
    <video>/recalbox/share/videos/No-Intro/Bandai - WonderSwan Color/Mawase Mawase WonderSwan Mawase (World) (WonderWitch) (Unl).mp4</video>
  </game>
  <game>
    <path>/recalbox/share/roms/readystream/wswanc/Melodion (World) (WonderWitch) (Program) (Unl).zip</path>
    <name>Melodion (World) (WonderWitch) (Program) (Unl)</name>
    <image>/recalbox/share/thumbs/Bandai - WonderSwan Color/Named_Titles/Melodion (World) (WonderWitch) (Program) (Unl).png</image>
    <video>/recalbox/share/videos/No-Intro/Bandai - WonderSwan Color/Melodion (World) (WonderWitch) (Program) (Unl).mp4</video>
  </game>
  <game>
    <path>/recalbox/share/roms/readystream/wswanc/Monmon Gunner (World) (Ja) (WonderWitch) (Unl).zip</path>
    <name>Monmon Gunner (World) (Ja) (WonderWitch) (Unl)</name>
    <image>/recalbox/share/thumbs/Bandai - WonderSwan Color/Named_Titles/Monmon Gunner (World) (Ja) (WonderWitch) (Unl).png</image>
    <video>/recalbox/share/videos/No-Intro/Bandai - WonderSwan Color/Monmon Gunner (World) (Ja) (WonderWitch) (Unl).mp4</video>
  </game>
  <game>
    <path>/recalbox/share/roms/readystream/wswanc/NAVI GET 400 Million (Japan) (Version 9) (Program).zip</path>
    <name>NAVI GET 400 Million (Japan) (Version 9) (Program)</name>
    <image>/recalbox/share/thumbs/Bandai - WonderSwan Color/Named_Titles/NAVI GET 400 Million (Japan) (Version 9) (Program).png</image>
    <video>/recalbox/share/videos/No-Intro/Bandai - WonderSwan Color/NAVI GET 400 Million (Japan) (Version 9) (Program).mp4</video>
  </game>
  <game>
    <path>/recalbox/share/roms/readystream/wswanc/Namco Super Wars (Japan).zip</path>
    <name>Namco Super Wars (Japan)</name>
    <image>/recalbox/share/thumbs/Bandai - WonderSwan Color/Named_Titles/Namco Super Wars (Japan).png</image>
    <video>/recalbox/share/videos/No-Intro/Bandai - WonderSwan Color/Namco Super Wars (Japan).mp4</video>
  </game>
  <game>
    <path>/recalbox/share/roms/readystream/wswanc/Nametry (World) (v1.00) (WonderWitch) (WWGP2001) (Unl).zip</path>
    <name>Nametry (World) (v1.00) (WonderWitch) (WWGP2001) (Unl)</name>
    <image>/recalbox/share/thumbs/Bandai - WonderSwan Color/Named_Titles/Nametry (World) (v1.00) (WonderWitch) (WWGP2001) (Unl).png</image>
    <video>/recalbox/share/videos/No-Intro/Bandai - WonderSwan Color/Nametry (World) (v1.00) (WonderWitch) (WWGP2001) (Unl).mp4</video>
  </game>
  <game>
    <path>/recalbox/share/roms/readystream/wswanc/Nametry (World) (v1.01) (WonderWitch) (Unl).zip</path>
    <name>Nametry (World) (v1.01) (WonderWitch) (Unl)</name>
    <image>/recalbox/share/thumbs/Bandai - WonderSwan Color/Named_Titles/Nametry (World) (v1.01) (WonderWitch) (Unl).png</image>
    <video>/recalbox/share/videos/No-Intro/Bandai - WonderSwan Color/Nametry (World) (v1.01) (WonderWitch) (Unl).mp4</video>
  </game>
  <game>
    <path>/recalbox/share/roms/readystream/wswanc/Neojan (World) (WonderWitch) (Unl).zip</path>
    <name>Neojan (World) (WonderWitch) (Unl)</name>
    <image>/recalbox/share/thumbs/Bandai - WonderSwan Color/Named_Titles/Neojan (World) (WonderWitch) (Unl).png</image>
    <video>/recalbox/share/videos/No-Intro/Bandai - WonderSwan Color/Neojan (World) (WonderWitch) (Unl).mp4</video>
  </game>
  <game>
    <path>/recalbox/share/roms/readystream/wswanc/Nijiiro Dandodan (World) (Ja) (WonderWitch) (Unl).zip</path>
    <name>Nijiiro Dandodan (World) (Ja) (WonderWitch) (Unl)</name>
    <image>/recalbox/share/thumbs/Bandai - WonderSwan Color/Named_Titles/Nijiiro Dandodan (World) (Ja) (WonderWitch) (Unl).png</image>
    <video>/recalbox/share/videos/No-Intro/Bandai - WonderSwan Color/Nijiiro Dandodan (World) (Ja) (WonderWitch) (Unl).mp4</video>
  </game>
  <game>
    <path>/recalbox/share/roms/readystream/wswanc/Not Found (World) (WonderWitch) (Unl).zip</path>
    <name>Not Found (World) (WonderWitch) (Unl)</name>
    <image>/recalbox/share/thumbs/Bandai - WonderSwan Color/Named_Titles/Not Found (World) (WonderWitch) (Unl).png</image>
    <video>/recalbox/share/videos/No-Intro/Bandai - WonderSwan Color/Not Found (World) (WonderWitch) (Unl).mp4</video>
  </game>
  <game>
    <path>/recalbox/share/roms/readystream/wswanc/One Dazen Won! (World) (v0.02) (Proto) (WonderWitch) (Unl).zip</path>
    <name>One Dazen Won! (World) (v0.02) (Proto) (WonderWitch) (Unl)</name>
    <image>/recalbox/share/thumbs/Bandai - WonderSwan Color/Named_Titles/One Dazen Won! (World) (v0.02) (Proto) (WonderWitch) (Unl).png</image>
    <video>/recalbox/share/videos/No-Intro/Bandai - WonderSwan Color/One Dazen Won! (World) (v0.02) (Proto) (WonderWitch) (Unl).mp4</video>
  </game>
  <game>
    <path>/recalbox/share/roms/readystream/wswanc/Patto Golf (World) (WonderWitch) (Unl).zip</path>
    <name>Patto Golf (World) (WonderWitch) (Unl)</name>
    <image>/recalbox/share/thumbs/Bandai - WonderSwan Color/Named_Titles/Patto Golf (World) (WonderWitch) (Unl).png</image>
    <video>/recalbox/share/videos/No-Intro/Bandai - WonderSwan Color/Patto Golf (World) (WonderWitch) (Unl).mp4</video>
  </game>
  <game>
    <path>/recalbox/share/roms/readystream/wswanc/Petit Shooo (World) (WonderWitch) (Unl).zip</path>
    <name>Petit Shooo (World) (WonderWitch) (Unl)</name>
    <image>/recalbox/share/thumbs/Bandai - WonderSwan Color/Named_Titles/Petit Shooo (World) (WonderWitch) (Unl).png</image>
    <video>/recalbox/share/videos/No-Intro/Bandai - WonderSwan Color/Petit Shooo (World) (WonderWitch) (Unl).mp4</video>
  </game>
  <game>
    <path>/recalbox/share/roms/readystream/wswanc/Petit SounD (World) (Ja) (WonderWitch) (Program).zip</path>
    <name>Petit SounD (World) (Ja) (WonderWitch) (Program)</name>
    <image>/recalbox/share/thumbs/Bandai - WonderSwan Color/Named_Titles/Petit SounD (World) (Ja) (WonderWitch) (Program).png</image>
    <video>/recalbox/share/videos/No-Intro/Bandai - WonderSwan Color/Petit SounD (World) (Ja) (WonderWitch) (Program).mp4</video>
  </game>
  <game>
    <path>/recalbox/share/roms/readystream/wswanc/Pianica (World) (WonderWitch) (Program) (Unl).zip</path>
    <name>Pianica (World) (WonderWitch) (Program) (Unl)</name>
    <image>/recalbox/share/thumbs/Bandai - WonderSwan Color/Named_Titles/Pianica (World) (WonderWitch) (Program) (Unl).png</image>
    <video>/recalbox/share/videos/No-Intro/Bandai - WonderSwan Color/Pianica (World) (WonderWitch) (Program) (Unl).mp4</video>
  </game>
  <game>
    <path>/recalbox/share/roms/readystream/wswanc/Pink Passer (World) (Ja) (v0.01) (Proto) (WonderWitch) (Unl).zip</path>
    <name>Pink Passer (World) (Ja) (v0.01) (Proto) (WonderWitch) (Unl)</name>
    <image>/recalbox/share/thumbs/Bandai - WonderSwan Color/Named_Titles/Pink Passer (World) (Ja) (v0.01) (Proto) (WonderWitch) (Unl).png</image>
    <video>/recalbox/share/videos/No-Intro/Bandai - WonderSwan Color/Pink Passer (World) (Ja) (v0.01) (Proto) (WonderWitch) (Unl).mp4</video>
  </game>
  <game>
    <path>/recalbox/share/roms/readystream/wswanc/Pocket no Naka no Doraemon (Japan).zip</path>
    <name>Pocket no Naka no Doraemon (Japan)</name>
    <image>/recalbox/share/thumbs/Bandai - WonderSwan Color/Named_Titles/Pocket no Naka no Doraemon (Japan).png</image>
    <video>/recalbox/share/videos/No-Intro/Bandai - WonderSwan Color/Pocket no Naka no Doraemon (Japan).mp4</video>
  </game>
  <game>
    <path>/recalbox/share/roms/readystream/wswanc/Poker (World) (Ja) (WonderWitch) (Unl).zip</path>
    <name>Poker (World) (Ja) (WonderWitch) (Unl)</name>
    <image>/recalbox/share/thumbs/Bandai - WonderSwan Color/Named_Titles/Poker (World) (Ja) (WonderWitch) (Unl).png</image>
    <video>/recalbox/share/videos/No-Intro/Bandai - WonderSwan Color/Poker (World) (Ja) (WonderWitch) (Unl).mp4</video>
  </game>
  <game>
    <path>/recalbox/share/roms/readystream/wswanc/Putipati (World) (v1.11) (WonderWitch) (WWGP2002) (Unl).zip</path>
    <name>Putipati (World) (v1.11) (WonderWitch) (WWGP2002) (Unl)</name>
    <image>/recalbox/share/thumbs/Bandai - WonderSwan Color/Named_Titles/Putipati (World) (v1.11) (WonderWitch) (WWGP2002) (Unl).png</image>
    <video>/recalbox/share/videos/No-Intro/Bandai - WonderSwan Color/Putipati (World) (v1.11) (WonderWitch) (WWGP2002) (Unl).mp4</video>
  </game>
  <game>
    <path>/recalbox/share/roms/readystream/wswanc/Raku Jongg (Japan).zip</path>
    <name>Raku Jongg (Japan)</name>
    <image>/recalbox/share/thumbs/Bandai - WonderSwan Color/Named_Titles/Raku Jongg (Japan).png</image>
    <video>/recalbox/share/videos/No-Intro/Bandai - WonderSwan Color/Raku Jongg (Japan).mp4</video>
  </game>
  <game>
    <path>/recalbox/share/roms/readystream/wswanc/Rave Hunter (World) (WonderWitch) (Unl).zip</path>
    <name>Rave Hunter (World) (WonderWitch) (Unl)</name>
    <image>/recalbox/share/thumbs/Bandai - WonderSwan Color/Named_Titles/Rave Hunter (World) (WonderWitch) (Unl).png</image>
    <video>/recalbox/share/videos/No-Intro/Bandai - WonderSwan Color/Rave Hunter (World) (WonderWitch) (Unl).mp4</video>
  </game>
  <game>
    <path>/recalbox/share/roms/readystream/wswanc/Real Cheese (World) (Ja) (WonderWitch) (Unl).zip</path>
    <name>Real Cheese (World) (Ja) (WonderWitch) (Unl)</name>
    <image>/recalbox/share/thumbs/Bandai - WonderSwan Color/Named_Titles/Real Cheese (World) (Ja) (WonderWitch) (Unl).png</image>
    <video>/recalbox/share/videos/No-Intro/Bandai - WonderSwan Color/Real Cheese (World) (Ja) (WonderWitch) (Unl).mp4</video>
  </game>
  <game>
    <path>/recalbox/share/roms/readystream/wswanc/Rect for WonderSwan (World) (WonderWitch) (Unl).zip</path>
    <name>Rect for WonderSwan (World) (WonderWitch) (Unl)</name>
    <image>/recalbox/share/thumbs/Bandai - WonderSwan Color/Named_Titles/Rect for WonderSwan (World) (WonderWitch) (Unl).png</image>
    <video>/recalbox/share/videos/No-Intro/Bandai - WonderSwan Color/Rect for WonderSwan (World) (WonderWitch) (Unl).mp4</video>
  </game>
  <game>
    <path>/recalbox/share/roms/readystream/wswanc/Reversi (World) (Ja) (WonderWitch) (Unl).zip</path>
    <name>Reversi (World) (Ja) (WonderWitch) (Unl)</name>
    <image>/recalbox/share/thumbs/Bandai - WonderSwan Color/Named_Titles/Reversi (World) (Ja) (WonderWitch) (Unl).png</image>
    <video>/recalbox/share/videos/No-Intro/Bandai - WonderSwan Color/Reversi (World) (Ja) (WonderWitch) (Unl).mp4</video>
  </game>
  <game>
    <path>/recalbox/share/roms/readystream/wswanc/Rhyme Rider Kerorican (Japan).zip</path>
    <name>Rhyme Rider Kerorican (Japan)</name>
    <image>/recalbox/share/thumbs/Bandai - WonderSwan Color/Named_Titles/Rhyme Rider Kerorican (Japan).png</image>
    <video>/recalbox/share/videos/No-Intro/Bandai - WonderSwan Color/Rhyme Rider Kerorican (Japan).mp4</video>
  </game>
  <game>
    <path>/recalbox/share/roms/readystream/wswanc/Rockman EXE - N1 Battle (Japan) (Rev 1).zip</path>
    <name>Rockman EXE - N1 Battle (Japan) (Rev 1)</name>
    <image>/recalbox/share/thumbs/Bandai - WonderSwan Color/Named_Titles/Rockman EXE - N1 Battle (Japan) (Rev 1).png</image>
    <video>/recalbox/share/videos/No-Intro/Bandai - WonderSwan Color/Rockman EXE - N1 Battle (Japan) (Rev 1).mp4</video>
  </game>
  <game>
    <path>/recalbox/share/roms/readystream/wswanc/Rockman EXE WS (Japan).zip</path>
    <name>Rockman EXE WS (Japan)</name>
    <image>/recalbox/share/thumbs/Bandai - WonderSwan Color/Named_Titles/Rockman EXE WS (Japan).png</image>
    <video>/recalbox/share/videos/No-Intro/Bandai - WonderSwan Color/Rockman EXE WS (Japan).mp4</video>
  </game>
  <game>
    <path>/recalbox/share/roms/readystream/wswanc/SD Gundam Eiyuu Den - Kishi Densetsu (Japan).zip</path>
    <name>SD Gundam Eiyuu Den - Kishi Densetsu (Japan)</name>
    <image>/recalbox/share/thumbs/Bandai - WonderSwan Color/Named_Titles/SD Gundam Eiyuu Den - Kishi Densetsu (Japan).png</image>
    <video>/recalbox/share/videos/No-Intro/Bandai - WonderSwan Color/SD Gundam Eiyuu Den - Kishi Densetsu (Japan).mp4</video>
  </game>
  <game>
    <path>/recalbox/share/roms/readystream/wswanc/SD Gundam G Generation - Gather Beat 2 (Japan).zip</path>
    <name>SD Gundam G Generation - Gather Beat 2 (Japan)</name>
    <image>/recalbox/share/thumbs/Bandai - WonderSwan Color/Named_Titles/SD Gundam G Generation - Gather Beat 2 (Japan).png</image>
    <video>/recalbox/share/videos/No-Intro/Bandai - WonderSwan Color/SD Gundam G Generation - Gather Beat 2 (Japan).mp4</video>
  </game>
  <game>
    <path>/recalbox/share/roms/readystream/wswanc/SD Gundam G Generation - Mono-Eye Gundams (Japan) (Rev 2).zip</path>
    <name>SD Gundam G Generation - Mono-Eye Gundams (Japan) (Rev 2)</name>
    <image>/recalbox/share/thumbs/Bandai - WonderSwan Color/Named_Titles/SD Gundam G Generation - Mono-Eye Gundams (Japan) (Rev 2).png</image>
    <video>/recalbox/share/videos/No-Intro/Bandai - WonderSwan Color/SD Gundam G Generation - Mono-Eye Gundams (Japan) (Rev 2).mp4</video>
  </game>
  <game>
    <path>/recalbox/share/roms/readystream/wswanc/SD Gundam G Generation - Mono-Eye Gundams (Japan).zip</path>
    <name>SD Gundam G Generation - Mono-Eye Gundams (Japan)</name>
    <image>/recalbox/share/thumbs/Bandai - WonderSwan Color/Named_Titles/SD Gundam G Generation - Mono-Eye Gundams (Japan).png</image>
    <video>/recalbox/share/videos/No-Intro/Bandai - WonderSwan Color/SD Gundam G Generation - Mono-Eye Gundams (Japan).mp4</video>
  </game>
  <game>
    <path>/recalbox/share/roms/readystream/wswanc/Saint Seiya - Ougon Densetsu Hen - Perfect Edition (Japan).zip</path>
    <name>Saint Seiya - Ougon Densetsu Hen - Perfect Edition (Japan)</name>
    <image>/recalbox/share/thumbs/Bandai - WonderSwan Color/Named_Titles/Saint Seiya - Ougon Densetsu Hen - Perfect Edition (Japan).png</image>
    <video>/recalbox/share/videos/No-Intro/Bandai - WonderSwan Color/Saint Seiya - Ougon Densetsu Hen - Perfect Edition (Japan).mp4</video>
  </game>
  <game>
    <path>/recalbox/share/roms/readystream/wswanc/Samoner (World) (Ja) (WonderWitch) (Unl).zip</path>
    <name>Samoner (World) (Ja) (WonderWitch) (Unl)</name>
    <image>/recalbox/share/thumbs/Bandai - WonderSwan Color/Named_Titles/Samoner (World) (Ja) (WonderWitch) (Unl).png</image>
    <video>/recalbox/share/videos/No-Intro/Bandai - WonderSwan Color/Samoner (World) (Ja) (WonderWitch) (Unl).mp4</video>
  </game>
  <game>
    <path>/recalbox/share/roms/readystream/wswanc/Saorin Puzzle (World) (Demo) (WonderWitch) (Unl).zip</path>
    <name>Saorin Puzzle (World) (Demo) (WonderWitch) (Unl)</name>
    <image>/recalbox/share/thumbs/Bandai - WonderSwan Color/Named_Titles/Saorin Puzzle (World) (Demo) (WonderWitch) (Unl).png</image>
    <video>/recalbox/share/videos/No-Intro/Bandai - WonderSwan Color/Saorin Puzzle (World) (Demo) (WonderWitch) (Unl).mp4</video>
  </game>
  <game>
    <path>/recalbox/share/roms/readystream/wswanc/Satori - WonderSwan Remix (World) (WonderWitch) (Unl).zip</path>
    <name>Satori - WonderSwan Remix (World) (WonderWitch) (Unl)</name>
    <image>/recalbox/share/thumbs/Bandai - WonderSwan Color/Named_Titles/Satori - WonderSwan Remix (World) (WonderWitch) (Unl).png</image>
    <video>/recalbox/share/videos/No-Intro/Bandai - WonderSwan Color/Satori - WonderSwan Remix (World) (WonderWitch) (Unl).mp4</video>
  </game>
  <game>
    <path>/recalbox/share/roms/readystream/wswanc/Shaman King - Asu e no Ishi (Japan) (Rev 1).zip</path>
    <name>Shaman King - Asu e no Ishi (Japan) (Rev 1)</name>
    <image>/recalbox/share/thumbs/Bandai - WonderSwan Color/Named_Titles/Shaman King - Asu e no Ishi (Japan) (Rev 1).png</image>
    <video>/recalbox/share/videos/No-Intro/Bandai - WonderSwan Color/Shaman King - Asu e no Ishi (Japan) (Rev 1).mp4</video>
  </game>
  <game>
    <path>/recalbox/share/roms/readystream/wswanc/Shaman King - Asu e no Ishi (Japan).zip</path>
    <name>Shaman King - Asu e no Ishi (Japan)</name>
    <image>/recalbox/share/thumbs/Bandai - WonderSwan Color/Named_Titles/Shaman King - Asu e no Ishi (Japan).png</image>
    <video>/recalbox/share/videos/No-Intro/Bandai - WonderSwan Color/Shaman King - Asu e no Ishi (Japan).mp4</video>
  </game>
  <game>
    <path>/recalbox/share/roms/readystream/wswanc/Shokaku 80186 (World) (WonderWitch) (Unl).zip</path>
    <name>Shokaku 80186 (World) (WonderWitch) (Unl)</name>
    <image>/recalbox/share/thumbs/Bandai - WonderSwan Color/Named_Titles/Shokaku 80186 (World) (WonderWitch) (Unl).png</image>
    <video>/recalbox/share/videos/No-Intro/Bandai - WonderSwan Color/Shokaku 80186 (World) (WonderWitch) (Unl).mp4</video>
  </game>
  <game>
    <path>/recalbox/share/roms/readystream/wswanc/Solfege (World) (WonderWitch) (Unl).zip</path>
    <name>Solfege (World) (WonderWitch) (Unl)</name>
    <image>/recalbox/share/thumbs/Bandai - WonderSwan Color/Named_Titles/Solfege (World) (WonderWitch) (Unl).png</image>
    <video>/recalbox/share/videos/No-Intro/Bandai - WonderSwan Color/Solfege (World) (WonderWitch) (Unl).mp4</video>
  </game>
  <game>
    <path>/recalbox/share/roms/readystream/wswanc/Sorobang (Japan) (Rev 1).zip</path>
    <name>Sorobang (Japan) (Rev 1)</name>
    <image>/recalbox/share/thumbs/Bandai - WonderSwan Color/Named_Titles/Sorobang (Japan) (Rev 1).png</image>
    <video>/recalbox/share/videos/No-Intro/Bandai - WonderSwan Color/Sorobang (Japan) (Rev 1).mp4</video>
  </game>
  <game>
    <path>/recalbox/share/roms/readystream/wswanc/Star Hearts - Hoshi to Daichi no Shisha - Taikenban (Japan) (Not For Sale).zip</path>
    <name>Star Hearts - Hoshi to Daichi no Shisha - Taikenban (Japan) (Not For Sale)</name>
    <image>/recalbox/share/thumbs/Bandai - WonderSwan Color/Named_Titles/Star Hearts - Hoshi to Daichi no Shisha - Taikenban (Japan) (Not For Sale).png</image>
    <video>/recalbox/share/videos/No-Intro/Bandai - WonderSwan Color/Star Hearts - Hoshi to Daichi no Shisha - Taikenban (Japan) (Not For Sale).mp4</video>
  </game>
  <game>
    <path>/recalbox/share/roms/readystream/wswanc/Star Ochi (World) (WonderWitch) (Unl).zip</path>
    <name>Star Ochi (World) (WonderWitch) (Unl)</name>
    <image>/recalbox/share/thumbs/Bandai - WonderSwan Color/Named_Titles/Star Ochi (World) (WonderWitch) (Unl).png</image>
    <video>/recalbox/share/videos/No-Intro/Bandai - WonderSwan Color/Star Ochi (World) (WonderWitch) (Unl).mp4</video>
  </game>
  <game>
    <path>/recalbox/share/roms/readystream/wswanc/Starlight Waltz (World) (Proto) (WonderWitch) (Unl).zip</path>
    <name>Starlight Waltz (World) (Proto) (WonderWitch) (Unl)</name>
    <image>/recalbox/share/thumbs/Bandai - WonderSwan Color/Named_Titles/Starlight Waltz (World) (Proto) (WonderWitch) (Unl).png</image>
    <video>/recalbox/share/videos/No-Intro/Bandai - WonderSwan Color/Starlight Waltz (World) (Proto) (WonderWitch) (Unl).mp4</video>
  </game>
  <game>
    <path>/recalbox/share/roms/readystream/wswanc/Starship (World) (2004-09-02) (Proto) (Aftermarket) (Unl).zip</path>
    <name>Starship (World) (2004-09-02) (Proto) (Aftermarket) (Unl)</name>
    <image>/recalbox/share/thumbs/Bandai - WonderSwan Color/Named_Titles/Starship (World) (2004-09-02) (Proto) (Aftermarket) (Unl).png</image>
    <video>/recalbox/share/videos/No-Intro/Bandai - WonderSwan Color/Starship (World) (2004-09-02) (Proto) (Aftermarket) (Unl).mp4</video>
  </game>
  <game>
    <path>/recalbox/share/roms/readystream/wswanc/Super Robot Taisen Compact 3 (Japan) (Rev 5).zip</path>
    <name>Super Robot Taisen Compact 3 (Japan) (Rev 5)</name>
    <image>/recalbox/share/thumbs/Bandai - WonderSwan Color/Named_Titles/Super Robot Taisen Compact 3 (Japan) (Rev 5).png</image>
    <video>/recalbox/share/videos/No-Intro/Bandai - WonderSwan Color/Super Robot Taisen Compact 3 (Japan) (Rev 5).mp4</video>
  </game>
  <game>
    <path>/recalbox/share/roms/readystream/wswanc/Super Robot Taisen Compact 3 (Japan) (Rev 6).zip</path>
    <name>Super Robot Taisen Compact 3 (Japan) (Rev 6)</name>
    <image>/recalbox/share/thumbs/Bandai - WonderSwan Color/Named_Titles/Super Robot Taisen Compact 3 (Japan) (Rev 6).png</image>
    <video>/recalbox/share/videos/No-Intro/Bandai - WonderSwan Color/Super Robot Taisen Compact 3 (Japan) (Rev 6).mp4</video>
  </game>
  <game>
    <path>/recalbox/share/roms/readystream/wswanc/Terrors 2 (Japan).zip</path>
    <name>Terrors 2 (Japan)</name>
    <image>/recalbox/share/thumbs/Bandai - WonderSwan Color/Named_Titles/Terrors 2 (Japan).png</image>
    <video>/recalbox/share/videos/No-Intro/Bandai - WonderSwan Color/Terrors 2 (Japan).mp4</video>
  </game>
  <game>
    <path>/recalbox/share/roms/readystream/wswanc/Tetris (Japan).zip</path>
    <name>Tetris (Japan)</name>
    <image>/recalbox/share/thumbs/Bandai - WonderSwan Color/Named_Titles/Tetris (Japan).png</image>
    <video>/recalbox/share/videos/No-Intro/Bandai - WonderSwan Color/Tetris (Japan).mp4</video>
  </game>
  <game>
    <path>/recalbox/share/roms/readystream/wswanc/Ultraman - Hikari no Kuni no Shisha (Japan).zip</path>
    <name>Ultraman - Hikari no Kuni no Shisha (Japan)</name>
    <image>/recalbox/share/thumbs/Bandai - WonderSwan Color/Named_Titles/Ultraman - Hikari no Kuni no Shisha (Japan).png</image>
    <video>/recalbox/share/videos/No-Intro/Bandai - WonderSwan Color/Ultraman - Hikari no Kuni no Shisha (Japan).mp4</video>
  </game>
  <game>
    <path>/recalbox/share/roms/readystream/wswanc/UnderBabel (Main Data) (World) (Ja) (WonderWitch) (Unl).zip</path>
    <name>UnderBabel (Main Data) (World) (Ja) (WonderWitch) (Unl)</name>
    <image>/recalbox/share/thumbs/Bandai - WonderSwan Color/Named_Titles/UnderBabel (Main Data) (World) (Ja) (WonderWitch) (Unl).png</image>
    <video>/recalbox/share/videos/No-Intro/Bandai - WonderSwan Color/UnderBabel (Main Data) (World) (Ja) (WonderWitch) (Unl).mp4</video>
  </game>
  <game>
    <path>/recalbox/share/roms/readystream/wswanc/Visual Sequencer MUCOS (World) (Ja) (WonderWitch) (Program) (Unl).zip</path>
    <name>Visual Sequencer MUCOS (World) (Ja) (WonderWitch) (Program) (Unl)</name>
    <image>/recalbox/share/thumbs/Bandai - WonderSwan Color/Named_Titles/Visual Sequencer MUCOS (World) (Ja) (WonderWitch) (Program) (Unl).png</image>
    <video>/recalbox/share/videos/No-Intro/Bandai - WonderSwan Color/Visual Sequencer MUCOS (World) (Ja) (WonderWitch) (Program) (Unl).mp4</video>
  </game>
  <game>
    <path>/recalbox/share/roms/readystream/wswanc/Wild Card (Japan).zip</path>
    <name>Wild Card (Japan)</name>
    <image>/recalbox/share/thumbs/Bandai - WonderSwan Color/Named_Titles/Wild Card (Japan).png</image>
    <video>/recalbox/share/videos/No-Intro/Bandai - WonderSwan Color/Wild Card (Japan).mp4</video>
  </game>
  <game>
    <path>/recalbox/share/roms/readystream/wswanc/Witch Typing (World) (Ja) (WonderWitch) (Unl).zip</path>
    <name>Witch Typing (World) (Ja) (WonderWitch) (Unl)</name>
    <image>/recalbox/share/thumbs/Bandai - WonderSwan Color/Named_Titles/Witch Typing (World) (Ja) (WonderWitch) (Unl).png</image>
    <video>/recalbox/share/videos/No-Intro/Bandai - WonderSwan Color/Witch Typing (World) (Ja) (WonderWitch) (Unl).mp4</video>
  </game>
  <game>
    <path>/recalbox/share/roms/readystream/wswanc/Witches! (World) (WonderWitch) (Unl).zip</path>
    <name>Witches! (World) (WonderWitch) (Unl)</name>
    <image>/recalbox/share/thumbs/Bandai - WonderSwan Color/Named_Titles/Witches! (World) (WonderWitch) (Unl).png</image>
    <video>/recalbox/share/videos/No-Intro/Bandai - WonderSwan Color/Witches! (World) (WonderWitch) (Unl).mp4</video>
  </game>
  <game>
    <path>/recalbox/share/roms/readystream/wswanc/Wonder Classic (Japan).zip</path>
    <name>Wonder Classic (Japan)</name>
    <image>/recalbox/share/thumbs/Bandai - WonderSwan Color/Named_Titles/Wonder Classic (Japan).png</image>
    <video>/recalbox/share/videos/No-Intro/Bandai - WonderSwan Color/Wonder Classic (Japan).mp4</video>
  </game>
  <game>
    <path>/recalbox/share/roms/readystream/wswanc/WonderCell (World) (v0.2) (Aftermarket) (Unl).zip</path>
    <name>WonderCell (World) (v0.2) (Aftermarket) (Unl)</name>
    <image>/recalbox/share/thumbs/Bandai - WonderSwan Color/Named_Titles/WonderCell (World) (v0.2) (Aftermarket) (Unl).png</image>
    <video>/recalbox/share/videos/No-Intro/Bandai - WonderSwan Color/WonderCell (World) (v0.2) (Aftermarket) (Unl).mp4</video>
  </game>
  <game>
    <path>/recalbox/share/roms/readystream/wswanc/WonderCell (World) (v0.2) (WonderWitch) (Aftermarket) (Unl).zip</path>
    <name>WonderCell (World) (v0.2) (WonderWitch) (Aftermarket) (Unl)</name>
    <image>/recalbox/share/thumbs/Bandai - WonderSwan Color/Named_Titles/WonderCell (World) (v0.2) (WonderWitch) (Aftermarket) (Unl).png</image>
    <video>/recalbox/share/videos/No-Intro/Bandai - WonderSwan Color/WonderCell (World) (v0.2) (WonderWitch) (Aftermarket) (Unl).mp4</video>
  </game>
  <game>
    <path>/recalbox/share/roms/readystream/wswanc/X - Card of Fate (Japan).zip</path>
    <name>X - Card of Fate (Japan)</name>
    <image>/recalbox/share/thumbs/Bandai - WonderSwan Color/Named_Titles/X - Card of Fate (Japan).png</image>
    <video>/recalbox/share/videos/No-Intro/Bandai - WonderSwan Color/X - Card of Fate (Japan).mp4</video>
  </game>
  <game>
    <path>/recalbox/share/roms/readystream/wswanc/XI Little (Japan).zip</path>
    <name>XI Little (Japan)</name>
    <image>/recalbox/share/thumbs/Bandai - WonderSwan Color/Named_Titles/XI Little (Japan).png</image>
    <video>/recalbox/share/videos/No-Intro/Bandai - WonderSwan Color/XI Little (Japan).mp4</video>
  </game>
  <game>
    <path>/recalbox/share/roms/readystream/wswanc/Yuuki Paint (World) (v1.01) (WonderWitch) (WWGP2001) (Unl).zip</path>
    <name>Yuuki Paint (World) (v1.01) (WonderWitch) (WWGP2001) (Unl)</name>
    <image>/recalbox/share/thumbs/Bandai - WonderSwan Color/Named_Titles/Yuuki Paint (World) (v1.01) (WonderWitch) (WWGP2001) (Unl).png</image>
    <video>/recalbox/share/videos/No-Intro/Bandai - WonderSwan Color/Yuuki Paint (World) (v1.01) (WonderWitch) (WWGP2001) (Unl).mp4</video>
  </game>
  <game>
    <path>/recalbox/share/roms/readystream/wswanc/Yuuki Paint (World) (v1.20) (WonderWitch) (Unl).zip</path>
    <name>Yuuki Paint (World) (v1.20) (WonderWitch) (Unl)</name>
    <image>/recalbox/share/thumbs/Bandai - WonderSwan Color/Named_Titles/Yuuki Paint (World) (v1.20) (WonderWitch) (Unl).png</image>
    <video>/recalbox/share/videos/No-Intro/Bandai - WonderSwan Color/Yuuki Paint (World) (v1.20) (WonderWitch) (Unl).mp4</video>
  </game>
  <game>
    <path>/recalbox/share/roms/readystream/wswanc/collo (World) (WonderWitch) (Unl).zip</path>
    <name>collo (World) (WonderWitch) (Unl)</name>
    <image>/recalbox/share/thumbs/Bandai - WonderSwan Color/Named_Titles/collo (World) (WonderWitch) (Unl).png</image>
    <video>/recalbox/share/videos/No-Intro/Bandai - WonderSwan Color/collo (World) (WonderWitch) (Unl).mp4</video>
  </game>
</gamelist>