<gamelist>
  <game>
    <path>/recalbox/share/zip/pet/17 und 4 (1978)(-)(DE).prg</path>
    <name>17 und 4 (1978)(-)(DE)</name>
    <image>/recalbox/share/thumbs/Commodore - PET/Named_Titles/17 und 4 (1978)(-)(DE).png</image>
    <video>/recalbox/share/videos/Commodore - PET/17 und 4 (1978)(-)(DE).mp4</video>
  </game>
  <game>
    <path>/recalbox/share/zip/pet/ASCII Chase (2017-06-01)(Caruso, Fabrizio).prg</path>
    <name>ASCII Chase (2017-06-01)(Caruso, Fabrizio)</name>
    <image>/recalbox/share/thumbs/Commodore - PET/Named_Titles/ASCII Chase (2017-06-01)(Caruso, Fabrizio).png</image>
    <video>/recalbox/share/videos/Commodore - PET/ASCII Chase (2017-06-01)(Caruso, Fabrizio).mp4</video>
  </game>
  <game>
    <path>/recalbox/share/zip/pet/ASCII Chase (2017-06-01)(Caruso, Fabrizio)[a].prg</path>
    <name>ASCII Chase (2017-06-01)(Caruso, Fabrizio)[a]</name>
    <image>/recalbox/share/thumbs/Commodore - PET/Named_Titles/ASCII Chase (2017-06-01)(Caruso, Fabrizio)[a].png</image>
    <video>/recalbox/share/videos/Commodore - PET/ASCII Chase (2017-06-01)(Caruso, Fabrizio)[a].mp4</video>
  </game>
  <game>
    <path>/recalbox/share/zip/pet/ASCII Chase (2017-06-02)(Caruso, Fabrizio).prg</path>
    <name>ASCII Chase (2017-06-02)(Caruso, Fabrizio)</name>
    <image>/recalbox/share/thumbs/Commodore - PET/Named_Titles/ASCII Chase (2017-06-02)(Caruso, Fabrizio).png</image>
    <video>/recalbox/share/videos/Commodore - PET/ASCII Chase (2017-06-02)(Caruso, Fabrizio).mp4</video>
  </game>
  <game>
    <path>/recalbox/share/zip/pet/ASCII Chase (2017-06-03)(Caruso, Fabrizio).prg</path>
    <name>ASCII Chase (2017-06-03)(Caruso, Fabrizio)</name>
    <image>/recalbox/share/thumbs/Commodore - PET/Named_Titles/ASCII Chase (2017-06-03)(Caruso, Fabrizio).png</image>
    <video>/recalbox/share/videos/Commodore - PET/ASCII Chase (2017-06-03)(Caruso, Fabrizio).mp4</video>
  </game>
  <game>
    <path>/recalbox/share/zip/pet/ASCII Chase (2017-06-03)(Caruso, Fabrizio)[a].prg</path>
    <name>ASCII Chase (2017-06-03)(Caruso, Fabrizio)[a]</name>
    <image>/recalbox/share/thumbs/Commodore - PET/Named_Titles/ASCII Chase (2017-06-03)(Caruso, Fabrizio)[a].png</image>
    <video>/recalbox/share/videos/Commodore - PET/ASCII Chase (2017-06-03)(Caruso, Fabrizio)[a].mp4</video>
  </game>
  <game>
    <path>/recalbox/share/zip/pet/ASCII Chase (2017-06-04)(Caruso, Fabrizio).prg</path>
    <name>ASCII Chase (2017-06-04)(Caruso, Fabrizio)</name>
    <image>/recalbox/share/thumbs/Commodore - PET/Named_Titles/ASCII Chase (2017-06-04)(Caruso, Fabrizio).png</image>
    <video>/recalbox/share/videos/Commodore - PET/ASCII Chase (2017-06-04)(Caruso, Fabrizio).mp4</video>
  </game>
  <game>
    <path>/recalbox/share/zip/pet/ASCII Chase (2017-06-05)(Caruso, Fabrizio).prg</path>
    <name>ASCII Chase (2017-06-05)(Caruso, Fabrizio)</name>
    <image>/recalbox/share/thumbs/Commodore - PET/Named_Titles/ASCII Chase (2017-06-05)(Caruso, Fabrizio).png</image>
    <video>/recalbox/share/videos/Commodore - PET/ASCII Chase (2017-06-05)(Caruso, Fabrizio).mp4</video>
  </game>
  <game>
    <path>/recalbox/share/zip/pet/ASCII Chase (2017-06-07)(Caruso, Fabrizio).prg</path>
    <name>ASCII Chase (2017-06-07)(Caruso, Fabrizio)</name>
    <image>/recalbox/share/thumbs/Commodore - PET/Named_Titles/ASCII Chase (2017-06-07)(Caruso, Fabrizio).png</image>
    <video>/recalbox/share/videos/Commodore - PET/ASCII Chase (2017-06-07)(Caruso, Fabrizio).mp4</video>
  </game>
  <game>
    <path>/recalbox/share/zip/pet/ASCII Chase (2017-06-09)(Caruso, Fabrizio).prg</path>
    <name>ASCII Chase (2017-06-09)(Caruso, Fabrizio)</name>
    <image>/recalbox/share/thumbs/Commodore - PET/Named_Titles/ASCII Chase (2017-06-09)(Caruso, Fabrizio).png</image>
    <video>/recalbox/share/videos/Commodore - PET/ASCII Chase (2017-06-09)(Caruso, Fabrizio).mp4</video>
  </game>
  <game>
    <path>/recalbox/share/zip/pet/ASCII Chase (2017-06-09)(Caruso, Fabrizio)[a2].prg</path>
    <name>ASCII Chase (2017-06-09)(Caruso, Fabrizio)[a2]</name>
    <image>/recalbox/share/thumbs/Commodore - PET/Named_Titles/ASCII Chase (2017-06-09)(Caruso, Fabrizio)[a2].png</image>
    <video>/recalbox/share/videos/Commodore - PET/ASCII Chase (2017-06-09)(Caruso, Fabrizio)[a2].mp4</video>
  </game>
  <game>
    <path>/recalbox/share/zip/pet/ASCII Chase (2017-06-09)(Caruso, Fabrizio)[a].prg</path>
    <name>ASCII Chase (2017-06-09)(Caruso, Fabrizio)[a]</name>
    <image>/recalbox/share/thumbs/Commodore - PET/Named_Titles/ASCII Chase (2017-06-09)(Caruso, Fabrizio)[a].png</image>
    <video>/recalbox/share/videos/Commodore - PET/ASCII Chase (2017-06-09)(Caruso, Fabrizio)[a].mp4</video>
  </game>
  <game>
    <path>/recalbox/share/zip/pet/ASCII Chase (2017-06-10)(Caruso, Fabrizio).prg</path>
    <name>ASCII Chase (2017-06-10)(Caruso, Fabrizio)</name>
    <image>/recalbox/share/thumbs/Commodore - PET/Named_Titles/ASCII Chase (2017-06-10)(Caruso, Fabrizio).png</image>
    <video>/recalbox/share/videos/Commodore - PET/ASCII Chase (2017-06-10)(Caruso, Fabrizio).mp4</video>
  </game>
  <game>
    <path>/recalbox/share/zip/pet/ASCII Chase (2017-06-12)(Caruso, Fabrizio).prg</path>
    <name>ASCII Chase (2017-06-12)(Caruso, Fabrizio)</name>
    <image>/recalbox/share/thumbs/Commodore - PET/Named_Titles/ASCII Chase (2017-06-12)(Caruso, Fabrizio).png</image>
    <video>/recalbox/share/videos/Commodore - PET/ASCII Chase (2017-06-12)(Caruso, Fabrizio).mp4</video>
  </game>
  <game>
    <path>/recalbox/share/zip/pet/ASCII Chase (2017-06-20)(Caruso, Fabrizio).prg</path>
    <name>ASCII Chase (2017-06-20)(Caruso, Fabrizio)</name>
    <image>/recalbox/share/thumbs/Commodore - PET/Named_Titles/ASCII Chase (2017-06-20)(Caruso, Fabrizio).png</image>
    <video>/recalbox/share/videos/Commodore - PET/ASCII Chase (2017-06-20)(Caruso, Fabrizio).mp4</video>
  </game>
  <game>
    <path>/recalbox/share/zip/pet/ASCII Chase (2017-06-26)(Caruso, Fabrizio).prg</path>
    <name>ASCII Chase (2017-06-26)(Caruso, Fabrizio)</name>
    <image>/recalbox/share/thumbs/Commodore - PET/Named_Titles/ASCII Chase (2017-06-26)(Caruso, Fabrizio).png</image>
    <video>/recalbox/share/videos/Commodore - PET/ASCII Chase (2017-06-26)(Caruso, Fabrizio).mp4</video>
  </game>
  <game>
    <path>/recalbox/share/zip/pet/ASCII Chase (2017-07-01)(Caruso, Fabrizio).prg</path>
    <name>ASCII Chase (2017-07-01)(Caruso, Fabrizio)</name>
    <image>/recalbox/share/thumbs/Commodore - PET/Named_Titles/ASCII Chase (2017-07-01)(Caruso, Fabrizio).png</image>
    <video>/recalbox/share/videos/Commodore - PET/ASCII Chase (2017-07-01)(Caruso, Fabrizio).mp4</video>
  </game>
  <game>
    <path>/recalbox/share/zip/pet/ASCII Chase (2017-07-05)(Caruso, Fabrizio).prg</path>
    <name>ASCII Chase (2017-07-05)(Caruso, Fabrizio)</name>
    <image>/recalbox/share/thumbs/Commodore - PET/Named_Titles/ASCII Chase (2017-07-05)(Caruso, Fabrizio).png</image>
    <video>/recalbox/share/videos/Commodore - PET/ASCII Chase (2017-07-05)(Caruso, Fabrizio).mp4</video>
  </game>
  <game>
    <path>/recalbox/share/zip/pet/ASCII Chase (2017-07-07)(Caruso, Fabrizio).prg</path>
    <name>ASCII Chase (2017-07-07)(Caruso, Fabrizio)</name>
    <image>/recalbox/share/thumbs/Commodore - PET/Named_Titles/ASCII Chase (2017-07-07)(Caruso, Fabrizio).png</image>
    <video>/recalbox/share/videos/Commodore - PET/ASCII Chase (2017-07-07)(Caruso, Fabrizio).mp4</video>
  </game>
  <game>
    <path>/recalbox/share/zip/pet/ASCII Chase (2017-07-08)(Caruso, Fabrizio).prg</path>
    <name>ASCII Chase (2017-07-08)(Caruso, Fabrizio)</name>
    <image>/recalbox/share/thumbs/Commodore - PET/Named_Titles/ASCII Chase (2017-07-08)(Caruso, Fabrizio).png</image>
    <video>/recalbox/share/videos/Commodore - PET/ASCII Chase (2017-07-08)(Caruso, Fabrizio).mp4</video>
  </game>
  <game>
    <path>/recalbox/share/zip/pet/Abacus Competition (19xx)(-).prg</path>
    <name>Abacus Competition (19xx)(-)</name>
    <image>/recalbox/share/thumbs/Commodore - PET/Named_Titles/Abacus Competition (19xx)(-).png</image>
    <video>/recalbox/share/videos/Commodore - PET/Abacus Competition (19xx)(-).mp4</video>
  </game>
  <game>
    <path>/recalbox/share/zip/pet/Acey Deucy (1980)(-).prg</path>
    <name>Acey Deucy (1980)(-)</name>
    <image>/recalbox/share/thumbs/Commodore - PET/Named_Titles/Acey Deucy (1980)(-).png</image>
    <video>/recalbox/share/videos/Commodore - PET/Acey Deucy (1980)(-).mp4</video>
  </game>
  <game>
    <path>/recalbox/share/zip/pet/Acigol (1980)(-).prg</path>
    <name>Acigol (1980)(-)</name>
    <image>/recalbox/share/thumbs/Commodore - PET/Named_Titles/Acigol (1980)(-).png</image>
    <video>/recalbox/share/videos/Commodore - PET/Acigol (1980)(-).mp4</video>
  </game>
  <game>
    <path>/recalbox/share/zip/pet/Adventure (1979-05-15)(Jessee, Jeff - Adams, Scott).prg</path>
    <name>Adventure (1979-05-15)(Jessee, Jeff - Adams, Scott)</name>
    <image>/recalbox/share/thumbs/Commodore - PET/Named_Titles/Adventure (1979-05-15)(Jessee, Jeff - Adams, Scott).png</image>
    <video>/recalbox/share/videos/Commodore - PET/Adventure (1979-05-15)(Jessee, Jeff - Adams, Scott).mp4</video>
  </game>
  <game>
    <path>/recalbox/share/zip/pet/Afo (19xx)(TPUG)(en-jp)[8k].prg</path>
    <name>Afo (19xx)(TPUG)(en-jp)[8k]</name>
    <image>/recalbox/share/thumbs/Commodore - PET/Named_Titles/Afo (19xx)(TPUG)(en-jp)[8k].png</image>
    <video>/recalbox/share/videos/Commodore - PET/Afo (19xx)(TPUG)(en-jp)[8k].mp4</video>
  </game>
  <game>
    <path>/recalbox/share/zip/pet/Arrow (1980)(Butterfield, Jim).prg</path>
    <name>Arrow (1980)(Butterfield, Jim)</name>
    <image>/recalbox/share/thumbs/Commodore - PET/Named_Titles/Arrow (1980)(Butterfield, Jim).png</image>
    <video>/recalbox/share/videos/Commodore - PET/Arrow (1980)(Butterfield, Jim).mp4</video>
  </game>
  <game>
    <path>/recalbox/share/zip/pet/Artillery (1979)(Creative Computing Software).prg</path>
    <name>Artillery (1979)(Creative Computing Software)</name>
    <image>/recalbox/share/thumbs/Commodore - PET/Named_Titles/Artillery (1979)(Creative Computing Software).png</image>
    <video>/recalbox/share/videos/Commodore - PET/Artillery (1979)(Creative Computing Software).mp4</video>
  </game>
  <game>
    <path>/recalbox/share/zip/pet/Atlantic Patrol (1978)(-).prg</path>
    <name>Atlantic Patrol (1978)(-)</name>
    <image>/recalbox/share/thumbs/Commodore - PET/Named_Titles/Atlantic Patrol (1978)(-).png</image>
    <video>/recalbox/share/videos/Commodore - PET/Atlantic Patrol (1978)(-).mp4</video>
  </game>
  <game>
    <path>/recalbox/share/zip/pet/Battleship (1978)(Richter, M.).prg</path>
    <name>Battleship (1978)(Richter, M.)</name>
    <image>/recalbox/share/thumbs/Commodore - PET/Named_Titles/Battleship (1978)(Richter, M.).png</image>
    <video>/recalbox/share/videos/Commodore - PET/Battleship (1978)(Richter, M.).mp4</video>
  </game>
  <game>
    <path>/recalbox/share/zip/pet/Blockade Special (1981)(Winkler, Gil).prg</path>
    <name>Blockade Special (1981)(Winkler, Gil)</name>
    <image>/recalbox/share/thumbs/Commodore - PET/Named_Titles/Blockade Special (1981)(Winkler, Gil).png</image>
    <video>/recalbox/share/videos/Commodore - PET/Blockade Special (1981)(Winkler, Gil).mp4</video>
  </game>
  <game>
    <path>/recalbox/share/zip/pet/Bomber (1979-07-06)(Gleason, Arne).prg</path>
    <name>Bomber (1979-07-06)(Gleason, Arne)</name>
    <image>/recalbox/share/thumbs/Commodore - PET/Named_Titles/Bomber (1979-07-06)(Gleason, Arne).png</image>
    <video>/recalbox/share/videos/Commodore - PET/Bomber (1979-07-06)(Gleason, Arne).mp4</video>
  </game>
  <game>
    <path>/recalbox/share/zip/pet/Bomber (19xx)(-)(DE).prg</path>
    <name>Bomber (19xx)(-)(DE)</name>
    <image>/recalbox/share/thumbs/Commodore - PET/Named_Titles/Bomber (19xx)(-)(DE).png</image>
    <video>/recalbox/share/videos/Commodore - PET/Bomber (19xx)(-)(DE).mp4</video>
  </game>
  <game>
    <path>/recalbox/share/zip/pet/Breakout (1980)(-).prg</path>
    <name>Breakout (1980)(-)</name>
    <image>/recalbox/share/thumbs/Commodore - PET/Named_Titles/Breakout (1980)(-).png</image>
    <video>/recalbox/share/videos/Commodore - PET/Breakout (1980)(-).mp4</video>
  </game>
  <game>
    <path>/recalbox/share/zip/pet/Brick Wall (1980)(Dawson).prg</path>
    <name>Brick Wall (1980)(Dawson)</name>
    <image>/recalbox/share/thumbs/Commodore - PET/Named_Titles/Brick Wall (1980)(Dawson).png</image>
    <video>/recalbox/share/videos/Commodore - PET/Brick Wall (1980)(Dawson).mp4</video>
  </game>
  <game>
    <path>/recalbox/share/zip/pet/Buggy (1979)(Finzer, Bill).prg</path>
    <name>Buggy (1979)(Finzer, Bill)</name>
    <image>/recalbox/share/thumbs/Commodore - PET/Named_Titles/Buggy (1979)(Finzer, Bill).png</image>
    <video>/recalbox/share/videos/Commodore - PET/Buggy (1979)(Finzer, Bill).mp4</video>
  </game>
  <game>
    <path>/recalbox/share/zip/pet/Carrace II (19xx)(PUG).prg</path>
    <name>Carrace II (19xx)(PUG)</name>
    <image>/recalbox/share/thumbs/Commodore - PET/Named_Titles/Carrace II (19xx)(PUG).png</image>
    <video>/recalbox/share/videos/Commodore - PET/Carrace II (19xx)(PUG).mp4</video>
  </game>
  <game>
    <path>/recalbox/share/zip/pet/Casino Blackjack 5.7 (1979)(CMS Software).prg</path>
    <name>Casino Blackjack 5.7 (1979)(CMS Software)</name>
    <image>/recalbox/share/thumbs/Commodore - PET/Named_Titles/Casino Blackjack 5.7 (1979)(CMS Software).png</image>
    <video>/recalbox/share/videos/Commodore - PET/Casino Blackjack 5.7 (1979)(CMS Software).mp4</video>
  </game>
  <game>
    <path>/recalbox/share/zip/pet/Chess Game (19xx)(-).prg</path>
    <name>Chess Game (19xx)(-)</name>
    <image>/recalbox/share/thumbs/Commodore - PET/Named_Titles/Chess Game (19xx)(-).png</image>
    <video>/recalbox/share/videos/Commodore - PET/Chess Game (19xx)(-).mp4</video>
  </game>
  <game>
    <path>/recalbox/share/zip/pet/Civil War (19xx)(Creative Computing Morristown).prg</path>
    <name>Civil War (19xx)(Creative Computing Morristown)</name>
    <image>/recalbox/share/thumbs/Commodore - PET/Named_Titles/Civil War (19xx)(Creative Computing Morristown).png</image>
    <video>/recalbox/share/videos/Commodore - PET/Civil War (19xx)(Creative Computing Morristown).mp4</video>
  </game>
  <game>
    <path>/recalbox/share/zip/pet/Concord Landing Simulation (1980)(-).prg</path>
    <name>Concord Landing Simulation (1980)(-)</name>
    <image>/recalbox/share/thumbs/Commodore - PET/Named_Titles/Concord Landing Simulation (1980)(-).png</image>
    <video>/recalbox/share/videos/Commodore - PET/Concord Landing Simulation (1980)(-).mp4</video>
  </game>
  <game>
    <path>/recalbox/share/zip/pet/Cosmic Cosmiads (1981)(-).prg</path>
    <name>Cosmic Cosmiads (1981)(-)</name>
    <image>/recalbox/share/thumbs/Commodore - PET/Named_Titles/Cosmic Cosmiads (1981)(-).png</image>
    <video>/recalbox/share/videos/Commodore - PET/Cosmic Cosmiads (1981)(-).mp4</video>
  </game>
  <game>
    <path>/recalbox/share/zip/pet/Cosmic Fighter (1982)(MS Software).prg</path>
    <name>Cosmic Fighter (1982)(MS Software)</name>
    <image>/recalbox/share/thumbs/Commodore - PET/Named_Titles/Cosmic Fighter (1982)(MS Software).png</image>
    <video>/recalbox/share/videos/Commodore - PET/Cosmic Fighter (1982)(MS Software).mp4</video>
  </game>
  <game>
    <path>/recalbox/share/zip/pet/Crazy Balloon (1980)(-).prg</path>
    <name>Crazy Balloon (1980)(-)</name>
    <image>/recalbox/share/thumbs/Commodore - PET/Named_Titles/Crazy Balloon (1980)(-).png</image>
    <video>/recalbox/share/videos/Commodore - PET/Crazy Balloon (1980)(-).mp4</video>
  </game>
  <game>
    <path>/recalbox/share/zip/pet/Cross Bomber (2020-08-26)(Caruso, Fabrizio)[16K].prg</path>
    <name>Cross Bomber (2020-08-26)(Caruso, Fabrizio)[16K]</name>
    <image>/recalbox/share/thumbs/Commodore - PET/Named_Titles/Cross Bomber (2020-08-26)(Caruso, Fabrizio)[16K].png</image>
    <video>/recalbox/share/videos/Commodore - PET/Cross Bomber (2020-08-26)(Caruso, Fabrizio)[16K].mp4</video>
  </game>
  <game>
    <path>/recalbox/share/zip/pet/Cross Bomber (2021-05-13)(Caruso, Fabrizio)[16K].prg</path>
    <name>Cross Bomber (2021-05-13)(Caruso, Fabrizio)[16K]</name>
    <image>/recalbox/share/thumbs/Commodore - PET/Named_Titles/Cross Bomber (2021-05-13)(Caruso, Fabrizio)[16K].png</image>
    <video>/recalbox/share/videos/Commodore - PET/Cross Bomber (2021-05-13)(Caruso, Fabrizio)[16K].mp4</video>
  </game>
  <game>
    <path>/recalbox/share/zip/pet/Cross Chase (2017-07-09)(Caruso, Fabrizio).prg</path>
    <name>Cross Chase (2017-07-09)(Caruso, Fabrizio)</name>
    <image>/recalbox/share/thumbs/Commodore - PET/Named_Titles/Cross Chase (2017-07-09)(Caruso, Fabrizio).png</image>
    <video>/recalbox/share/videos/Commodore - PET/Cross Chase (2017-07-09)(Caruso, Fabrizio).mp4</video>
  </game>
  <game>
    <path>/recalbox/share/zip/pet/Cross Chase (2017-07-10)(Caruso, Fabrizio).prg</path>
    <name>Cross Chase (2017-07-10)(Caruso, Fabrizio)</name>
    <image>/recalbox/share/thumbs/Commodore - PET/Named_Titles/Cross Chase (2017-07-10)(Caruso, Fabrizio).png</image>
    <video>/recalbox/share/videos/Commodore - PET/Cross Chase (2017-07-10)(Caruso, Fabrizio).mp4</video>
  </game>
  <game>
    <path>/recalbox/share/zip/pet/Cross Chase (2017-07-13)(Caruso, Fabrizio).prg</path>
    <name>Cross Chase (2017-07-13)(Caruso, Fabrizio)</name>
    <image>/recalbox/share/thumbs/Commodore - PET/Named_Titles/Cross Chase (2017-07-13)(Caruso, Fabrizio).png</image>
    <video>/recalbox/share/videos/Commodore - PET/Cross Chase (2017-07-13)(Caruso, Fabrizio).mp4</video>
  </game>
  <game>
    <path>/recalbox/share/zip/pet/Cross Chase (2017-07-14)(Caruso, Fabrizio).prg</path>
    <name>Cross Chase (2017-07-14)(Caruso, Fabrizio)</name>
    <image>/recalbox/share/thumbs/Commodore - PET/Named_Titles/Cross Chase (2017-07-14)(Caruso, Fabrizio).png</image>
    <video>/recalbox/share/videos/Commodore - PET/Cross Chase (2017-07-14)(Caruso, Fabrizio).mp4</video>
  </game>
  <game>
    <path>/recalbox/share/zip/pet/Cross Chase (2017-07-21)(Caruso, Fabrizio).prg</path>
    <name>Cross Chase (2017-07-21)(Caruso, Fabrizio)</name>
    <image>/recalbox/share/thumbs/Commodore - PET/Named_Titles/Cross Chase (2017-07-21)(Caruso, Fabrizio).png</image>
    <video>/recalbox/share/videos/Commodore - PET/Cross Chase (2017-07-21)(Caruso, Fabrizio).mp4</video>
  </game>
  <game>
    <path>/recalbox/share/zip/pet/Cross Chase (2017-07-28)(Caruso, Fabrizio).prg</path>
    <name>Cross Chase (2017-07-28)(Caruso, Fabrizio)</name>
    <image>/recalbox/share/thumbs/Commodore - PET/Named_Titles/Cross Chase (2017-07-28)(Caruso, Fabrizio).png</image>
    <video>/recalbox/share/videos/Commodore - PET/Cross Chase (2017-07-28)(Caruso, Fabrizio).mp4</video>
  </game>
  <game>
    <path>/recalbox/share/zip/pet/Cross Chase (2017-07-30)(Caruso, Fabrizio).prg</path>
    <name>Cross Chase (2017-07-30)(Caruso, Fabrizio)</name>
    <image>/recalbox/share/thumbs/Commodore - PET/Named_Titles/Cross Chase (2017-07-30)(Caruso, Fabrizio).png</image>
    <video>/recalbox/share/videos/Commodore - PET/Cross Chase (2017-07-30)(Caruso, Fabrizio).mp4</video>
  </game>
  <game>
    <path>/recalbox/share/zip/pet/Cross Chase (2017-08-02)(Caruso, Fabrizio).prg</path>
    <name>Cross Chase (2017-08-02)(Caruso, Fabrizio)</name>
    <image>/recalbox/share/thumbs/Commodore - PET/Named_Titles/Cross Chase (2017-08-02)(Caruso, Fabrizio).png</image>
    <video>/recalbox/share/videos/Commodore - PET/Cross Chase (2017-08-02)(Caruso, Fabrizio).mp4</video>
  </game>
  <game>
    <path>/recalbox/share/zip/pet/Cross Chase (2017-08-08)(Caruso, Fabrizio).prg</path>
    <name>Cross Chase (2017-08-08)(Caruso, Fabrizio)</name>
    <image>/recalbox/share/thumbs/Commodore - PET/Named_Titles/Cross Chase (2017-08-08)(Caruso, Fabrizio).png</image>
    <video>/recalbox/share/videos/Commodore - PET/Cross Chase (2017-08-08)(Caruso, Fabrizio).mp4</video>
  </game>
  <game>
    <path>/recalbox/share/zip/pet/Cross Chase (2017-08-11)(Caruso, Fabrizio).prg</path>
    <name>Cross Chase (2017-08-11)(Caruso, Fabrizio)</name>
    <image>/recalbox/share/thumbs/Commodore - PET/Named_Titles/Cross Chase (2017-08-11)(Caruso, Fabrizio).png</image>
    <video>/recalbox/share/videos/Commodore - PET/Cross Chase (2017-08-11)(Caruso, Fabrizio).mp4</video>
  </game>
  <game>
    <path>/recalbox/share/zip/pet/Cross Chase (2017-08-16)(Caruso, Fabrizio).prg</path>
    <name>Cross Chase (2017-08-16)(Caruso, Fabrizio)</name>
    <image>/recalbox/share/thumbs/Commodore - PET/Named_Titles/Cross Chase (2017-08-16)(Caruso, Fabrizio).png</image>
    <video>/recalbox/share/videos/Commodore - PET/Cross Chase (2017-08-16)(Caruso, Fabrizio).mp4</video>
  </game>
  <game>
    <path>/recalbox/share/zip/pet/Cross Chase (2017-08-20)(Caruso, Fabrizio).prg</path>
    <name>Cross Chase (2017-08-20)(Caruso, Fabrizio)</name>
    <image>/recalbox/share/thumbs/Commodore - PET/Named_Titles/Cross Chase (2017-08-20)(Caruso, Fabrizio).png</image>
    <video>/recalbox/share/videos/Commodore - PET/Cross Chase (2017-08-20)(Caruso, Fabrizio).mp4</video>
  </game>
  <game>
    <path>/recalbox/share/zip/pet/Cross Chase (2017-08-26)(Caruso, Fabrizio).prg</path>
    <name>Cross Chase (2017-08-26)(Caruso, Fabrizio)</name>
    <image>/recalbox/share/thumbs/Commodore - PET/Named_Titles/Cross Chase (2017-08-26)(Caruso, Fabrizio).png</image>
    <video>/recalbox/share/videos/Commodore - PET/Cross Chase (2017-08-26)(Caruso, Fabrizio).mp4</video>
  </game>
  <game>
    <path>/recalbox/share/zip/pet/Cross Chase (2017-08-27)(Caruso, Fabrizio).prg</path>
    <name>Cross Chase (2017-08-27)(Caruso, Fabrizio)</name>
    <image>/recalbox/share/thumbs/Commodore - PET/Named_Titles/Cross Chase (2017-08-27)(Caruso, Fabrizio).png</image>
    <video>/recalbox/share/videos/Commodore - PET/Cross Chase (2017-08-27)(Caruso, Fabrizio).mp4</video>
  </game>
  <game>
    <path>/recalbox/share/zip/pet/Cross Chase (2017-09-15)(Caruso, Fabrizio).prg</path>
    <name>Cross Chase (2017-09-15)(Caruso, Fabrizio)</name>
    <image>/recalbox/share/thumbs/Commodore - PET/Named_Titles/Cross Chase (2017-09-15)(Caruso, Fabrizio).png</image>
    <video>/recalbox/share/videos/Commodore - PET/Cross Chase (2017-09-15)(Caruso, Fabrizio).mp4</video>
  </game>
  <game>
    <path>/recalbox/share/zip/pet/Cross Chase (2017-10-11)(Caruso, Fabrizio).prg</path>
    <name>Cross Chase (2017-10-11)(Caruso, Fabrizio)</name>
    <image>/recalbox/share/thumbs/Commodore - PET/Named_Titles/Cross Chase (2017-10-11)(Caruso, Fabrizio).png</image>
    <video>/recalbox/share/videos/Commodore - PET/Cross Chase (2017-10-11)(Caruso, Fabrizio).mp4</video>
  </game>
  <game>
    <path>/recalbox/share/zip/pet/Cross Chase (2017-10-30)(Caruso, Fabrizio).prg</path>
    <name>Cross Chase (2017-10-30)(Caruso, Fabrizio)</name>
    <image>/recalbox/share/thumbs/Commodore - PET/Named_Titles/Cross Chase (2017-10-30)(Caruso, Fabrizio).png</image>
    <video>/recalbox/share/videos/Commodore - PET/Cross Chase (2017-10-30)(Caruso, Fabrizio).mp4</video>
  </game>
  <game>
    <path>/recalbox/share/zip/pet/Cross Chase (2017-12-10)(Caruso, Fabrizio)[16K][full].prg</path>
    <name>Cross Chase (2017-12-10)(Caruso, Fabrizio)[16K][full]</name>
    <image>/recalbox/share/thumbs/Commodore - PET/Named_Titles/Cross Chase (2017-12-10)(Caruso, Fabrizio)[16K][full].png</image>
    <video>/recalbox/share/videos/Commodore - PET/Cross Chase (2017-12-10)(Caruso, Fabrizio)[16K][full].mp4</video>
  </game>
  <game>
    <path>/recalbox/share/zip/pet/Cross Chase (2017-12-10)(Caruso, Fabrizio)[8K][tiny].prg</path>
    <name>Cross Chase (2017-12-10)(Caruso, Fabrizio)[8K][tiny]</name>
    <image>/recalbox/share/thumbs/Commodore - PET/Named_Titles/Cross Chase (2017-12-10)(Caruso, Fabrizio)[8K][tiny].png</image>
    <video>/recalbox/share/videos/Commodore - PET/Cross Chase (2017-12-10)(Caruso, Fabrizio)[8K][tiny].mp4</video>
  </game>
  <game>
    <path>/recalbox/share/zip/pet/Cross Chase (2018-02-03)(Caruso, Fabrizio)[16K][full].prg</path>
    <name>Cross Chase (2018-02-03)(Caruso, Fabrizio)[16K][full]</name>
    <image>/recalbox/share/thumbs/Commodore - PET/Named_Titles/Cross Chase (2018-02-03)(Caruso, Fabrizio)[16K][full].png</image>
    <video>/recalbox/share/videos/Commodore - PET/Cross Chase (2018-02-03)(Caruso, Fabrizio)[16K][full].mp4</video>
  </game>
  <game>
    <path>/recalbox/share/zip/pet/Cross Chase (2018-02-03)(Caruso, Fabrizio)[8K][tiny].prg</path>
    <name>Cross Chase (2018-02-03)(Caruso, Fabrizio)[8K][tiny]</name>
    <image>/recalbox/share/thumbs/Commodore - PET/Named_Titles/Cross Chase (2018-02-03)(Caruso, Fabrizio)[8K][tiny].png</image>
    <video>/recalbox/share/videos/Commodore - PET/Cross Chase (2018-02-03)(Caruso, Fabrizio)[8K][tiny].mp4</video>
  </game>
  <game>
    <path>/recalbox/share/zip/pet/Cross Chase (2018-04-15)(Caruso, Fabrizio)[16K][full].prg</path>
    <name>Cross Chase (2018-04-15)(Caruso, Fabrizio)[16K][full]</name>
    <image>/recalbox/share/thumbs/Commodore - PET/Named_Titles/Cross Chase (2018-04-15)(Caruso, Fabrizio)[16K][full].png</image>
    <video>/recalbox/share/videos/Commodore - PET/Cross Chase (2018-04-15)(Caruso, Fabrizio)[16K][full].mp4</video>
  </game>
  <game>
    <path>/recalbox/share/zip/pet/Cross Chase (2018-04-15)(Caruso, Fabrizio)[8K][tiny].prg</path>
    <name>Cross Chase (2018-04-15)(Caruso, Fabrizio)[8K][tiny]</name>
    <image>/recalbox/share/thumbs/Commodore - PET/Named_Titles/Cross Chase (2018-04-15)(Caruso, Fabrizio)[8K][tiny].png</image>
    <video>/recalbox/share/videos/Commodore - PET/Cross Chase (2018-04-15)(Caruso, Fabrizio)[8K][tiny].mp4</video>
  </game>
  <game>
    <path>/recalbox/share/zip/pet/Cross Chase (2018-05-19)(Caruso, Fabrizio)[16K][full].prg</path>
    <name>Cross Chase (2018-05-19)(Caruso, Fabrizio)[16K][full]</name>
    <image>/recalbox/share/thumbs/Commodore - PET/Named_Titles/Cross Chase (2018-05-19)(Caruso, Fabrizio)[16K][full].png</image>
    <video>/recalbox/share/videos/Commodore - PET/Cross Chase (2018-05-19)(Caruso, Fabrizio)[16K][full].mp4</video>
  </game>
  <game>
    <path>/recalbox/share/zip/pet/Cross Chase (2018-05-19)(Caruso, Fabrizio)[8K][tiny].prg</path>
    <name>Cross Chase (2018-05-19)(Caruso, Fabrizio)[8K][tiny]</name>
    <image>/recalbox/share/thumbs/Commodore - PET/Named_Titles/Cross Chase (2018-05-19)(Caruso, Fabrizio)[8K][tiny].png</image>
    <video>/recalbox/share/videos/Commodore - PET/Cross Chase (2018-05-19)(Caruso, Fabrizio)[8K][tiny].mp4</video>
  </game>
  <game>
    <path>/recalbox/share/zip/pet/Cross Chase (2018-07-19)(Caruso, Fabrizio)[16K][full].prg</path>
    <name>Cross Chase (2018-07-19)(Caruso, Fabrizio)[16K][full]</name>
    <image>/recalbox/share/thumbs/Commodore - PET/Named_Titles/Cross Chase (2018-07-19)(Caruso, Fabrizio)[16K][full].png</image>
    <video>/recalbox/share/videos/Commodore - PET/Cross Chase (2018-07-19)(Caruso, Fabrizio)[16K][full].mp4</video>
  </game>
  <game>
    <path>/recalbox/share/zip/pet/Cross Chase (2018-07-19)(Caruso, Fabrizio)[8K][tiny].prg</path>
    <name>Cross Chase (2018-07-19)(Caruso, Fabrizio)[8K][tiny]</name>
    <image>/recalbox/share/thumbs/Commodore - PET/Named_Titles/Cross Chase (2018-07-19)(Caruso, Fabrizio)[8K][tiny].png</image>
    <video>/recalbox/share/videos/Commodore - PET/Cross Chase (2018-07-19)(Caruso, Fabrizio)[8K][tiny].mp4</video>
  </game>
  <game>
    <path>/recalbox/share/zip/pet/Cross Chase (2018-08-04)(Caruso, Fabrizio)[16K][full].prg</path>
    <name>Cross Chase (2018-08-04)(Caruso, Fabrizio)[16K][full]</name>
    <image>/recalbox/share/thumbs/Commodore - PET/Named_Titles/Cross Chase (2018-08-04)(Caruso, Fabrizio)[16K][full].png</image>
    <video>/recalbox/share/videos/Commodore - PET/Cross Chase (2018-08-04)(Caruso, Fabrizio)[16K][full].mp4</video>
  </game>
  <game>
    <path>/recalbox/share/zip/pet/Cross Chase (2018-08-04)(Caruso, Fabrizio)[8K][tiny].prg</path>
    <name>Cross Chase (2018-08-04)(Caruso, Fabrizio)[8K][tiny]</name>
    <image>/recalbox/share/thumbs/Commodore - PET/Named_Titles/Cross Chase (2018-08-04)(Caruso, Fabrizio)[8K][tiny].png</image>
    <video>/recalbox/share/videos/Commodore - PET/Cross Chase (2018-08-04)(Caruso, Fabrizio)[8K][tiny].mp4</video>
  </game>
  <game>
    <path>/recalbox/share/zip/pet/Cross Chase (2018-10-29)(Caruso, Fabrizio)[16K][full].prg</path>
    <name>Cross Chase (2018-10-29)(Caruso, Fabrizio)[16K][full]</name>
    <image>/recalbox/share/thumbs/Commodore - PET/Named_Titles/Cross Chase (2018-10-29)(Caruso, Fabrizio)[16K][full].png</image>
    <video>/recalbox/share/videos/Commodore - PET/Cross Chase (2018-10-29)(Caruso, Fabrizio)[16K][full].mp4</video>
  </game>
  <game>
    <path>/recalbox/share/zip/pet/Cross Chase (2018-10-29)(Caruso, Fabrizio)[8K][tiny].prg</path>
    <name>Cross Chase (2018-10-29)(Caruso, Fabrizio)[8K][tiny]</name>
    <image>/recalbox/share/thumbs/Commodore - PET/Named_Titles/Cross Chase (2018-10-29)(Caruso, Fabrizio)[8K][tiny].png</image>
    <video>/recalbox/share/videos/Commodore - PET/Cross Chase (2018-10-29)(Caruso, Fabrizio)[8K][tiny].mp4</video>
  </game>
  <game>
    <path>/recalbox/share/zip/pet/Cross Chase (2020-04-02)(Caruso, Fabrizio)[16K][full].prg</path>
    <name>Cross Chase (2020-04-02)(Caruso, Fabrizio)[16K][full]</name>
    <image>/recalbox/share/thumbs/Commodore - PET/Named_Titles/Cross Chase (2020-04-02)(Caruso, Fabrizio)[16K][full].png</image>
    <video>/recalbox/share/videos/Commodore - PET/Cross Chase (2020-04-02)(Caruso, Fabrizio)[16K][full].mp4</video>
  </game>
  <game>
    <path>/recalbox/share/zip/pet/Cross Chase (2020-04-02)(Caruso, Fabrizio)[8K][light][less text].prg</path>
    <name>Cross Chase (2020-04-02)(Caruso, Fabrizio)[8K][light][less text]</name>
    <image>/recalbox/share/thumbs/Commodore - PET/Named_Titles/Cross Chase (2020-04-02)(Caruso, Fabrizio)[8K][light][less text].png</image>
    <video>/recalbox/share/videos/Commodore - PET/Cross Chase (2020-04-02)(Caruso, Fabrizio)[8K][light][less text].mp4</video>
  </game>
  <game>
    <path>/recalbox/share/zip/pet/Cross Chase (2020-04-02)(Caruso, Fabrizio)[8K][tiny].prg</path>
    <name>Cross Chase (2020-04-02)(Caruso, Fabrizio)[8K][tiny]</name>
    <image>/recalbox/share/thumbs/Commodore - PET/Named_Titles/Cross Chase (2020-04-02)(Caruso, Fabrizio)[8K][tiny].png</image>
    <video>/recalbox/share/videos/Commodore - PET/Cross Chase (2020-04-02)(Caruso, Fabrizio)[8K][tiny].mp4</video>
  </game>
  <game>
    <path>/recalbox/share/zip/pet/Cross Chase (2021-05-13)(Caruso, Fabrizio)[16K].prg</path>
    <name>Cross Chase (2021-05-13)(Caruso, Fabrizio)[16K]</name>
    <image>/recalbox/share/thumbs/Commodore - PET/Named_Titles/Cross Chase (2021-05-13)(Caruso, Fabrizio)[16K].png</image>
    <video>/recalbox/share/videos/Commodore - PET/Cross Chase (2021-05-13)(Caruso, Fabrizio)[16K].mp4</video>
  </game>
  <game>
    <path>/recalbox/share/zip/pet/Cross Chase (2021-05-13)(Caruso, Fabrizio)[8K][light][less text].prg</path>
    <name>Cross Chase (2021-05-13)(Caruso, Fabrizio)[8K][light][less text]</name>
    <image>/recalbox/share/thumbs/Commodore - PET/Named_Titles/Cross Chase (2021-05-13)(Caruso, Fabrizio)[8K][light][less text].png</image>
    <video>/recalbox/share/videos/Commodore - PET/Cross Chase (2021-05-13)(Caruso, Fabrizio)[8K][light][less text].mp4</video>
  </game>
  <game>
    <path>/recalbox/share/zip/pet/Cross Horde v1.0 (2021-05-01)(Caruso, Fabrizio)[16K].prg</path>
    <name>Cross Horde v1.0 (2021-05-01)(Caruso, Fabrizio)[16K]</name>
    <image>/recalbox/share/thumbs/Commodore - PET/Named_Titles/Cross Horde v1.0 (2021-05-01)(Caruso, Fabrizio)[16K].png</image>
    <video>/recalbox/share/videos/Commodore - PET/Cross Horde v1.0 (2021-05-01)(Caruso, Fabrizio)[16K].mp4</video>
  </game>
  <game>
    <path>/recalbox/share/zip/pet/Cross Snake v1.0 (2020-12-12)(Caruso, Fabrizio)[16K].prg</path>
    <name>Cross Snake v1.0 (2020-12-12)(Caruso, Fabrizio)[16K]</name>
    <image>/recalbox/share/thumbs/Commodore - PET/Named_Titles/Cross Snake v1.0 (2020-12-12)(Caruso, Fabrizio)[16K].png</image>
    <video>/recalbox/share/videos/Commodore - PET/Cross Snake v1.0 (2020-12-12)(Caruso, Fabrizio)[16K].mp4</video>
  </game>
  <game>
    <path>/recalbox/share/zip/pet/Cross Snake v2.0 (2020-12-31)(Caruso, Fabrizio)[16K].prg</path>
    <name>Cross Snake v2.0 (2020-12-31)(Caruso, Fabrizio)[16K]</name>
    <image>/recalbox/share/thumbs/Commodore - PET/Named_Titles/Cross Snake v2.0 (2020-12-31)(Caruso, Fabrizio)[16K].png</image>
    <video>/recalbox/share/videos/Commodore - PET/Cross Snake v2.0 (2020-12-31)(Caruso, Fabrizio)[16K].mp4</video>
  </game>
  <game>
    <path>/recalbox/share/zip/pet/Cursor #04 - BOP (1978-10)(Fisher, Glen).prg</path>
    <name>Cursor #04 - BOP (1978-10)(Fisher, Glen)</name>
    <image>/recalbox/share/thumbs/Commodore - PET/Named_Titles/Cursor #04 - BOP (1978-10)(Fisher, Glen).png</image>
    <video>/recalbox/share/videos/Commodore - PET/Cursor #04 - BOP (1978-10)(Fisher, Glen).mp4</video>
  </game>
  <game>
    <path>/recalbox/share/zip/pet/Cursor #14 - Bat! (1979-10)(Nadovitch, C.T.).prg</path>
    <name>Cursor #14 - Bat! (1979-10)(Nadovitch, C.T.)</name>
    <image>/recalbox/share/thumbs/Commodore - PET/Named_Titles/Cursor #14 - Bat! (1979-10)(Nadovitch, C.T.).png</image>
    <video>/recalbox/share/videos/Commodore - PET/Cursor #14 - Bat! (1979-10)(Nadovitch, C.T.).mp4</video>
  </game>
  <game>
    <path>/recalbox/share/zip/pet/Cursor #14 - Cops (1979-10)(Fisher, Glen).prg</path>
    <name>Cursor #14 - Cops (1979-10)(Fisher, Glen)</name>
    <image>/recalbox/share/thumbs/Commodore - PET/Named_Titles/Cursor #14 - Cops (1979-10)(Fisher, Glen).png</image>
    <video>/recalbox/share/videos/Commodore - PET/Cursor #14 - Cops (1979-10)(Fisher, Glen).mp4</video>
  </game>
  <game>
    <path>/recalbox/share/zip/pet/Cursor #15 - Dungeon (1979-12)(Sawyer, Brian).prg</path>
    <name>Cursor #15 - Dungeon (1979-12)(Sawyer, Brian)</name>
    <image>/recalbox/share/thumbs/Commodore - PET/Named_Titles/Cursor #15 - Dungeon (1979-12)(Sawyer, Brian).png</image>
    <video>/recalbox/share/videos/Commodore - PET/Cursor #15 - Dungeon (1979-12)(Sawyer, Brian).mp4</video>
  </game>
  <game>
    <path>/recalbox/share/zip/pet/Cursor #16 - Aliens! (1980-01)(Hamilton, Mike).prg</path>
    <name>Cursor #16 - Aliens! (1980-01)(Hamilton, Mike)</name>
    <image>/recalbox/share/thumbs/Commodore - PET/Named_Titles/Cursor #16 - Aliens! (1980-01)(Hamilton, Mike).png</image>
    <video>/recalbox/share/videos/Commodore - PET/Cursor #16 - Aliens! (1980-01)(Hamilton, Mike).mp4</video>
  </game>
  <game>
    <path>/recalbox/share/zip/pet/Cursor #16 - Bonzo! (1980-01)(Lockwood, Randall).prg</path>
    <name>Cursor #16 - Bonzo! (1980-01)(Lockwood, Randall)</name>
    <image>/recalbox/share/thumbs/Commodore - PET/Named_Titles/Cursor #16 - Bonzo! (1980-01)(Lockwood, Randall).png</image>
    <video>/recalbox/share/videos/Commodore - PET/Cursor #16 - Bonzo! (1980-01)(Lockwood, Randall).mp4</video>
  </game>
  <game>
    <path>/recalbox/share/zip/pet/Cursor #16 - Fire! (1980-01)(Sawyer, Brian).prg</path>
    <name>Cursor #16 - Fire! (1980-01)(Sawyer, Brian)</name>
    <image>/recalbox/share/thumbs/Commodore - PET/Named_Titles/Cursor #16 - Fire! (1980-01)(Sawyer, Brian).png</image>
    <video>/recalbox/share/videos/Commodore - PET/Cursor #16 - Fire! (1980-01)(Sawyer, Brian).mp4</video>
  </game>
  <game>
    <path>/recalbox/share/zip/pet/Cursor #19 - Miner (1980-04)(Longfellow, Ron).prg</path>
    <name>Cursor #19 - Miner (1980-04)(Longfellow, Ron)</name>
    <image>/recalbox/share/thumbs/Commodore - PET/Named_Titles/Cursor #19 - Miner (1980-04)(Longfellow, Ron).png</image>
    <video>/recalbox/share/videos/Commodore - PET/Cursor #19 - Miner (1980-04)(Longfellow, Ron).mp4</video>
  </game>
  <game>
    <path>/recalbox/share/zip/pet/Cursor #20 - Bets (1980-05)(Lockwood, Randall).prg</path>
    <name>Cursor #20 - Bets (1980-05)(Lockwood, Randall)</name>
    <image>/recalbox/share/thumbs/Commodore - PET/Named_Titles/Cursor #20 - Bets (1980-05)(Lockwood, Randall).png</image>
    <video>/recalbox/share/videos/Commodore - PET/Cursor #20 - Bets (1980-05)(Lockwood, Randall).mp4</video>
  </game>
  <game>
    <path>/recalbox/share/zip/pet/Cursor #21 - Boswain (1980-07)(Nadovich, C.T.).prg</path>
    <name>Cursor #21 - Boswain (1980-07)(Nadovich, C.T.)</name>
    <image>/recalbox/share/thumbs/Commodore - PET/Named_Titles/Cursor #21 - Boswain (1980-07)(Nadovich, C.T.).png</image>
    <video>/recalbox/share/videos/Commodore - PET/Cursor #21 - Boswain (1980-07)(Nadovich, C.T.).mp4</video>
  </game>
  <game>
    <path>/recalbox/share/zip/pet/Cursor #21 - Capture! (1980-07)(Michael, Malcolm).prg</path>
    <name>Cursor #21 - Capture! (1980-07)(Michael, Malcolm)</name>
    <image>/recalbox/share/thumbs/Commodore - PET/Named_Titles/Cursor #21 - Capture! (1980-07)(Michael, Malcolm).png</image>
    <video>/recalbox/share/videos/Commodore - PET/Cursor #21 - Capture! (1980-07)(Michael, Malcolm).mp4</video>
  </game>
  <game>
    <path>/recalbox/share/zip/pet/Cursor #21 - Ouranos! (1980-07)(Higby, Kathy).prg</path>
    <name>Cursor #21 - Ouranos! (1980-07)(Higby, Kathy)</name>
    <image>/recalbox/share/thumbs/Commodore - PET/Named_Titles/Cursor #21 - Ouranos! (1980-07)(Higby, Kathy).png</image>
    <video>/recalbox/share/videos/Commodore - PET/Cursor #21 - Ouranos! (1980-07)(Higby, Kathy).mp4</video>
  </game>
  <game>
    <path>/recalbox/share/zip/pet/Cursor #23 - Ambush! (1980-12)(Bayman, Phil).prg</path>
    <name>Cursor #23 - Ambush! (1980-12)(Bayman, Phil)</name>
    <image>/recalbox/share/thumbs/Commodore - PET/Named_Titles/Cursor #23 - Ambush! (1980-12)(Bayman, Phil).png</image>
    <video>/recalbox/share/videos/Commodore - PET/Cursor #23 - Ambush! (1980-12)(Bayman, Phil).mp4</video>
  </game>
  <game>
    <path>/recalbox/share/zip/pet/Dam Buster (1980)(Williams, Evan).prg</path>
    <name>Dam Buster (1980)(Williams, Evan)</name>
    <image>/recalbox/share/thumbs/Commodore - PET/Named_Titles/Dam Buster (1980)(Williams, Evan).png</image>
    <video>/recalbox/share/videos/Commodore - PET/Dam Buster (1980)(Williams, Evan).mp4</video>
  </game>
  <game>
    <path>/recalbox/share/zip/pet/Draw Poker 1 (1978)(Commodore).prg</path>
    <name>Draw Poker 1 (1978)(Commodore)</name>
    <image>/recalbox/share/thumbs/Commodore - PET/Named_Titles/Draw Poker 1 (1978)(Commodore).png</image>
    <video>/recalbox/share/videos/Commodore - PET/Draw Poker 1 (1978)(Commodore).mp4</video>
  </game>
  <game>
    <path>/recalbox/share/zip/pet/Fluglandung (19xx)(-)(DE).prg</path>
    <name>Fluglandung (19xx)(-)(DE)</name>
    <image>/recalbox/share/thumbs/Commodore - PET/Named_Titles/Fluglandung (19xx)(-)(DE).png</image>
    <video>/recalbox/share/videos/Commodore - PET/Fluglandung (19xx)(-)(DE).mp4</video>
  </game>
  <game>
    <path>/recalbox/share/zip/pet/Microchess 2.0 (1978)(Jennings, Peter).prg</path>
    <name>Microchess 2.0 (1978)(Jennings, Peter)</name>
    <image>/recalbox/share/thumbs/Commodore - PET/Named_Titles/Microchess 2.0 (1978)(Jennings, Peter).png</image>
    <video>/recalbox/share/videos/Commodore - PET/Microchess 2.0 (1978)(Jennings, Peter).mp4</video>
  </game>
  <game>
    <path>/recalbox/share/zip/pet/Microchess 2.0 (1978)(Jennings, Peter)[a].prg</path>
    <name>Microchess 2.0 (1978)(Jennings, Peter)[a]</name>
    <image>/recalbox/share/thumbs/Commodore - PET/Named_Titles/Microchess 2.0 (1978)(Jennings, Peter)[a].png</image>
    <video>/recalbox/share/videos/Commodore - PET/Microchess 2.0 (1978)(Jennings, Peter)[a].mp4</video>
  </game>
  <game>
    <path>/recalbox/share/zip/pet/PET Checkers (19xx)(CMS Software).prg</path>
    <name>PET Checkers (19xx)(CMS Software)</name>
    <image>/recalbox/share/thumbs/Commodore - PET/Named_Titles/PET Checkers (19xx)(CMS Software).png</image>
    <video>/recalbox/share/videos/Commodore - PET/PET Checkers (19xx)(CMS Software).mp4</video>
  </game>
  <game>
    <path>/recalbox/share/zip/pet/PET Super Baseball v7.4 (1983-07-13)(Suzuki, J. - Bradley, D.).prg</path>
    <name>PET Super Baseball v7.4 (1983-07-13)(Suzuki, J. - Bradley, D.)</name>
    <image>/recalbox/share/thumbs/Commodore - PET/Named_Titles/PET Super Baseball v7.4 (1983-07-13)(Suzuki, J. - Bradley, D.).png</image>
    <video>/recalbox/share/videos/Commodore - PET/PET Super Baseball v7.4 (1983-07-13)(Suzuki, J. - Bradley, D.).mp4</video>
  </game>
  <game>
    <path>/recalbox/share/zip/pet/Schlange (19xx)(-)(DE).prg</path>
    <name>Schlange (19xx)(-)(DE)</name>
    <image>/recalbox/share/thumbs/Commodore - PET/Named_Titles/Schlange (19xx)(-)(DE).png</image>
    <video>/recalbox/share/videos/Commodore - PET/Schlange (19xx)(-)(DE).mp4</video>
  </game>
  <game>
    <path>/recalbox/share/zip/pet/Space Invaders (19xx)(-).prg</path>
    <name>Space Invaders (19xx)(-)</name>
    <image>/recalbox/share/thumbs/Commodore - PET/Named_Titles/Space Invaders (19xx)(-).png</image>
    <video>/recalbox/share/videos/Commodore - PET/Space Invaders (19xx)(-).mp4</video>
  </game>
  <game>
    <path>/recalbox/share/zip/pet/Space Invaders (19xx)(-)[b].prg</path>
    <name>Space Invaders (19xx)(-)[b]</name>
    <image>/recalbox/share/thumbs/Commodore - PET/Named_Titles/Space Invaders (19xx)(-)[b].png</image>
    <video>/recalbox/share/videos/Commodore - PET/Space Invaders (19xx)(-)[b].mp4</video>
  </game>
  <game>
    <path>/recalbox/share/zip/pet/Space War (19xx)(-).prg</path>
    <name>Space War (19xx)(-)</name>
    <image>/recalbox/share/thumbs/Commodore - PET/Named_Titles/Space War (19xx)(-).png</image>
    <video>/recalbox/share/videos/Commodore - PET/Space War (19xx)(-).mp4</video>
  </game>
  <game>
    <path>/recalbox/share/zip/pet/Star Wars (19xx)(-)[b].prg</path>
    <name>Star Wars (19xx)(-)[b]</name>
    <image>/recalbox/share/thumbs/Commodore - PET/Named_Titles/Star Wars (19xx)(-)[b].png</image>
    <video>/recalbox/share/videos/Commodore - PET/Star Wars (19xx)(-)[b].mp4</video>
  </game>
  <game>
    <path>/recalbox/share/zip/pet/Sternenfalle (19xx)(-)(DE).prg</path>
    <name>Sternenfalle (19xx)(-)(DE)</name>
    <image>/recalbox/share/thumbs/Commodore - PET/Named_Titles/Sternenfalle (19xx)(-)(DE).png</image>
    <video>/recalbox/share/videos/Commodore - PET/Sternenfalle (19xx)(-)(DE).mp4</video>
  </game>
  <game>
    <path>/recalbox/share/zip/pet/Vier op een rij (19xx)(Nuland, T. van)(nl).prg</path>
    <name>Vier op een rij (19xx)(Nuland, T. van)(nl)</name>
    <image>/recalbox/share/thumbs/Commodore - PET/Named_Titles/Vier op een rij (19xx)(Nuland, T. van)(nl).png</image>
    <video>/recalbox/share/videos/Commodore - PET/Vier op een rij (19xx)(Nuland, T. van)(nl).mp4</video>
  </game>
</gamelist>
