<gamelist>
  <game>
    <path>/recalbox/share/rom/No-Intro/Commodore - Commodore 64/10x10 (World) (Aftermarket) (Homebrew).zip</path>
    <name>10x10 (World) (Aftermarket) (Homebrew)</name>
    <image>/recalbox/share/thumbs/Commodore - 64/Named_Titles/10x10 (World) (Aftermarket) (Homebrew).png</image>
    <video>/recalbox/share/videos/No-Intro/Commodore - Commodore 64/10x10 (World) (Aftermarket) (Homebrew).mp4</video>
  </game>
  <game>
    <path>/recalbox/share/rom/No-Intro/Commodore - Commodore 64/128er Quickload (USA, Europe) (Program).zip</path>
    <name>128er Quickload (USA, Europe) (Program)</name>
    <image>/recalbox/share/thumbs/Commodore - 64/Named_Titles/128er Quickload (USA, Europe) (Program).png</image>
    <video>/recalbox/share/videos/No-Intro/Commodore - Commodore 64/128er Quickload (USA, Europe) (Program).mp4</video>
  </game>
  <game>
    <path>/recalbox/share/rom/No-Intro/Commodore - Commodore 64/64 Doctor (USA, Europe) (Program).zip</path>
    <name>64 Doctor (USA, Europe) (Program)</name>
    <image>/recalbox/share/thumbs/Commodore - 64/Named_Titles/64 Doctor (USA, Europe) (Program).png</image>
    <video>/recalbox/share/videos/No-Intro/Commodore - Commodore 64/64 Doctor (USA, Europe) (Program).mp4</video>
  </game>
  <game>
    <path>/recalbox/share/rom/No-Intro/Commodore - Commodore 64/Action Cartridge Plus (Germany) (v6.0) (Program).zip</path>
    <name>Action Cartridge Plus (Germany) (v6.0) (Program)</name>
    <image>/recalbox/share/thumbs/Commodore - 64/Named_Titles/Action Cartridge Plus (Germany) (v6.0) (Program).png</image>
    <video>/recalbox/share/videos/No-Intro/Commodore - Commodore 64/Action Cartridge Plus (Germany) (v6.0) (Program).mp4</video>
  </game>
  <game>
    <path>/recalbox/share/rom/No-Intro/Commodore - Commodore 64/Action Replay Professional (Europe) (v3) (Program) (Unl).zip</path>
    <name>Action Replay Professional (Europe) (v3) (Program) (Unl)</name>
    <image>/recalbox/share/thumbs/Commodore - 64/Named_Titles/Action Replay Professional (Europe) (v3) (Program) (Unl).png</image>
    <video>/recalbox/share/videos/No-Intro/Commodore - Commodore 64/Action Replay Professional (Europe) (v3) (Program) (Unl).mp4</video>
  </game>
  <game>
    <path>/recalbox/share/rom/No-Intro/Commodore - Commodore 64/Action Replay Professional (Europe) (v4.2) (Program) (Unl).zip</path>
    <name>Action Replay Professional (Europe) (v4.2) (Program) (Unl)</name>
    <image>/recalbox/share/thumbs/Commodore - 64/Named_Titles/Action Replay Professional (Europe) (v4.2) (Program) (Unl).png</image>
    <video>/recalbox/share/videos/No-Intro/Commodore - Commodore 64/Action Replay Professional (Europe) (v4.2) (Program) (Unl).mp4</video>
  </game>
  <game>
    <path>/recalbox/share/rom/No-Intro/Commodore - Commodore 64/Action Replay Professional (Europe) (v6.0) (Program) (Unl).zip</path>
    <name>Action Replay Professional (Europe) (v6.0) (Program) (Unl)</name>
    <image>/recalbox/share/thumbs/Commodore - 64/Named_Titles/Action Replay Professional (Europe) (v6.0) (Program) (Unl).png</image>
    <video>/recalbox/share/videos/No-Intro/Commodore - Commodore 64/Action Replay Professional (Europe) (v6.0) (Program) (Unl).mp4</video>
  </game>
  <game>
    <path>/recalbox/share/rom/No-Intro/Commodore - Commodore 64/Action Replay Professional (USA) (v5.0) (Program) (Unl).zip</path>
    <name>Action Replay Professional (USA) (v5.0) (Program) (Unl)</name>
    <image>/recalbox/share/thumbs/Commodore - 64/Named_Titles/Action Replay Professional (USA) (v5.0) (Program) (Unl).png</image>
    <video>/recalbox/share/videos/No-Intro/Commodore - Commodore 64/Action Replay Professional (USA) (v5.0) (Program) (Unl).mp4</video>
  </game>
  <game>
    <path>/recalbox/share/rom/No-Intro/Commodore - Commodore 64/Activision Decathlon, The (USA, Europe).zip</path>
    <name>Activision Decathlon, The (USA, Europe)</name>
    <image>/recalbox/share/thumbs/Commodore - 64/Named_Titles/Activision Decathlon, The (USA, Europe).png</image>
    <video>/recalbox/share/videos/No-Intro/Commodore - Commodore 64/Activision Decathlon, The (USA, Europe).mp4</video>
  </game>
  <game>
    <path>/recalbox/share/rom/No-Intro/Commodore - Commodore 64/Adventure 1 - The Mutant Spiders (USA, Europe).zip</path>
    <name>Adventure 1 - The Mutant Spiders (USA, Europe)</name>
    <image>/recalbox/share/thumbs/Commodore - 64/Named_Titles/Adventure 1 - The Mutant Spiders (USA, Europe).png</image>
    <video>/recalbox/share/videos/No-Intro/Commodore - Commodore 64/Adventure 1 - The Mutant Spiders (USA, Europe).mp4</video>
  </game>
  <game>
    <path>/recalbox/share/rom/No-Intro/Commodore - Commodore 64/Adventure 3 - The Fourth Sarcophagus (USA, Europe).zip</path>
    <name>Adventure 3 - The Fourth Sarcophagus (USA, Europe)</name>
    <image>/recalbox/share/thumbs/Commodore - 64/Named_Titles/Adventure 3 - The Fourth Sarcophagus (USA, Europe).png</image>
    <video>/recalbox/share/videos/No-Intro/Commodore - Commodore 64/Adventure 3 - The Fourth Sarcophagus (USA, Europe).mp4</video>
  </game>
  <game>
    <path>/recalbox/share/rom/No-Intro/Commodore - Commodore 64/Adventure Creator (USA, Europe).zip</path>
    <name>Adventure Creator (USA, Europe)</name>
    <image>/recalbox/share/thumbs/Commodore - 64/Named_Titles/Adventure Creator (USA, Europe).png</image>
    <video>/recalbox/share/videos/No-Intro/Commodore - Commodore 64/Adventure Creator (USA, Europe).mp4</video>
  </game>
  <game>
    <path>/recalbox/share/rom/No-Intro/Commodore - Commodore 64/Aegean Voyage (USA, Europe).zip</path>
    <name>Aegean Voyage (USA, Europe)</name>
    <image>/recalbox/share/thumbs/Commodore - 64/Named_Titles/Aegean Voyage (USA, Europe).png</image>
    <video>/recalbox/share/videos/No-Intro/Commodore - Commodore 64/Aegean Voyage (USA, Europe).mp4</video>
  </game>
  <game>
    <path>/recalbox/share/rom/No-Intro/Commodore - Commodore 64/After the War (USA, Europe).zip</path>
    <name>After the War (USA, Europe)</name>
    <image>/recalbox/share/thumbs/Commodore - 64/Named_Titles/After the War (USA, Europe).png</image>
    <video>/recalbox/share/videos/No-Intro/Commodore - Commodore 64/After the War (USA, Europe).mp4</video>
  </game>
  <game>
    <path>/recalbox/share/rom/No-Intro/Commodore - Commodore 64/Alien Sidestep (USA, Europe).zip</path>
    <name>Alien Sidestep (USA, Europe)</name>
    <image>/recalbox/share/thumbs/Commodore - 64/Named_Titles/Alien Sidestep (USA, Europe).png</image>
    <video>/recalbox/share/videos/No-Intro/Commodore - Commodore 64/Alien Sidestep (USA, Europe).mp4</video>
  </game>
  <game>
    <path>/recalbox/share/rom/No-Intro/Commodore - Commodore 64/Alpha Build (USA, Europe).zip</path>
    <name>Alpha Build (USA, Europe)</name>
    <image>/recalbox/share/thumbs/Commodore - 64/Named_Titles/Alpha Build (USA, Europe).png</image>
    <video>/recalbox/share/videos/No-Intro/Commodore - Commodore 64/Alpha Build (USA, Europe).mp4</video>
  </game>
  <game>
    <path>/recalbox/share/rom/No-Intro/Commodore - Commodore 64/Alphabet Zoo (USA, Europe).zip</path>
    <name>Alphabet Zoo (USA, Europe)</name>
    <image>/recalbox/share/thumbs/Commodore - 64/Named_Titles/Alphabet Zoo (USA, Europe).png</image>
    <video>/recalbox/share/videos/No-Intro/Commodore - Commodore 64/Alphabet Zoo (USA, Europe).mp4</video>
  </game>
  <game>
    <path>/recalbox/share/rom/No-Intro/Commodore - Commodore 64/Arnie Armchair's Howzat Cricket Game (USA, Europe).zip</path>
    <name>Arnie Armchair&apos;s Howzat Cricket Game (USA, Europe)</name>
    <image>/recalbox/share/thumbs/Commodore - 64/Named_Titles/Arnie Armchair&apos;s Howzat Cricket Game (USA, Europe).png</image>
    <video>/recalbox/share/videos/No-Intro/Commodore - Commodore 64/Arnie Armchair&apos;s Howzat Cricket Game (USA, Europe).mp4</video>
  </game>
  <game>
    <path>/recalbox/share/rom/No-Intro/Commodore - Commodore 64/Astroblitz (USA, Europe).zip</path>
    <name>Astroblitz (USA, Europe)</name>
    <image>/recalbox/share/thumbs/Commodore - 64/Named_Titles/Astroblitz (USA, Europe).png</image>
    <video>/recalbox/share/videos/No-Intro/Commodore - Commodore 64/Astroblitz (USA, Europe).mp4</video>
  </game>
  <game>
    <path>/recalbox/share/rom/No-Intro/Commodore - Commodore 64/Attack of the Mutant Camels (USA).zip</path>
    <name>Attack of the Mutant Camels (USA)</name>
    <image>/recalbox/share/thumbs/Commodore - 64/Named_Titles/Attack of the Mutant Camels (USA).png</image>
    <video>/recalbox/share/videos/No-Intro/Commodore - Commodore 64/Attack of the Mutant Camels (USA).mp4</video>
  </game>
  <game>
    <path>/recalbox/share/rom/No-Intro/Commodore - Commodore 64/Avenger (Japan) (v02) (MAX).zip</path>
    <name>Avenger (Japan) (v02) (MAX)</name>
    <image>/recalbox/share/thumbs/Commodore - 64/Named_Titles/Avenger (Japan) (v02) (MAX).png</image>
    <video>/recalbox/share/videos/No-Intro/Commodore - Commodore 64/Avenger (Japan) (v02) (MAX).mp4</video>
  </game>
  <game>
    <path>/recalbox/share/rom/No-Intro/Commodore - Commodore 64/Avenger (USA, Europe) (v03) (MAX).zip</path>
    <name>Avenger (USA, Europe) (v03) (MAX)</name>
    <image>/recalbox/share/thumbs/Commodore - 64/Named_Titles/Avenger (USA, Europe) (v03) (MAX).png</image>
    <video>/recalbox/share/videos/No-Intro/Commodore - Commodore 64/Avenger (USA, Europe) (v03) (MAX).mp4</video>
  </game>
  <game>
    <path>/recalbox/share/rom/No-Intro/Commodore - Commodore 64/BC's Quest for Tires (USA, Europe).zip</path>
    <name>BC&apos;s Quest for Tires (USA, Europe)</name>
    <image>/recalbox/share/thumbs/Commodore - 64/Named_Titles/BC&apos;s Quest for Tires (USA, Europe).png</image>
    <video>/recalbox/share/videos/No-Intro/Commodore - Commodore 64/BC&apos;s Quest for Tires (USA, Europe).mp4</video>
  </game>
  <game>
    <path>/recalbox/share/rom/No-Intro/Commodore - Commodore 64/BadLands (USA, Europe).zip</path>
    <name>BadLands (USA, Europe)</name>
    <image>/recalbox/share/thumbs/Commodore - 64/Named_Titles/BadLands (USA, Europe).png</image>
    <video>/recalbox/share/videos/No-Intro/Commodore - Commodore 64/BadLands (USA, Europe).mp4</video>
  </game>
  <game>
    <path>/recalbox/share/rom/No-Intro/Commodore - Commodore 64/Batman - The Movie (Europe).zip</path>
    <name>Batman - The Movie (Europe)</name>
    <image>/recalbox/share/thumbs/Commodore - 64/Named_Titles/Batman - The Movie (Europe).png</image>
    <video>/recalbox/share/videos/No-Intro/Commodore - Commodore 64/Batman - The Movie (Europe).mp4</video>
  </game>
  <game>
    <path>/recalbox/share/rom/No-Intro/Commodore - Commodore 64/Battle Command (Europe).zip</path>
    <name>Battle Command (Europe)</name>
    <image>/recalbox/share/thumbs/Commodore - 64/Named_Titles/Battle Command (Europe).png</image>
    <video>/recalbox/share/videos/No-Intro/Commodore - Commodore 64/Battle Command (Europe).mp4</video>
  </game>
  <game>
    <path>/recalbox/share/rom/No-Intro/Commodore - Commodore 64/Battlezone (USA, Europe).zip</path>
    <name>Battlezone (USA, Europe)</name>
    <image>/recalbox/share/thumbs/Commodore - 64/Named_Titles/Battlezone (USA, Europe).png</image>
    <video>/recalbox/share/videos/No-Intro/Commodore - Commodore 64/Battlezone (USA, Europe).mp4</video>
  </game>
  <game>
    <path>/recalbox/share/rom/No-Intro/Commodore - Commodore 64/Beamrider (USA, Europe).zip</path>
    <name>Beamrider (USA, Europe)</name>
    <image>/recalbox/share/thumbs/Commodore - 64/Named_Titles/Beamrider (USA, Europe).png</image>
    <video>/recalbox/share/videos/No-Intro/Commodore - Commodore 64/Beamrider (USA, Europe).mp4</video>
  </game>
  <game>
    <path>/recalbox/share/rom/No-Intro/Commodore - Commodore 64/Big Bird's Special Delivery (USA, Europe).zip</path>
    <name>Big Bird&apos;s Special Delivery (USA, Europe)</name>
    <image>/recalbox/share/thumbs/Commodore - 64/Named_Titles/Big Bird&apos;s Special Delivery (USA, Europe).png</image>
    <video>/recalbox/share/videos/No-Intro/Commodore - Commodore 64/Big Bird&apos;s Special Delivery (USA, Europe).mp4</video>
  </game>
  <game>
    <path>/recalbox/share/rom/No-Intro/Commodore - Commodore 64/Black Box (USA, Europe) (v2.0) (Program).zip</path>
    <name>Black Box (USA, Europe) (v2.0) (Program)</name>
    <image>/recalbox/share/thumbs/Commodore - 64/Named_Titles/Black Box (USA, Europe) (v2.0) (Program).png</image>
    <video>/recalbox/share/videos/No-Intro/Commodore - Commodore 64/Black Box (USA, Europe) (v2.0) (Program).mp4</video>
  </game>
  <game>
    <path>/recalbox/share/rom/No-Intro/Commodore - Commodore 64/Blueprint (USA, Europe).zip</path>
    <name>Blueprint (USA, Europe)</name>
    <image>/recalbox/share/thumbs/Commodore - 64/Named_Titles/Blueprint (USA, Europe).png</image>
    <video>/recalbox/share/videos/No-Intro/Commodore - Commodore 64/Blueprint (USA, Europe).mp4</video>
  </game>
  <game>
    <path>/recalbox/share/rom/No-Intro/Commodore - Commodore 64/Buck Rogers - Planet of Zoom (USA, Europe).zip</path>
    <name>Buck Rogers - Planet of Zoom (USA, Europe)</name>
    <image>/recalbox/share/thumbs/Commodore - 64/Named_Titles/Buck Rogers - Planet of Zoom (USA, Europe).png</image>
    <video>/recalbox/share/videos/No-Intro/Commodore - Commodore 64/Buck Rogers - Planet of Zoom (USA, Europe).mp4</video>
  </game>
  <game>
    <path>/recalbox/share/rom/No-Intro/Commodore - Commodore 64/Bug Crusher (USA, Europe).zip</path>
    <name>Bug Crusher (USA, Europe)</name>
    <image>/recalbox/share/thumbs/Commodore - 64/Named_Titles/Bug Crusher (USA, Europe).png</image>
    <video>/recalbox/share/videos/No-Intro/Commodore - Commodore 64/Bug Crusher (USA, Europe).mp4</video>
  </game>
  <game>
    <path>/recalbox/share/rom/No-Intro/Commodore - Commodore 64/C-64 Diagnostic (USA, Europe) (Rev 586220) (Program).zip</path>
    <name>C-64 Diagnostic (USA, Europe) (Rev 586220) (Program)</name>
    <image>/recalbox/share/thumbs/Commodore - 64/Named_Titles/C-64 Diagnostic (USA, Europe) (Rev 586220) (Program).png</image>
    <video>/recalbox/share/videos/No-Intro/Commodore - Commodore 64/C-64 Diagnostic (USA, Europe) (Rev 586220) (Program).mp4</video>
  </game>
  <game>
    <path>/recalbox/share/rom/No-Intro/Commodore - Commodore 64/C-64 Import Test Diag (USA, Europe) (Program).zip</path>
    <name>C-64 Import Test Diag (USA, Europe) (Program)</name>
    <image>/recalbox/share/thumbs/Commodore - 64/Named_Titles/C-64 Import Test Diag (USA, Europe) (Program).png</image>
    <video>/recalbox/share/videos/No-Intro/Commodore - Commodore 64/C-64 Import Test Diag (USA, Europe) (Program).mp4</video>
  </game>
  <game>
    <path>/recalbox/share/rom/No-Intro/Commodore - Commodore 64/C64-FORTH (USA, Europe) (Program).zip</path>
    <name>C64-FORTH (USA, Europe) (Program)</name>
    <image>/recalbox/share/thumbs/Commodore - 64/Named_Titles/C64-FORTH (USA, Europe) (Program).png</image>
    <video>/recalbox/share/videos/No-Intro/Commodore - Commodore 64/C64-FORTH (USA, Europe) (Program).mp4</video>
  </game>
  <game>
    <path>/recalbox/share/rom/No-Intro/Commodore - Commodore 64/COMAL 80 (USA, Europe) (Program).zip</path>
    <name>COMAL 80 (USA, Europe) (Program)</name>
    <image>/recalbox/share/thumbs/Commodore - 64/Named_Titles/COMAL 80 (USA, Europe) (Program).png</image>
    <video>/recalbox/share/videos/No-Intro/Commodore - Commodore 64/COMAL 80 (USA, Europe) (Program).mp4</video>
  </game>
  <game>
    <path>/recalbox/share/rom/No-Intro/Commodore - Commodore 64/Calc Result - The Spread Sheet - Advanced (USA, Europe) (Program).zip</path>
    <name>Calc Result - The Spread Sheet - Advanced (USA, Europe) (Program)</name>
    <image>/recalbox/share/thumbs/Commodore - 64/Named_Titles/Calc Result - The Spread Sheet - Advanced (USA, Europe) (Program).png</image>
    <video>/recalbox/share/videos/No-Intro/Commodore - Commodore 64/Calc Result - The Spread Sheet - Advanced (USA, Europe) (Program).mp4</video>
  </game>
  <game>
    <path>/recalbox/share/rom/No-Intro/Commodore - Commodore 64/Calc Result - The Spread Sheet - Easy (USA, Europe) (Program) (Alt).zip</path>
    <name>Calc Result - The Spread Sheet - Easy (USA, Europe) (Program) (Alt)</name>
    <image>/recalbox/share/thumbs/Commodore - 64/Named_Titles/Calc Result - The Spread Sheet - Easy (USA, Europe) (Program) (Alt).png</image>
    <video>/recalbox/share/videos/No-Intro/Commodore - Commodore 64/Calc Result - The Spread Sheet - Easy (USA, Europe) (Program) (Alt).mp4</video>
  </game>
  <game>
    <path>/recalbox/share/rom/No-Intro/Commodore - Commodore 64/Castle Hassle (USA, Europe).zip</path>
    <name>Castle Hassle (USA, Europe)</name>
    <image>/recalbox/share/thumbs/Commodore - 64/Named_Titles/Castle Hassle (USA, Europe).png</image>
    <video>/recalbox/share/videos/No-Intro/Commodore - Commodore 64/Castle Hassle (USA, Europe).mp4</video>
  </game>
  <game>
    <path>/recalbox/share/rom/No-Intro/Commodore - Commodore 64/Centipede (USA, Europe).zip</path>
    <name>Centipede (USA, Europe)</name>
    <image>/recalbox/share/thumbs/Commodore - 64/Named_Titles/Centipede (USA, Europe).png</image>
    <video>/recalbox/share/videos/No-Intro/Commodore - Commodore 64/Centipede (USA, Europe).mp4</video>
  </game>
  <game>
    <path>/recalbox/share/rom/No-Intro/Commodore - Commodore 64/Chase H.Q. II - Special Criminal Investigation (Europe).zip</path>
    <name>Chase H.Q. II - Special Criminal Investigation (Europe)</name>
    <image>/recalbox/share/thumbs/Commodore - 64/Named_Titles/Chase H.Q. II - Special Criminal Investigation (Europe).png</image>
    <video>/recalbox/share/videos/No-Intro/Commodore - Commodore 64/Chase H.Q. II - Special Criminal Investigation (Europe).mp4</video>
  </game>
  <game>
    <path>/recalbox/share/rom/No-Intro/Commodore - Commodore 64/Checkers (USA, Europe).zip</path>
    <name>Checkers (USA, Europe)</name>
    <image>/recalbox/share/thumbs/Commodore - 64/Named_Titles/Checkers (USA, Europe).png</image>
    <video>/recalbox/share/videos/No-Intro/Commodore - Commodore 64/Checkers (USA, Europe).mp4</video>
  </game>
  <game>
    <path>/recalbox/share/rom/No-Intro/Commodore - Commodore 64/Choplifter! (USA, Europe).zip</path>
    <name>Choplifter! (USA, Europe)</name>
    <image>/recalbox/share/thumbs/Commodore - 64/Named_Titles/Choplifter! (USA, Europe).png</image>
    <video>/recalbox/share/videos/No-Intro/Commodore - Commodore 64/Choplifter! (USA, Europe).mp4</video>
  </game>
  <game>
    <path>/recalbox/share/rom/No-Intro/Commodore - Commodore 64/Close Encounters of the Worst Kind (USA, Europe).zip</path>
    <name>Close Encounters of the Worst Kind (USA, Europe)</name>
    <image>/recalbox/share/thumbs/Commodore - 64/Named_Titles/Close Encounters of the Worst Kind (USA, Europe).png</image>
    <video>/recalbox/share/videos/No-Intro/Commodore - Commodore 64/Close Encounters of the Worst Kind (USA, Europe).mp4</video>
  </game>
  <game>
    <path>/recalbox/share/rom/No-Intro/Commodore - Commodore 64/Clowns (Japan) (v01) (MAX).zip</path>
    <name>Clowns (Japan) (v01) (MAX)</name>
    <image>/recalbox/share/thumbs/Commodore - 64/Named_Titles/Clowns (Japan) (v01) (MAX).png</image>
    <video>/recalbox/share/videos/No-Intro/Commodore - Commodore 64/Clowns (Japan) (v01) (MAX).mp4</video>
  </game>
  <game>
    <path>/recalbox/share/rom/No-Intro/Commodore - Commodore 64/Clowns (World) (En,Ja) (v02) (MAX).zip</path>
    <name>Clowns (World) (En,Ja) (v02) (MAX)</name>
    <image>/recalbox/share/thumbs/Commodore - 64/Named_Titles/Clowns (World) (En,Ja) (v02) (MAX).png</image>
    <video>/recalbox/share/videos/No-Intro/Commodore - Commodore 64/Clowns (World) (En,Ja) (v02) (MAX).mp4</video>
  </game>
  <game>
    <path>/recalbox/share/rom/No-Intro/Commodore - Commodore 64/Coccinelle cherche dessinateur (France).zip</path>
    <name>Coccinelle cherche dessinateur (France)</name>
    <image>/recalbox/share/thumbs/Commodore - 64/Named_Titles/Coccinelle cherche dessinateur (France).png</image>
    <video>/recalbox/share/videos/No-Intro/Commodore - Commodore 64/Coccinelle cherche dessinateur (France).mp4</video>
  </game>
  <game>
    <path>/recalbox/share/rom/No-Intro/Commodore - Commodore 64/Coco Notes (USA, Europe).zip</path>
    <name>Coco Notes (USA, Europe)</name>
    <image>/recalbox/share/thumbs/Commodore - 64/Named_Titles/Coco Notes (USA, Europe).png</image>
    <video>/recalbox/share/videos/No-Intro/Commodore - Commodore 64/Coco Notes (USA, Europe).mp4</video>
  </game>
  <game>
    <path>/recalbox/share/rom/No-Intro/Commodore - Commodore 64/Colossus Chess + Silicon Syborgs + International Football (USA, Europe) (Super Games).zip</path>
    <name>Colossus Chess + Silicon Syborgs + International Football (USA, Europe) (Super Games)</name>
    <image>/recalbox/share/thumbs/Commodore - 64/Named_Titles/Colossus Chess + Silicon Syborgs + International Football (USA, Europe) (Super Games).png</image>
    <video>/recalbox/share/videos/No-Intro/Commodore - Commodore 64/Colossus Chess + Silicon Syborgs + International Football (USA, Europe) (Super Games).mp4</video>
  </game>
  <game>
    <path>/recalbox/share/rom/No-Intro/Commodore - Commodore 64/Commodore 64 Diagnostic (USA, Europe) (Program).zip</path>
    <name>Commodore 64 Diagnostic (USA, Europe) (Program)</name>
    <image>/recalbox/share/thumbs/Commodore - 64/Named_Titles/Commodore 64 Diagnostic (USA, Europe) (Program).png</image>
    <video>/recalbox/share/videos/No-Intro/Commodore - Commodore 64/Commodore 64 Diagnostic (USA, Europe) (Program).mp4</video>
  </game>
  <game>
    <path>/recalbox/share/rom/No-Intro/Commodore - Commodore 64/Congo Bongo (USA, Europe).zip</path>
    <name>Congo Bongo (USA, Europe)</name>
    <image>/recalbox/share/thumbs/Commodore - 64/Named_Titles/Congo Bongo (USA, Europe).png</image>
    <video>/recalbox/share/videos/No-Intro/Commodore - Commodore 64/Congo Bongo (USA, Europe).mp4</video>
  </game>
  <game>
    <path>/recalbox/share/rom/No-Intro/Commodore - Commodore 64/Conrad Disk Booster (Germany) (Program).zip</path>
    <name>Conrad Disk Booster (Germany) (Program)</name>
    <image>/recalbox/share/thumbs/Commodore - 64/Named_Titles/Conrad Disk Booster (Germany) (Program).png</image>
    <video>/recalbox/share/videos/No-Intro/Commodore - Commodore 64/Conrad Disk Booster (Germany) (Program).mp4</video>
  </game>
  <game>
    <path>/recalbox/share/rom/No-Intro/Commodore - Commodore 64/Cosmic Life (USA, Europe).zip</path>
    <name>Cosmic Life (USA, Europe)</name>
    <image>/recalbox/share/thumbs/Commodore - 64/Named_Titles/Cosmic Life (USA, Europe).png</image>
    <video>/recalbox/share/videos/No-Intro/Commodore - Commodore 64/Cosmic Life (USA, Europe).mp4</video>
  </game>
  <game>
    <path>/recalbox/share/rom/No-Intro/Commodore - Commodore 64/Counterweight Kate (World) (Aftermarket).zip</path>
    <name>Counterweight Kate (World) (Aftermarket)</name>
    <image>/recalbox/share/thumbs/Commodore - 64/Named_Titles/Counterweight Kate (World) (Aftermarket).png</image>
    <video>/recalbox/share/videos/No-Intro/Commodore - Commodore 64/Counterweight Kate (World) (Aftermarket).mp4</video>
  </game>
  <game>
    <path>/recalbox/share/rom/No-Intro/Commodore - Commodore 64/Crisis Mountain (USA, Europe).zip</path>
    <name>Crisis Mountain (USA, Europe)</name>
    <image>/recalbox/share/thumbs/Commodore - 64/Named_Titles/Crisis Mountain (USA, Europe).png</image>
    <video>/recalbox/share/videos/No-Intro/Commodore - Commodore 64/Crisis Mountain (USA, Europe).mp4</video>
  </game>
  <game>
    <path>/recalbox/share/rom/No-Intro/Commodore - Commodore 64/Crystal Castles (USA, Europe) (Proto).zip</path>
    <name>Crystal Castles (USA, Europe) (Proto)</name>
    <image>/recalbox/share/thumbs/Commodore - 64/Named_Titles/Crystal Castles (USA, Europe) (Proto).png</image>
    <video>/recalbox/share/videos/No-Intro/Commodore - Commodore 64/Crystal Castles (USA, Europe) (Proto).mp4</video>
  </game>
  <game>
    <path>/recalbox/share/rom/No-Intro/Commodore - Commodore 64/Cyberball (USA, Europe).zip</path>
    <name>Cyberball (USA, Europe)</name>
    <image>/recalbox/share/thumbs/Commodore - 64/Named_Titles/Cyberball (USA, Europe).png</image>
    <video>/recalbox/share/videos/No-Intro/Commodore - Commodore 64/Cyberball (USA, Europe).mp4</video>
  </game>
  <game>
    <path>/recalbox/share/rom/No-Intro/Commodore - Commodore 64/Dance Fantasy (USA, Europe).zip</path>
    <name>Dance Fantasy (USA, Europe)</name>
    <image>/recalbox/share/thumbs/Commodore - 64/Named_Titles/Dance Fantasy (USA, Europe).png</image>
    <video>/recalbox/share/videos/No-Intro/Commodore - Commodore 64/Dance Fantasy (USA, Europe).mp4</video>
  </game>
  <game>
    <path>/recalbox/share/rom/No-Intro/Commodore - Commodore 64/Defender (USA, Europe).zip</path>
    <name>Defender (USA, Europe)</name>
    <image>/recalbox/share/thumbs/Commodore - 64/Named_Titles/Defender (USA, Europe).png</image>
    <video>/recalbox/share/videos/No-Intro/Commodore - Commodore 64/Defender (USA, Europe).mp4</video>
  </game>
  <game>
    <path>/recalbox/share/rom/No-Intro/Commodore - Commodore 64/Dela S-4-Modul (USA, Europe) (Program).zip</path>
    <name>Dela S-4-Modul (USA, Europe) (Program)</name>
    <image>/recalbox/share/thumbs/Commodore - 64/Named_Titles/Dela S-4-Modul (USA, Europe) (Program).png</image>
    <video>/recalbox/share/videos/No-Intro/Commodore - Commodore 64/Dela S-4-Modul (USA, Europe) (Program).mp4</video>
  </game>
  <game>
    <path>/recalbox/share/rom/No-Intro/Commodore - Commodore 64/Delta Drawing (USA, Europe) (Program).zip</path>
    <name>Delta Drawing (USA, Europe) (Program)</name>
    <image>/recalbox/share/thumbs/Commodore - 64/Named_Titles/Delta Drawing (USA, Europe) (Program).png</image>
    <video>/recalbox/share/videos/No-Intro/Commodore - Commodore 64/Delta Drawing (USA, Europe) (Program).mp4</video>
  </game>
  <game>
    <path>/recalbox/share/rom/No-Intro/Commodore - Commodore 64/Designer's Pencil, The (USA, Europe) (Program).zip</path>
    <name>Designer&apos;s Pencil, The (USA, Europe) (Program)</name>
    <image>/recalbox/share/thumbs/Commodore - 64/Named_Titles/Designer&apos;s Pencil, The (USA, Europe) (Program).png</image>
    <video>/recalbox/share/videos/No-Intro/Commodore - Commodore 64/Designer&apos;s Pencil, The (USA, Europe) (Program).mp4</video>
  </game>
  <game>
    <path>/recalbox/share/rom/No-Intro/Commodore - Commodore 64/Diamond Mine (USA, Europe).zip</path>
    <name>Diamond Mine (USA, Europe)</name>
    <image>/recalbox/share/thumbs/Commodore - 64/Named_Titles/Diamond Mine (USA, Europe).png</image>
    <video>/recalbox/share/videos/No-Intro/Commodore - Commodore 64/Diamond Mine (USA, Europe).mp4</video>
  </game>
  <game>
    <path>/recalbox/share/rom/No-Intro/Commodore - Commodore 64/Dig Dug (USA, Europe).zip</path>
    <name>Dig Dug (USA, Europe)</name>
    <image>/recalbox/share/thumbs/Commodore - 64/Named_Titles/Dig Dug (USA, Europe).png</image>
    <video>/recalbox/share/videos/No-Intro/Commodore - Commodore 64/Dig Dug (USA, Europe).mp4</video>
  </game>
  <game>
    <path>/recalbox/share/rom/No-Intro/Commodore - Commodore 64/Doc'64 (USA, Europe) (v2.2) (Program).zip</path>
    <name>Doc&apos;64 (USA, Europe) (v2.2) (Program)</name>
    <image>/recalbox/share/thumbs/Commodore - 64/Named_Titles/Doc&apos;64 (USA, Europe) (v2.2) (Program).png</image>
    <video>/recalbox/share/videos/No-Intro/Commodore - Commodore 64/Doc&apos;64 (USA, Europe) (v2.2) (Program).mp4</video>
  </game>
  <game>
    <path>/recalbox/share/rom/No-Intro/Commodore - Commodore 64/Don't Block The Box! (World) (Aftermarket) (Homebrew).zip</path>
    <name>Don&apos;t Block The Box! (World) (Aftermarket) (Homebrew)</name>
    <image>/recalbox/share/thumbs/Commodore - 64/Named_Titles/Don&apos;t Block The Box! (World) (Aftermarket) (Homebrew).png</image>
    <video>/recalbox/share/videos/No-Intro/Commodore - Commodore 64/Don&apos;t Block The Box! (World) (Aftermarket) (Homebrew).mp4</video>
  </game>
  <game>
    <path>/recalbox/share/rom/No-Intro/Commodore - Commodore 64/Donkey Kong (USA, Europe).zip</path>
    <name>Donkey Kong (USA, Europe)</name>
    <image>/recalbox/share/thumbs/Commodore - 64/Named_Titles/Donkey Kong (USA, Europe).png</image>
    <video>/recalbox/share/videos/No-Intro/Commodore - Commodore 64/Donkey Kong (USA, Europe).mp4</video>
  </game>
  <game>
    <path>/recalbox/share/rom/No-Intro/Commodore - Commodore 64/Dot Gobbler (USA, Europe).zip</path>
    <name>Dot Gobbler (USA, Europe)</name>
    <image>/recalbox/share/thumbs/Commodore - 64/Named_Titles/Dot Gobbler (USA, Europe).png</image>
    <video>/recalbox/share/videos/No-Intro/Commodore - Commodore 64/Dot Gobbler (USA, Europe).mp4</video>
  </game>
  <game>
    <path>/recalbox/share/rom/No-Intro/Commodore - Commodore 64/Double Dragon (USA, Europe) (HES).zip</path>
    <name>Double Dragon (USA, Europe) (HES)</name>
    <image>/recalbox/share/thumbs/Commodore - 64/Named_Titles/Double Dragon (USA, Europe) (HES).png</image>
    <video>/recalbox/share/videos/No-Intro/Commodore - Commodore 64/Double Dragon (USA, Europe) (HES).mp4</video>
  </game>
  <game>
    <path>/recalbox/share/rom/No-Intro/Commodore - Commodore 64/Double Dragon (USA, Europe) (Ocean).zip</path>
    <name>Double Dragon (USA, Europe) (Ocean)</name>
    <image>/recalbox/share/thumbs/Commodore - 64/Named_Titles/Double Dragon (USA, Europe) (Ocean).png</image>
    <video>/recalbox/share/videos/No-Intro/Commodore - Commodore 64/Double Dragon (USA, Europe) (Ocean).mp4</video>
  </game>
  <game>
    <path>/recalbox/share/rom/No-Intro/Commodore - Commodore 64/Ducks Ahoy! (USA, Europe).zip</path>
    <name>Ducks Ahoy! (USA, Europe)</name>
    <image>/recalbox/share/thumbs/Commodore - 64/Named_Titles/Ducks Ahoy! (USA, Europe).png</image>
    <video>/recalbox/share/videos/No-Intro/Commodore - Commodore 64/Ducks Ahoy! (USA, Europe).mp4</video>
  </game>
  <game>
    <path>/recalbox/share/rom/No-Intro/Commodore - Commodore 64/Epyx Fast Load Cartridge (USA, Europe) (Program).zip</path>
    <name>Epyx Fast Load Cartridge (USA, Europe) (Program)</name>
    <image>/recalbox/share/thumbs/Commodore - 64/Named_Titles/Epyx Fast Load Cartridge (USA, Europe) (Program).png</image>
    <video>/recalbox/share/videos/No-Intro/Commodore - Commodore 64/Epyx Fast Load Cartridge (USA, Europe) (Program).mp4</video>
  </game>
  <game>
    <path>/recalbox/share/rom/No-Intro/Commodore - Commodore 64/Ernie's Magic Shapes (USA, Europe).zip</path>
    <name>Ernie&apos;s Magic Shapes (USA, Europe)</name>
    <image>/recalbox/share/thumbs/Commodore - 64/Named_Titles/Ernie&apos;s Magic Shapes (USA, Europe).png</image>
    <video>/recalbox/share/videos/No-Intro/Commodore - Commodore 64/Ernie&apos;s Magic Shapes (USA, Europe).mp4</video>
  </game>
  <game>
    <path>/recalbox/share/rom/No-Intro/Commodore - Commodore 64/ExBASIC Level II (USA, Europe) (v64.1) (Program).zip</path>
    <name>ExBASIC Level II (USA, Europe) (v64.1) (Program)</name>
    <image>/recalbox/share/thumbs/Commodore - 64/Named_Titles/ExBASIC Level II (USA, Europe) (v64.1) (Program).png</image>
    <video>/recalbox/share/videos/No-Intro/Commodore - Commodore 64/ExBASIC Level II (USA, Europe) (v64.1) (Program).mp4</video>
  </game>
  <game>
    <path>/recalbox/share/rom/No-Intro/Commodore - Commodore 64/Express Cartridge (USA, Europe) (Program).zip</path>
    <name>Express Cartridge (USA, Europe) (Program)</name>
    <image>/recalbox/share/thumbs/Commodore - 64/Named_Titles/Express Cartridge (USA, Europe) (Program).png</image>
    <video>/recalbox/share/videos/No-Intro/Commodore - Commodore 64/Express Cartridge (USA, Europe) (Program).mp4</video>
  </game>
  <game>
    <path>/recalbox/share/rom/No-Intro/Commodore - Commodore 64/Facemaker (USA, Europe).zip</path>
    <name>Facemaker (USA, Europe)</name>
    <image>/recalbox/share/thumbs/Commodore - 64/Named_Titles/Facemaker (USA, Europe).png</image>
    <video>/recalbox/share/videos/No-Intro/Commodore - Commodore 64/Facemaker (USA, Europe).mp4</video>
  </game>
  <game>
    <path>/recalbox/share/rom/No-Intro/Commodore - Commodore 64/Fiendish Freddy's Big Top o' Fun + International Soccer + Flimbo's Quest + Klax (Europe) (C 64 Games System).zip</path>
    <name>Fiendish Freddy&apos;s Big Top o&apos; Fun + International Soccer + Flimbo&apos;s Quest + Klax (Europe) (C 64 Games System)</name>
    <image>/recalbox/share/thumbs/Commodore - 64/Named_Titles/Fiendish Freddy&apos;s Big Top o&apos; Fun + International Soccer + Flimbo&apos;s Quest + Klax (Europe) (C 64 Games System).png</image>
    <video>/recalbox/share/videos/No-Intro/Commodore - Commodore 64/Fiendish Freddy&apos;s Big Top o&apos; Fun + International Soccer + Flimbo&apos;s Quest + Klax (Europe) (C 64 Games System).mp4</video>
  </game>
  <game>
    <path>/recalbox/share/rom/No-Intro/Commodore - Commodore 64/Final Cartridge III, The (USA, Europe) (Dec 88) (Program).zip</path>
    <name>Final Cartridge III, The (USA, Europe) (Dec 88) (Program)</name>
    <image>/recalbox/share/thumbs/Commodore - 64/Named_Titles/Final Cartridge III, The (USA, Europe) (Dec 88) (Program).png</image>
    <video>/recalbox/share/videos/No-Intro/Commodore - Commodore 64/Final Cartridge III, The (USA, Europe) (Dec 88) (Program).mp4</video>
  </game>
  <game>
    <path>/recalbox/share/rom/No-Intro/Commodore - Commodore 64/Final Cartridge III, The (USA, Europe) (May 88) (Program).zip</path>
    <name>Final Cartridge III, The (USA, Europe) (May 88) (Program)</name>
    <image>/recalbox/share/thumbs/Commodore - 64/Named_Titles/Final Cartridge III, The (USA, Europe) (May 88) (Program).png</image>
    <video>/recalbox/share/videos/No-Intro/Commodore - Commodore 64/Final Cartridge III, The (USA, Europe) (May 88) (Program).mp4</video>
  </game>
  <game>
    <path>/recalbox/share/rom/No-Intro/Commodore - Commodore 64/Final Cartridge III, The (USA, Europe) (Sep 87) (Program).zip</path>
    <name>Final Cartridge III, The (USA, Europe) (Sep 87) (Program)</name>
    <image>/recalbox/share/thumbs/Commodore - 64/Named_Titles/Final Cartridge III, The (USA, Europe) (Sep 87) (Program).png</image>
    <video>/recalbox/share/videos/No-Intro/Commodore - Commodore 64/Final Cartridge III, The (USA, Europe) (Sep 87) (Program).mp4</video>
  </game>
  <game>
    <path>/recalbox/share/rom/No-Intro/Commodore - Commodore 64/Final Cartridge, The (USA, Europe) (Program).zip</path>
    <name>Final Cartridge, The (USA, Europe) (Program)</name>
    <image>/recalbox/share/thumbs/Commodore - 64/Named_Titles/Final Cartridge, The (USA, Europe) (Program).png</image>
    <video>/recalbox/share/videos/No-Intro/Commodore - Commodore 64/Final Cartridge, The (USA, Europe) (Program).mp4</video>
  </game>
  <game>
    <path>/recalbox/share/rom/No-Intro/Commodore - Commodore 64/Fix-It Felix Jr. (World) (Aftermarket) (Homebrew).zip</path>
    <name>Fix-It Felix Jr. (World) (Aftermarket) (Homebrew)</name>
    <image>/recalbox/share/thumbs/Commodore - 64/Named_Titles/Fix-It Felix Jr. (World) (Aftermarket) (Homebrew).png</image>
    <video>/recalbox/share/videos/No-Intro/Commodore - Commodore 64/Fix-It Felix Jr. (World) (Aftermarket) (Homebrew).mp4</video>
  </game>
  <game>
    <path>/recalbox/share/rom/No-Intro/Commodore - Commodore 64/Format- und Hardcopymodul (Germany) (Program).zip</path>
    <name>Format- und Hardcopymodul (Germany) (Program)</name>
    <image>/recalbox/share/thumbs/Commodore - 64/Named_Titles/Format- und Hardcopymodul (Germany) (Program).png</image>
    <video>/recalbox/share/videos/No-Intro/Commodore - Commodore 64/Format- und Hardcopymodul (Germany) (Program).mp4</video>
  </game>
  <game>
    <path>/recalbox/share/rom/No-Intro/Commodore - Commodore 64/Frog Master (USA, Europe).zip</path>
    <name>Frog Master (USA, Europe)</name>
    <image>/recalbox/share/thumbs/Commodore - 64/Named_Titles/Frog Master (USA, Europe).png</image>
    <video>/recalbox/share/videos/No-Intro/Commodore - Commodore 64/Frog Master (USA, Europe).mp4</video>
  </game>
  <game>
    <path>/recalbox/share/rom/No-Intro/Commodore - Commodore 64/Frogger (USA, Europe).zip</path>
    <name>Frogger (USA, Europe)</name>
    <image>/recalbox/share/thumbs/Commodore - 64/Named_Titles/Frogger (USA, Europe).png</image>
    <video>/recalbox/share/videos/No-Intro/Commodore - Commodore 64/Frogger (USA, Europe).mp4</video>
  </game>
  <game>
    <path>/recalbox/share/rom/No-Intro/Commodore - Commodore 64/Frogger + River Raid + Activision Decathlon, The + Beamrider (USA, Europe) (Arcade Classic Pak).zip</path>
    <name>Frogger + River Raid + Activision Decathlon, The + Beamrider (USA, Europe) (Arcade Classic Pak)</name>
    <image>/recalbox/share/thumbs/Commodore - 64/Named_Titles/Frogger + River Raid + Activision Decathlon, The + Beamrider (USA, Europe) (Arcade Classic Pak).png</image>
    <video>/recalbox/share/videos/No-Intro/Commodore - Commodore 64/Frogger + River Raid + Activision Decathlon, The + Beamrider (USA, Europe) (Arcade Classic Pak).mp4</video>
  </game>
  <game>
    <path>/recalbox/share/rom/No-Intro/Commodore - Commodore 64/Frogger II - Threeedeep! (USA, Europe).zip</path>
    <name>Frogger II - Threeedeep! (USA, Europe)</name>
    <image>/recalbox/share/thumbs/Commodore - 64/Named_Titles/Frogger II - Threeedeep! (USA, Europe).png</image>
    <video>/recalbox/share/videos/No-Intro/Commodore - Commodore 64/Frogger II - Threeedeep! (USA, Europe).mp4</video>
  </game>
  <game>
    <path>/recalbox/share/rom/No-Intro/Commodore - Commodore 64/Galaga (World) (v1.05) (Aftermarket) (Homebrew).zip</path>
    <name>Galaga (World) (v1.05) (Aftermarket) (Homebrew)</name>
    <image>/recalbox/share/thumbs/Commodore - 64/Named_Titles/Galaga (World) (v1.05) (Aftermarket) (Homebrew).png</image>
    <video>/recalbox/share/videos/No-Intro/Commodore - Commodore 64/Galaga (World) (v1.05) (Aftermarket) (Homebrew).mp4</video>
  </game>
  <game>
    <path>/recalbox/share/rom/No-Intro/Commodore - Commodore 64/Galaxian (USA, Europe).zip</path>
    <name>Galaxian (USA, Europe)</name>
    <image>/recalbox/share/thumbs/Commodore - 64/Named_Titles/Galaxian (USA, Europe).png</image>
    <video>/recalbox/share/videos/No-Intro/Commodore - Commodore 64/Galaxian (USA, Europe).mp4</video>
  </game>
  <game>
    <path>/recalbox/share/rom/No-Intro/Commodore - Commodore 64/Galaxian DX (World) (Aftermarket) (Homebrew).zip</path>
    <name>Galaxian DX (World) (Aftermarket) (Homebrew)</name>
    <image>/recalbox/share/thumbs/Commodore - 64/Named_Titles/Galaxian DX (World) (Aftermarket) (Homebrew).png</image>
    <video>/recalbox/share/videos/No-Intro/Commodore - Commodore 64/Galaxian DX (World) (Aftermarket) (Homebrew).mp4</video>
  </game>
  <game>
    <path>/recalbox/share/rom/No-Intro/Commodore - Commodore 64/Galaxions + Munchman (USA, Europe).zip</path>
    <name>Galaxions + Munchman (USA, Europe)</name>
    <image>/recalbox/share/thumbs/Commodore - 64/Named_Titles/Galaxions + Munchman (USA, Europe).png</image>
    <video>/recalbox/share/videos/No-Intro/Commodore - Commodore 64/Galaxions + Munchman (USA, Europe).mp4</video>
  </game>
  <game>
    <path>/recalbox/share/rom/No-Intro/Commodore - Commodore 64/Ghostbusters (USA, Europe).zip</path>
    <name>Ghostbusters (USA, Europe)</name>
    <image>/recalbox/share/thumbs/Commodore - 64/Named_Titles/Ghostbusters (USA, Europe).png</image>
    <video>/recalbox/share/videos/No-Intro/Commodore - Commodore 64/Ghostbusters (USA, Europe).mp4</video>
  </game>
  <game>
    <path>/recalbox/share/rom/No-Intro/Commodore - Commodore 64/Gorf (USA, Europe).zip</path>
    <name>Gorf (USA, Europe)</name>
    <image>/recalbox/share/thumbs/Commodore - 64/Named_Titles/Gorf (USA, Europe).png</image>
    <video>/recalbox/share/videos/No-Intro/Commodore - Commodore 64/Gorf (USA, Europe).mp4</video>
  </game>
  <game>
    <path>/recalbox/share/rom/No-Intro/Commodore - Commodore 64/Graf 64 (USA, Europe) (Program).zip</path>
    <name>Graf 64 (USA, Europe) (Program)</name>
    <image>/recalbox/share/thumbs/Commodore - 64/Named_Titles/Graf 64 (USA, Europe) (Program).png</image>
    <video>/recalbox/share/videos/No-Intro/Commodore - Commodore 64/Graf 64 (USA, Europe) (Program).mp4</video>
  </game>
  <game>
    <path>/recalbox/share/rom/No-Intro/Commodore - Commodore 64/Gridrunner (USA, Europe).zip</path>
    <name>Gridrunner (USA, Europe)</name>
    <image>/recalbox/share/thumbs/Commodore - 64/Named_Titles/Gridrunner (USA, Europe).png</image>
    <video>/recalbox/share/videos/No-Intro/Commodore - Commodore 64/Gridrunner (USA, Europe).mp4</video>
  </game>
  <game>
    <path>/recalbox/share/rom/No-Intro/Commodore - Commodore 64/Gridrunner II - Attack of the Mutant Camels (USA).zip</path>
    <name>Gridrunner II - Attack of the Mutant Camels (USA)</name>
    <image>/recalbox/share/thumbs/Commodore - 64/Named_Titles/Gridrunner II - Attack of the Mutant Camels (USA).png</image>
    <video>/recalbox/share/videos/No-Intro/Commodore - Commodore 64/Gridrunner II - Attack of the Mutant Camels (USA).mp4</video>
  </game>
  <game>
    <path>/recalbox/share/rom/No-Intro/Commodore - Commodore 64/Gyruss (USA, Europe).zip</path>
    <name>Gyruss (USA, Europe)</name>
    <image>/recalbox/share/thumbs/Commodore - 64/Named_Titles/Gyruss (USA, Europe).png</image>
    <video>/recalbox/share/videos/No-Intro/Commodore - Commodore 64/Gyruss (USA, Europe).mp4</video>
  </game>
  <game>
    <path>/recalbox/share/rom/No-Intro/Commodore - Commodore 64/H.E.R.O. - Helicopter Emergency Rescue Operation (USA, Europe).zip</path>
    <name>H.E.R.O. - Helicopter Emergency Rescue Operation (USA, Europe)</name>
    <image>/recalbox/share/thumbs/Commodore - 64/Named_Titles/H.E.R.O. - Helicopter Emergency Rescue Operation (USA, Europe).png</image>
    <video>/recalbox/share/videos/No-Intro/Commodore - Commodore 64/H.E.R.O. - Helicopter Emergency Rescue Operation (USA, Europe).mp4</video>
  </game>
  <game>
    <path>/recalbox/share/rom/No-Intro/Commodore - Commodore 64/HES Mon 64 (USA, Europe) (Program).zip</path>
    <name>HES Mon 64 (USA, Europe) (Program)</name>
    <image>/recalbox/share/thumbs/Commodore - 64/Named_Titles/HES Mon 64 (USA, Europe) (Program).png</image>
    <video>/recalbox/share/videos/No-Intro/Commodore - Commodore 64/HES Mon 64 (USA, Europe) (Program).mp4</video>
  </game>
  <game>
    <path>/recalbox/share/rom/No-Intro/Commodore - Commodore 64/HES Writer 64 (USA, Europe) (Program).zip</path>
    <name>HES Writer 64 (USA, Europe) (Program)</name>
    <image>/recalbox/share/thumbs/Commodore - 64/Named_Titles/HES Writer 64 (USA, Europe) (Program).png</image>
    <video>/recalbox/share/videos/No-Intro/Commodore - Commodore 64/HES Writer 64 (USA, Europe) (Program).mp4</video>
  </game>
  <game>
    <path>/recalbox/share/rom/No-Intro/Commodore - Commodore 64/Halftime Battlin' Bands (USA, Europe).zip</path>
    <name>Halftime Battlin&apos; Bands (USA, Europe)</name>
    <image>/recalbox/share/thumbs/Commodore - 64/Named_Titles/Halftime Battlin&apos; Bands (USA, Europe).png</image>
    <video>/recalbox/share/videos/No-Intro/Commodore - Commodore 64/Halftime Battlin&apos; Bands (USA, Europe).mp4</video>
  </game>
  <game>
    <path>/recalbox/share/rom/No-Intro/Commodore - Commodore 64/Hyper Harvest (World) (Aftermarket) (Homebrew).zip</path>
    <name>Hyper Harvest (World) (Aftermarket) (Homebrew)</name>
    <image>/recalbox/share/thumbs/Commodore - 64/Named_Titles/Hyper Harvest (World) (Aftermarket) (Homebrew).png</image>
    <video>/recalbox/share/videos/No-Intro/Commodore - Commodore 64/Hyper Harvest (World) (Aftermarket) (Homebrew).mp4</video>
  </game>
  <game>
    <path>/recalbox/share/rom/No-Intro/Commodore - Commodore 64/Hypra-Disk-Modul II (Germany) (Program).zip</path>
    <name>Hypra-Disk-Modul II (Germany) (Program)</name>
    <image>/recalbox/share/thumbs/Commodore - 64/Named_Titles/Hypra-Disk-Modul II (Germany) (Program).png</image>
    <video>/recalbox/share/videos/No-Intro/Commodore - Commodore 64/Hypra-Disk-Modul II (Germany) (Program).mp4</video>
  </game>
  <game>
    <path>/recalbox/share/rom/No-Intro/Commodore - Commodore 64/IEEE-488 (USA, Europe) (Program).zip</path>
    <name>IEEE-488 (USA, Europe) (Program)</name>
    <image>/recalbox/share/thumbs/Commodore - 64/Named_Titles/IEEE-488 (USA, Europe) (Program).png</image>
    <video>/recalbox/share/videos/No-Intro/Commodore - Commodore 64/IEEE-488 (USA, Europe) (Program).mp4</video>
  </game>
  <game>
    <path>/recalbox/share/rom/No-Intro/Commodore - Commodore 64/Infinite Space (World) (Aftermarket) (Homebrew).zip</path>
    <name>Infinite Space (World) (Aftermarket) (Homebrew)</name>
    <image>/recalbox/share/thumbs/Commodore - 64/Named_Titles/Infinite Space (World) (Aftermarket) (Homebrew).png</image>
    <video>/recalbox/share/videos/No-Intro/Commodore - Commodore 64/Infinite Space (World) (Aftermarket) (Homebrew).mp4</video>
  </game>
  <game>
    <path>/recalbox/share/rom/No-Intro/Commodore - Commodore 64/Jack Attack (USA, Europe).zip</path>
    <name>Jack Attack (USA, Europe)</name>
    <image>/recalbox/share/thumbs/Commodore - 64/Named_Titles/Jack Attack (USA, Europe).png</image>
    <video>/recalbox/share/videos/No-Intro/Commodore - Commodore 64/Jack Attack (USA, Europe).mp4</video>
  </game>
  <game>
    <path>/recalbox/share/rom/No-Intro/Commodore - Commodore 64/James Bond 007 (USA, Europe).zip</path>
    <name>James Bond 007 (USA, Europe)</name>
    <image>/recalbox/share/thumbs/Commodore - 64/Named_Titles/James Bond 007 (USA, Europe).png</image>
    <video>/recalbox/share/videos/No-Intro/Commodore - Commodore 64/James Bond 007 (USA, Europe).mp4</video>
  </game>
  <game>
    <path>/recalbox/share/rom/No-Intro/Commodore - Commodore 64/Jawbreaker (USA, Europe).zip</path>
    <name>Jawbreaker (USA, Europe)</name>
    <image>/recalbox/share/thumbs/Commodore - 64/Named_Titles/Jawbreaker (USA, Europe).png</image>
    <video>/recalbox/share/videos/No-Intro/Commodore - Commodore 64/Jawbreaker (USA, Europe).mp4</video>
  </game>
  <game>
    <path>/recalbox/share/rom/No-Intro/Commodore - Commodore 64/Juice! (USA, Europe).zip</path>
    <name>Juice! (USA, Europe)</name>
    <image>/recalbox/share/thumbs/Commodore - 64/Named_Titles/Juice! (USA, Europe).png</image>
    <video>/recalbox/share/videos/No-Intro/Commodore - Commodore 64/Juice! (USA, Europe).mp4</video>
  </game>
  <game>
    <path>/recalbox/share/rom/No-Intro/Commodore - Commodore 64/Jukebox (USA, Europe).zip</path>
    <name>Jukebox (USA, Europe)</name>
    <image>/recalbox/share/thumbs/Commodore - 64/Named_Titles/Jukebox (USA, Europe).png</image>
    <video>/recalbox/share/videos/No-Intro/Commodore - Commodore 64/Jukebox (USA, Europe).mp4</video>
  </game>
  <game>
    <path>/recalbox/share/rom/No-Intro/Commodore - Commodore 64/Jumpman Junior (USA, Europe).zip</path>
    <name>Jumpman Junior (USA, Europe)</name>
    <image>/recalbox/share/thumbs/Commodore - 64/Named_Titles/Jumpman Junior (USA, Europe).png</image>
    <video>/recalbox/share/videos/No-Intro/Commodore - Commodore 64/Jumpman Junior (USA, Europe).mp4</video>
  </game>
  <game>
    <path>/recalbox/share/rom/No-Intro/Commodore - Commodore 64/Jungle Hunt (USA, Europe).zip</path>
    <name>Jungle Hunt (USA, Europe)</name>
    <image>/recalbox/share/thumbs/Commodore - 64/Named_Titles/Jungle Hunt (USA, Europe).png</image>
    <video>/recalbox/share/videos/No-Intro/Commodore - Commodore 64/Jungle Hunt (USA, Europe).mp4</video>
  </game>
  <game>
    <path>/recalbox/share/rom/No-Intro/Commodore - Commodore 64/Jupiter Lander (World) (v02) (MAX).zip</path>
    <name>Jupiter Lander (World) (v02) (MAX)</name>
    <image>/recalbox/share/thumbs/Commodore - 64/Named_Titles/Jupiter Lander (World) (v02) (MAX).png</image>
    <video>/recalbox/share/videos/No-Intro/Commodore - Commodore 64/Jupiter Lander (World) (v02) (MAX).mp4</video>
  </game>
  <game>
    <path>/recalbox/share/rom/No-Intro/Commodore - Commodore 64/Kindercomp (USA, Europe).zip</path>
    <name>Kindercomp (USA, Europe)</name>
    <image>/recalbox/share/thumbs/Commodore - 64/Named_Titles/Kindercomp (USA, Europe).png</image>
    <video>/recalbox/share/videos/No-Intro/Commodore - Commodore 64/Kindercomp (USA, Europe).mp4</video>
  </game>
  <game>
    <path>/recalbox/share/rom/No-Intro/Commodore - Commodore 64/Kung-Fu Master (USA, Europe).zip</path>
    <name>Kung-Fu Master (USA, Europe)</name>
    <image>/recalbox/share/thumbs/Commodore - 64/Named_Titles/Kung-Fu Master (USA, Europe).png</image>
    <video>/recalbox/share/videos/No-Intro/Commodore - Commodore 64/Kung-Fu Master (USA, Europe).mp4</video>
  </game>
  <game>
    <path>/recalbox/share/rom/No-Intro/Commodore - Commodore 64/Lady Pac (World) (Aftermarket) (Homebrew).zip</path>
    <name>Lady Pac (World) (Aftermarket) (Homebrew)</name>
    <image>/recalbox/share/thumbs/Commodore - 64/Named_Titles/Lady Pac (World) (Aftermarket) (Homebrew).png</image>
    <video>/recalbox/share/videos/No-Intro/Commodore - Commodore 64/Lady Pac (World) (Aftermarket) (Homebrew).mp4</video>
  </game>
  <game>
    <path>/recalbox/share/rom/No-Intro/Commodore - Commodore 64/Laser Cycles (USA, Europe).zip</path>
    <name>Laser Cycles (USA, Europe)</name>
    <image>/recalbox/share/thumbs/Commodore - 64/Named_Titles/Laser Cycles (USA, Europe).png</image>
    <video>/recalbox/share/videos/No-Intro/Commodore - Commodore 64/Laser Cycles (USA, Europe).mp4</video>
  </game>
  <game>
    <path>/recalbox/share/rom/No-Intro/Commodore - Commodore 64/Lazarian (USA, Europe).zip</path>
    <name>Lazarian (USA, Europe)</name>
    <image>/recalbox/share/thumbs/Commodore - 64/Named_Titles/Lazarian (USA, Europe).png</image>
    <video>/recalbox/share/videos/No-Intro/Commodore - Commodore 64/Lazarian (USA, Europe).mp4</video>
  </game>
  <game>
    <path>/recalbox/share/rom/No-Intro/Commodore - Commodore 64/Lazer Zone (USA, Europe).zip</path>
    <name>Lazer Zone (USA, Europe)</name>
    <image>/recalbox/share/thumbs/Commodore - 64/Named_Titles/Lazer Zone (USA, Europe).png</image>
    <video>/recalbox/share/videos/No-Intro/Commodore - Commodore 64/Lazer Zone (USA, Europe).mp4</video>
  </game>
  <game>
    <path>/recalbox/share/rom/No-Intro/Commodore - Commodore 64/LeMans (USA, Europe) (MAX).zip</path>
    <name>LeMans (USA, Europe) (MAX)</name>
    <image>/recalbox/share/thumbs/Commodore - 64/Named_Titles/LeMans (USA, Europe) (MAX).png</image>
    <video>/recalbox/share/videos/No-Intro/Commodore - Commodore 64/LeMans (USA, Europe) (MAX).mp4</video>
  </game>
  <game>
    <path>/recalbox/share/rom/No-Intro/Commodore - Commodore 64/Learning with Leeper (USA, Europe).zip</path>
    <name>Learning with Leeper (USA, Europe)</name>
    <image>/recalbox/share/thumbs/Commodore - 64/Named_Titles/Learning with Leeper (USA, Europe).png</image>
    <video>/recalbox/share/videos/No-Intro/Commodore - Commodore 64/Learning with Leeper (USA, Europe).mp4</video>
  </game>
  <game>
    <path>/recalbox/share/rom/No-Intro/Commodore - Commodore 64/Lode Runner (USA, Europe).zip</path>
    <name>Lode Runner (USA, Europe)</name>
    <image>/recalbox/share/thumbs/Commodore - 64/Named_Titles/Lode Runner (USA, Europe).png</image>
    <video>/recalbox/share/videos/No-Intro/Commodore - Commodore 64/Lode Runner (USA, Europe).mp4</video>
  </game>
  <game>
    <path>/recalbox/share/rom/No-Intro/Commodore - Commodore 64/Lunar Leeper (USA, Europe).zip</path>
    <name>Lunar Leeper (USA, Europe)</name>
    <image>/recalbox/share/thumbs/Commodore - 64/Named_Titles/Lunar Leeper (USA, Europe).png</image>
    <video>/recalbox/share/videos/No-Intro/Commodore - Commodore 64/Lunar Leeper (USA, Europe).mp4</video>
  </game>
  <game>
    <path>/recalbox/share/rom/No-Intro/Commodore - Commodore 64/MAX BASIC (Japan) (MAX).zip</path>
    <name>MAX BASIC (Japan) (MAX)</name>
    <image>/recalbox/share/thumbs/Commodore - 64/Named_Titles/MAX BASIC (Japan) (MAX).png</image>
    <video>/recalbox/share/videos/No-Intro/Commodore - Commodore 64/MAX BASIC (Japan) (MAX).mp4</video>
  </game>
  <game>
    <path>/recalbox/share/rom/No-Intro/Commodore - Commodore 64/Magic Formel (USA, Europe) (v1.2) (Program).zip</path>
    <name>Magic Formel (USA, Europe) (v1.2) (Program)</name>
    <image>/recalbox/share/thumbs/Commodore - 64/Named_Titles/Magic Formel (USA, Europe) (v1.2) (Program).png</image>
    <video>/recalbox/share/videos/No-Intro/Commodore - Commodore 64/Magic Formel (USA, Europe) (v1.2) (Program).mp4</video>
  </game>
  <game>
    <path>/recalbox/share/rom/No-Intro/Commodore - Commodore 64/Magic Voice (USA, Europe) (Program).zip</path>
    <name>Magic Voice (USA, Europe) (Program)</name>
    <image>/recalbox/share/thumbs/Commodore - 64/Named_Titles/Magic Voice (USA, Europe) (Program).png</image>
    <video>/recalbox/share/videos/No-Intro/Commodore - Commodore 64/Magic Voice (USA, Europe) (Program).mp4</video>
  </game>
  <game>
    <path>/recalbox/share/rom/No-Intro/Commodore - Commodore 64/Mario's Brewery (USA, Europe).zip</path>
    <name>Mario&apos;s Brewery (USA, Europe)</name>
    <image>/recalbox/share/thumbs/Commodore - 64/Named_Titles/Mario&apos;s Brewery (USA, Europe).png</image>
    <video>/recalbox/share/videos/No-Intro/Commodore - Commodore 64/Mario&apos;s Brewery (USA, Europe).mp4</video>
  </game>
  <game>
    <path>/recalbox/share/rom/No-Intro/Commodore - Commodore 64/Maze Man (USA, Europe).zip</path>
    <name>Maze Man (USA, Europe)</name>
    <image>/recalbox/share/thumbs/Commodore - 64/Named_Titles/Maze Man (USA, Europe).png</image>
    <video>/recalbox/share/videos/No-Intro/Commodore - Commodore 64/Maze Man (USA, Europe).mp4</video>
  </game>
  <game>
    <path>/recalbox/share/rom/No-Intro/Commodore - Commodore 64/Maze Master (USA, Europe).zip</path>
    <name>Maze Master (USA, Europe)</name>
    <image>/recalbox/share/thumbs/Commodore - 64/Named_Titles/Maze Master (USA, Europe).png</image>
    <video>/recalbox/share/videos/No-Intro/Commodore - Commodore 64/Maze Master (USA, Europe).mp4</video>
  </game>
  <game>
    <path>/recalbox/share/rom/No-Intro/Commodore - Commodore 64/Merge 64 (World) (Aftermarket) (Homebrew).zip</path>
    <name>Merge 64 (World) (Aftermarket) (Homebrew)</name>
    <image>/recalbox/share/thumbs/Commodore - 64/Named_Titles/Merge 64 (World) (Aftermarket) (Homebrew).png</image>
    <video>/recalbox/share/videos/No-Intro/Commodore - Commodore 64/Merge 64 (World) (Aftermarket) (Homebrew).mp4</video>
  </game>
  <game>
    <path>/recalbox/share/rom/No-Intro/Commodore - Commodore 64/Miner 2049er Starring Bounty Bob (USA, Europe).zip</path>
    <name>Miner 2049er Starring Bounty Bob (USA, Europe)</name>
    <image>/recalbox/share/thumbs/Commodore - 64/Named_Titles/Miner 2049er Starring Bounty Bob (USA, Europe).png</image>
    <video>/recalbox/share/videos/No-Intro/Commodore - Commodore 64/Miner 2049er Starring Bounty Bob (USA, Europe).mp4</video>
  </game>
  <game>
    <path>/recalbox/share/rom/No-Intro/Commodore - Commodore 64/Minnesota Fat's Pool Challenger (USA).zip</path>
    <name>Minnesota Fat&apos;s Pool Challenger (USA)</name>
    <image>/recalbox/share/thumbs/Commodore - 64/Named_Titles/Minnesota Fat&apos;s Pool Challenger (USA).png</image>
    <video>/recalbox/share/videos/No-Intro/Commodore - Commodore 64/Minnesota Fat&apos;s Pool Challenger (USA).mp4</video>
  </game>
  <game>
    <path>/recalbox/share/rom/No-Intro/Commodore - Commodore 64/Mole Attack (Japan) (v01) (MAX).zip</path>
    <name>Mole Attack (Japan) (v01) (MAX)</name>
    <image>/recalbox/share/thumbs/Commodore - 64/Named_Titles/Mole Attack (Japan) (v01) (MAX).png</image>
    <video>/recalbox/share/videos/No-Intro/Commodore - Commodore 64/Mole Attack (Japan) (v01) (MAX).mp4</video>
  </game>
  <game>
    <path>/recalbox/share/rom/No-Intro/Commodore - Commodore 64/Money Wars (Japan) (v01) (MAX).zip</path>
    <name>Money Wars (Japan) (v01) (MAX)</name>
    <image>/recalbox/share/thumbs/Commodore - 64/Named_Titles/Money Wars (Japan) (v01) (MAX).png</image>
    <video>/recalbox/share/videos/No-Intro/Commodore - Commodore 64/Money Wars (Japan) (v01) (MAX).mp4</video>
  </game>
  <game>
    <path>/recalbox/share/rom/No-Intro/Commodore - Commodore 64/Moon Patrol (USA, Europe).zip</path>
    <name>Moon Patrol (USA, Europe)</name>
    <image>/recalbox/share/thumbs/Commodore - 64/Named_Titles/Moon Patrol (USA, Europe).png</image>
    <video>/recalbox/share/videos/No-Intro/Commodore - Commodore 64/Moon Patrol (USA, Europe).mp4</video>
  </game>
  <game>
    <path>/recalbox/share/rom/No-Intro/Commodore - Commodore 64/Motor Mania (USA, Europe).zip</path>
    <name>Motor Mania (USA, Europe)</name>
    <image>/recalbox/share/thumbs/Commodore - 64/Named_Titles/Motor Mania (USA, Europe).png</image>
    <video>/recalbox/share/videos/No-Intro/Commodore - Commodore 64/Motor Mania (USA, Europe).mp4</video>
  </game>
  <game>
    <path>/recalbox/share/rom/No-Intro/Commodore - Commodore 64/Mountain King (USA, Europe).zip</path>
    <name>Mountain King (USA, Europe)</name>
    <image>/recalbox/share/thumbs/Commodore - 64/Named_Titles/Mountain King (USA, Europe).png</image>
    <video>/recalbox/share/videos/No-Intro/Commodore - Commodore 64/Mountain King (USA, Europe).mp4</video>
  </game>
  <game>
    <path>/recalbox/share/rom/No-Intro/Commodore - Commodore 64/Movie Musical Madness Starring the Jazz Scats (USA, Europe).zip</path>
    <name>Movie Musical Madness Starring the Jazz Scats (USA, Europe)</name>
    <image>/recalbox/share/thumbs/Commodore - 64/Named_Titles/Movie Musical Madness Starring the Jazz Scats (USA, Europe).png</image>
    <video>/recalbox/share/videos/No-Intro/Commodore - Commodore 64/Movie Musical Madness Starring the Jazz Scats (USA, Europe).mp4</video>
  </game>
  <game>
    <path>/recalbox/share/rom/No-Intro/Commodore - Commodore 64/Mr. Cool (USA, Europe).zip</path>
    <name>Mr. Cool (USA, Europe)</name>
    <image>/recalbox/share/thumbs/Commodore - 64/Named_Titles/Mr. Cool (USA, Europe).png</image>
    <video>/recalbox/share/videos/No-Intro/Commodore - Commodore 64/Mr. Cool (USA, Europe).mp4</video>
  </game>
  <game>
    <path>/recalbox/share/rom/No-Intro/Commodore - Commodore 64/Mr. TNT (USA, Europe).zip</path>
    <name>Mr. TNT (USA, Europe)</name>
    <image>/recalbox/share/thumbs/Commodore - 64/Named_Titles/Mr. TNT (USA, Europe).png</image>
    <video>/recalbox/share/videos/No-Intro/Commodore - Commodore 64/Mr. TNT (USA, Europe).mp4</video>
  </game>
  <game>
    <path>/recalbox/share/rom/No-Intro/Commodore - Commodore 64/Ms. Pac-Man (USA, Europe).zip</path>
    <name>Ms. Pac-Man (USA, Europe)</name>
    <image>/recalbox/share/thumbs/Commodore - 64/Named_Titles/Ms. Pac-Man (USA, Europe).png</image>
    <video>/recalbox/share/videos/No-Intro/Commodore - Commodore 64/Ms. Pac-Man (USA, Europe).mp4</video>
  </game>
  <game>
    <path>/recalbox/share/rom/No-Intro/Commodore - Commodore 64/Music Composer (World) (MAX).zip</path>
    <name>Music Composer (World) (MAX)</name>
    <image>/recalbox/share/thumbs/Commodore - 64/Named_Titles/Music Composer (World) (MAX).png</image>
    <video>/recalbox/share/videos/No-Intro/Commodore - Commodore 64/Music Composer (World) (MAX).mp4</video>
  </game>
  <game>
    <path>/recalbox/share/rom/No-Intro/Commodore - Commodore 64/Myth (Europe).zip</path>
    <name>Myth (Europe)</name>
    <image>/recalbox/share/thumbs/Commodore - 64/Named_Titles/Myth (Europe).png</image>
    <video>/recalbox/share/videos/No-Intro/Commodore - Commodore 64/Myth (Europe).mp4</video>
  </game>
  <game>
    <path>/recalbox/share/rom/No-Intro/Commodore - Commodore 64/Narco Police (USA, Europe).zip</path>
    <name>Narco Police (USA, Europe)</name>
    <image>/recalbox/share/thumbs/Commodore - 64/Named_Titles/Narco Police (USA, Europe).png</image>
    <video>/recalbox/share/videos/No-Intro/Commodore - Commodore 64/Narco Police (USA, Europe).mp4</video>
  </game>
  <game>
    <path>/recalbox/share/rom/No-Intro/Commodore - Commodore 64/Navy SEALs (Europe).zip</path>
    <name>Navy SEALs (Europe)</name>
    <image>/recalbox/share/thumbs/Commodore - 64/Named_Titles/Navy SEALs (Europe).png</image>
    <video>/recalbox/share/videos/No-Intro/Commodore - Commodore 64/Navy SEALs (Europe).mp4</video>
  </game>
  <game>
    <path>/recalbox/share/rom/No-Intro/Commodore - Commodore 64/Ninja Remix (USA, Europe).zip</path>
    <name>Ninja Remix (USA, Europe)</name>
    <image>/recalbox/share/thumbs/Commodore - 64/Named_Titles/Ninja Remix (USA, Europe).png</image>
    <video>/recalbox/share/videos/No-Intro/Commodore - Commodore 64/Ninja Remix (USA, Europe).mp4</video>
  </game>
  <game>
    <path>/recalbox/share/rom/No-Intro/Commodore - Commodore 64/Nordic Power Action Cartridge (USA, Europe) (v7.2) (Program).zip</path>
    <name>Nordic Power Action Cartridge (USA, Europe) (v7.2) (Program)</name>
    <image>/recalbox/share/thumbs/Commodore - 64/Named_Titles/Nordic Power Action Cartridge (USA, Europe) (v7.2) (Program).png</image>
    <video>/recalbox/share/videos/No-Intro/Commodore - Commodore 64/Nordic Power Action Cartridge (USA, Europe) (v7.2) (Program).mp4</video>
  </game>
  <game>
    <path>/recalbox/share/rom/No-Intro/Commodore - Commodore 64/Nova Blast (USA, Europe).zip</path>
    <name>Nova Blast (USA, Europe)</name>
    <image>/recalbox/share/thumbs/Commodore - 64/Named_Titles/Nova Blast (USA, Europe).png</image>
    <video>/recalbox/share/videos/No-Intro/Commodore - Commodore 64/Nova Blast (USA, Europe).mp4</video>
  </game>
  <game>
    <path>/recalbox/share/rom/No-Intro/Commodore - Commodore 64/Number Nabber, Shape Grabber (USA, Europe).zip</path>
    <name>Number Nabber, Shape Grabber (USA, Europe)</name>
    <image>/recalbox/share/thumbs/Commodore - 64/Named_Titles/Number Nabber, Shape Grabber (USA, Europe).png</image>
    <video>/recalbox/share/videos/No-Intro/Commodore - Commodore 64/Number Nabber, Shape Grabber (USA, Europe).mp4</video>
  </game>
  <game>
    <path>/recalbox/share/rom/No-Intro/Commodore - Commodore 64/Number Tumblers (USA, Europe).zip</path>
    <name>Number Tumblers (USA, Europe)</name>
    <image>/recalbox/share/thumbs/Commodore - 64/Named_Titles/Number Tumblers (USA, Europe).png</image>
    <video>/recalbox/share/videos/No-Intro/Commodore - Commodore 64/Number Tumblers (USA, Europe).mp4</video>
  </game>
  <game>
    <path>/recalbox/share/rom/No-Intro/Commodore - Commodore 64/Oil's Well (USA, Europe).zip</path>
    <name>Oil&apos;s Well (USA, Europe)</name>
    <image>/recalbox/share/thumbs/Commodore - 64/Named_Titles/Oil&apos;s Well (USA, Europe).png</image>
    <video>/recalbox/share/videos/No-Intro/Commodore - Commodore 64/Oil&apos;s Well (USA, Europe).mp4</video>
  </game>
  <game>
    <path>/recalbox/share/rom/No-Intro/Commodore - Commodore 64/Omega Race (Japan) (v02) (MAX).zip</path>
    <name>Omega Race (Japan) (v02) (MAX)</name>
    <image>/recalbox/share/thumbs/Commodore - 64/Named_Titles/Omega Race (Japan) (v02) (MAX).png</image>
    <video>/recalbox/share/videos/No-Intro/Commodore - Commodore 64/Omega Race (Japan) (v02) (MAX).mp4</video>
  </game>
  <game>
    <path>/recalbox/share/rom/No-Intro/Commodore - Commodore 64/Omega Race (USA, Europe).zip</path>
    <name>Omega Race (USA, Europe)</name>
    <image>/recalbox/share/thumbs/Commodore - 64/Named_Titles/Omega Race (USA, Europe).png</image>
    <video>/recalbox/share/videos/No-Intro/Commodore - Commodore 64/Omega Race (USA, Europe).mp4</video>
  </game>
  <game>
    <path>/recalbox/share/rom/No-Intro/Commodore - Commodore 64/Pac-Man (USA, Europe).zip</path>
    <name>Pac-Man (USA, Europe)</name>
    <image>/recalbox/share/thumbs/Commodore - 64/Named_Titles/Pac-Man (USA, Europe).png</image>
    <video>/recalbox/share/videos/No-Intro/Commodore - Commodore 64/Pac-Man (USA, Europe).mp4</video>
  </game>
  <game>
    <path>/recalbox/share/rom/No-Intro/Commodore - Commodore 64/Pacman (World) (Aftermarket) (Homebrew).zip</path>
    <name>Pacman (World) (Aftermarket) (Homebrew)</name>
    <image>/recalbox/share/thumbs/Commodore - 64/Named_Titles/Pacman (World) (Aftermarket) (Homebrew).png</image>
    <video>/recalbox/share/videos/No-Intro/Commodore - Commodore 64/Pacman (World) (Aftermarket) (Homebrew).mp4</video>
  </game>
  <game>
    <path>/recalbox/share/rom/No-Intro/Commodore - Commodore 64/Pagefox (Finland) (Program).zip</path>
    <name>Pagefox (Finland) (Program)</name>
    <image>/recalbox/share/thumbs/Commodore - 64/Named_Titles/Pagefox (Finland) (Program).png</image>
    <video>/recalbox/share/videos/No-Intro/Commodore - Commodore 64/Pagefox (Finland) (Program).mp4</video>
  </game>
  <game>
    <path>/recalbox/share/rom/No-Intro/Commodore - Commodore 64/Paint Brush (USA, Europe).zip</path>
    <name>Paint Brush (USA, Europe)</name>
    <image>/recalbox/share/thumbs/Commodore - 64/Named_Titles/Paint Brush (USA, Europe).png</image>
    <video>/recalbox/share/videos/No-Intro/Commodore - Commodore 64/Paint Brush (USA, Europe).mp4</video>
  </game>
  <game>
    <path>/recalbox/share/rom/No-Intro/Commodore - Commodore 64/Pancho (France).zip</path>
    <name>Pancho (France)</name>
    <image>/recalbox/share/thumbs/Commodore - 64/Named_Titles/Pancho (France).png</image>
    <video>/recalbox/share/videos/No-Intro/Commodore - Commodore 64/Pancho (France).mp4</video>
  </game>
  <game>
    <path>/recalbox/share/rom/No-Intro/Commodore - Commodore 64/Pang (Europe).zip</path>
    <name>Pang (Europe)</name>
    <image>/recalbox/share/thumbs/Commodore - 64/Named_Titles/Pang (Europe).png</image>
    <video>/recalbox/share/videos/No-Intro/Commodore - Commodore 64/Pang (Europe).mp4</video>
  </game>
  <game>
    <path>/recalbox/share/rom/No-Intro/Commodore - Commodore 64/Paper Planes (World) (Aftermarket) (Homebrew).zip</path>
    <name>Paper Planes (World) (Aftermarket) (Homebrew)</name>
    <image>/recalbox/share/thumbs/Commodore - 64/Named_Titles/Paper Planes (World) (Aftermarket) (Homebrew).png</image>
    <video>/recalbox/share/videos/No-Intro/Commodore - Commodore 64/Paper Planes (World) (Aftermarket) (Homebrew).mp4</video>
  </game>
  <game>
    <path>/recalbox/share/rom/No-Intro/Commodore - Commodore 64/Pastfinder (USA, Europe).zip</path>
    <name>Pastfinder (USA, Europe)</name>
    <image>/recalbox/share/thumbs/Commodore - 64/Named_Titles/Pastfinder (USA, Europe).png</image>
    <video>/recalbox/share/videos/No-Intro/Commodore - Commodore 64/Pastfinder (USA, Europe).mp4</video>
  </game>
  <game>
    <path>/recalbox/share/rom/No-Intro/Commodore - Commodore 64/Peanut Butter Panic (USA, Europe).zip</path>
    <name>Peanut Butter Panic (USA, Europe)</name>
    <image>/recalbox/share/thumbs/Commodore - 64/Named_Titles/Peanut Butter Panic (USA, Europe).png</image>
    <video>/recalbox/share/videos/No-Intro/Commodore - Commodore 64/Peanut Butter Panic (USA, Europe).mp4</video>
  </game>
  <game>
    <path>/recalbox/share/rom/No-Intro/Commodore - Commodore 64/Pillars (World) (v2.00) (Aftermarket) (Homebrew).zip</path>
    <name>Pillars (World) (v2.00) (Aftermarket) (Homebrew)</name>
    <image>/recalbox/share/thumbs/Commodore - 64/Named_Titles/Pillars (World) (v2.00) (Aftermarket) (Homebrew).png</image>
    <video>/recalbox/share/videos/No-Intro/Commodore - Commodore 64/Pillars (World) (v2.00) (Aftermarket) (Homebrew).mp4</video>
  </game>
  <game>
    <path>/recalbox/share/rom/No-Intro/Commodore - Commodore 64/Pinball Spectacular (World) (MAX).zip</path>
    <name>Pinball Spectacular (World) (MAX)</name>
    <image>/recalbox/share/thumbs/Commodore - 64/Named_Titles/Pinball Spectacular (World) (MAX).png</image>
    <video>/recalbox/share/videos/No-Intro/Commodore - Commodore 64/Pinball Spectacular (World) (MAX).mp4</video>
  </game>
  <game>
    <path>/recalbox/share/rom/No-Intro/Commodore - Commodore 64/Pipes (USA, Europe).zip</path>
    <name>Pipes (USA, Europe)</name>
    <image>/recalbox/share/thumbs/Commodore - 64/Named_Titles/Pipes (USA, Europe).png</image>
    <video>/recalbox/share/videos/No-Intro/Commodore - Commodore 64/Pipes (USA, Europe).mp4</video>
  </game>
  <game>
    <path>/recalbox/share/rom/No-Intro/Commodore - Commodore 64/Pit, The (USA, Europe).zip</path>
    <name>Pit, The (USA, Europe)</name>
    <image>/recalbox/share/thumbs/Commodore - 64/Named_Titles/Pit, The (USA, Europe).png</image>
    <video>/recalbox/share/videos/No-Intro/Commodore - Commodore 64/Pit, The (USA, Europe).mp4</video>
  </game>
  <game>
    <path>/recalbox/share/rom/No-Intro/Commodore - Commodore 64/Pitfall II - Lost Caverns (USA, Europe).zip</path>
    <name>Pitfall II - Lost Caverns (USA, Europe)</name>
    <image>/recalbox/share/thumbs/Commodore - 64/Named_Titles/Pitfall II - Lost Caverns (USA, Europe).png</image>
    <video>/recalbox/share/videos/No-Intro/Commodore - Commodore 64/Pitfall II - Lost Caverns (USA, Europe).mp4</video>
  </game>
  <game>
    <path>/recalbox/share/rom/No-Intro/Commodore - Commodore 64/Pitfall! (USA, Europe).zip</path>
    <name>Pitfall! (USA, Europe)</name>
    <image>/recalbox/share/thumbs/Commodore - 64/Named_Titles/Pitfall! (USA, Europe).png</image>
    <video>/recalbox/share/videos/No-Intro/Commodore - Commodore 64/Pitfall! (USA, Europe).mp4</video>
  </game>
  <game>
    <path>/recalbox/share/rom/No-Intro/Commodore - Commodore 64/Pitstop (USA, Europe).zip</path>
    <name>Pitstop (USA, Europe)</name>
    <image>/recalbox/share/thumbs/Commodore - 64/Named_Titles/Pitstop (USA, Europe).png</image>
    <video>/recalbox/share/videos/No-Intro/Commodore - Commodore 64/Pitstop (USA, Europe).mp4</video>
  </game>
  <game>
    <path>/recalbox/share/rom/No-Intro/Commodore - Commodore 64/Popeye (USA, Europe).zip</path>
    <name>Popeye (USA, Europe)</name>
    <image>/recalbox/share/thumbs/Commodore - 64/Named_Titles/Popeye (USA, Europe).png</image>
    <video>/recalbox/share/videos/No-Intro/Commodore - Commodore 64/Popeye (USA, Europe).mp4</video>
  </game>
  <game>
    <path>/recalbox/share/rom/No-Intro/Commodore - Commodore 64/Power Cartridge (USA, Europe) (Program).zip</path>
    <name>Power Cartridge (USA, Europe) (Program)</name>
    <image>/recalbox/share/thumbs/Commodore - 64/Named_Titles/Power Cartridge (USA, Europe) (Program).png</image>
    <video>/recalbox/share/videos/No-Intro/Commodore - Commodore 64/Power Cartridge (USA, Europe) (Program).mp4</video>
  </game>
  <game>
    <path>/recalbox/share/rom/No-Intro/Commodore - Commodore 64/Princess and the Frog (USA, Europe).zip</path>
    <name>Princess and the Frog (USA, Europe)</name>
    <image>/recalbox/share/thumbs/Commodore - 64/Named_Titles/Princess and the Frog (USA, Europe).png</image>
    <video>/recalbox/share/videos/No-Intro/Commodore - Commodore 64/Princess and the Frog (USA, Europe).mp4</video>
  </game>
  <game>
    <path>/recalbox/share/rom/No-Intro/Commodore - Commodore 64/Q-bert (USA, Europe).zip</path>
    <name>Q-bert (USA, Europe)</name>
    <image>/recalbox/share/thumbs/Commodore - 64/Named_Titles/Q-bert (USA, Europe).png</image>
    <video>/recalbox/share/videos/No-Intro/Commodore - Commodore 64/Q-bert (USA, Europe).mp4</video>
  </game>
  <game>
    <path>/recalbox/share/rom/No-Intro/Commodore - Commodore 64/REX-Ramfloppy (USA, Europe) (v4.0) (Program).zip</path>
    <name>REX-Ramfloppy (USA, Europe) (v4.0) (Program)</name>
    <image>/recalbox/share/thumbs/Commodore - 64/Named_Titles/REX-Ramfloppy (USA, Europe) (v4.0) (Program).png</image>
    <video>/recalbox/share/videos/No-Intro/Commodore - Commodore 64/REX-Ramfloppy (USA, Europe) (v4.0) (Program).mp4</video>
  </game>
  <game>
    <path>/recalbox/share/rom/No-Intro/Commodore - Commodore 64/Rack 'em Up! (USA, Europe).zip</path>
    <name>Rack &apos;em Up! (USA, Europe)</name>
    <image>/recalbox/share/thumbs/Commodore - 64/Named_Titles/Rack &apos;em Up! (USA, Europe).png</image>
    <video>/recalbox/share/videos/No-Intro/Commodore - Commodore 64/Rack &apos;em Up! (USA, Europe).mp4</video>
  </game>
  <game>
    <path>/recalbox/share/rom/No-Intro/Commodore - Commodore 64/Radar Rat Race (Japan) (v02) (MAX) (Alt).zip</path>
    <name>Radar Rat Race (Japan) (v02) (MAX) (Alt)</name>
    <image>/recalbox/share/thumbs/Commodore - 64/Named_Titles/Radar Rat Race (Japan) (v02) (MAX) (Alt).png</image>
    <video>/recalbox/share/videos/No-Intro/Commodore - Commodore 64/Radar Rat Race (Japan) (v02) (MAX) (Alt).mp4</video>
  </game>
  <game>
    <path>/recalbox/share/rom/No-Intro/Commodore - Commodore 64/Radar Rat Race (Japan) (v02) (MAX).zip</path>
    <name>Radar Rat Race (Japan) (v02) (MAX)</name>
    <image>/recalbox/share/thumbs/Commodore - 64/Named_Titles/Radar Rat Race (Japan) (v02) (MAX).png</image>
    <video>/recalbox/share/videos/No-Intro/Commodore - Commodore 64/Radar Rat Race (Japan) (v02) (MAX).mp4</video>
  </game>
  <game>
    <path>/recalbox/share/rom/No-Intro/Commodore - Commodore 64/Rechenlowe, Der - Fit in Addition und Subtraktion - 3.-4. Schuljahr (Germany).zip</path>
    <name>Rechenlowe, Der - Fit in Addition und Subtraktion - 3.-4. Schuljahr (Germany)</name>
    <image>/recalbox/share/thumbs/Commodore - 64/Named_Titles/Rechenlowe, Der - Fit in Addition und Subtraktion - 3.-4. Schuljahr (Germany).png</image>
    <video>/recalbox/share/videos/No-Intro/Commodore - Commodore 64/Rechenlowe, Der - Fit in Addition und Subtraktion - 3.-4. Schuljahr (Germany).mp4</video>
  </game>
  <game>
    <path>/recalbox/share/rom/No-Intro/Commodore - Commodore 64/Rechenlowe, Der - Fit in Multiplikation und Division - 2.-3. Schuljahr (Germany).zip</path>
    <name>Rechenlowe, Der - Fit in Multiplikation und Division - 2.-3. Schuljahr (Germany)</name>
    <image>/recalbox/share/thumbs/Commodore - 64/Named_Titles/Rechenlowe, Der - Fit in Multiplikation und Division - 2.-3. Schuljahr (Germany).png</image>
    <video>/recalbox/share/videos/No-Intro/Commodore - Commodore 64/Rechenlowe, Der - Fit in Multiplikation und Division - 2.-3. Schuljahr (Germany).mp4</video>
  </game>
  <game>
    <path>/recalbox/share/rom/No-Intro/Commodore - Commodore 64/Rechenlowe, Der - Fit in Multiplikation und Division - 3.-4. Schuljahr (Germany).zip</path>
    <name>Rechenlowe, Der - Fit in Multiplikation und Division - 3.-4. Schuljahr (Germany)</name>
    <image>/recalbox/share/thumbs/Commodore - 64/Named_Titles/Rechenlowe, Der - Fit in Multiplikation und Division - 3.-4. Schuljahr (Germany).png</image>
    <video>/recalbox/share/videos/No-Intro/Commodore - Commodore 64/Rechenlowe, Der - Fit in Multiplikation und Division - 3.-4. Schuljahr (Germany).mp4</video>
  </game>
  <game>
    <path>/recalbox/share/rom/No-Intro/Commodore - Commodore 64/Retro Ball (USA, Europe).zip</path>
    <name>Retro Ball (USA, Europe)</name>
    <image>/recalbox/share/thumbs/Commodore - 64/Named_Titles/Retro Ball (USA, Europe).png</image>
    <video>/recalbox/share/videos/No-Intro/Commodore - Commodore 64/Retro Ball (USA, Europe).mp4</video>
  </game>
  <game>
    <path>/recalbox/share/rom/No-Intro/Commodore - Commodore 64/River Raid (USA, Europe).zip</path>
    <name>River Raid (USA, Europe)</name>
    <image>/recalbox/share/thumbs/Commodore - 64/Named_Titles/River Raid (USA, Europe).png</image>
    <video>/recalbox/share/videos/No-Intro/Commodore - Commodore 64/River Raid (USA, Europe).mp4</video>
  </game>
  <game>
    <path>/recalbox/share/rom/No-Intro/Commodore - Commodore 64/Road Race (Japan) (v02) (MAX).zip</path>
    <name>Road Race (Japan) (v02) (MAX)</name>
    <image>/recalbox/share/thumbs/Commodore - 64/Named_Titles/Road Race (Japan) (v02) (MAX).png</image>
    <video>/recalbox/share/videos/No-Intro/Commodore - Commodore 64/Road Race (Japan) (v02) (MAX).mp4</video>
  </game>
  <game>
    <path>/recalbox/share/rom/No-Intro/Commodore - Commodore 64/RoboCop 2 (Europe).zip</path>
    <name>RoboCop 2 (Europe)</name>
    <image>/recalbox/share/thumbs/Commodore - 64/Named_Titles/RoboCop 2 (Europe).png</image>
    <video>/recalbox/share/videos/No-Intro/Commodore - Commodore 64/RoboCop 2 (Europe).mp4</video>
  </game>
  <game>
    <path>/recalbox/share/rom/No-Intro/Commodore - Commodore 64/Robotron - 2084 (USA, Europe).zip</path>
    <name>Robotron - 2084 (USA, Europe)</name>
    <image>/recalbox/share/thumbs/Commodore - 64/Named_Titles/Robotron - 2084 (USA, Europe).png</image>
    <video>/recalbox/share/videos/No-Intro/Commodore - Commodore 64/Robotron - 2084 (USA, Europe).mp4</video>
  </game>
  <game>
    <path>/recalbox/share/rom/No-Intro/Commodore - Commodore 64/Rootin' Tootin' (USA, Europe).zip</path>
    <name>Rootin&apos; Tootin&apos; (USA, Europe)</name>
    <image>/recalbox/share/thumbs/Commodore - 64/Named_Titles/Rootin&apos; Tootin&apos; (USA, Europe).png</image>
    <video>/recalbox/share/videos/No-Intro/Commodore - Commodore 64/Rootin&apos; Tootin&apos; (USA, Europe).mp4</video>
  </game>
  <game>
    <path>/recalbox/share/rom/No-Intro/Commodore - Commodore 64/Sales Cartridge (USA, Europe).zip</path>
    <name>Sales Cartridge (USA, Europe)</name>
    <image>/recalbox/share/thumbs/Commodore - 64/Named_Titles/Sales Cartridge (USA, Europe).png</image>
    <video>/recalbox/share/videos/No-Intro/Commodore - Commodore 64/Sales Cartridge (USA, Europe).mp4</video>
  </game>
  <game>
    <path>/recalbox/share/rom/No-Intro/Commodore - Commodore 64/Satan (USA, Europe).zip</path>
    <name>Satan (USA, Europe)</name>
    <image>/recalbox/share/thumbs/Commodore - 64/Named_Titles/Satan (USA, Europe).png</image>
    <video>/recalbox/share/videos/No-Intro/Commodore - Commodore 64/Satan (USA, Europe).mp4</video>
  </game>
  <game>
    <path>/recalbox/share/rom/No-Intro/Commodore - Commodore 64/Sea Wolf (USA, Europe) (MAX).zip</path>
    <name>Sea Wolf (USA, Europe) (MAX)</name>
    <image>/recalbox/share/thumbs/Commodore - 64/Named_Titles/Sea Wolf (USA, Europe) (MAX).png</image>
    <video>/recalbox/share/videos/No-Intro/Commodore - Commodore 64/Sea Wolf (USA, Europe) (MAX).mp4</video>
  </game>
  <game>
    <path>/recalbox/share/rom/No-Intro/Commodore - Commodore 64/Seafox (USA, Europe).zip</path>
    <name>Seafox (USA, Europe)</name>
    <image>/recalbox/share/thumbs/Commodore - 64/Named_Titles/Seafox (USA, Europe).png</image>
    <video>/recalbox/share/videos/No-Intro/Commodore - Commodore 64/Seafox (USA, Europe).mp4</video>
  </game>
  <game>
    <path>/recalbox/share/rom/No-Intro/Commodore - Commodore 64/Serpentine (USA, Europe).zip</path>
    <name>Serpentine (USA, Europe)</name>
    <image>/recalbox/share/thumbs/Commodore - 64/Named_Titles/Serpentine (USA, Europe).png</image>
    <video>/recalbox/share/videos/No-Intro/Commodore - Commodore 64/Serpentine (USA, Europe).mp4</video>
  </game>
  <game>
    <path>/recalbox/share/rom/No-Intro/Commodore - Commodore 64/Sesame Street - Letter-Go-Round (USA, Europe).zip</path>
    <name>Sesame Street - Letter-Go-Round (USA, Europe)</name>
    <image>/recalbox/share/thumbs/Commodore - 64/Named_Titles/Sesame Street - Letter-Go-Round (USA, Europe).png</image>
    <video>/recalbox/share/videos/No-Intro/Commodore - Commodore 64/Sesame Street - Letter-Go-Round (USA, Europe).mp4</video>
  </game>
  <game>
    <path>/recalbox/share/rom/No-Intro/Commodore - Commodore 64/Shadow of the Beast (Europe).zip</path>
    <name>Shadow of the Beast (Europe)</name>
    <image>/recalbox/share/thumbs/Commodore - 64/Named_Titles/Shadow of the Beast (Europe).png</image>
    <video>/recalbox/share/videos/No-Intro/Commodore - Commodore 64/Shadow of the Beast (Europe).mp4</video>
  </game>
  <game>
    <path>/recalbox/share/rom/No-Intro/Commodore - Commodore 64/Simons' BASIC (USA, Europe) (Program).zip</path>
    <name>Simons&apos; BASIC (USA, Europe) (Program)</name>
    <image>/recalbox/share/thumbs/Commodore - 64/Named_Titles/Simons&apos; BASIC (USA, Europe) (Program).png</image>
    <video>/recalbox/share/videos/No-Intro/Commodore - Commodore 64/Simons&apos; BASIC (USA, Europe) (Program).mp4</video>
  </game>
  <game>
    <path>/recalbox/share/rom/No-Intro/Commodore - Commodore 64/Song Maker (USA, Europe).zip</path>
    <name>Song Maker (USA, Europe)</name>
    <image>/recalbox/share/thumbs/Commodore - 64/Named_Titles/Song Maker (USA, Europe).png</image>
    <video>/recalbox/share/videos/No-Intro/Commodore - Commodore 64/Song Maker (USA, Europe).mp4</video>
  </game>
  <game>
    <path>/recalbox/share/rom/No-Intro/Commodore - Commodore 64/Space Action (USA, Europe).zip</path>
    <name>Space Action (USA, Europe)</name>
    <image>/recalbox/share/thumbs/Commodore - 64/Named_Titles/Space Action (USA, Europe).png</image>
    <video>/recalbox/share/videos/No-Intro/Commodore - Commodore 64/Space Action (USA, Europe).mp4</video>
  </game>
  <game>
    <path>/recalbox/share/rom/No-Intro/Commodore - Commodore 64/Space Gun (Europe).zip</path>
    <name>Space Gun (Europe)</name>
    <image>/recalbox/share/thumbs/Commodore - 64/Named_Titles/Space Gun (Europe).png</image>
    <video>/recalbox/share/videos/No-Intro/Commodore - Commodore 64/Space Gun (Europe).mp4</video>
  </game>
  <game>
    <path>/recalbox/share/rom/No-Intro/Commodore - Commodore 64/Space Ric-O-Shay (USA, Europe).zip</path>
    <name>Space Ric-O-Shay (USA, Europe)</name>
    <image>/recalbox/share/thumbs/Commodore - 64/Named_Titles/Space Ric-O-Shay (USA, Europe).png</image>
    <video>/recalbox/share/videos/No-Intro/Commodore - Commodore 64/Space Ric-O-Shay (USA, Europe).mp4</video>
  </game>
  <game>
    <path>/recalbox/share/rom/No-Intro/Commodore - Commodore 64/Space Shuttle - A Journey into Space (USA, Europe).zip</path>
    <name>Space Shuttle - A Journey into Space (USA, Europe)</name>
    <image>/recalbox/share/thumbs/Commodore - 64/Named_Titles/Space Shuttle - A Journey into Space (USA, Europe).png</image>
    <video>/recalbox/share/videos/No-Intro/Commodore - Commodore 64/Space Shuttle - A Journey into Space (USA, Europe).mp4</video>
  </game>
  <game>
    <path>/recalbox/share/rom/No-Intro/Commodore - Commodore 64/Speed Math &amp; Bingo Math (USA, Europe) (v01) (MAX).zip</path>
    <name>Speed Math &amp; Bingo Math (USA, Europe) (v01) (MAX)</name>
    <image>/recalbox/share/thumbs/Commodore - 64/Named_Titles/Speed Math &amp; Bingo Math (USA, Europe) (v01) (MAX).png</image>
    <video>/recalbox/share/videos/No-Intro/Commodore - Commodore 64/Speed Math &amp; Bingo Math (USA, Europe) (v01) (MAX).mp4</video>
  </game>
  <game>
    <path>/recalbox/share/rom/No-Intro/Commodore - Commodore 64/Spy Hunter (USA, Europe).zip</path>
    <name>Spy Hunter (USA, Europe)</name>
    <image>/recalbox/share/thumbs/Commodore - 64/Named_Titles/Spy Hunter (USA, Europe).png</image>
    <video>/recalbox/share/videos/No-Intro/Commodore - Commodore 64/Spy Hunter (USA, Europe).mp4</video>
  </game>
  <game>
    <path>/recalbox/share/rom/No-Intro/Commodore - Commodore 64/Star Post (USA, Europe).zip</path>
    <name>Star Post (USA, Europe)</name>
    <image>/recalbox/share/thumbs/Commodore - 64/Named_Titles/Star Post (USA, Europe).png</image>
    <video>/recalbox/share/videos/No-Intro/Commodore - Commodore 64/Star Post (USA, Europe).mp4</video>
  </game>
  <game>
    <path>/recalbox/share/rom/No-Intro/Commodore - Commodore 64/Star Ranger (USA, Europe).zip</path>
    <name>Star Ranger (USA, Europe)</name>
    <image>/recalbox/share/thumbs/Commodore - 64/Named_Titles/Star Ranger (USA, Europe).png</image>
    <video>/recalbox/share/videos/No-Intro/Commodore - Commodore 64/Star Ranger (USA, Europe).mp4</video>
  </game>
  <game>
    <path>/recalbox/share/rom/No-Intro/Commodore - Commodore 64/Star Trek - Strategic Operations Simulator (USA, Europe).zip</path>
    <name>Star Trek - Strategic Operations Simulator (USA, Europe)</name>
    <image>/recalbox/share/thumbs/Commodore - 64/Named_Titles/Star Trek - Strategic Operations Simulator (USA, Europe).png</image>
    <video>/recalbox/share/videos/No-Intro/Commodore - Commodore 64/Star Trek - Strategic Operations Simulator (USA, Europe).mp4</video>
  </game>
  <game>
    <path>/recalbox/share/rom/No-Intro/Commodore - Commodore 64/Star Wars - The Arcade Game (USA, Europe).zip</path>
    <name>Star Wars - The Arcade Game (USA, Europe)</name>
    <image>/recalbox/share/thumbs/Commodore - 64/Named_Titles/Star Wars - The Arcade Game (USA, Europe).png</image>
    <video>/recalbox/share/videos/No-Intro/Commodore - Commodore 64/Star Wars - The Arcade Game (USA, Europe).mp4</video>
  </game>
  <game>
    <path>/recalbox/share/rom/No-Intro/Commodore - Commodore 64/Stix (USA, Europe).zip</path>
    <name>Stix (USA, Europe)</name>
    <image>/recalbox/share/thumbs/Commodore - 64/Named_Titles/Stix (USA, Europe).png</image>
    <video>/recalbox/share/videos/No-Intro/Commodore - Commodore 64/Stix (USA, Europe).mp4</video>
  </game>
  <game>
    <path>/recalbox/share/rom/No-Intro/Commodore - Commodore 64/Super Alien (Japan) (v01) (MAX).zip</path>
    <name>Super Alien (Japan) (v01) (MAX)</name>
    <image>/recalbox/share/thumbs/Commodore - 64/Named_Titles/Super Alien (Japan) (v01) (MAX).png</image>
    <video>/recalbox/share/videos/No-Intro/Commodore - Commodore 64/Super Alien (Japan) (v01) (MAX).mp4</video>
  </game>
  <game>
    <path>/recalbox/share/rom/No-Intro/Commodore - Commodore 64/Super Expander 64 (USA, Europe) (Program).zip</path>
    <name>Super Expander 64 (USA, Europe) (Program)</name>
    <image>/recalbox/share/thumbs/Commodore - 64/Named_Titles/Super Expander 64 (USA, Europe) (Program).png</image>
    <video>/recalbox/share/videos/No-Intro/Commodore - Commodore 64/Super Expander 64 (USA, Europe) (Program).mp4</video>
  </game>
  <game>
    <path>/recalbox/share/rom/No-Intro/Commodore - Commodore 64/Super Explode 5 (USA, Europe) (Program).zip</path>
    <name>Super Explode 5 (USA, Europe) (Program)</name>
    <image>/recalbox/share/thumbs/Commodore - 64/Named_Titles/Super Explode 5 (USA, Europe) (Program).png</image>
    <video>/recalbox/share/videos/No-Intro/Commodore - Commodore 64/Super Explode 5 (USA, Europe) (Program).mp4</video>
  </game>
  <game>
    <path>/recalbox/share/rom/No-Intro/Commodore - Commodore 64/Super Sketch (USA, Europe).zip</path>
    <name>Super Sketch (USA, Europe)</name>
    <image>/recalbox/share/thumbs/Commodore - 64/Named_Titles/Super Sketch (USA, Europe).png</image>
    <video>/recalbox/share/videos/No-Intro/Commodore - Commodore 64/Super Sketch (USA, Europe).mp4</video>
  </game>
  <game>
    <path>/recalbox/share/rom/No-Intro/Commodore - Commodore 64/Super Smash (USA, Europe).zip</path>
    <name>Super Smash (USA, Europe)</name>
    <image>/recalbox/share/thumbs/Commodore - 64/Named_Titles/Super Smash (USA, Europe).png</image>
    <video>/recalbox/share/videos/No-Intro/Commodore - Commodore 64/Super Smash (USA, Europe).mp4</video>
  </game>
  <game>
    <path>/recalbox/share/rom/No-Intro/Commodore - Commodore 64/Super Snapshot 5 (Europe) (Program).zip</path>
    <name>Super Snapshot 5 (Europe) (Program)</name>
    <image>/recalbox/share/thumbs/Commodore - 64/Named_Titles/Super Snapshot 5 (Europe) (Program).png</image>
    <video>/recalbox/share/videos/No-Intro/Commodore - Commodore 64/Super Snapshot 5 (Europe) (Program).mp4</video>
  </game>
  <game>
    <path>/recalbox/share/rom/No-Intro/Commodore - Commodore 64/Tank Wars (USA, Europe).zip</path>
    <name>Tank Wars (USA, Europe)</name>
    <image>/recalbox/share/thumbs/Commodore - 64/Named_Titles/Tank Wars (USA, Europe).png</image>
    <video>/recalbox/share/videos/No-Intro/Commodore - Commodore 64/Tank Wars (USA, Europe).mp4</video>
  </game>
  <game>
    <path>/recalbox/share/rom/No-Intro/Commodore - Commodore 64/Tapper (USA, Europe).zip</path>
    <name>Tapper (USA, Europe)</name>
    <image>/recalbox/share/thumbs/Commodore - 64/Named_Titles/Tapper (USA, Europe).png</image>
    <video>/recalbox/share/videos/No-Intro/Commodore - Commodore 64/Tapper (USA, Europe).mp4</video>
  </game>
  <game>
    <path>/recalbox/share/rom/No-Intro/Commodore - Commodore 64/Taz (World) (Aftermarket) (Homebrew).zip</path>
    <name>Taz (World) (Aftermarket) (Homebrew)</name>
    <image>/recalbox/share/thumbs/Commodore - 64/Named_Titles/Taz (World) (Aftermarket) (Homebrew).png</image>
    <video>/recalbox/share/videos/No-Intro/Commodore - Commodore 64/Taz (World) (Aftermarket) (Homebrew).mp4</video>
  </game>
  <game>
    <path>/recalbox/share/rom/No-Intro/Commodore - Commodore 64/Teledata (Sweden) (Program).zip</path>
    <name>Teledata (Sweden) (Program)</name>
    <image>/recalbox/share/thumbs/Commodore - 64/Named_Titles/Teledata (Sweden) (Program).png</image>
    <video>/recalbox/share/videos/No-Intro/Commodore - Commodore 64/Teledata (Sweden) (Program).mp4</video>
  </game>
  <game>
    <path>/recalbox/share/rom/No-Intro/Commodore - Commodore 64/Tenpins (USA, Europe).zip</path>
    <name>Tenpins (USA, Europe)</name>
    <image>/recalbox/share/thumbs/Commodore - 64/Named_Titles/Tenpins (USA, Europe).png</image>
    <video>/recalbox/share/videos/No-Intro/Commodore - Commodore 64/Tenpins (USA, Europe).mp4</video>
  </game>
  <game>
    <path>/recalbox/share/rom/No-Intro/Commodore - Commodore 64/Tenpins + Meteor Runner + Vortex (USA, Europe) (Megafun).zip</path>
    <name>Tenpins + Meteor Runner + Vortex (USA, Europe) (Megafun)</name>
    <image>/recalbox/share/thumbs/Commodore - 64/Named_Titles/Tenpins + Meteor Runner + Vortex (USA, Europe) (Megafun).png</image>
    <video>/recalbox/share/videos/No-Intro/Commodore - Commodore 64/Tenpins + Meteor Runner + Vortex (USA, Europe) (Megafun).mp4</video>
  </game>
  <game>
    <path>/recalbox/share/rom/No-Intro/Commodore - Commodore 64/Terminator 2 - Judgment Day + Modern Music Maker + Image System, The (Europe).zip</path>
    <name>Terminator 2 - Judgment Day + Modern Music Maker + Image System, The (Europe)</name>
    <image>/recalbox/share/thumbs/Commodore - 64/Named_Titles/Terminator 2 - Judgment Day + Modern Music Maker + Image System, The (Europe).png</image>
    <video>/recalbox/share/videos/No-Intro/Commodore - Commodore 64/Terminator 2 - Judgment Day + Modern Music Maker + Image System, The (Europe).mp4</video>
  </game>
  <game>
    <path>/recalbox/share/rom/No-Intro/Commodore - Commodore 64/Threshold (USA, Europe).zip</path>
    <name>Threshold (USA, Europe)</name>
    <image>/recalbox/share/thumbs/Commodore - 64/Named_Titles/Threshold (USA, Europe).png</image>
    <video>/recalbox/share/videos/No-Intro/Commodore - Commodore 64/Threshold (USA, Europe).mp4</video>
  </game>
  <game>
    <path>/recalbox/share/rom/No-Intro/Commodore - Commodore 64/Timebound (USA, Europe).zip</path>
    <name>Timebound (USA, Europe)</name>
    <image>/recalbox/share/thumbs/Commodore - 64/Named_Titles/Timebound (USA, Europe).png</image>
    <video>/recalbox/share/videos/No-Intro/Commodore - Commodore 64/Timebound (USA, Europe).mp4</video>
  </game>
  <game>
    <path>/recalbox/share/rom/No-Intro/Commodore - Commodore 64/Toki (Europe).zip</path>
    <name>Toki (Europe)</name>
    <image>/recalbox/share/thumbs/Commodore - 64/Named_Titles/Toki (Europe).png</image>
    <video>/recalbox/share/videos/No-Intro/Commodore - Commodore 64/Toki (Europe).mp4</video>
  </game>
  <game>
    <path>/recalbox/share/rom/No-Intro/Commodore - Commodore 64/Tooth Invaders (USA, Europe).zip</path>
    <name>Tooth Invaders (USA, Europe)</name>
    <image>/recalbox/share/thumbs/Commodore - 64/Named_Titles/Tooth Invaders (USA, Europe).png</image>
    <video>/recalbox/share/videos/No-Intro/Commodore - Commodore 64/Tooth Invaders (USA, Europe).mp4</video>
  </game>
  <game>
    <path>/recalbox/share/rom/No-Intro/Commodore - Commodore 64/Toy Bizarre (USA, Europe).zip</path>
    <name>Toy Bizarre (USA, Europe)</name>
    <image>/recalbox/share/thumbs/Commodore - 64/Named_Titles/Toy Bizarre (USA, Europe).png</image>
    <video>/recalbox/share/videos/No-Intro/Commodore - Commodore 64/Toy Bizarre (USA, Europe).mp4</video>
  </game>
  <game>
    <path>/recalbox/share/rom/No-Intro/Commodore - Commodore 64/Trashman (USA, Europe).zip</path>
    <name>Trashman (USA, Europe)</name>
    <image>/recalbox/share/thumbs/Commodore - 64/Named_Titles/Trashman (USA, Europe).png</image>
    <video>/recalbox/share/videos/No-Intro/Commodore - Commodore 64/Trashman (USA, Europe).mp4</video>
  </game>
  <game>
    <path>/recalbox/share/rom/No-Intro/Commodore - Commodore 64/Turbo Maze Man (USA, Europe).zip</path>
    <name>Turbo Maze Man (USA, Europe)</name>
    <image>/recalbox/share/thumbs/Commodore - 64/Named_Titles/Turbo Maze Man (USA, Europe).png</image>
    <video>/recalbox/share/videos/No-Intro/Commodore - Commodore 64/Turbo Maze Man (USA, Europe).mp4</video>
  </game>
  <game>
    <path>/recalbox/share/rom/No-Intro/Commodore - Commodore 64/Ultrex Quadro Maze (USA, Europe).zip</path>
    <name>Ultrex Quadro Maze (USA, Europe)</name>
    <image>/recalbox/share/thumbs/Commodore - 64/Named_Titles/Ultrex Quadro Maze (USA, Europe).png</image>
    <video>/recalbox/share/videos/No-Intro/Commodore - Commodore 64/Ultrex Quadro Maze (USA, Europe).mp4</video>
  </game>
  <game>
    <path>/recalbox/share/rom/No-Intro/Commodore - Commodore 64/Up for Grabs (USA, Europe).zip</path>
    <name>Up for Grabs (USA, Europe)</name>
    <image>/recalbox/share/thumbs/Commodore - 64/Named_Titles/Up for Grabs (USA, Europe).png</image>
    <video>/recalbox/share/videos/No-Intro/Commodore - Commodore 64/Up for Grabs (USA, Europe).mp4</video>
  </game>
  <game>
    <path>/recalbox/share/rom/No-Intro/Commodore - Commodore 64/Up'n Down (USA, Europe).zip</path>
    <name>Up&apos;n Down (USA, Europe)</name>
    <image>/recalbox/share/thumbs/Commodore - 64/Named_Titles/Up&apos;n Down (USA, Europe).png</image>
    <video>/recalbox/share/videos/No-Intro/Commodore - Commodore 64/Up&apos;n Down (USA, Europe).mp4</video>
  </game>
  <game>
    <path>/recalbox/share/rom/No-Intro/Commodore - Commodore 64/Utah Counties Tutorial (USA).zip</path>
    <name>Utah Counties Tutorial (USA)</name>
    <image>/recalbox/share/thumbs/Commodore - 64/Named_Titles/Utah Counties Tutorial (USA).png</image>
    <video>/recalbox/share/videos/No-Intro/Commodore - Commodore 64/Utah Counties Tutorial (USA).mp4</video>
  </game>
  <game>
    <path>/recalbox/share/rom/No-Intro/Commodore - Commodore 64/VIC-Text 64 (Sweden) (Program).zip</path>
    <name>VIC-Text 64 (Sweden) (Program)</name>
    <image>/recalbox/share/thumbs/Commodore - 64/Named_Titles/VIC-Text 64 (Sweden) (Program).png</image>
    <video>/recalbox/share/videos/No-Intro/Commodore - Commodore 64/VIC-Text 64 (Sweden) (Program).mp4</video>
  </game>
  <game>
    <path>/recalbox/share/rom/No-Intro/Commodore - Commodore 64/Viduzzles - Computerized Jigsaw Puzzles (USA, Europe).zip</path>
    <name>Viduzzles - Computerized Jigsaw Puzzles (USA, Europe)</name>
    <image>/recalbox/share/thumbs/Commodore - 64/Named_Titles/Viduzzles - Computerized Jigsaw Puzzles (USA, Europe).png</image>
    <video>/recalbox/share/videos/No-Intro/Commodore - Commodore 64/Viduzzles - Computerized Jigsaw Puzzles (USA, Europe).mp4</video>
  </game>
  <game>
    <path>/recalbox/share/rom/No-Intro/Commodore - Commodore 64/Viking Raider (USA, Europe).zip</path>
    <name>Viking Raider (USA, Europe)</name>
    <image>/recalbox/share/thumbs/Commodore - 64/Named_Titles/Viking Raider (USA, Europe).png</image>
    <video>/recalbox/share/videos/No-Intro/Commodore - Commodore 64/Viking Raider (USA, Europe).mp4</video>
  </game>
  <game>
    <path>/recalbox/share/rom/No-Intro/Commodore - Commodore 64/Vindicators (USA, Europe).zip</path>
    <name>Vindicators (USA, Europe)</name>
    <image>/recalbox/share/thumbs/Commodore - 64/Named_Titles/Vindicators (USA, Europe).png</image>
    <video>/recalbox/share/videos/No-Intro/Commodore - Commodore 64/Vindicators (USA, Europe).mp4</video>
  </game>
  <game>
    <path>/recalbox/share/rom/No-Intro/Commodore - Commodore 64/Warp Speed (USA, Europe) (v1) (Program).zip</path>
    <name>Warp Speed (USA, Europe) (v1) (Program)</name>
    <image>/recalbox/share/thumbs/Commodore - 64/Named_Titles/Warp Speed (USA, Europe) (v1) (Program).png</image>
    <video>/recalbox/share/videos/No-Intro/Commodore - Commodore 64/Warp Speed (USA, Europe) (v1) (Program).mp4</video>
  </game>
  <game>
    <path>/recalbox/share/rom/No-Intro/Commodore - Commodore 64/Warp Speed (USA, Europe) (v2.0) (Program).zip</path>
    <name>Warp Speed (USA, Europe) (v2.0) (Program)</name>
    <image>/recalbox/share/thumbs/Commodore - 64/Named_Titles/Warp Speed (USA, Europe) (v2.0) (Program).png</image>
    <video>/recalbox/share/videos/No-Intro/Commodore - Commodore 64/Warp Speed (USA, Europe) (v2.0) (Program).mp4</video>
  </game>
  <game>
    <path>/recalbox/share/rom/No-Intro/Commodore - Commodore 64/Webster - The Word Game (USA, Europe).zip</path>
    <name>Webster - The Word Game (USA, Europe)</name>
    <image>/recalbox/share/thumbs/Commodore - 64/Named_Titles/Webster - The Word Game (USA, Europe).png</image>
    <video>/recalbox/share/videos/No-Intro/Commodore - Commodore 64/Webster - The Word Game (USA, Europe).mp4</video>
  </game>
  <game>
    <path>/recalbox/share/rom/No-Intro/Commodore - Commodore 64/Wizard of Wor (Japan) (MAX).zip</path>
    <name>Wizard of Wor (Japan) (MAX)</name>
    <image>/recalbox/share/thumbs/Commodore - 64/Named_Titles/Wizard of Wor (Japan) (MAX).png</image>
    <video>/recalbox/share/videos/No-Intro/Commodore - Commodore 64/Wizard of Wor (Japan) (MAX).mp4</video>
  </game>
  <game>
    <path>/recalbox/share/rom/No-Intro/Commodore - Commodore 64/Wizard of Wor (Japan) (v02) (MAX).zip</path>
    <name>Wizard of Wor (Japan) (v02) (MAX)</name>
    <image>/recalbox/share/thumbs/Commodore - 64/Named_Titles/Wizard of Wor (Japan) (v02) (MAX).png</image>
    <video>/recalbox/share/videos/No-Intro/Commodore - Commodore 64/Wizard of Wor (Japan) (v02) (MAX).mp4</video>
  </game>
  <game>
    <path>/recalbox/share/rom/No-Intro/Commodore - Commodore 64/Wonder Boy (USA, Europe).zip</path>
    <name>Wonder Boy (USA, Europe)</name>
    <image>/recalbox/share/thumbs/Commodore - 64/Named_Titles/Wonder Boy (USA, Europe).png</image>
    <video>/recalbox/share/videos/No-Intro/Commodore - Commodore 64/Wonder Boy (USA, Europe).mp4</video>
  </game>
  <game>
    <path>/recalbox/share/rom/No-Intro/Commodore - Commodore 64/Write Now! 64 (USA, Europe) (Program).zip</path>
    <name>Write Now! 64 (USA, Europe) (Program)</name>
    <image>/recalbox/share/thumbs/Commodore - 64/Named_Titles/Write Now! 64 (USA, Europe) (Program).png</image>
    <video>/recalbox/share/videos/No-Intro/Commodore - Commodore 64/Write Now! 64 (USA, Europe) (Program).mp4</video>
  </game>
</gamelist>