<gamelist>
  <game>
    <path>/recalbox/share/roms/readystream/msx2/1942 (Japan).zip</path>
    <name>1942 (Japan)</name>
    <image>/recalbox/share/thumbs/Microsoft - MSX2/Named_Titles/1942 (Japan).png</image>
    <video>/recalbox/share/videos/No-Intro/Microsoft - MSX2/1942 (Japan).mp4</video>
  </game>
  <game>
    <path>/recalbox/share/roms/readystream/msx2/A Ressha de Ikou MSX (Japan).zip</path>
    <name>A Ressha de Ikou MSX (Japan)</name>
    <image>/recalbox/share/thumbs/Microsoft - MSX2/Named_Titles/A Ressha de Ikou MSX (Japan).png</image>
    <video>/recalbox/share/videos/No-Intro/Microsoft - MSX2/A Ressha de Ikou MSX (Japan).mp4</video>
  </game>
  <game>
    <path>/recalbox/share/roms/readystream/msx2/AcroJet (Japan).zip</path>
    <name>AcroJet (Japan)</name>
    <image>/recalbox/share/thumbs/Microsoft - MSX2/Named_Titles/AcroJet (Japan).png</image>
    <video>/recalbox/share/videos/No-Intro/Microsoft - MSX2/AcroJet (Japan).mp4</video>
  </game>
  <game>
    <path>/recalbox/share/roms/readystream/msx2/Akumajo Dracula (Japan) (Wii U Virtual Console).zip</path>
    <name>Akumajo Dracula (Japan) (Wii U Virtual Console)</name>
    <image>/recalbox/share/thumbs/Microsoft - MSX2/Named_Titles/Akumajo Dracula (Japan) (Wii U Virtual Console).png</image>
    <video>/recalbox/share/videos/No-Intro/Microsoft - MSX2/Akumajo Dracula (Japan) (Wii U Virtual Console).mp4</video>
  </game>
  <game>
    <path>/recalbox/share/roms/readystream/msx2/Aleste (Japan).zip</path>
    <name>Aleste (Japan)</name>
    <image>/recalbox/share/thumbs/Microsoft - MSX2/Named_Titles/Aleste (Japan).png</image>
    <video>/recalbox/share/videos/No-Intro/Microsoft - MSX2/Aleste (Japan).mp4</video>
  </game>
  <game>
    <path>/recalbox/share/roms/readystream/msx2/Alges no Yoku (Japan).zip</path>
    <name>Alges no Yoku (Japan)</name>
    <image>/recalbox/share/thumbs/Microsoft - MSX2/Named_Titles/Alges no Yoku (Japan).png</image>
    <video>/recalbox/share/videos/No-Intro/Microsoft - MSX2/Alges no Yoku (Japan).mp4</video>
  </game>
  <game>
    <path>/recalbox/share/roms/readystream/msx2/American Soccer (Japan).zip</path>
    <name>American Soccer (Japan)</name>
    <image>/recalbox/share/thumbs/Microsoft - MSX2/Named_Titles/American Soccer (Japan).png</image>
    <video>/recalbox/share/videos/No-Intro/Microsoft - MSX2/American Soccer (Japan).mp4</video>
  </game>
  <game>
    <path>/recalbox/share/roms/readystream/msx2/Aoki Ookami to Shiroki Mejika - Genchou Hishi (Japan).zip</path>
    <name>Aoki Ookami to Shiroki Mejika - Genchou Hishi (Japan)</name>
    <image>/recalbox/share/thumbs/Microsoft - MSX2/Named_Titles/Aoki Ookami to Shiroki Mejika - Genchou Hishi (Japan).png</image>
    <video>/recalbox/share/videos/No-Intro/Microsoft - MSX2/Aoki Ookami to Shiroki Mejika - Genchou Hishi (Japan).mp4</video>
  </game>
  <game>
    <path>/recalbox/share/roms/readystream/msx2/Aoki Ookami to Shiroki Mejika - Genghis Khan (Japan).zip</path>
    <name>Aoki Ookami to Shiroki Mejika - Genghis Khan (Japan)</name>
    <image>/recalbox/share/thumbs/Microsoft - MSX2/Named_Titles/Aoki Ookami to Shiroki Mejika - Genghis Khan (Japan).png</image>
    <video>/recalbox/share/videos/No-Intro/Microsoft - MSX2/Aoki Ookami to Shiroki Mejika - Genghis Khan (Japan).mp4</video>
  </game>
  <game>
    <path>/recalbox/share/roms/readystream/msx2/Arctic - Active Rail Playing (Japan) (Alt).zip</path>
    <name>Arctic - Active Rail Playing (Japan) (Alt)</name>
    <image>/recalbox/share/thumbs/Microsoft - MSX2/Named_Titles/Arctic - Active Rail Playing (Japan) (Alt).png</image>
    <video>/recalbox/share/videos/No-Intro/Microsoft - MSX2/Arctic - Active Rail Playing (Japan) (Alt).mp4</video>
  </game>
  <game>
    <path>/recalbox/share/roms/readystream/msx2/Arctic - Active Rail Playing (Japan).zip</path>
    <name>Arctic - Active Rail Playing (Japan)</name>
    <image>/recalbox/share/thumbs/Microsoft - MSX2/Named_Titles/Arctic - Active Rail Playing (Japan).png</image>
    <video>/recalbox/share/videos/No-Intro/Microsoft - MSX2/Arctic - Active Rail Playing (Japan).mp4</video>
  </game>
  <game>
    <path>/recalbox/share/roms/readystream/msx2/Arkanoid II - Revenge of Doh (Japan).zip</path>
    <name>Arkanoid II - Revenge of Doh (Japan)</name>
    <image>/recalbox/share/thumbs/Microsoft - MSX2/Named_Titles/Arkanoid II - Revenge of Doh (Japan).png</image>
    <video>/recalbox/share/videos/No-Intro/Microsoft - MSX2/Arkanoid II - Revenge of Doh (Japan).mp4</video>
  </game>
  <game>
    <path>/recalbox/share/roms/readystream/msx2/AshGuine - Densetsu no Seisenshi (Japan).zip</path>
    <name>AshGuine - Densetsu no Seisenshi (Japan)</name>
    <image>/recalbox/share/thumbs/Microsoft - MSX2/Named_Titles/AshGuine - Densetsu no Seisenshi (Japan).png</image>
    <video>/recalbox/share/videos/No-Intro/Microsoft - MSX2/AshGuine - Densetsu no Seisenshi (Japan).mp4</video>
  </game>
  <game>
    <path>/recalbox/share/roms/readystream/msx2/AshGuine Story II - Kokuu no Gajou (Japan).zip</path>
    <name>AshGuine Story II - Kokuu no Gajou (Japan)</name>
    <image>/recalbox/share/thumbs/Microsoft - MSX2/Named_Titles/AshGuine Story II - Kokuu no Gajou (Japan).png</image>
    <video>/recalbox/share/videos/No-Intro/Microsoft - MSX2/AshGuine Story II - Kokuu no Gajou (Japan).mp4</video>
  </game>
  <game>
    <path>/recalbox/share/roms/readystream/msx2/AshGuine Story III - Fukushuu no Honoo (Japan).zip</path>
    <name>AshGuine Story III - Fukushuu no Honoo (Japan)</name>
    <image>/recalbox/share/thumbs/Microsoft - MSX2/Named_Titles/AshGuine Story III - Fukushuu no Honoo (Japan).png</image>
    <video>/recalbox/share/videos/No-Intro/Microsoft - MSX2/AshGuine Story III - Fukushuu no Honoo (Japan).mp4</video>
  </game>
  <game>
    <path>/recalbox/share/roms/readystream/msx2/Brunilda (World) (v1.1) (Aftermarket) (Unl).zip</path>
    <name>Brunilda (World) (v1.1) (Aftermarket) (Unl)</name>
    <image>/recalbox/share/thumbs/Microsoft - MSX2/Named_Titles/Brunilda (World) (v1.1) (Aftermarket) (Unl).png</image>
    <video>/recalbox/share/videos/No-Intro/Microsoft - MSX2/Brunilda (World) (v1.1) (Aftermarket) (Unl).mp4</video>
  </game>
  <game>
    <path>/recalbox/share/roms/readystream/msx2/Bubble Bobble (Japan) (Alt).zip</path>
    <name>Bubble Bobble (Japan) (Alt)</name>
    <image>/recalbox/share/thumbs/Microsoft - MSX2/Named_Titles/Bubble Bobble (Japan) (Alt).png</image>
    <video>/recalbox/share/videos/No-Intro/Microsoft - MSX2/Bubble Bobble (Japan) (Alt).mp4</video>
  </game>
  <game>
    <path>/recalbox/share/roms/readystream/msx2/Bubble Bobble (Japan).zip</path>
    <name>Bubble Bobble (Japan)</name>
    <image>/recalbox/share/thumbs/Microsoft - MSX2/Named_Titles/Bubble Bobble (Japan).png</image>
    <video>/recalbox/share/videos/No-Intro/Microsoft - MSX2/Bubble Bobble (Japan).mp4</video>
  </game>
  <game>
    <path>/recalbox/share/roms/readystream/msx2/Cockpit, The (Japan).zip</path>
    <name>Cockpit, The (Japan)</name>
    <image>/recalbox/share/thumbs/Microsoft - MSX2/Named_Titles/Cockpit, The (Japan).png</image>
    <video>/recalbox/share/videos/No-Intro/Microsoft - MSX2/Cockpit, The (Japan).mp4</video>
  </game>
  <game>
    <path>/recalbox/share/roms/readystream/msx2/Contra (Japan) (Wii U Virtual Console).zip</path>
    <name>Contra (Japan) (Wii U Virtual Console)</name>
    <image>/recalbox/share/thumbs/Microsoft - MSX2/Named_Titles/Contra (Japan) (Wii U Virtual Console).png</image>
    <video>/recalbox/share/videos/No-Intro/Microsoft - MSX2/Contra (Japan) (Wii U Virtual Console).mp4</video>
  </game>
  <game>
    <path>/recalbox/share/roms/readystream/msx2/Daisenryaku (Japan).zip</path>
    <name>Daisenryaku (Japan)</name>
    <image>/recalbox/share/thumbs/Microsoft - MSX2/Named_Titles/Daisenryaku (Japan).png</image>
    <video>/recalbox/share/videos/No-Intro/Microsoft - MSX2/Daisenryaku (Japan).mp4</video>
  </game>
  <game>
    <path>/recalbox/share/roms/readystream/msx2/Darwin 4078 (Japan).zip</path>
    <name>Darwin 4078 (Japan)</name>
    <image>/recalbox/share/thumbs/Microsoft - MSX2/Named_Titles/Darwin 4078 (Japan).png</image>
    <video>/recalbox/share/videos/No-Intro/Microsoft - MSX2/Darwin 4078 (Japan).mp4</video>
  </game>
  <game>
    <path>/recalbox/share/roms/readystream/msx2/Deep Forest (Japan) (Alt).zip</path>
    <name>Deep Forest (Japan) (Alt)</name>
    <image>/recalbox/share/thumbs/Microsoft - MSX2/Named_Titles/Deep Forest (Japan) (Alt).png</image>
    <video>/recalbox/share/videos/No-Intro/Microsoft - MSX2/Deep Forest (Japan) (Alt).mp4</video>
  </game>
  <game>
    <path>/recalbox/share/roms/readystream/msx2/Dires - Giger Loop (Japan).zip</path>
    <name>Dires - Giger Loop (Japan)</name>
    <image>/recalbox/share/thumbs/Microsoft - MSX2/Named_Titles/Dires - Giger Loop (Japan).png</image>
    <video>/recalbox/share/videos/No-Intro/Microsoft - MSX2/Dires - Giger Loop (Japan).mp4</video>
  </game>
  <game>
    <path>/recalbox/share/roms/readystream/msx2/Double Vision (Japan).zip</path>
    <name>Double Vision (Japan)</name>
    <image>/recalbox/share/thumbs/Microsoft - MSX2/Named_Titles/Double Vision (Japan).png</image>
    <video>/recalbox/share/videos/No-Intro/Microsoft - MSX2/Double Vision (Japan).mp4</video>
  </game>
  <game>
    <path>/recalbox/share/roms/readystream/msx2/Dragon Buster (Japan).zip</path>
    <name>Dragon Buster (Japan)</name>
    <image>/recalbox/share/thumbs/Microsoft - MSX2/Named_Titles/Dragon Buster (Japan).png</image>
    <video>/recalbox/share/videos/No-Intro/Microsoft - MSX2/Dragon Buster (Japan).mp4</video>
  </game>
  <game>
    <path>/recalbox/share/roms/readystream/msx2/Dragon Quest (Japan).zip</path>
    <name>Dragon Quest (Japan)</name>
    <image>/recalbox/share/thumbs/Microsoft - MSX2/Named_Titles/Dragon Quest (Japan).png</image>
    <video>/recalbox/share/videos/No-Intro/Microsoft - MSX2/Dragon Quest (Japan).mp4</video>
  </game>
  <game>
    <path>/recalbox/share/roms/readystream/msx2/Dragon Quest II (Japan) (Alt).zip</path>
    <name>Dragon Quest II (Japan) (Alt)</name>
    <image>/recalbox/share/thumbs/Microsoft - MSX2/Named_Titles/Dragon Quest II (Japan) (Alt).png</image>
    <video>/recalbox/share/videos/No-Intro/Microsoft - MSX2/Dragon Quest II (Japan) (Alt).mp4</video>
  </game>
  <game>
    <path>/recalbox/share/roms/readystream/msx2/Dragon Slayer Jr. - Romancia (Japan).zip</path>
    <name>Dragon Slayer Jr. - Romancia (Japan)</name>
    <image>/recalbox/share/thumbs/Microsoft - MSX2/Named_Titles/Dragon Slayer Jr. - Romancia (Japan).png</image>
    <video>/recalbox/share/videos/No-Intro/Microsoft - MSX2/Dragon Slayer Jr. - Romancia (Japan).mp4</video>
  </game>
  <game>
    <path>/recalbox/share/roms/readystream/msx2/Druid (Japan).zip</path>
    <name>Druid (Japan)</name>
    <image>/recalbox/share/thumbs/Microsoft - MSX2/Named_Titles/Druid (Japan).png</image>
    <video>/recalbox/share/videos/No-Intro/Microsoft - MSX2/Druid (Japan).mp4</video>
  </game>
  <game>
    <path>/recalbox/share/roms/readystream/msx2/Dynamite Bowl (Japan) (Alt).zip</path>
    <name>Dynamite Bowl (Japan) (Alt)</name>
    <image>/recalbox/share/thumbs/Microsoft - MSX2/Named_Titles/Dynamite Bowl (Japan) (Alt).png</image>
    <video>/recalbox/share/videos/No-Intro/Microsoft - MSX2/Dynamite Bowl (Japan) (Alt).mp4</video>
  </game>
  <game>
    <path>/recalbox/share/roms/readystream/msx2/Dynamite Bowl (Japan).zip</path>
    <name>Dynamite Bowl (Japan)</name>
    <image>/recalbox/share/thumbs/Microsoft - MSX2/Named_Titles/Dynamite Bowl (Japan).png</image>
    <video>/recalbox/share/videos/No-Intro/Microsoft - MSX2/Dynamite Bowl (Japan).mp4</video>
  </game>
  <game>
    <path>/recalbox/share/roms/readystream/msx2/Eidolon, The (Europe).zip</path>
    <name>Eidolon, The (Europe)</name>
    <image>/recalbox/share/thumbs/Microsoft - MSX2/Named_Titles/Eidolon, The (Europe).png</image>
    <video>/recalbox/share/videos/No-Intro/Microsoft - MSX2/Eidolon, The (Europe).mp4</video>
  </game>
  <game>
    <path>/recalbox/share/roms/readystream/msx2/Elthlead (Japan).zip</path>
    <name>Elthlead (Japan)</name>
    <image>/recalbox/share/thumbs/Microsoft - MSX2/Named_Titles/Elthlead (Japan).png</image>
    <video>/recalbox/share/videos/No-Intro/Microsoft - MSX2/Elthlead (Japan).mp4</video>
  </game>
  <game>
    <path>/recalbox/share/roms/readystream/msx2/Empereur, L' (Japan).zip</path>
    <name>Empereur, L&apos; (Japan)</name>
    <image>/recalbox/share/thumbs/Microsoft - MSX2/Named_Titles/Empereur, L&apos; (Japan).png</image>
    <video>/recalbox/share/videos/No-Intro/Microsoft - MSX2/Empereur, L&apos; (Japan).mp4</video>
  </game>
  <game>
    <path>/recalbox/share/roms/readystream/msx2/Europe Sensen (Japan).zip</path>
    <name>Europe Sensen (Japan)</name>
    <image>/recalbox/share/thumbs/Microsoft - MSX2/Named_Titles/Europe Sensen (Japan).png</image>
    <video>/recalbox/share/videos/No-Intro/Microsoft - MSX2/Europe Sensen (Japan).mp4</video>
  </game>
  <game>
    <path>/recalbox/share/roms/readystream/msx2/F-15 Strike Eagle (Japan).zip</path>
    <name>F-15 Strike Eagle (Japan)</name>
    <image>/recalbox/share/thumbs/Microsoft - MSX2/Named_Titles/F-15 Strike Eagle (Japan).png</image>
    <video>/recalbox/share/videos/No-Intro/Microsoft - MSX2/F-15 Strike Eagle (Japan).mp4</video>
  </game>
  <game>
    <path>/recalbox/share/roms/readystream/msx2/Famicle Parodic (Japan).zip</path>
    <name>Famicle Parodic (Japan)</name>
    <image>/recalbox/share/thumbs/Microsoft - MSX2/Named_Titles/Famicle Parodic (Japan).png</image>
    <video>/recalbox/share/videos/No-Intro/Microsoft - MSX2/Famicle Parodic (Japan).mp4</video>
  </game>
  <game>
    <path>/recalbox/share/roms/readystream/msx2/Family Billiards (Japan).zip</path>
    <name>Family Billiards (Japan)</name>
    <image>/recalbox/share/thumbs/Microsoft - MSX2/Named_Titles/Family Billiards (Japan).png</image>
    <video>/recalbox/share/videos/No-Intro/Microsoft - MSX2/Family Billiards (Japan).mp4</video>
  </game>
  <game>
    <path>/recalbox/share/roms/readystream/msx2/Family Boxing - MSX Title Match (Japan).zip</path>
    <name>Family Boxing - MSX Title Match (Japan)</name>
    <image>/recalbox/share/thumbs/Microsoft - MSX2/Named_Titles/Family Boxing - MSX Title Match (Japan).png</image>
    <video>/recalbox/share/videos/No-Intro/Microsoft - MSX2/Family Boxing - MSX Title Match (Japan).mp4</video>
  </game>
  <game>
    <path>/recalbox/share/roms/readystream/msx2/Fantasy Zone II - The Tears of Opa-Opa (Japan).zip</path>
    <name>Fantasy Zone II - The Tears of Opa-Opa (Japan)</name>
    <image>/recalbox/share/thumbs/Microsoft - MSX2/Named_Titles/Fantasy Zone II - The Tears of Opa-Opa (Japan).png</image>
    <video>/recalbox/share/videos/No-Intro/Microsoft - MSX2/Fantasy Zone II - The Tears of Opa-Opa (Japan).mp4</video>
  </game>
  <game>
    <path>/recalbox/share/roms/readystream/msx2/Final Mystery Murder Club - Satsujin Club (Japan).zip</path>
    <name>Final Mystery Murder Club - Satsujin Club (Japan)</name>
    <image>/recalbox/share/thumbs/Microsoft - MSX2/Named_Titles/Final Mystery Murder Club - Satsujin Club (Japan).png</image>
    <video>/recalbox/share/videos/No-Intro/Microsoft - MSX2/Final Mystery Murder Club - Satsujin Club (Japan).mp4</video>
  </game>
  <game>
    <path>/recalbox/share/roms/readystream/msx2/Fleet Commander II - Koukon no Kaiiki (Japan).zip</path>
    <name>Fleet Commander II - Koukon no Kaiiki (Japan)</name>
    <image>/recalbox/share/thumbs/Microsoft - MSX2/Named_Titles/Fleet Commander II - Koukon no Kaiiki (Japan).png</image>
    <video>/recalbox/share/videos/No-Intro/Microsoft - MSX2/Fleet Commander II - Koukon no Kaiiki (Japan).mp4</video>
  </game>
  <game>
    <path>/recalbox/share/roms/readystream/msx2/Gakuen Monogatari - High School Story (Japan).zip</path>
    <name>Gakuen Monogatari - High School Story (Japan)</name>
    <image>/recalbox/share/thumbs/Microsoft - MSX2/Named_Titles/Gakuen Monogatari - High School Story (Japan).png</image>
    <video>/recalbox/share/videos/No-Intro/Microsoft - MSX2/Gakuen Monogatari - High School Story (Japan).mp4</video>
  </game>
  <game>
    <path>/recalbox/share/roms/readystream/msx2/Gambler Jiko Chuushinha 2 - Jishou! Kyougou Janshi Hen (Japan).zip</path>
    <name>Gambler Jiko Chuushinha 2 - Jishou! Kyougou Janshi Hen (Japan)</name>
    <image>/recalbox/share/thumbs/Microsoft - MSX2/Named_Titles/Gambler Jiko Chuushinha 2 - Jishou! Kyougou Janshi Hen (Japan).png</image>
    <video>/recalbox/share/videos/No-Intro/Microsoft - MSX2/Gambler Jiko Chuushinha 2 - Jishou! Kyougou Janshi Hen (Japan).mp4</video>
  </game>
  <game>
    <path>/recalbox/share/roms/readystream/msx2/Garakuta (Japan).zip</path>
    <name>Garakuta (Japan)</name>
    <image>/recalbox/share/thumbs/Microsoft - MSX2/Named_Titles/Garakuta (Japan).png</image>
    <video>/recalbox/share/videos/No-Intro/Microsoft - MSX2/Garakuta (Japan).mp4</video>
  </game>
  <game>
    <path>/recalbox/share/roms/readystream/msx2/Gekitotsu Pennant Race - Pro Yakyuu, The (Japan) (Alt).zip</path>
    <name>Gekitotsu Pennant Race - Pro Yakyuu, The (Japan) (Alt)</name>
    <image>/recalbox/share/thumbs/Microsoft - MSX2/Named_Titles/Gekitotsu Pennant Race - Pro Yakyuu, The (Japan) (Alt).png</image>
    <video>/recalbox/share/videos/No-Intro/Microsoft - MSX2/Gekitotsu Pennant Race - Pro Yakyuu, The (Japan) (Alt).mp4</video>
  </game>
  <game>
    <path>/recalbox/share/roms/readystream/msx2/Gekitotsu Pennant Race - Pro Yakyuu, The (Japan).zip</path>
    <name>Gekitotsu Pennant Race - Pro Yakyuu, The (Japan)</name>
    <image>/recalbox/share/thumbs/Microsoft - MSX2/Named_Titles/Gekitotsu Pennant Race - Pro Yakyuu, The (Japan).png</image>
    <video>/recalbox/share/videos/No-Intro/Microsoft - MSX2/Gekitotsu Pennant Race - Pro Yakyuu, The (Japan).mp4</video>
  </game>
  <game>
    <path>/recalbox/share/roms/readystream/msx2/Gekitotsu Pennant Race 2 (Japan) (English Menu).zip</path>
    <name>Gekitotsu Pennant Race 2 (Japan) (English Menu)</name>
    <image>/recalbox/share/thumbs/Microsoft - MSX2/Named_Titles/Gekitotsu Pennant Race 2 (Japan) (English Menu).png</image>
    <video>/recalbox/share/videos/No-Intro/Microsoft - MSX2/Gekitotsu Pennant Race 2 (Japan) (English Menu).mp4</video>
  </game>
  <game>
    <path>/recalbox/share/roms/readystream/msx2/Gekitotsu Pennant Race 2 (Japan).zip</path>
    <name>Gekitotsu Pennant Race 2 (Japan)</name>
    <image>/recalbox/share/thumbs/Microsoft - MSX2/Named_Titles/Gekitotsu Pennant Race 2 (Japan).png</image>
    <video>/recalbox/share/videos/No-Intro/Microsoft - MSX2/Gekitotsu Pennant Race 2 (Japan).mp4</video>
  </game>
  <game>
    <path>/recalbox/share/roms/readystream/msx2/Girly Block (Japan).zip</path>
    <name>Girly Block (Japan)</name>
    <image>/recalbox/share/thumbs/Microsoft - MSX2/Named_Titles/Girly Block (Japan).png</image>
    <video>/recalbox/share/videos/No-Intro/Microsoft - MSX2/Girly Block (Japan).mp4</video>
  </game>
  <game>
    <path>/recalbox/share/roms/readystream/msx2/Hacker (Japan).zip</path>
    <name>Hacker (Japan)</name>
    <image>/recalbox/share/thumbs/Microsoft - MSX2/Named_Titles/Hacker (Japan).png</image>
    <video>/recalbox/share/videos/No-Intro/Microsoft - MSX2/Hacker (Japan).mp4</video>
  </game>
  <game>
    <path>/recalbox/share/roms/readystream/msx2/Hai no Majutsushi (Japan).zip</path>
    <name>Hai no Majutsushi (Japan)</name>
    <image>/recalbox/share/thumbs/Microsoft - MSX2/Named_Titles/Hai no Majutsushi (Japan).png</image>
    <video>/recalbox/share/videos/No-Intro/Microsoft - MSX2/Hai no Majutsushi (Japan).mp4</video>
  </game>
  <game>
    <path>/recalbox/share/roms/readystream/msx2/Hard Ball (Japan).zip</path>
    <name>Hard Ball (Japan)</name>
    <image>/recalbox/share/thumbs/Microsoft - MSX2/Named_Titles/Hard Ball (Japan).png</image>
    <video>/recalbox/share/videos/No-Intro/Microsoft - MSX2/Hard Ball (Japan).mp4</video>
  </game>
  <game>
    <path>/recalbox/share/roms/readystream/msx2/High School! Kimengumi (Japan).zip</path>
    <name>High School! Kimengumi (Japan)</name>
    <image>/recalbox/share/thumbs/Microsoft - MSX2/Named_Titles/High School! Kimengumi (Japan).png</image>
    <video>/recalbox/share/videos/No-Intro/Microsoft - MSX2/High School! Kimengumi (Japan).mp4</video>
  </game>
  <game>
    <path>/recalbox/share/roms/readystream/msx2/Hinotori - Houou Hen (Japan) (Alt 2).zip</path>
    <name>Hinotori - Houou Hen (Japan) (Alt 2)</name>
    <image>/recalbox/share/thumbs/Microsoft - MSX2/Named_Titles/Hinotori - Houou Hen (Japan) (Alt 2).png</image>
    <video>/recalbox/share/videos/No-Intro/Microsoft - MSX2/Hinotori - Houou Hen (Japan) (Alt 2).mp4</video>
  </game>
  <game>
    <path>/recalbox/share/roms/readystream/msx2/Hinotori - Houou Hen (Japan).zip</path>
    <name>Hinotori - Houou Hen (Japan)</name>
    <image>/recalbox/share/thumbs/Microsoft - MSX2/Named_Titles/Hinotori - Houou Hen (Japan).png</image>
    <video>/recalbox/share/videos/No-Intro/Microsoft - MSX2/Hinotori - Houou Hen (Japan).mp4</video>
  </game>
  <game>
    <path>/recalbox/share/roms/readystream/msx2/Hole in One Special (Japan) (Alt).zip</path>
    <name>Hole in One Special (Japan) (Alt)</name>
    <image>/recalbox/share/thumbs/Microsoft - MSX2/Named_Titles/Hole in One Special (Japan) (Alt).png</image>
    <video>/recalbox/share/videos/No-Intro/Microsoft - MSX2/Hole in One Special (Japan) (Alt).mp4</video>
  </game>
  <game>
    <path>/recalbox/share/roms/readystream/msx2/Hole in One Special (Japan).zip</path>
    <name>Hole in One Special (Japan)</name>
    <image>/recalbox/share/thumbs/Microsoft - MSX2/Named_Titles/Hole in One Special (Japan).png</image>
    <video>/recalbox/share/videos/No-Intro/Microsoft - MSX2/Hole in One Special (Japan).mp4</video>
  </game>
  <game>
    <path>/recalbox/share/roms/readystream/msx2/Ide Yousuke Meijin no Jissen Mahjong (Japan).zip</path>
    <name>Ide Yousuke Meijin no Jissen Mahjong (Japan)</name>
    <image>/recalbox/share/thumbs/Microsoft - MSX2/Named_Titles/Ide Yousuke Meijin no Jissen Mahjong (Japan).png</image>
    <video>/recalbox/share/videos/No-Intro/Microsoft - MSX2/Ide Yousuke Meijin no Jissen Mahjong (Japan).mp4</video>
  </game>
  <game>
    <path>/recalbox/share/roms/readystream/msx2/Ikari (Japan).zip</path>
    <name>Ikari (Japan)</name>
    <image>/recalbox/share/thumbs/Microsoft - MSX2/Named_Titles/Ikari (Japan).png</image>
    <video>/recalbox/share/videos/No-Intro/Microsoft - MSX2/Ikari (Japan).mp4</video>
  </game>
  <game>
    <path>/recalbox/share/roms/readystream/msx2/Inindou - Datou Nobunaga (Japan).zip</path>
    <name>Inindou - Datou Nobunaga (Japan)</name>
    <image>/recalbox/share/thumbs/Microsoft - MSX2/Named_Titles/Inindou - Datou Nobunaga (Japan).png</image>
    <video>/recalbox/share/videos/No-Intro/Microsoft - MSX2/Inindou - Datou Nobunaga (Japan).mp4</video>
  </game>
  <game>
    <path>/recalbox/share/roms/readystream/msx2/Ishin no Arashi (Japan).zip</path>
    <name>Ishin no Arashi (Japan)</name>
    <image>/recalbox/share/thumbs/Microsoft - MSX2/Named_Titles/Ishin no Arashi (Japan).png</image>
    <video>/recalbox/share/videos/No-Intro/Microsoft - MSX2/Ishin no Arashi (Japan).mp4</video>
  </game>
  <game>
    <path>/recalbox/share/roms/readystream/msx2/Japanese MSX-Write II (Japan) (Program).zip</path>
    <name>Japanese MSX-Write II (Japan) (Program)</name>
    <image>/recalbox/share/thumbs/Microsoft - MSX2/Named_Titles/Japanese MSX-Write II (Japan) (Program).png</image>
    <video>/recalbox/share/videos/No-Intro/Microsoft - MSX2/Japanese MSX-Write II (Japan) (Program).mp4</video>
  </game>
  <game>
    <path>/recalbox/share/roms/readystream/msx2/Kiki Kaikai (Japan).zip</path>
    <name>Kiki Kaikai (Japan)</name>
    <image>/recalbox/share/thumbs/Microsoft - MSX2/Named_Titles/Kiki Kaikai (Japan).png</image>
    <video>/recalbox/share/videos/No-Intro/Microsoft - MSX2/Kiki Kaikai (Japan).mp4</video>
  </game>
  <game>
    <path>/recalbox/share/roms/readystream/msx2/King Kong 2 - Yomigaeru Densetsu (Japan).zip</path>
    <name>King Kong 2 - Yomigaeru Densetsu (Japan)</name>
    <image>/recalbox/share/thumbs/Microsoft - MSX2/Named_Titles/King Kong 2 - Yomigaeru Densetsu (Japan).png</image>
    <video>/recalbox/share/videos/No-Intro/Microsoft - MSX2/King Kong 2 - Yomigaeru Densetsu (Japan).mp4</video>
  </game>
  <game>
    <path>/recalbox/share/roms/readystream/msx2/Kitahei (Japan).zip</path>
    <name>Kitahei (Japan)</name>
    <image>/recalbox/share/thumbs/Microsoft - MSX2/Named_Titles/Kitahei (Japan).png</image>
    <video>/recalbox/share/videos/No-Intro/Microsoft - MSX2/Kitahei (Japan).mp4</video>
  </game>
  <game>
    <path>/recalbox/share/roms/readystream/msx2/Labyrinth (Japan) (Alt).zip</path>
    <name>Labyrinth (Japan) (Alt)</name>
    <image>/recalbox/share/thumbs/Microsoft - MSX2/Named_Titles/Labyrinth (Japan) (Alt).png</image>
    <video>/recalbox/share/videos/No-Intro/Microsoft - MSX2/Labyrinth (Japan) (Alt).mp4</video>
  </game>
  <game>
    <path>/recalbox/share/roms/readystream/msx2/Lupin Sansei - Cagliostro no Shiro (Japan) (Alt).zip</path>
    <name>Lupin Sansei - Cagliostro no Shiro (Japan) (Alt)</name>
    <image>/recalbox/share/thumbs/Microsoft - MSX2/Named_Titles/Lupin Sansei - Cagliostro no Shiro (Japan) (Alt).png</image>
    <video>/recalbox/share/videos/No-Intro/Microsoft - MSX2/Lupin Sansei - Cagliostro no Shiro (Japan) (Alt).mp4</video>
  </game>
  <game>
    <path>/recalbox/share/roms/readystream/msx2/Lupin Sansei - Cagliostro no Shiro (Japan).zip</path>
    <name>Lupin Sansei - Cagliostro no Shiro (Japan)</name>
    <image>/recalbox/share/thumbs/Microsoft - MSX2/Named_Titles/Lupin Sansei - Cagliostro no Shiro (Japan).png</image>
    <video>/recalbox/share/videos/No-Intro/Microsoft - MSX2/Lupin Sansei - Cagliostro no Shiro (Japan).mp4</video>
  </game>
  <game>
    <path>/recalbox/share/roms/readystream/msx2/Mad Rider (Japan).zip</path>
    <name>Mad Rider (Japan)</name>
    <image>/recalbox/share/thumbs/Microsoft - MSX2/Named_Titles/Mad Rider (Japan).png</image>
    <video>/recalbox/share/videos/No-Intro/Microsoft - MSX2/Mad Rider (Japan).mp4</video>
  </game>
  <game>
    <path>/recalbox/share/roms/readystream/msx2/Maison Ikkoku - Kanketsu Hen - Sayonara, Soshite... (Japan).zip</path>
    <name>Maison Ikkoku - Kanketsu Hen - Sayonara, Soshite... (Japan)</name>
    <image>/recalbox/share/thumbs/Microsoft - MSX2/Named_Titles/Maison Ikkoku - Kanketsu Hen - Sayonara, Soshite... (Japan).png</image>
    <video>/recalbox/share/videos/No-Intro/Microsoft - MSX2/Maison Ikkoku - Kanketsu Hen - Sayonara, Soshite... (Japan).mp4</video>
  </game>
  <game>
    <path>/recalbox/share/roms/readystream/msx2/Metal Gear 2 - Solid Snake (Japan) (Demo).zip</path>
    <name>Metal Gear 2 - Solid Snake (Japan) (Demo)</name>
    <image>/recalbox/share/thumbs/Microsoft - MSX2/Named_Titles/Metal Gear 2 - Solid Snake (Japan) (Demo).png</image>
    <video>/recalbox/share/videos/No-Intro/Microsoft - MSX2/Metal Gear 2 - Solid Snake (Japan) (Demo).mp4</video>
  </game>
  <game>
    <path>/recalbox/share/roms/readystream/msx2/Metal Gear 2 - Solid Snake (Japan).zip</path>
    <name>Metal Gear 2 - Solid Snake (Japan)</name>
    <image>/recalbox/share/thumbs/Microsoft - MSX2/Named_Titles/Metal Gear 2 - Solid Snake (Japan).png</image>
    <video>/recalbox/share/videos/No-Intro/Microsoft - MSX2/Metal Gear 2 - Solid Snake (Japan).mp4</video>
  </game>
  <game>
    <path>/recalbox/share/roms/readystream/msx2/Mirai (Japan).zip</path>
    <name>Mirai (Japan)</name>
    <image>/recalbox/share/thumbs/Microsoft - MSX2/Named_Titles/Mirai (Japan).png</image>
    <video>/recalbox/share/videos/No-Intro/Microsoft - MSX2/Mirai (Japan).mp4</video>
  </game>
  <game>
    <path>/recalbox/share/roms/readystream/msx2/Moero!! Nettou Yakyuu '88 (Japan).zip</path>
    <name>Moero!! Nettou Yakyuu &apos;88 (Japan)</name>
    <image>/recalbox/share/thumbs/Microsoft - MSX2/Named_Titles/Moero!! Nettou Yakyuu &apos;88 (Japan).png</image>
    <video>/recalbox/share/videos/No-Intro/Microsoft - MSX2/Moero!! Nettou Yakyuu &apos;88 (Japan).mp4</video>
  </game>
  <game>
    <path>/recalbox/share/roms/readystream/msx2/Nekketsu Juudou (Japan).zip</path>
    <name>Nekketsu Juudou (Japan)</name>
    <image>/recalbox/share/thumbs/Microsoft - MSX2/Named_Titles/Nekketsu Juudou (Japan).png</image>
    <video>/recalbox/share/videos/No-Intro/Microsoft - MSX2/Nekketsu Juudou (Japan).mp4</video>
  </game>
  <game>
    <path>/recalbox/share/roms/readystream/msx2/Ninja-kun - Asura no Shou (Japan).zip</path>
    <name>Ninja-kun - Asura no Shou (Japan)</name>
    <image>/recalbox/share/thumbs/Microsoft - MSX2/Named_Titles/Ninja-kun - Asura no Shou (Japan).png</image>
    <video>/recalbox/share/videos/No-Intro/Microsoft - MSX2/Ninja-kun - Asura no Shou (Japan).mp4</video>
  </game>
  <game>
    <path>/recalbox/share/roms/readystream/msx2/Nobunaga no Yabou - Bushou Fuuun Roku (Japan).zip</path>
    <name>Nobunaga no Yabou - Bushou Fuuun Roku (Japan)</name>
    <image>/recalbox/share/thumbs/Microsoft - MSX2/Named_Titles/Nobunaga no Yabou - Bushou Fuuun Roku (Japan).png</image>
    <video>/recalbox/share/videos/No-Intro/Microsoft - MSX2/Nobunaga no Yabou - Bushou Fuuun Roku (Japan).mp4</video>
  </game>
  <game>
    <path>/recalbox/share/roms/readystream/msx2/Ogre (Japan).zip</path>
    <name>Ogre (Japan)</name>
    <image>/recalbox/share/thumbs/Microsoft - MSX2/Named_Titles/Ogre (Japan).png</image>
    <video>/recalbox/share/videos/No-Intro/Microsoft - MSX2/Ogre (Japan).mp4</video>
  </game>
  <game>
    <path>/recalbox/share/roms/readystream/msx2/Ouke no Tani - El Giza no Fuuin (Japan).zip</path>
    <name>Ouke no Tani - El Giza no Fuuin (Japan)</name>
    <image>/recalbox/share/thumbs/Microsoft - MSX2/Named_Titles/Ouke no Tani - El Giza no Fuuin (Japan).png</image>
    <video>/recalbox/share/videos/No-Intro/Microsoft - MSX2/Ouke no Tani - El Giza no Fuuin (Japan).mp4</video>
  </game>
  <game>
    <path>/recalbox/share/roms/readystream/msx2/Pro Yakyuu Fan - Telenet Stadium (Japan).zip</path>
    <name>Pro Yakyuu Fan - Telenet Stadium (Japan)</name>
    <image>/recalbox/share/thumbs/Microsoft - MSX2/Named_Titles/Pro Yakyuu Fan - Telenet Stadium (Japan).png</image>
    <video>/recalbox/share/videos/No-Intro/Microsoft - MSX2/Pro Yakyuu Fan - Telenet Stadium (Japan).mp4</video>
  </game>
  <game>
    <path>/recalbox/share/roms/readystream/msx2/Professional Mahjong Gokuu (Japan).zip</path>
    <name>Professional Mahjong Gokuu (Japan)</name>
    <image>/recalbox/share/thumbs/Microsoft - MSX2/Named_Titles/Professional Mahjong Gokuu (Japan).png</image>
    <video>/recalbox/share/videos/No-Intro/Microsoft - MSX2/Professional Mahjong Gokuu (Japan).mp4</video>
  </game>
  <game>
    <path>/recalbox/share/roms/readystream/msx2/Project A2 - Shijousaidai no Hyouteki (Japan).zip</path>
    <name>Project A2 - Shijousaidai no Hyouteki (Japan)</name>
    <image>/recalbox/share/thumbs/Microsoft - MSX2/Named_Titles/Project A2 - Shijousaidai no Hyouteki (Japan).png</image>
    <video>/recalbox/share/videos/No-Intro/Microsoft - MSX2/Project A2 - Shijousaidai no Hyouteki (Japan).mp4</video>
  </game>
  <game>
    <path>/recalbox/share/roms/readystream/msx2/Quarth (Japan) (Demo).zip</path>
    <name>Quarth (Japan) (Demo)</name>
    <image>/recalbox/share/thumbs/Microsoft - MSX2/Named_Titles/Quarth (Japan) (Demo).png</image>
    <video>/recalbox/share/videos/No-Intro/Microsoft - MSX2/Quarth (Japan) (Demo).mp4</video>
  </game>
  <game>
    <path>/recalbox/share/roms/readystream/msx2/Quarth (Japan) (Wii U Virtual Console).zip</path>
    <name>Quarth (Japan) (Wii U Virtual Console)</name>
    <image>/recalbox/share/thumbs/Microsoft - MSX2/Named_Titles/Quarth (Japan) (Wii U Virtual Console).png</image>
    <video>/recalbox/share/videos/No-Intro/Microsoft - MSX2/Quarth (Japan) (Wii U Virtual Console).mp4</video>
  </game>
  <game>
    <path>/recalbox/share/roms/readystream/msx2/Quarth (Korea).zip</path>
    <name>Quarth (Korea)</name>
    <image>/recalbox/share/thumbs/Microsoft - MSX2/Named_Titles/Quarth (Korea).png</image>
    <video>/recalbox/share/videos/No-Intro/Microsoft - MSX2/Quarth (Korea).mp4</video>
  </game>
  <game>
    <path>/recalbox/share/roms/readystream/msx2/Quinpl (Japan).zip</path>
    <name>Quinpl (Japan)</name>
    <image>/recalbox/share/thumbs/Microsoft - MSX2/Named_Titles/Quinpl (Japan).png</image>
    <video>/recalbox/share/videos/No-Intro/Microsoft - MSX2/Quinpl (Japan).mp4</video>
  </game>
  <game>
    <path>/recalbox/share/roms/readystream/msx2/Rastan Saga (Japan).zip</path>
    <name>Rastan Saga (Japan)</name>
    <image>/recalbox/share/thumbs/Microsoft - MSX2/Named_Titles/Rastan Saga (Japan).png</image>
    <video>/recalbox/share/videos/No-Intro/Microsoft - MSX2/Rastan Saga (Japan).mp4</video>
  </game>
  <game>
    <path>/recalbox/share/roms/readystream/msx2/Relics (Japan).zip</path>
    <name>Relics (Japan)</name>
    <image>/recalbox/share/thumbs/Microsoft - MSX2/Named_Titles/Relics (Japan).png</image>
    <video>/recalbox/share/videos/No-Intro/Microsoft - MSX2/Relics (Japan).mp4</video>
  </game>
  <game>
    <path>/recalbox/share/roms/readystream/msx2/Replicart (Japan).zip</path>
    <name>Replicart (Japan)</name>
    <image>/recalbox/share/thumbs/Microsoft - MSX2/Named_Titles/Replicart (Japan).png</image>
    <video>/recalbox/share/videos/No-Intro/Microsoft - MSX2/Replicart (Japan).mp4</video>
  </game>
  <game>
    <path>/recalbox/share/roms/readystream/msx2/Return of Jelda (Japan).zip</path>
    <name>Return of Jelda (Japan)</name>
    <image>/recalbox/share/thumbs/Microsoft - MSX2/Named_Titles/Return of Jelda (Japan).png</image>
    <video>/recalbox/share/videos/No-Intro/Microsoft - MSX2/Return of Jelda (Japan).mp4</video>
  </game>
  <game>
    <path>/recalbox/share/roms/readystream/msx2/Royal Blood (Japan).zip</path>
    <name>Royal Blood (Japan)</name>
    <image>/recalbox/share/thumbs/Microsoft - MSX2/Named_Titles/Royal Blood (Japan).png</image>
    <video>/recalbox/share/videos/No-Intro/Microsoft - MSX2/Royal Blood (Japan).mp4</video>
  </game>
  <game>
    <path>/recalbox/share/roms/readystream/msx2/Sangokushi (Japan).zip</path>
    <name>Sangokushi (Japan)</name>
    <image>/recalbox/share/thumbs/Microsoft - MSX2/Named_Titles/Sangokushi (Japan).png</image>
    <video>/recalbox/share/videos/No-Intro/Microsoft - MSX2/Sangokushi (Japan).mp4</video>
  </game>
  <game>
    <path>/recalbox/share/roms/readystream/msx2/Star Virgin (Japan).zip</path>
    <name>Star Virgin (Japan)</name>
    <image>/recalbox/share/thumbs/Microsoft - MSX2/Named_Titles/Star Virgin (Japan).png</image>
    <video>/recalbox/share/videos/No-Intro/Microsoft - MSX2/Star Virgin (Japan).mp4</video>
  </game>
  <game>
    <path>/recalbox/share/roms/readystream/msx2/Super Daisenryaku (Japan).zip</path>
    <name>Super Daisenryaku (Japan)</name>
    <image>/recalbox/share/thumbs/Microsoft - MSX2/Named_Titles/Super Daisenryaku (Japan).png</image>
    <video>/recalbox/share/videos/No-Intro/Microsoft - MSX2/Super Daisenryaku (Japan).mp4</video>
  </game>
  <game>
    <path>/recalbox/share/roms/readystream/msx2/Super Rambo Special (Japan).zip</path>
    <name>Super Rambo Special (Japan)</name>
    <image>/recalbox/share/thumbs/Microsoft - MSX2/Named_Titles/Super Rambo Special (Japan).png</image>
    <video>/recalbox/share/videos/No-Intro/Microsoft - MSX2/Super Rambo Special (Japan).mp4</video>
  </game>
  <game>
    <path>/recalbox/share/roms/readystream/msx2/Super Runner (Japan).zip</path>
    <name>Super Runner (Japan)</name>
    <image>/recalbox/share/thumbs/Microsoft - MSX2/Named_Titles/Super Runner (Japan).png</image>
    <video>/recalbox/share/videos/No-Intro/Microsoft - MSX2/Super Runner (Japan).mp4</video>
  </game>
  <game>
    <path>/recalbox/share/roms/readystream/msx2/Super Tritorn (Japan).zip</path>
    <name>Super Tritorn (Japan)</name>
    <image>/recalbox/share/thumbs/Microsoft - MSX2/Named_Titles/Super Tritorn (Japan).png</image>
    <video>/recalbox/share/videos/No-Intro/Microsoft - MSX2/Super Tritorn (Japan).mp4</video>
  </game>
  <game>
    <path>/recalbox/share/roms/readystream/msx2/Sword of Ianna, The (World) (En,Es) (v1.2) (Aftermarket) (Unl).zip</path>
    <name>Sword of Ianna, The (World) (En,Es) (v1.2) (Aftermarket) (Unl)</name>
    <image>/recalbox/share/thumbs/Microsoft - MSX2/Named_Titles/Sword of Ianna, The (World) (En,Es) (v1.2) (Aftermarket) (Unl).png</image>
    <video>/recalbox/share/videos/No-Intro/Microsoft - MSX2/Sword of Ianna, The (World) (En,Es) (v1.2) (Aftermarket) (Unl).mp4</video>
  </game>
  <game>
    <path>/recalbox/share/roms/readystream/msx2/Sword of Ianna, The (World) (Fr) (v1.2) (Aftermarket) (Unl).zip</path>
    <name>Sword of Ianna, The (World) (Fr) (v1.2) (Aftermarket) (Unl)</name>
    <image>/recalbox/share/thumbs/Microsoft - MSX2/Named_Titles/Sword of Ianna, The (World) (Fr) (v1.2) (Aftermarket) (Unl).png</image>
    <video>/recalbox/share/videos/No-Intro/Microsoft - MSX2/Sword of Ianna, The (World) (Fr) (v1.2) (Aftermarket) (Unl).mp4</video>
  </game>
  <game>
    <path>/recalbox/share/roms/readystream/msx2/Synthe Saurus (Japan) (Program).zip</path>
    <name>Synthe Saurus (Japan) (Program)</name>
    <image>/recalbox/share/thumbs/Microsoft - MSX2/Named_Titles/Synthe Saurus (Japan) (Program).png</image>
    <video>/recalbox/share/videos/No-Intro/Microsoft - MSX2/Synthe Saurus (Japan) (Program).mp4</video>
  </game>
  <game>
    <path>/recalbox/share/roms/readystream/msx2/Taiyou no Shinden - Asteka II (Japan).zip</path>
    <name>Taiyou no Shinden - Asteka II (Japan)</name>
    <image>/recalbox/share/thumbs/Microsoft - MSX2/Named_Titles/Taiyou no Shinden - Asteka II (Japan).png</image>
    <video>/recalbox/share/videos/No-Intro/Microsoft - MSX2/Taiyou no Shinden - Asteka II (Japan).mp4</video>
  </game>
  <game>
    <path>/recalbox/share/roms/readystream/msx2/Tanikawa Hiroshi no Shougi Shinan 2 (Japan).zip</path>
    <name>Tanikawa Hiroshi no Shougi Shinan 2 (Japan)</name>
    <image>/recalbox/share/thumbs/Microsoft - MSX2/Named_Titles/Tanikawa Hiroshi no Shougi Shinan 2 (Japan).png</image>
    <video>/recalbox/share/videos/No-Intro/Microsoft - MSX2/Tanikawa Hiroshi no Shougi Shinan 2 (Japan).mp4</video>
  </game>
  <game>
    <path>/recalbox/share/roms/readystream/msx2/Tetris (Japan).zip</path>
    <name>Tetris (Japan)</name>
    <image>/recalbox/share/thumbs/Microsoft - MSX2/Named_Titles/Tetris (Japan).png</image>
    <video>/recalbox/share/videos/No-Intro/Microsoft - MSX2/Tetris (Japan).mp4</video>
  </game>
  <game>
    <path>/recalbox/share/roms/readystream/msx2/Treasure of Usas, The (Japan, Europe) (En) (Alt).zip</path>
    <name>Treasure of Usas, The (Japan, Europe) (En) (Alt)</name>
    <image>/recalbox/share/thumbs/Microsoft - MSX2/Named_Titles/Treasure of Usas, The (Japan, Europe) (En) (Alt).png</image>
    <video>/recalbox/share/videos/No-Intro/Microsoft - MSX2/Treasure of Usas, The (Japan, Europe) (En) (Alt).mp4</video>
  </game>
  <game>
    <path>/recalbox/share/roms/readystream/msx2/Treasure of Usas, The (Japan, Europe) (En).zip</path>
    <name>Treasure of Usas, The (Japan, Europe) (En)</name>
    <image>/recalbox/share/thumbs/Microsoft - MSX2/Named_Titles/Treasure of Usas, The (Japan, Europe) (En).png</image>
    <video>/recalbox/share/videos/No-Intro/Microsoft - MSX2/Treasure of Usas, The (Japan, Europe) (En).mp4</video>
  </game>
  <game>
    <path>/recalbox/share/roms/readystream/msx2/Tsurikichi Sanpei - Tsuri Sennin Hen (Japan).zip</path>
    <name>Tsurikichi Sanpei - Tsuri Sennin Hen (Japan)</name>
    <image>/recalbox/share/thumbs/Microsoft - MSX2/Named_Titles/Tsurikichi Sanpei - Tsuri Sennin Hen (Japan).png</image>
    <video>/recalbox/share/videos/No-Intro/Microsoft - MSX2/Tsurikichi Sanpei - Tsuri Sennin Hen (Japan).mp4</video>
  </game>
  <game>
    <path>/recalbox/share/roms/readystream/msx2/Vampire Killer (Japan, Europe) (En) (Alt 2).zip</path>
    <name>Vampire Killer (Japan, Europe) (En) (Alt 2)</name>
    <image>/recalbox/share/thumbs/Microsoft - MSX2/Named_Titles/Vampire Killer (Japan, Europe) (En) (Alt 2).png</image>
    <video>/recalbox/share/videos/No-Intro/Microsoft - MSX2/Vampire Killer (Japan, Europe) (En) (Alt 2).mp4</video>
  </game>
  <game>
    <path>/recalbox/share/roms/readystream/msx2/Vampire Killer (Japan, Europe) (En) (Alt 3).zip</path>
    <name>Vampire Killer (Japan, Europe) (En) (Alt 3)</name>
    <image>/recalbox/share/thumbs/Microsoft - MSX2/Named_Titles/Vampire Killer (Japan, Europe) (En) (Alt 3).png</image>
    <video>/recalbox/share/videos/No-Intro/Microsoft - MSX2/Vampire Killer (Japan, Europe) (En) (Alt 3).mp4</video>
  </game>
  <game>
    <path>/recalbox/share/roms/readystream/msx2/Vampire Killer (Japan, Europe) (En) (Alt).zip</path>
    <name>Vampire Killer (Japan, Europe) (En) (Alt)</name>
    <image>/recalbox/share/thumbs/Microsoft - MSX2/Named_Titles/Vampire Killer (Japan, Europe) (En) (Alt).png</image>
    <video>/recalbox/share/videos/No-Intro/Microsoft - MSX2/Vampire Killer (Japan, Europe) (En) (Alt).mp4</video>
  </game>
  <game>
    <path>/recalbox/share/roms/readystream/msx2/Vampire Killer (Japan, Europe) (En).zip</path>
    <name>Vampire Killer (Japan, Europe) (En)</name>
    <image>/recalbox/share/thumbs/Microsoft - MSX2/Named_Titles/Vampire Killer (Japan, Europe) (En).png</image>
    <video>/recalbox/share/videos/No-Intro/Microsoft - MSX2/Vampire Killer (Japan, Europe) (En).mp4</video>
  </game>
  <game>
    <path>/recalbox/share/roms/readystream/msx2/Wizardry (Japan).zip</path>
    <name>Wizardry (Japan)</name>
    <image>/recalbox/share/thumbs/Microsoft - MSX2/Named_Titles/Wizardry (Japan).png</image>
    <video>/recalbox/share/videos/No-Intro/Microsoft - MSX2/Wizardry (Japan).mp4</video>
  </game>
  <game>
    <path>/recalbox/share/roms/readystream/msx2/Woody Poco (Japan).zip</path>
    <name>Woody Poco (Japan)</name>
    <image>/recalbox/share/thumbs/Microsoft - MSX2/Named_Titles/Woody Poco (Japan).png</image>
    <video>/recalbox/share/videos/No-Intro/Microsoft - MSX2/Woody Poco (Japan).mp4</video>
  </game>
  <game>
    <path>/recalbox/share/roms/readystream/msx2/Xevious - Fardraut Saga (Japan) (Alt).zip</path>
    <name>Xevious - Fardraut Saga (Japan) (Alt)</name>
    <image>/recalbox/share/thumbs/Microsoft - MSX2/Named_Titles/Xevious - Fardraut Saga (Japan) (Alt).png</image>
    <video>/recalbox/share/videos/No-Intro/Microsoft - MSX2/Xevious - Fardraut Saga (Japan) (Alt).mp4</video>
  </game>
  <game>
    <path>/recalbox/share/roms/readystream/msx2/Xevious - Fardraut Saga (Japan).zip</path>
    <name>Xevious - Fardraut Saga (Japan)</name>
    <image>/recalbox/share/thumbs/Microsoft - MSX2/Named_Titles/Xevious - Fardraut Saga (Japan).png</image>
    <video>/recalbox/share/videos/No-Intro/Microsoft - MSX2/Xevious - Fardraut Saga (Japan).mp4</video>
  </game>
  <game>
    <path>/recalbox/share/roms/readystream/msx2/Yaksa (Japan).zip</path>
    <name>Yaksa (Japan)</name>
    <image>/recalbox/share/thumbs/Microsoft - MSX2/Named_Titles/Yaksa (Japan).png</image>
    <video>/recalbox/share/videos/No-Intro/Microsoft - MSX2/Yaksa (Japan).mp4</video>
  </game>
  <game>
    <path>/recalbox/share/roms/readystream/msx2/Yamamura Misa Suspense - Kyoto Ryuu no Tera Satsujinjiken (Japan).zip</path>
    <name>Yamamura Misa Suspense - Kyoto Ryuu no Tera Satsujinjiken (Japan)</name>
    <image>/recalbox/share/thumbs/Microsoft - MSX2/Named_Titles/Yamamura Misa Suspense - Kyoto Ryuu no Tera Satsujinjiken (Japan).png</image>
    <video>/recalbox/share/videos/No-Intro/Microsoft - MSX2/Yamamura Misa Suspense - Kyoto Ryuu no Tera Satsujinjiken (Japan).mp4</video>
  </game>
  <game>
    <path>/recalbox/share/roms/readystream/msx2/Yuurei-kun (Japan).zip</path>
    <name>Yuurei-kun (Japan)</name>
    <image>/recalbox/share/thumbs/Microsoft - MSX2/Named_Titles/Yuurei-kun (Japan).png</image>
    <video>/recalbox/share/videos/No-Intro/Microsoft - MSX2/Yuurei-kun (Japan).mp4</video>
  </game>
  <game>
    <path>/recalbox/share/roms/readystream/msx2/Zanac Ex (Japan) (Alt).zip</path>
    <name>Zanac Ex (Japan) (Alt)</name>
    <image>/recalbox/share/thumbs/Microsoft - MSX2/Named_Titles/Zanac Ex (Japan) (Alt).png</image>
    <video>/recalbox/share/videos/No-Intro/Microsoft - MSX2/Zanac Ex (Japan) (Alt).mp4</video>
  </game>
  <game>
    <path>/recalbox/share/roms/readystream/msx2/Zanac Ex (Japan).zip</path>
    <name>Zanac Ex (Japan)</name>
    <image>/recalbox/share/thumbs/Microsoft - MSX2/Named_Titles/Zanac Ex (Japan).png</image>
    <video>/recalbox/share/videos/No-Intro/Microsoft - MSX2/Zanac Ex (Japan).mp4</video>
  </game>
</gamelist>