<gamelist>
  <game>
    <path>/recalbox/share/rom/No-Intro/Philips - Videopac+/Billard Americain (France).zip</path>
    <name>Billard Americain (France)</name>
    <image>/recalbox/share/thumbs/Philips - Videopac+/Named_Titles/Billard Americain (France).png</image>
    <video>/recalbox/share/videos/No-Intro/Philips - Videopac+/Billard Americain (France).mp4</video>
  </game>
  <game>
    <path>/recalbox/share/rom/No-Intro/Philips - Videopac+/Chez Maxime (France).zip</path>
    <name>Chez Maxime (France)</name>
    <image>/recalbox/share/thumbs/Philips - Videopac+/Named_Titles/Chez Maxime (France).png</image>
    <video>/recalbox/share/videos/No-Intro/Philips - Videopac+/Chez Maxime (France).mp4</video>
  </game>
  <game>
    <path>/recalbox/share/rom/No-Intro/Philips - Videopac+/Clay Pigeon (Europe) (Proto).zip</path>
    <name>Clay Pigeon (Europe) (Proto)</name>
    <image>/recalbox/share/thumbs/Philips - Videopac+/Named_Titles/Clay Pigeon (Europe) (Proto).png</image>
    <video>/recalbox/share/videos/No-Intro/Philips - Videopac+/Clay Pigeon (Europe) (Proto).mp4</video>
  </game>
  <game>
    <path>/recalbox/share/rom/No-Intro/Philips - Videopac+/Cosmic Conflict (Europe).zip</path>
    <name>Cosmic Conflict (Europe)</name>
    <image>/recalbox/share/thumbs/Philips - Videopac+/Named_Titles/Cosmic Conflict (Europe).png</image>
    <video>/recalbox/share/videos/No-Intro/Philips - Videopac+/Cosmic Conflict (Europe).mp4</video>
  </game>
  <game>
    <path>/recalbox/share/rom/No-Intro/Philips - Videopac+/Demon Attack (France).zip</path>
    <name>Demon Attack (France)</name>
    <image>/recalbox/share/thumbs/Philips - Videopac+/Named_Titles/Demon Attack (France).png</image>
    <video>/recalbox/share/videos/No-Intro/Philips - Videopac+/Demon Attack (France).mp4</video>
  </game>
  <game>
    <path>/recalbox/share/rom/No-Intro/Philips - Videopac+/Exojet (France).zip</path>
    <name>Exojet (France)</name>
    <image>/recalbox/share/thumbs/Philips - Videopac+/Named_Titles/Exojet (France).png</image>
    <video>/recalbox/share/videos/No-Intro/Philips - Videopac+/Exojet (France).mp4</video>
  </game>
  <game>
    <path>/recalbox/share/rom/No-Intro/Philips - Videopac+/Flipper Game (Europe) (Proto).zip</path>
    <name>Flipper Game (Europe) (Proto)</name>
    <image>/recalbox/share/thumbs/Philips - Videopac+/Named_Titles/Flipper Game (Europe) (Proto).png</image>
    <video>/recalbox/share/videos/No-Intro/Philips - Videopac+/Flipper Game (Europe) (Proto).mp4</video>
  </game>
  <game>
    <path>/recalbox/share/rom/No-Intro/Philips - Videopac+/Helicopter Rescue (Europe).zip</path>
    <name>Helicopter Rescue (Europe)</name>
    <image>/recalbox/share/thumbs/Philips - Videopac+/Named_Titles/Helicopter Rescue (Europe).png</image>
    <video>/recalbox/share/videos/No-Intro/Philips - Videopac+/Helicopter Rescue (Europe).mp4</video>
  </game>
  <game>
    <path>/recalbox/share/rom/No-Intro/Philips - Videopac+/Moto-Crash (France).zip</path>
    <name>Moto-Crash (France)</name>
    <image>/recalbox/share/thumbs/Philips - Videopac+/Named_Titles/Moto-Crash (France).png</image>
    <video>/recalbox/share/videos/No-Intro/Philips - Videopac+/Moto-Crash (France).mp4</video>
  </game>
  <game>
    <path>/recalbox/share/rom/No-Intro/Philips - Videopac+/Neutron Star (Europe).zip</path>
    <name>Neutron Star (Europe)</name>
    <image>/recalbox/share/thumbs/Philips - Videopac+/Named_Titles/Neutron Star (Europe).png</image>
    <video>/recalbox/share/videos/No-Intro/Philips - Videopac+/Neutron Star (Europe).mp4</video>
  </game>
  <game>
    <path>/recalbox/share/rom/No-Intro/Philips - Videopac+/Race + Spin-out + Cryptogram (Europe).zip</path>
    <name>Race + Spin-out + Cryptogram (Europe)</name>
    <image>/recalbox/share/thumbs/Philips - Videopac+/Named_Titles/Race + Spin-out + Cryptogram (Europe).png</image>
    <video>/recalbox/share/videos/No-Intro/Philips - Videopac+/Race + Spin-out + Cryptogram (Europe).mp4</video>
  </game>
  <game>
    <path>/recalbox/share/rom/No-Intro/Philips - Videopac+/Ruche Infernale, La (France).zip</path>
    <name>Ruche Infernale, La (France)</name>
    <image>/recalbox/share/thumbs/Philips - Videopac+/Named_Titles/Ruche Infernale, La (France).png</image>
    <video>/recalbox/share/videos/No-Intro/Philips - Videopac+/Ruche Infernale, La (France).mp4</video>
  </game>
  <game>
    <path>/recalbox/share/rom/No-Intro/Philips - Videopac+/Satellite Attack (Europe).zip</path>
    <name>Satellite Attack (Europe)</name>
    <image>/recalbox/share/thumbs/Philips - Videopac+/Named_Titles/Satellite Attack (Europe).png</image>
    <video>/recalbox/share/videos/No-Intro/Philips - Videopac+/Satellite Attack (Europe).mp4</video>
  </game>
  <game>
    <path>/recalbox/share/rom/No-Intro/Philips - Videopac+/Trans American Rally (Europe).zip</path>
    <name>Trans American Rally (Europe)</name>
    <image>/recalbox/share/thumbs/Philips - Videopac+/Named_Titles/Trans American Rally (Europe).png</image>
    <video>/recalbox/share/videos/No-Intro/Philips - Videopac+/Trans American Rally (Europe).mp4</video>
  </game>
  <game>
    <path>/recalbox/share/rom/No-Intro/Philips - Videopac+/Tresor Englouti, Le (France).zip</path>
    <name>Tresor Englouti, Le (France)</name>
    <image>/recalbox/share/thumbs/Philips - Videopac+/Named_Titles/Tresor Englouti, Le (France).png</image>
    <video>/recalbox/share/videos/No-Intro/Philips - Videopac+/Tresor Englouti, Le (France).mp4</video>
  </game>
</gamelist>