<gamelist>
  <game>
    <path>/recalbox/share/rom/No-Intro/Atari - 7800/32 in 1 (Australia).zip</path>
    <name>32 in 1 (Australia)</name>
    <image>/recalbox/share/thumbs/Atari - 7800/Named_Titles/32 in 1 (Australia).png</image>
    <video>/recalbox/share/videos/No-Intro/Atari - 7800/32 in 1 (Australia).mp4</video>
  </game>
  <game>
    <path>/recalbox/share/rom/No-Intro/Atari - 7800/7800 Monitor Cart (USA) (Program) (Unl).zip</path>
    <name>7800 Monitor Cart (USA) (Program) (Unl)</name>
    <image>/recalbox/share/thumbs/Atari - 7800/Named_Titles/7800 Monitor Cart (USA) (Program) (Unl).png</image>
    <video>/recalbox/share/videos/No-Intro/Atari - 7800/7800 Monitor Cart (USA) (Program) (Unl).mp4</video>
  </game>
  <game>
    <path>/recalbox/share/rom/No-Intro/Atari - 7800/Ace of Aces (Europe).zip</path>
    <name>Ace of Aces (Europe)</name>
    <image>/recalbox/share/thumbs/Atari - 7800/Named_Titles/Ace of Aces (Europe).png</image>
    <video>/recalbox/share/videos/No-Intro/Atari - 7800/Ace of Aces (Europe).mp4</video>
  </game>
  <game>
    <path>/recalbox/share/rom/No-Intro/Atari - 7800/Ace of Aces (USA).zip</path>
    <name>Ace of Aces (USA)</name>
    <image>/recalbox/share/thumbs/Atari - 7800/Named_Titles/Ace of Aces (USA).png</image>
    <video>/recalbox/share/videos/No-Intro/Atari - 7800/Ace of Aces (USA).mp4</video>
  </game>
  <game>
    <path>/recalbox/share/rom/No-Intro/Atari - 7800/Alien Brigade (Europe).zip</path>
    <name>Alien Brigade (Europe)</name>
    <image>/recalbox/share/thumbs/Atari - 7800/Named_Titles/Alien Brigade (Europe).png</image>
    <video>/recalbox/share/videos/No-Intro/Atari - 7800/Alien Brigade (Europe).mp4</video>
  </game>
  <game>
    <path>/recalbox/share/rom/No-Intro/Atari - 7800/Alien Brigade (USA).zip</path>
    <name>Alien Brigade (USA)</name>
    <image>/recalbox/share/thumbs/Atari - 7800/Named_Titles/Alien Brigade (USA).png</image>
    <video>/recalbox/share/videos/No-Intro/Atari - 7800/Alien Brigade (USA).mp4</video>
  </game>
  <game>
    <path>/recalbox/share/rom/No-Intro/Atari - 7800/Asteroids (USA) (Beta).zip</path>
    <name>Asteroids (USA) (Beta)</name>
    <image>/recalbox/share/thumbs/Atari - 7800/Named_Titles/Asteroids (USA) (Beta).png</image>
    <video>/recalbox/share/videos/No-Intro/Atari - 7800/Asteroids (USA) (Beta).mp4</video>
  </game>
  <game>
    <path>/recalbox/share/rom/No-Intro/Atari - 7800/Asteroids (USA).zip</path>
    <name>Asteroids (USA)</name>
    <image>/recalbox/share/thumbs/Atari - 7800/Named_Titles/Asteroids (USA).png</image>
    <video>/recalbox/share/videos/No-Intro/Atari - 7800/Asteroids (USA).mp4</video>
  </game>
  <game>
    <path>/recalbox/share/rom/No-Intro/Atari - 7800/Atari 7800 Development Card (USA).zip</path>
    <name>Atari 7800 Development Card (USA)</name>
    <image>/recalbox/share/thumbs/Atari - 7800/Named_Titles/Atari 7800 Development Card (USA).png</image>
    <video>/recalbox/share/videos/No-Intro/Atari - 7800/Atari 7800 Development Card (USA).mp4</video>
  </game>
  <game>
    <path>/recalbox/share/rom/No-Intro/Atari - 7800/Attack of the PETSCII Robots (World) (Demo) (Aftermarket) (Unl).zip</path>
    <name>Attack of the PETSCII Robots (World) (Demo) (Aftermarket) (Unl)</name>
    <image>/recalbox/share/thumbs/Atari - 7800/Named_Titles/Attack of the PETSCII Robots (World) (Demo) (Aftermarket) (Unl).png</image>
    <video>/recalbox/share/videos/No-Intro/Atari - 7800/Attack of the PETSCII Robots (World) (Demo) (Aftermarket) (Unl).mp4</video>
  </game>
  <game>
    <path>/recalbox/share/rom/No-Intro/Atari - 7800/Ballblazer (Europe).zip</path>
    <name>Ballblazer (Europe)</name>
    <image>/recalbox/share/thumbs/Atari - 7800/Named_Titles/Ballblazer (Europe).png</image>
    <video>/recalbox/share/videos/No-Intro/Atari - 7800/Ballblazer (Europe).mp4</video>
  </game>
  <game>
    <path>/recalbox/share/rom/No-Intro/Atari - 7800/Ballblazer (USA).zip</path>
    <name>Ballblazer (USA)</name>
    <image>/recalbox/share/thumbs/Atari - 7800/Named_Titles/Ballblazer (USA).png</image>
    <video>/recalbox/share/videos/No-Intro/Atari - 7800/Ballblazer (USA).mp4</video>
  </game>
  <game>
    <path>/recalbox/share/rom/No-Intro/Atari - 7800/Barnyard Blaster (Europe).zip</path>
    <name>Barnyard Blaster (Europe)</name>
    <image>/recalbox/share/thumbs/Atari - 7800/Named_Titles/Barnyard Blaster (Europe).png</image>
    <video>/recalbox/share/videos/No-Intro/Atari - 7800/Barnyard Blaster (Europe).mp4</video>
  </game>
  <game>
    <path>/recalbox/share/rom/No-Intro/Atari - 7800/Barnyard Blaster (USA).zip</path>
    <name>Barnyard Blaster (USA)</name>
    <image>/recalbox/share/thumbs/Atari - 7800/Named_Titles/Barnyard Blaster (USA).png</image>
    <video>/recalbox/share/videos/No-Intro/Atari - 7800/Barnyard Blaster (USA).mp4</video>
  </game>
  <game>
    <path>/recalbox/share/rom/No-Intro/Atari - 7800/Baseball (Europe).zip</path>
    <name>Baseball (Europe)</name>
    <image>/recalbox/share/thumbs/Atari - 7800/Named_Titles/Baseball (Europe).png</image>
    <video>/recalbox/share/videos/No-Intro/Atari - 7800/Baseball (Europe).mp4</video>
  </game>
  <game>
    <path>/recalbox/share/rom/No-Intro/Atari - 7800/Basketbrawl (Europe).zip</path>
    <name>Basketbrawl (Europe)</name>
    <image>/recalbox/share/thumbs/Atari - 7800/Named_Titles/Basketbrawl (Europe).png</image>
    <video>/recalbox/share/videos/No-Intro/Atari - 7800/Basketbrawl (Europe).mp4</video>
  </game>
  <game>
    <path>/recalbox/share/rom/No-Intro/Atari - 7800/Basketbrawl (USA).zip</path>
    <name>Basketbrawl (USA)</name>
    <image>/recalbox/share/thumbs/Atari - 7800/Named_Titles/Basketbrawl (USA).png</image>
    <video>/recalbox/share/videos/No-Intro/Atari - 7800/Basketbrawl (USA).mp4</video>
  </game>
  <game>
    <path>/recalbox/share/rom/No-Intro/Atari - 7800/Centipede (Europe).zip</path>
    <name>Centipede (Europe)</name>
    <image>/recalbox/share/thumbs/Atari - 7800/Named_Titles/Centipede (Europe).png</image>
    <video>/recalbox/share/videos/No-Intro/Atari - 7800/Centipede (Europe).mp4</video>
  </game>
  <game>
    <path>/recalbox/share/rom/No-Intro/Atari - 7800/Centipede (USA).zip</path>
    <name>Centipede (USA)</name>
    <image>/recalbox/share/thumbs/Atari - 7800/Named_Titles/Centipede (USA).png</image>
    <video>/recalbox/share/videos/No-Intro/Atari - 7800/Centipede (USA).mp4</video>
  </game>
  <game>
    <path>/recalbox/share/rom/No-Intro/Atari - 7800/Choplifter! (Europe).zip</path>
    <name>Choplifter! (Europe)</name>
    <image>/recalbox/share/thumbs/Atari - 7800/Named_Titles/Choplifter! (Europe).png</image>
    <video>/recalbox/share/videos/No-Intro/Atari - 7800/Choplifter! (Europe).mp4</video>
  </game>
  <game>
    <path>/recalbox/share/rom/No-Intro/Atari - 7800/Choplifter! (USA).zip</path>
    <name>Choplifter! (USA)</name>
    <image>/recalbox/share/thumbs/Atari - 7800/Named_Titles/Choplifter! (USA).png</image>
    <video>/recalbox/share/videos/No-Intro/Atari - 7800/Choplifter! (USA).mp4</video>
  </game>
  <game>
    <path>/recalbox/share/rom/No-Intro/Atari - 7800/Commando (Europe).zip</path>
    <name>Commando (Europe)</name>
    <image>/recalbox/share/thumbs/Atari - 7800/Named_Titles/Commando (Europe).png</image>
    <video>/recalbox/share/videos/No-Intro/Atari - 7800/Commando (Europe).mp4</video>
  </game>
  <game>
    <path>/recalbox/share/rom/No-Intro/Atari - 7800/Commando (USA).zip</path>
    <name>Commando (USA)</name>
    <image>/recalbox/share/thumbs/Atari - 7800/Named_Titles/Commando (USA).png</image>
    <video>/recalbox/share/videos/No-Intro/Atari - 7800/Commando (USA).mp4</video>
  </game>
  <game>
    <path>/recalbox/share/rom/No-Intro/Atari - 7800/Crack'ed (Europe).zip</path>
    <name>Crack&apos;ed (Europe)</name>
    <image>/recalbox/share/thumbs/Atari - 7800/Named_Titles/Crack&apos;ed (Europe).png</image>
    <video>/recalbox/share/videos/No-Intro/Atari - 7800/Crack&apos;ed (Europe).mp4</video>
  </game>
  <game>
    <path>/recalbox/share/rom/No-Intro/Atari - 7800/Crack'ed (USA).zip</path>
    <name>Crack&apos;ed (USA)</name>
    <image>/recalbox/share/thumbs/Atari - 7800/Named_Titles/Crack&apos;ed (USA).png</image>
    <video>/recalbox/share/videos/No-Intro/Atari - 7800/Crack&apos;ed (USA).mp4</video>
  </game>
  <game>
    <path>/recalbox/share/rom/No-Intro/Atari - 7800/Crossbow (Europe).zip</path>
    <name>Crossbow (Europe)</name>
    <image>/recalbox/share/thumbs/Atari - 7800/Named_Titles/Crossbow (Europe).png</image>
    <video>/recalbox/share/videos/No-Intro/Atari - 7800/Crossbow (Europe).mp4</video>
  </game>
  <game>
    <path>/recalbox/share/rom/No-Intro/Atari - 7800/Crossbow (USA).zip</path>
    <name>Crossbow (USA)</name>
    <image>/recalbox/share/thumbs/Atari - 7800/Named_Titles/Crossbow (USA).png</image>
    <video>/recalbox/share/videos/No-Intro/Atari - 7800/Crossbow (USA).mp4</video>
  </game>
  <game>
    <path>/recalbox/share/rom/No-Intro/Atari - 7800/Dark Chambers (Europe).zip</path>
    <name>Dark Chambers (Europe)</name>
    <image>/recalbox/share/thumbs/Atari - 7800/Named_Titles/Dark Chambers (Europe).png</image>
    <video>/recalbox/share/videos/No-Intro/Atari - 7800/Dark Chambers (Europe).mp4</video>
  </game>
  <game>
    <path>/recalbox/share/rom/No-Intro/Atari - 7800/Dark Chambers (USA).zip</path>
    <name>Dark Chambers (USA)</name>
    <image>/recalbox/share/thumbs/Atari - 7800/Named_Titles/Dark Chambers (USA).png</image>
    <video>/recalbox/share/videos/No-Intro/Atari - 7800/Dark Chambers (USA).mp4</video>
  </game>
  <game>
    <path>/recalbox/share/rom/No-Intro/Atari - 7800/Desert Falcon (Europe).zip</path>
    <name>Desert Falcon (Europe)</name>
    <image>/recalbox/share/thumbs/Atari - 7800/Named_Titles/Desert Falcon (Europe).png</image>
    <video>/recalbox/share/videos/No-Intro/Atari - 7800/Desert Falcon (Europe).mp4</video>
  </game>
  <game>
    <path>/recalbox/share/rom/No-Intro/Atari - 7800/Desert Falcon (USA).zip</path>
    <name>Desert Falcon (USA)</name>
    <image>/recalbox/share/thumbs/Atari - 7800/Named_Titles/Desert Falcon (USA).png</image>
    <video>/recalbox/share/videos/No-Intro/Atari - 7800/Desert Falcon (USA).mp4</video>
  </game>
  <game>
    <path>/recalbox/share/rom/No-Intro/Atari - 7800/Diagnostic Test Cartrige (USA) (Beta).zip</path>
    <name>Diagnostic Test Cartrige (USA) (Beta)</name>
    <image>/recalbox/share/thumbs/Atari - 7800/Named_Titles/Diagnostic Test Cartrige (USA) (Beta).png</image>
    <video>/recalbox/share/videos/No-Intro/Atari - 7800/Diagnostic Test Cartrige (USA) (Beta).mp4</video>
  </game>
  <game>
    <path>/recalbox/share/rom/No-Intro/Atari - 7800/Diagnostic Test Cartrige (USA).zip</path>
    <name>Diagnostic Test Cartrige (USA)</name>
    <image>/recalbox/share/thumbs/Atari - 7800/Named_Titles/Diagnostic Test Cartrige (USA).png</image>
    <video>/recalbox/share/videos/No-Intro/Atari - 7800/Diagnostic Test Cartrige (USA).mp4</video>
  </game>
  <game>
    <path>/recalbox/share/rom/No-Intro/Atari - 7800/Dig Dug (Europe).zip</path>
    <name>Dig Dug (Europe)</name>
    <image>/recalbox/share/thumbs/Atari - 7800/Named_Titles/Dig Dug (Europe).png</image>
    <video>/recalbox/share/videos/No-Intro/Atari - 7800/Dig Dug (Europe).mp4</video>
  </game>
  <game>
    <path>/recalbox/share/rom/No-Intro/Atari - 7800/Dig Dug (USA).zip</path>
    <name>Dig Dug (USA)</name>
    <image>/recalbox/share/thumbs/Atari - 7800/Named_Titles/Dig Dug (USA).png</image>
    <video>/recalbox/share/videos/No-Intro/Atari - 7800/Dig Dug (USA).mp4</video>
  </game>
  <game>
    <path>/recalbox/share/rom/No-Intro/Atari - 7800/Donkey Kong (Europe).zip</path>
    <name>Donkey Kong (Europe)</name>
    <image>/recalbox/share/thumbs/Atari - 7800/Named_Titles/Donkey Kong (Europe).png</image>
    <video>/recalbox/share/videos/No-Intro/Atari - 7800/Donkey Kong (Europe).mp4</video>
  </game>
  <game>
    <path>/recalbox/share/rom/No-Intro/Atari - 7800/Donkey Kong (USA).zip</path>
    <name>Donkey Kong (USA)</name>
    <image>/recalbox/share/thumbs/Atari - 7800/Named_Titles/Donkey Kong (USA).png</image>
    <video>/recalbox/share/videos/No-Intro/Atari - 7800/Donkey Kong (USA).mp4</video>
  </game>
  <game>
    <path>/recalbox/share/rom/No-Intro/Atari - 7800/Donkey Kong Junior (Europe).zip</path>
    <name>Donkey Kong Junior (Europe)</name>
    <image>/recalbox/share/thumbs/Atari - 7800/Named_Titles/Donkey Kong Junior (Europe).png</image>
    <video>/recalbox/share/videos/No-Intro/Atari - 7800/Donkey Kong Junior (Europe).mp4</video>
  </game>
  <game>
    <path>/recalbox/share/rom/No-Intro/Atari - 7800/Donkey Kong Junior (USA).zip</path>
    <name>Donkey Kong Junior (USA)</name>
    <image>/recalbox/share/thumbs/Atari - 7800/Named_Titles/Donkey Kong Junior (USA).png</image>
    <video>/recalbox/share/videos/No-Intro/Atari - 7800/Donkey Kong Junior (USA).mp4</video>
  </game>
  <game>
    <path>/recalbox/share/rom/No-Intro/Atari - 7800/Double Dragon (Europe).zip</path>
    <name>Double Dragon (Europe)</name>
    <image>/recalbox/share/thumbs/Atari - 7800/Named_Titles/Double Dragon (Europe).png</image>
    <video>/recalbox/share/videos/No-Intro/Atari - 7800/Double Dragon (Europe).mp4</video>
  </game>
  <game>
    <path>/recalbox/share/rom/No-Intro/Atari - 7800/Double Dragon (USA).zip</path>
    <name>Double Dragon (USA)</name>
    <image>/recalbox/share/thumbs/Atari - 7800/Named_Titles/Double Dragon (USA).png</image>
    <video>/recalbox/share/videos/No-Intro/Atari - 7800/Double Dragon (USA).mp4</video>
  </game>
  <game>
    <path>/recalbox/share/rom/No-Intro/Atari - 7800/F-18 Hornet (Europe).zip</path>
    <name>F-18 Hornet (Europe)</name>
    <image>/recalbox/share/thumbs/Atari - 7800/Named_Titles/F-18 Hornet (Europe).png</image>
    <video>/recalbox/share/videos/No-Intro/Atari - 7800/F-18 Hornet (Europe).mp4</video>
  </game>
  <game>
    <path>/recalbox/share/rom/No-Intro/Atari - 7800/F-18 Hornet (USA).zip</path>
    <name>F-18 Hornet (USA)</name>
    <image>/recalbox/share/thumbs/Atari - 7800/Named_Titles/F-18 Hornet (USA).png</image>
    <video>/recalbox/share/videos/No-Intro/Atari - 7800/F-18 Hornet (USA).mp4</video>
  </game>
  <game>
    <path>/recalbox/share/rom/No-Intro/Atari - 7800/Fatal Run (Europe).zip</path>
    <name>Fatal Run (Europe)</name>
    <image>/recalbox/share/thumbs/Atari - 7800/Named_Titles/Fatal Run (Europe).png</image>
    <video>/recalbox/share/videos/No-Intro/Atari - 7800/Fatal Run (Europe).mp4</video>
  </game>
  <game>
    <path>/recalbox/share/rom/No-Intro/Atari - 7800/Fatal Run (USA).zip</path>
    <name>Fatal Run (USA)</name>
    <image>/recalbox/share/thumbs/Atari - 7800/Named_Titles/Fatal Run (USA).png</image>
    <video>/recalbox/share/videos/No-Intro/Atari - 7800/Fatal Run (USA).mp4</video>
  </game>
  <game>
    <path>/recalbox/share/rom/No-Intro/Atari - 7800/Fight Night (Europe).zip</path>
    <name>Fight Night (Europe)</name>
    <image>/recalbox/share/thumbs/Atari - 7800/Named_Titles/Fight Night (Europe).png</image>
    <video>/recalbox/share/videos/No-Intro/Atari - 7800/Fight Night (Europe).mp4</video>
  </game>
  <game>
    <path>/recalbox/share/rom/No-Intro/Atari - 7800/Fight Night (USA).zip</path>
    <name>Fight Night (USA)</name>
    <image>/recalbox/share/thumbs/Atari - 7800/Named_Titles/Fight Night (USA).png</image>
    <video>/recalbox/share/videos/No-Intro/Atari - 7800/Fight Night (USA).mp4</video>
  </game>
  <game>
    <path>/recalbox/share/rom/No-Intro/Atari - 7800/Food Fight (Europe).zip</path>
    <name>Food Fight (Europe)</name>
    <image>/recalbox/share/thumbs/Atari - 7800/Named_Titles/Food Fight (Europe).png</image>
    <video>/recalbox/share/videos/No-Intro/Atari - 7800/Food Fight (Europe).mp4</video>
  </game>
  <game>
    <path>/recalbox/share/rom/No-Intro/Atari - 7800/Food Fight (USA) (Beta).zip</path>
    <name>Food Fight (USA) (Beta)</name>
    <image>/recalbox/share/thumbs/Atari - 7800/Named_Titles/Food Fight (USA) (Beta).png</image>
    <video>/recalbox/share/videos/No-Intro/Atari - 7800/Food Fight (USA) (Beta).mp4</video>
  </game>
  <game>
    <path>/recalbox/share/rom/No-Intro/Atari - 7800/Food Fight (USA).zip</path>
    <name>Food Fight (USA)</name>
    <image>/recalbox/share/thumbs/Atari - 7800/Named_Titles/Food Fight (USA).png</image>
    <video>/recalbox/share/videos/No-Intro/Atari - 7800/Food Fight (USA).mp4</video>
  </game>
  <game>
    <path>/recalbox/share/rom/No-Intro/Atari - 7800/GATO (USA) (Proto).zip</path>
    <name>GATO (USA) (Proto)</name>
    <image>/recalbox/share/thumbs/Atari - 7800/Named_Titles/GATO (USA) (Proto).png</image>
    <video>/recalbox/share/videos/No-Intro/Atari - 7800/GATO (USA) (Proto).mp4</video>
  </game>
  <game>
    <path>/recalbox/share/rom/No-Intro/Atari - 7800/Galaga (Europe).zip</path>
    <name>Galaga (Europe)</name>
    <image>/recalbox/share/thumbs/Atari - 7800/Named_Titles/Galaga (Europe).png</image>
    <video>/recalbox/share/videos/No-Intro/Atari - 7800/Galaga (Europe).mp4</video>
  </game>
  <game>
    <path>/recalbox/share/rom/No-Intro/Atari - 7800/Galaga (USA).zip</path>
    <name>Galaga (USA)</name>
    <image>/recalbox/share/thumbs/Atari - 7800/Named_Titles/Galaga (USA).png</image>
    <video>/recalbox/share/videos/No-Intro/Atari - 7800/Galaga (USA).mp4</video>
  </game>
  <game>
    <path>/recalbox/share/rom/No-Intro/Atari - 7800/Hat Trick (Europe).zip</path>
    <name>Hat Trick (Europe)</name>
    <image>/recalbox/share/thumbs/Atari - 7800/Named_Titles/Hat Trick (Europe).png</image>
    <video>/recalbox/share/videos/No-Intro/Atari - 7800/Hat Trick (Europe).mp4</video>
  </game>
  <game>
    <path>/recalbox/share/rom/No-Intro/Atari - 7800/Hat Trick (USA).zip</path>
    <name>Hat Trick (USA)</name>
    <image>/recalbox/share/thumbs/Atari - 7800/Named_Titles/Hat Trick (USA).png</image>
    <video>/recalbox/share/videos/No-Intro/Atari - 7800/Hat Trick (USA).mp4</video>
  </game>
  <game>
    <path>/recalbox/share/rom/No-Intro/Atari - 7800/High Score Cartridge (USA) (Proto).zip</path>
    <name>High Score Cartridge (USA) (Proto)</name>
    <image>/recalbox/share/thumbs/Atari - 7800/Named_Titles/High Score Cartridge (USA) (Proto).png</image>
    <video>/recalbox/share/videos/No-Intro/Atari - 7800/High Score Cartridge (USA) (Proto).mp4</video>
  </game>
  <game>
    <path>/recalbox/share/rom/No-Intro/Atari - 7800/Ikari Warriors (Europe).zip</path>
    <name>Ikari Warriors (Europe)</name>
    <image>/recalbox/share/thumbs/Atari - 7800/Named_Titles/Ikari Warriors (Europe).png</image>
    <video>/recalbox/share/videos/No-Intro/Atari - 7800/Ikari Warriors (Europe).mp4</video>
  </game>
  <game>
    <path>/recalbox/share/rom/No-Intro/Atari - 7800/Ikari Warriors (USA).zip</path>
    <name>Ikari Warriors (USA)</name>
    <image>/recalbox/share/thumbs/Atari - 7800/Named_Titles/Ikari Warriors (USA).png</image>
    <video>/recalbox/share/videos/No-Intro/Atari - 7800/Ikari Warriors (USA).mp4</video>
  </game>
  <game>
    <path>/recalbox/share/rom/No-Intro/Atari - 7800/Impossible Mission (Europe).zip</path>
    <name>Impossible Mission (Europe)</name>
    <image>/recalbox/share/thumbs/Atari - 7800/Named_Titles/Impossible Mission (Europe).png</image>
    <video>/recalbox/share/videos/No-Intro/Atari - 7800/Impossible Mission (Europe).mp4</video>
  </game>
  <game>
    <path>/recalbox/share/rom/No-Intro/Atari - 7800/Impossible Mission (USA).zip</path>
    <name>Impossible Mission (USA)</name>
    <image>/recalbox/share/thumbs/Atari - 7800/Named_Titles/Impossible Mission (USA).png</image>
    <video>/recalbox/share/videos/No-Intro/Atari - 7800/Impossible Mission (USA).mp4</video>
  </game>
  <game>
    <path>/recalbox/share/rom/No-Intro/Atari - 7800/Jinks (Europe).zip</path>
    <name>Jinks (Europe)</name>
    <image>/recalbox/share/thumbs/Atari - 7800/Named_Titles/Jinks (Europe).png</image>
    <video>/recalbox/share/videos/No-Intro/Atari - 7800/Jinks (Europe).mp4</video>
  </game>
  <game>
    <path>/recalbox/share/rom/No-Intro/Atari - 7800/Jinks (USA).zip</path>
    <name>Jinks (USA)</name>
    <image>/recalbox/share/thumbs/Atari - 7800/Named_Titles/Jinks (USA).png</image>
    <video>/recalbox/share/videos/No-Intro/Atari - 7800/Jinks (USA).mp4</video>
  </game>
  <game>
    <path>/recalbox/share/rom/No-Intro/Atari - 7800/Joust (Europe).zip</path>
    <name>Joust (Europe)</name>
    <image>/recalbox/share/thumbs/Atari - 7800/Named_Titles/Joust (Europe).png</image>
    <video>/recalbox/share/videos/No-Intro/Atari - 7800/Joust (Europe).mp4</video>
  </game>
  <game>
    <path>/recalbox/share/rom/No-Intro/Atari - 7800/Joust (USA).zip</path>
    <name>Joust (USA)</name>
    <image>/recalbox/share/thumbs/Atari - 7800/Named_Titles/Joust (USA).png</image>
    <video>/recalbox/share/videos/No-Intro/Atari - 7800/Joust (USA).mp4</video>
  </game>
  <game>
    <path>/recalbox/share/rom/No-Intro/Atari - 7800/Karateka (Europe).zip</path>
    <name>Karateka (Europe)</name>
    <image>/recalbox/share/thumbs/Atari - 7800/Named_Titles/Karateka (Europe).png</image>
    <video>/recalbox/share/videos/No-Intro/Atari - 7800/Karateka (Europe).mp4</video>
  </game>
  <game>
    <path>/recalbox/share/rom/No-Intro/Atari - 7800/Karateka (USA).zip</path>
    <name>Karateka (USA)</name>
    <image>/recalbox/share/thumbs/Atari - 7800/Named_Titles/Karateka (USA).png</image>
    <video>/recalbox/share/videos/No-Intro/Atari - 7800/Karateka (USA).mp4</video>
  </game>
  <game>
    <path>/recalbox/share/rom/No-Intro/Atari - 7800/Klax (USA) (Proto).zip</path>
    <name>Klax (USA) (Proto)</name>
    <image>/recalbox/share/thumbs/Atari - 7800/Named_Titles/Klax (USA) (Proto).png</image>
    <video>/recalbox/share/videos/No-Intro/Atari - 7800/Klax (USA) (Proto).mp4</video>
  </game>
  <game>
    <path>/recalbox/share/rom/No-Intro/Atari - 7800/Kung-Fu Master (Europe).zip</path>
    <name>Kung-Fu Master (Europe)</name>
    <image>/recalbox/share/thumbs/Atari - 7800/Named_Titles/Kung-Fu Master (Europe).png</image>
    <video>/recalbox/share/videos/No-Intro/Atari - 7800/Kung-Fu Master (Europe).mp4</video>
  </game>
  <game>
    <path>/recalbox/share/rom/No-Intro/Atari - 7800/Kung-Fu Master (USA).zip</path>
    <name>Kung-Fu Master (USA)</name>
    <image>/recalbox/share/thumbs/Atari - 7800/Named_Titles/Kung-Fu Master (USA).png</image>
    <video>/recalbox/share/videos/No-Intro/Atari - 7800/Kung-Fu Master (USA).mp4</video>
  </game>
  <game>
    <path>/recalbox/share/rom/No-Intro/Atari - 7800/Mario Bros. (Europe).zip</path>
    <name>Mario Bros. (Europe)</name>
    <image>/recalbox/share/thumbs/Atari - 7800/Named_Titles/Mario Bros. (Europe).png</image>
    <video>/recalbox/share/videos/No-Intro/Atari - 7800/Mario Bros. (Europe).mp4</video>
  </game>
  <game>
    <path>/recalbox/share/rom/No-Intro/Atari - 7800/Mario Bros. (USA).zip</path>
    <name>Mario Bros. (USA)</name>
    <image>/recalbox/share/thumbs/Atari - 7800/Named_Titles/Mario Bros. (USA).png</image>
    <video>/recalbox/share/videos/No-Intro/Atari - 7800/Mario Bros. (USA).mp4</video>
  </game>
  <game>
    <path>/recalbox/share/rom/No-Intro/Atari - 7800/Mat Mania Challenge (Europe).zip</path>
    <name>Mat Mania Challenge (Europe)</name>
    <image>/recalbox/share/thumbs/Atari - 7800/Named_Titles/Mat Mania Challenge (Europe).png</image>
    <video>/recalbox/share/videos/No-Intro/Atari - 7800/Mat Mania Challenge (Europe).mp4</video>
  </game>
  <game>
    <path>/recalbox/share/rom/No-Intro/Atari - 7800/Mat Mania Challenge (USA).zip</path>
    <name>Mat Mania Challenge (USA)</name>
    <image>/recalbox/share/thumbs/Atari - 7800/Named_Titles/Mat Mania Challenge (USA).png</image>
    <video>/recalbox/share/videos/No-Intro/Atari - 7800/Mat Mania Challenge (USA).mp4</video>
  </game>
  <game>
    <path>/recalbox/share/rom/No-Intro/Atari - 7800/Mean 18 Ultimate Golf (Europe).zip</path>
    <name>Mean 18 Ultimate Golf (Europe)</name>
    <image>/recalbox/share/thumbs/Atari - 7800/Named_Titles/Mean 18 Ultimate Golf (Europe).png</image>
    <video>/recalbox/share/videos/No-Intro/Atari - 7800/Mean 18 Ultimate Golf (Europe).mp4</video>
  </game>
  <game>
    <path>/recalbox/share/rom/No-Intro/Atari - 7800/Mean 18 Ultimate Golf (USA).zip</path>
    <name>Mean 18 Ultimate Golf (USA)</name>
    <image>/recalbox/share/thumbs/Atari - 7800/Named_Titles/Mean 18 Ultimate Golf (USA).png</image>
    <video>/recalbox/share/videos/No-Intro/Atari - 7800/Mean 18 Ultimate Golf (USA).mp4</video>
  </game>
  <game>
    <path>/recalbox/share/rom/No-Intro/Atari - 7800/Meltdown (Europe).zip</path>
    <name>Meltdown (Europe)</name>
    <image>/recalbox/share/thumbs/Atari - 7800/Named_Titles/Meltdown (Europe).png</image>
    <video>/recalbox/share/videos/No-Intro/Atari - 7800/Meltdown (Europe).mp4</video>
  </game>
  <game>
    <path>/recalbox/share/rom/No-Intro/Atari - 7800/Meltdown (USA).zip</path>
    <name>Meltdown (USA)</name>
    <image>/recalbox/share/thumbs/Atari - 7800/Named_Titles/Meltdown (USA).png</image>
    <video>/recalbox/share/videos/No-Intro/Atari - 7800/Meltdown (USA).mp4</video>
  </game>
  <game>
    <path>/recalbox/share/rom/No-Intro/Atari - 7800/Midnight Mutants (Europe).zip</path>
    <name>Midnight Mutants (Europe)</name>
    <image>/recalbox/share/thumbs/Atari - 7800/Named_Titles/Midnight Mutants (Europe).png</image>
    <video>/recalbox/share/videos/No-Intro/Atari - 7800/Midnight Mutants (Europe).mp4</video>
  </game>
  <game>
    <path>/recalbox/share/rom/No-Intro/Atari - 7800/Midnight Mutants (USA).zip</path>
    <name>Midnight Mutants (USA)</name>
    <image>/recalbox/share/thumbs/Atari - 7800/Named_Titles/Midnight Mutants (USA).png</image>
    <video>/recalbox/share/videos/No-Intro/Atari - 7800/Midnight Mutants (USA).mp4</video>
  </game>
  <game>
    <path>/recalbox/share/rom/No-Intro/Atari - 7800/Missing in Action (USA) (Proto).zip</path>
    <name>Missing in Action (USA) (Proto)</name>
    <image>/recalbox/share/thumbs/Atari - 7800/Named_Titles/Missing in Action (USA) (Proto).png</image>
    <video>/recalbox/share/videos/No-Intro/Atari - 7800/Missing in Action (USA) (Proto).mp4</video>
  </game>
  <game>
    <path>/recalbox/share/rom/No-Intro/Atari - 7800/Motor Psycho (Europe).zip</path>
    <name>Motor Psycho (Europe)</name>
    <image>/recalbox/share/thumbs/Atari - 7800/Named_Titles/Motor Psycho (Europe).png</image>
    <video>/recalbox/share/videos/No-Intro/Atari - 7800/Motor Psycho (Europe).mp4</video>
  </game>
  <game>
    <path>/recalbox/share/rom/No-Intro/Atari - 7800/Motor Psycho (USA).zip</path>
    <name>Motor Psycho (USA)</name>
    <image>/recalbox/share/thumbs/Atari - 7800/Named_Titles/Motor Psycho (USA).png</image>
    <video>/recalbox/share/videos/No-Intro/Atari - 7800/Motor Psycho (USA).mp4</video>
  </game>
  <game>
    <path>/recalbox/share/rom/No-Intro/Atari - 7800/Ms. Pac-Man (Europe).zip</path>
    <name>Ms. Pac-Man (Europe)</name>
    <image>/recalbox/share/thumbs/Atari - 7800/Named_Titles/Ms. Pac-Man (Europe).png</image>
    <video>/recalbox/share/videos/No-Intro/Atari - 7800/Ms. Pac-Man (Europe).mp4</video>
  </game>
  <game>
    <path>/recalbox/share/rom/No-Intro/Atari - 7800/Ms. Pac-Man (USA).zip</path>
    <name>Ms. Pac-Man (USA)</name>
    <image>/recalbox/share/thumbs/Atari - 7800/Named_Titles/Ms. Pac-Man (USA).png</image>
    <video>/recalbox/share/videos/No-Intro/Atari - 7800/Ms. Pac-Man (USA).mp4</video>
  </game>
  <game>
    <path>/recalbox/share/rom/No-Intro/Atari - 7800/Ninja Golf (Europe).zip</path>
    <name>Ninja Golf (Europe)</name>
    <image>/recalbox/share/thumbs/Atari - 7800/Named_Titles/Ninja Golf (Europe).png</image>
    <video>/recalbox/share/videos/No-Intro/Atari - 7800/Ninja Golf (Europe).mp4</video>
  </game>
  <game>
    <path>/recalbox/share/rom/No-Intro/Atari - 7800/Ninja Golf (USA).zip</path>
    <name>Ninja Golf (USA)</name>
    <image>/recalbox/share/thumbs/Atari - 7800/Named_Titles/Ninja Golf (USA).png</image>
    <video>/recalbox/share/videos/No-Intro/Atari - 7800/Ninja Golf (USA).mp4</video>
  </game>
  <game>
    <path>/recalbox/share/rom/No-Intro/Atari - 7800/One-on-One Basketball (Europe).zip</path>
    <name>One-on-One Basketball (Europe)</name>
    <image>/recalbox/share/thumbs/Atari - 7800/Named_Titles/One-on-One Basketball (Europe).png</image>
    <video>/recalbox/share/videos/No-Intro/Atari - 7800/One-on-One Basketball (Europe).mp4</video>
  </game>
  <game>
    <path>/recalbox/share/rom/No-Intro/Atari - 7800/One-on-One Basketball (USA).zip</path>
    <name>One-on-One Basketball (USA)</name>
    <image>/recalbox/share/thumbs/Atari - 7800/Named_Titles/One-on-One Basketball (USA).png</image>
    <video>/recalbox/share/videos/No-Intro/Atari - 7800/One-on-One Basketball (USA).mp4</video>
  </game>
  <game>
    <path>/recalbox/share/rom/No-Intro/Atari - 7800/Pete Rose Baseball (USA).zip</path>
    <name>Pete Rose Baseball (USA)</name>
    <image>/recalbox/share/thumbs/Atari - 7800/Named_Titles/Pete Rose Baseball (USA).png</image>
    <video>/recalbox/share/videos/No-Intro/Atari - 7800/Pete Rose Baseball (USA).mp4</video>
  </game>
  <game>
    <path>/recalbox/share/rom/No-Intro/Atari - 7800/Pit Fighter (USA) (Proto).zip</path>
    <name>Pit Fighter (USA) (Proto)</name>
    <image>/recalbox/share/thumbs/Atari - 7800/Named_Titles/Pit Fighter (USA) (Proto).png</image>
    <video>/recalbox/share/videos/No-Intro/Atari - 7800/Pit Fighter (USA) (Proto).mp4</video>
  </game>
  <game>
    <path>/recalbox/share/rom/No-Intro/Atari - 7800/Planet Smashers (Europe).zip</path>
    <name>Planet Smashers (Europe)</name>
    <image>/recalbox/share/thumbs/Atari - 7800/Named_Titles/Planet Smashers (Europe).png</image>
    <video>/recalbox/share/videos/No-Intro/Atari - 7800/Planet Smashers (Europe).mp4</video>
  </game>
  <game>
    <path>/recalbox/share/rom/No-Intro/Atari - 7800/Planet Smashers (USA).zip</path>
    <name>Planet Smashers (USA)</name>
    <image>/recalbox/share/thumbs/Atari - 7800/Named_Titles/Planet Smashers (USA).png</image>
    <video>/recalbox/share/videos/No-Intro/Atari - 7800/Planet Smashers (USA).mp4</video>
  </game>
  <game>
    <path>/recalbox/share/rom/No-Intro/Atari - 7800/Plutos (USA) (Proto).zip</path>
    <name>Plutos (USA) (Proto)</name>
    <image>/recalbox/share/thumbs/Atari - 7800/Named_Titles/Plutos (USA) (Proto).png</image>
    <video>/recalbox/share/videos/No-Intro/Atari - 7800/Plutos (USA) (Proto).mp4</video>
  </game>
  <game>
    <path>/recalbox/share/rom/No-Intro/Atari - 7800/Pole Position II (Europe).zip</path>
    <name>Pole Position II (Europe)</name>
    <image>/recalbox/share/thumbs/Atari - 7800/Named_Titles/Pole Position II (Europe).png</image>
    <video>/recalbox/share/videos/No-Intro/Atari - 7800/Pole Position II (Europe).mp4</video>
  </game>
  <game>
    <path>/recalbox/share/rom/No-Intro/Atari - 7800/Pole Position II (USA) (Beta).zip</path>
    <name>Pole Position II (USA) (Beta)</name>
    <image>/recalbox/share/thumbs/Atari - 7800/Named_Titles/Pole Position II (USA) (Beta).png</image>
    <video>/recalbox/share/videos/No-Intro/Atari - 7800/Pole Position II (USA) (Beta).mp4</video>
  </game>
  <game>
    <path>/recalbox/share/rom/No-Intro/Atari - 7800/Pole Position II (USA).zip</path>
    <name>Pole Position II (USA)</name>
    <image>/recalbox/share/thumbs/Atari - 7800/Named_Titles/Pole Position II (USA).png</image>
    <video>/recalbox/share/videos/No-Intro/Atari - 7800/Pole Position II (USA).mp4</video>
  </game>
  <game>
    <path>/recalbox/share/rom/No-Intro/Atari - 7800/Popeye (World) (v2.40) (Aftermarket) (Unl).zip</path>
    <name>Popeye (World) (v2.40) (Aftermarket) (Unl)</name>
    <image>/recalbox/share/thumbs/Atari - 7800/Named_Titles/Popeye (World) (v2.40) (Aftermarket) (Unl).png</image>
    <video>/recalbox/share/videos/No-Intro/Atari - 7800/Popeye (World) (v2.40) (Aftermarket) (Unl).mp4</video>
  </game>
  <game>
    <path>/recalbox/share/rom/No-Intro/Atari - 7800/Popeye (World) (v2.40) (Demo) (Aftermarket) (Unl).zip</path>
    <name>Popeye (World) (v2.40) (Demo) (Aftermarket) (Unl)</name>
    <image>/recalbox/share/thumbs/Atari - 7800/Named_Titles/Popeye (World) (v2.40) (Demo) (Aftermarket) (Unl).png</image>
    <video>/recalbox/share/videos/No-Intro/Atari - 7800/Popeye (World) (v2.40) (Demo) (Aftermarket) (Unl).mp4</video>
  </game>
  <game>
    <path>/recalbox/share/rom/No-Intro/Atari - 7800/Rampage (USA).zip</path>
    <name>Rampage (USA)</name>
    <image>/recalbox/share/thumbs/Atari - 7800/Named_Titles/Rampage (USA).png</image>
    <video>/recalbox/share/videos/No-Intro/Atari - 7800/Rampage (USA).mp4</video>
  </game>
  <game>
    <path>/recalbox/share/rom/No-Intro/Atari - 7800/Rampart (USA) (Proto).zip</path>
    <name>Rampart (USA) (Proto)</name>
    <image>/recalbox/share/thumbs/Atari - 7800/Named_Titles/Rampart (USA) (Proto).png</image>
    <video>/recalbox/share/videos/No-Intro/Atari - 7800/Rampart (USA) (Proto).mp4</video>
  </game>
  <game>
    <path>/recalbox/share/rom/No-Intro/Atari - 7800/RealSports Baseball (USA).zip</path>
    <name>RealSports Baseball (USA)</name>
    <image>/recalbox/share/thumbs/Atari - 7800/Named_Titles/RealSports Baseball (USA).png</image>
    <video>/recalbox/share/videos/No-Intro/Atari - 7800/RealSports Baseball (USA).mp4</video>
  </game>
  <game>
    <path>/recalbox/share/rom/No-Intro/Atari - 7800/Rescue on Fractalus (USA) (Proto).zip</path>
    <name>Rescue on Fractalus (USA) (Proto)</name>
    <image>/recalbox/share/thumbs/Atari - 7800/Named_Titles/Rescue on Fractalus (USA) (Proto).png</image>
    <video>/recalbox/share/videos/No-Intro/Atari - 7800/Rescue on Fractalus (USA) (Proto).mp4</video>
  </game>
  <game>
    <path>/recalbox/share/rom/No-Intro/Atari - 7800/Robotron - 2084 (USA).zip</path>
    <name>Robotron - 2084 (USA)</name>
    <image>/recalbox/share/thumbs/Atari - 7800/Named_Titles/Robotron - 2084 (USA).png</image>
    <video>/recalbox/share/videos/No-Intro/Atari - 7800/Robotron - 2084 (USA).mp4</video>
  </game>
  <game>
    <path>/recalbox/share/rom/No-Intro/Atari - 7800/Scrapyard Dog (Europe).zip</path>
    <name>Scrapyard Dog (Europe)</name>
    <image>/recalbox/share/thumbs/Atari - 7800/Named_Titles/Scrapyard Dog (Europe).png</image>
    <video>/recalbox/share/videos/No-Intro/Atari - 7800/Scrapyard Dog (Europe).mp4</video>
  </game>
  <game>
    <path>/recalbox/share/rom/No-Intro/Atari - 7800/Scrapyard Dog (USA).zip</path>
    <name>Scrapyard Dog (USA)</name>
    <image>/recalbox/share/thumbs/Atari - 7800/Named_Titles/Scrapyard Dog (USA).png</image>
    <video>/recalbox/share/videos/No-Intro/Atari - 7800/Scrapyard Dog (USA).mp4</video>
  </game>
  <game>
    <path>/recalbox/share/rom/No-Intro/Atari - 7800/Sentinel (Europe).zip</path>
    <name>Sentinel (Europe)</name>
    <image>/recalbox/share/thumbs/Atari - 7800/Named_Titles/Sentinel (Europe).png</image>
    <video>/recalbox/share/videos/No-Intro/Atari - 7800/Sentinel (Europe).mp4</video>
  </game>
  <game>
    <path>/recalbox/share/rom/No-Intro/Atari - 7800/Sentinel (USA) (Proto).zip</path>
    <name>Sentinel (USA) (Proto)</name>
    <image>/recalbox/share/thumbs/Atari - 7800/Named_Titles/Sentinel (USA) (Proto).png</image>
    <video>/recalbox/share/videos/No-Intro/Atari - 7800/Sentinel (USA) (Proto).mp4</video>
  </game>
  <game>
    <path>/recalbox/share/rom/No-Intro/Atari - 7800/Sirius (USA) (Proto).zip</path>
    <name>Sirius (USA) (Proto)</name>
    <image>/recalbox/share/thumbs/Atari - 7800/Named_Titles/Sirius (USA) (Proto).png</image>
    <video>/recalbox/share/videos/No-Intro/Atari - 7800/Sirius (USA) (Proto).mp4</video>
  </game>
  <game>
    <path>/recalbox/share/rom/No-Intro/Atari - 7800/Summer Games (USA).zip</path>
    <name>Summer Games (USA)</name>
    <image>/recalbox/share/thumbs/Atari - 7800/Named_Titles/Summer Games (USA).png</image>
    <video>/recalbox/share/videos/No-Intro/Atari - 7800/Summer Games (USA).mp4</video>
  </game>
  <game>
    <path>/recalbox/share/rom/No-Intro/Atari - 7800/Super Huey UH-IX (Europe).zip</path>
    <name>Super Huey UH-IX (Europe)</name>
    <image>/recalbox/share/thumbs/Atari - 7800/Named_Titles/Super Huey UH-IX (Europe).png</image>
    <video>/recalbox/share/videos/No-Intro/Atari - 7800/Super Huey UH-IX (Europe).mp4</video>
  </game>
  <game>
    <path>/recalbox/share/rom/No-Intro/Atari - 7800/Super Huey UH-IX (USA).zip</path>
    <name>Super Huey UH-IX (USA)</name>
    <image>/recalbox/share/thumbs/Atari - 7800/Named_Titles/Super Huey UH-IX (USA).png</image>
    <video>/recalbox/share/videos/No-Intro/Atari - 7800/Super Huey UH-IX (USA).mp4</video>
  </game>
  <game>
    <path>/recalbox/share/rom/No-Intro/Atari - 7800/Super Skateboardin' (Europe).zip</path>
    <name>Super Skateboardin&apos; (Europe)</name>
    <image>/recalbox/share/thumbs/Atari - 7800/Named_Titles/Super Skateboardin&apos; (Europe).png</image>
    <video>/recalbox/share/videos/No-Intro/Atari - 7800/Super Skateboardin&apos; (Europe).mp4</video>
  </game>
  <game>
    <path>/recalbox/share/rom/No-Intro/Atari - 7800/Super Skateboardin' (USA).zip</path>
    <name>Super Skateboardin&apos; (USA)</name>
    <image>/recalbox/share/thumbs/Atari - 7800/Named_Titles/Super Skateboardin&apos; (USA).png</image>
    <video>/recalbox/share/videos/No-Intro/Atari - 7800/Super Skateboardin&apos; (USA).mp4</video>
  </game>
  <game>
    <path>/recalbox/share/rom/No-Intro/Atari - 7800/Tank Command (USA).zip</path>
    <name>Tank Command (USA)</name>
    <image>/recalbox/share/thumbs/Atari - 7800/Named_Titles/Tank Command (USA).png</image>
    <video>/recalbox/share/videos/No-Intro/Atari - 7800/Tank Command (USA).mp4</video>
  </game>
  <game>
    <path>/recalbox/share/rom/No-Intro/Atari - 7800/Title Match Pro Wrestling (Europe).zip</path>
    <name>Title Match Pro Wrestling (Europe)</name>
    <image>/recalbox/share/thumbs/Atari - 7800/Named_Titles/Title Match Pro Wrestling (Europe).png</image>
    <video>/recalbox/share/videos/No-Intro/Atari - 7800/Title Match Pro Wrestling (Europe).mp4</video>
  </game>
  <game>
    <path>/recalbox/share/rom/No-Intro/Atari - 7800/Title Match Pro Wrestling (USA).zip</path>
    <name>Title Match Pro Wrestling (USA)</name>
    <image>/recalbox/share/thumbs/Atari - 7800/Named_Titles/Title Match Pro Wrestling (USA).png</image>
    <video>/recalbox/share/videos/No-Intro/Atari - 7800/Title Match Pro Wrestling (USA).mp4</video>
  </game>
  <game>
    <path>/recalbox/share/rom/No-Intro/Atari - 7800/Tomcat - The F-14 Fighter Simulator (Europe).zip</path>
    <name>Tomcat - The F-14 Fighter Simulator (Europe)</name>
    <image>/recalbox/share/thumbs/Atari - 7800/Named_Titles/Tomcat - The F-14 Fighter Simulator (Europe).png</image>
    <video>/recalbox/share/videos/No-Intro/Atari - 7800/Tomcat - The F-14 Fighter Simulator (Europe).mp4</video>
  </game>
  <game>
    <path>/recalbox/share/rom/No-Intro/Atari - 7800/Tomcat - The F-14 Fighter Simulator (USA).zip</path>
    <name>Tomcat - The F-14 Fighter Simulator (USA)</name>
    <image>/recalbox/share/thumbs/Atari - 7800/Named_Titles/Tomcat - The F-14 Fighter Simulator (USA).png</image>
    <video>/recalbox/share/videos/No-Intro/Atari - 7800/Tomcat - The F-14 Fighter Simulator (USA).mp4</video>
  </game>
  <game>
    <path>/recalbox/share/rom/No-Intro/Atari - 7800/Touchdown Football (USA).zip</path>
    <name>Touchdown Football (USA)</name>
    <image>/recalbox/share/thumbs/Atari - 7800/Named_Titles/Touchdown Football (USA).png</image>
    <video>/recalbox/share/videos/No-Intro/Atari - 7800/Touchdown Football (USA).mp4</video>
  </game>
  <game>
    <path>/recalbox/share/rom/No-Intro/Atari - 7800/Tower Toppler (Europe).zip</path>
    <name>Tower Toppler (Europe)</name>
    <image>/recalbox/share/thumbs/Atari - 7800/Named_Titles/Tower Toppler (Europe).png</image>
    <video>/recalbox/share/videos/No-Intro/Atari - 7800/Tower Toppler (Europe).mp4</video>
  </game>
  <game>
    <path>/recalbox/share/rom/No-Intro/Atari - 7800/Tower Toppler (USA).zip</path>
    <name>Tower Toppler (USA)</name>
    <image>/recalbox/share/thumbs/Atari - 7800/Named_Titles/Tower Toppler (USA).png</image>
    <video>/recalbox/share/videos/No-Intro/Atari - 7800/Tower Toppler (USA).mp4</video>
  </game>
  <game>
    <path>/recalbox/share/rom/No-Intro/Atari - 7800/Water Ski (USA).zip</path>
    <name>Water Ski (USA)</name>
    <image>/recalbox/share/thumbs/Atari - 7800/Named_Titles/Water Ski (USA).png</image>
    <video>/recalbox/share/videos/No-Intro/Atari - 7800/Water Ski (USA).mp4</video>
  </game>
  <game>
    <path>/recalbox/share/rom/No-Intro/Atari - 7800/Winter Games (USA).zip</path>
    <name>Winter Games (USA)</name>
    <image>/recalbox/share/thumbs/Atari - 7800/Named_Titles/Winter Games (USA).png</image>
    <video>/recalbox/share/videos/No-Intro/Atari - 7800/Winter Games (USA).mp4</video>
  </game>
  <game>
    <path>/recalbox/share/rom/No-Intro/Atari - 7800/Xenophobe (Europe).zip</path>
    <name>Xenophobe (Europe)</name>
    <image>/recalbox/share/thumbs/Atari - 7800/Named_Titles/Xenophobe (Europe).png</image>
    <video>/recalbox/share/videos/No-Intro/Atari - 7800/Xenophobe (Europe).mp4</video>
  </game>
  <game>
    <path>/recalbox/share/rom/No-Intro/Atari - 7800/Xenophobe (USA).zip</path>
    <name>Xenophobe (USA)</name>
    <image>/recalbox/share/thumbs/Atari - 7800/Named_Titles/Xenophobe (USA).png</image>
    <video>/recalbox/share/videos/No-Intro/Atari - 7800/Xenophobe (USA).mp4</video>
  </game>
  <game>
    <path>/recalbox/share/rom/No-Intro/Atari - 7800/Xevious (Europe).zip</path>
    <name>Xevious (Europe)</name>
    <image>/recalbox/share/thumbs/Atari - 7800/Named_Titles/Xevious (Europe).png</image>
    <video>/recalbox/share/videos/No-Intro/Atari - 7800/Xevious (Europe).mp4</video>
  </game>
  <game>
    <path>/recalbox/share/rom/No-Intro/Atari - 7800/Xevious (USA) (Beta).zip</path>
    <name>Xevious (USA) (Beta)</name>
    <image>/recalbox/share/thumbs/Atari - 7800/Named_Titles/Xevious (USA) (Beta).png</image>
    <video>/recalbox/share/videos/No-Intro/Atari - 7800/Xevious (USA) (Beta).mp4</video>
  </game>
  <game>
    <path>/recalbox/share/rom/No-Intro/Atari - 7800/Xevious (USA).zip</path>
    <name>Xevious (USA)</name>
    <image>/recalbox/share/thumbs/Atari - 7800/Named_Titles/Xevious (USA).png</image>
    <video>/recalbox/share/videos/No-Intro/Atari - 7800/Xevious (USA).mp4</video>
  </game>
</gamelist>