<gamelist>
  <game>
    <path>/recalbox/share/rom/Redump/NEC - PC-FX &amp; PC-FXGA/Aa! Megami-sama (Japan) (Disc 1).zip</path>
    <name>Aa! Megami-sama (Japan) (Disc 1)</name>
    <image>/recalbox/share/thumbs/NEC - PC-FX/Named_Titles/Aa! Megami-sama (Japan) (Disc 1).png</image>
    <video>/recalbox/share/videos/Redump/NEC - PC-FX &amp; PC-FXGA/Aa! Megami-sama (Japan) (Disc 1).mp4</video>
  </game>
  <game>
    <path>/recalbox/share/rom/Redump/NEC - PC-FX &amp; PC-FXGA/Aa! Megami-sama (Japan) (Disc 2).zip</path>
    <name>Aa! Megami-sama (Japan) (Disc 2)</name>
    <image>/recalbox/share/thumbs/NEC - PC-FX/Named_Titles/Aa! Megami-sama (Japan) (Disc 2).png</image>
    <video>/recalbox/share/videos/Redump/NEC - PC-FX &amp; PC-FXGA/Aa! Megami-sama (Japan) (Disc 2).mp4</video>
  </game>
  <game>
    <path>/recalbox/share/rom/Redump/NEC - PC-FX &amp; PC-FXGA/Akazukin ChaCha - Osawagase! Panic Race! (Japan).zip</path>
    <name>Akazukin ChaCha - Osawagase! Panic Race! (Japan)</name>
    <image>/recalbox/share/thumbs/NEC - PC-FX/Named_Titles/Akazukin ChaCha - Osawagase! Panic Race! (Japan).png</image>
    <video>/recalbox/share/videos/Redump/NEC - PC-FX &amp; PC-FXGA/Akazukin ChaCha - Osawagase! Panic Race! (Japan).mp4</video>
  </game>
  <game>
    <path>/recalbox/share/rom/Redump/NEC - PC-FX &amp; PC-FXGA/Albaria no Otome (Japan).zip</path>
    <name>Albaria no Otome (Japan)</name>
    <image>/recalbox/share/thumbs/NEC - PC-FX/Named_Titles/Albaria no Otome (Japan).png</image>
    <video>/recalbox/share/videos/Redump/NEC - PC-FX &amp; PC-FXGA/Albaria no Otome (Japan).mp4</video>
  </game>
  <game>
    <path>/recalbox/share/rom/Redump/NEC - PC-FX &amp; PC-FXGA/Amateur Teikyou CD-ROM (Japan) (DOS-V-you) (NEC PC-FXGA).zip</path>
    <name>Amateur Teikyou CD-ROM (Japan) (DOS-V-you) (NEC PC-FXGA)</name>
    <image>/recalbox/share/thumbs/NEC - PC-FX/Named_Titles/Amateur Teikyou CD-ROM (Japan) (DOS-V-you) (NEC PC-FXGA).png</image>
    <video>/recalbox/share/videos/Redump/NEC - PC-FX &amp; PC-FXGA/Amateur Teikyou CD-ROM (Japan) (DOS-V-you) (NEC PC-FXGA).mp4</video>
  </game>
  <game>
    <path>/recalbox/share/rom/Redump/NEC - PC-FX &amp; PC-FXGA/Amateur Teikyou CD-ROM (Japan) (NEC PC-FXGA).zip</path>
    <name>Amateur Teikyou CD-ROM (Japan) (NEC PC-FXGA)</name>
    <image>/recalbox/share/thumbs/NEC - PC-FX/Named_Titles/Amateur Teikyou CD-ROM (Japan) (NEC PC-FXGA).png</image>
    <video>/recalbox/share/videos/Redump/NEC - PC-FX &amp; PC-FXGA/Amateur Teikyou CD-ROM (Japan) (NEC PC-FXGA).mp4</video>
  </game>
  <game>
    <path>/recalbox/share/rom/Redump/NEC - PC-FX &amp; PC-FXGA/Angelique - Tenkuu no Requiem (Japan).zip</path>
    <name>Angelique - Tenkuu no Requiem (Japan)</name>
    <image>/recalbox/share/thumbs/NEC - PC-FX/Named_Titles/Angelique - Tenkuu no Requiem (Japan).png</image>
    <video>/recalbox/share/videos/Redump/NEC - PC-FX &amp; PC-FXGA/Angelique - Tenkuu no Requiem (Japan).mp4</video>
  </game>
  <game>
    <path>/recalbox/share/rom/Redump/NEC - PC-FX &amp; PC-FXGA/Angelique Special (Japan).zip</path>
    <name>Angelique Special (Japan)</name>
    <image>/recalbox/share/thumbs/NEC - PC-FX/Named_Titles/Angelique Special (Japan).png</image>
    <video>/recalbox/share/videos/Redump/NEC - PC-FX &amp; PC-FXGA/Angelique Special (Japan).mp4</video>
  </game>
  <game>
    <path>/recalbox/share/rom/Redump/NEC - PC-FX &amp; PC-FXGA/Angelique Special 2 (Japan).zip</path>
    <name>Angelique Special 2 (Japan)</name>
    <image>/recalbox/share/thumbs/NEC - PC-FX/Named_Titles/Angelique Special 2 (Japan).png</image>
    <video>/recalbox/share/videos/Redump/NEC - PC-FX &amp; PC-FXGA/Angelique Special 2 (Japan).mp4</video>
  </game>
  <game>
    <path>/recalbox/share/rom/Redump/NEC - PC-FX &amp; PC-FXGA/AnimeFreak FX Vol. 1 (Japan).zip</path>
    <name>AnimeFreak FX Vol. 1 (Japan)</name>
    <image>/recalbox/share/thumbs/NEC - PC-FX/Named_Titles/AnimeFreak FX Vol. 1 (Japan).png</image>
    <video>/recalbox/share/videos/Redump/NEC - PC-FX &amp; PC-FXGA/AnimeFreak FX Vol. 1 (Japan).mp4</video>
  </game>
  <game>
    <path>/recalbox/share/rom/Redump/NEC - PC-FX &amp; PC-FXGA/AnimeFreak FX Vol. 2 (Japan).zip</path>
    <name>AnimeFreak FX Vol. 2 (Japan)</name>
    <image>/recalbox/share/thumbs/NEC - PC-FX/Named_Titles/AnimeFreak FX Vol. 2 (Japan).png</image>
    <video>/recalbox/share/videos/Redump/NEC - PC-FX &amp; PC-FXGA/AnimeFreak FX Vol. 2 (Japan).mp4</video>
  </game>
  <game>
    <path>/recalbox/share/rom/Redump/NEC - PC-FX &amp; PC-FXGA/AnimeFreak FX Vol. 3 (Japan).zip</path>
    <name>AnimeFreak FX Vol. 3 (Japan)</name>
    <image>/recalbox/share/thumbs/NEC - PC-FX/Named_Titles/AnimeFreak FX Vol. 3 (Japan).png</image>
    <video>/recalbox/share/videos/Redump/NEC - PC-FX &amp; PC-FXGA/AnimeFreak FX Vol. 3 (Japan).mp4</video>
  </game>
  <game>
    <path>/recalbox/share/rom/Redump/NEC - PC-FX &amp; PC-FXGA/AnimeFreak FX Vol. 4 (Japan).zip</path>
    <name>AnimeFreak FX Vol. 4 (Japan)</name>
    <image>/recalbox/share/thumbs/NEC - PC-FX/Named_Titles/AnimeFreak FX Vol. 4 (Japan).png</image>
    <video>/recalbox/share/videos/Redump/NEC - PC-FX &amp; PC-FXGA/AnimeFreak FX Vol. 4 (Japan).mp4</video>
  </game>
  <game>
    <path>/recalbox/share/rom/Redump/NEC - PC-FX &amp; PC-FXGA/AnimeFreak FX Vol. 5 (Japan) (Disc 1).zip</path>
    <name>AnimeFreak FX Vol. 5 (Japan) (Disc 1)</name>
    <image>/recalbox/share/thumbs/NEC - PC-FX/Named_Titles/AnimeFreak FX Vol. 5 (Japan) (Disc 1).png</image>
    <video>/recalbox/share/videos/Redump/NEC - PC-FX &amp; PC-FXGA/AnimeFreak FX Vol. 5 (Japan) (Disc 1).mp4</video>
  </game>
  <game>
    <path>/recalbox/share/rom/Redump/NEC - PC-FX &amp; PC-FXGA/AnimeFreak FX Vol. 5 (Japan) (Disc 2).zip</path>
    <name>AnimeFreak FX Vol. 5 (Japan) (Disc 2)</name>
    <image>/recalbox/share/thumbs/NEC - PC-FX/Named_Titles/AnimeFreak FX Vol. 5 (Japan) (Disc 2).png</image>
    <video>/recalbox/share/videos/Redump/NEC - PC-FX &amp; PC-FXGA/AnimeFreak FX Vol. 5 (Japan) (Disc 2).mp4</video>
  </game>
  <game>
    <path>/recalbox/share/rom/Redump/NEC - PC-FX &amp; PC-FXGA/AnimeFreak FX Vol. 6 (Japan) (Disc 1).zip</path>
    <name>AnimeFreak FX Vol. 6 (Japan) (Disc 1)</name>
    <image>/recalbox/share/thumbs/NEC - PC-FX/Named_Titles/AnimeFreak FX Vol. 6 (Japan) (Disc 1).png</image>
    <video>/recalbox/share/videos/Redump/NEC - PC-FX &amp; PC-FXGA/AnimeFreak FX Vol. 6 (Japan) (Disc 1).mp4</video>
  </game>
  <game>
    <path>/recalbox/share/rom/Redump/NEC - PC-FX &amp; PC-FXGA/AnimeFreak FX Vol. 6 (Japan) (Disc 2).zip</path>
    <name>AnimeFreak FX Vol. 6 (Japan) (Disc 2)</name>
    <image>/recalbox/share/thumbs/NEC - PC-FX/Named_Titles/AnimeFreak FX Vol. 6 (Japan) (Disc 2).png</image>
    <video>/recalbox/share/videos/Redump/NEC - PC-FX &amp; PC-FXGA/AnimeFreak FX Vol. 6 (Japan) (Disc 2).mp4</video>
  </game>
  <game>
    <path>/recalbox/share/rom/Redump/NEC - PC-FX &amp; PC-FXGA/Battle Heat (Japan).zip</path>
    <name>Battle Heat (Japan)</name>
    <image>/recalbox/share/thumbs/NEC - PC-FX/Named_Titles/Battle Heat (Japan).png</image>
    <video>/recalbox/share/videos/Redump/NEC - PC-FX &amp; PC-FXGA/Battle Heat (Japan).mp4</video>
  </game>
  <game>
    <path>/recalbox/share/rom/Redump/NEC - PC-FX &amp; PC-FXGA/Blue Breaker - Ken yori mo Hohoemi o (Japan).zip</path>
    <name>Blue Breaker - Ken yori mo Hohoemi o (Japan)</name>
    <image>/recalbox/share/thumbs/NEC - PC-FX/Named_Titles/Blue Breaker - Ken yori mo Hohoemi o (Japan).png</image>
    <video>/recalbox/share/videos/Redump/NEC - PC-FX &amp; PC-FXGA/Blue Breaker - Ken yori mo Hohoemi o (Japan).mp4</video>
  </game>
  <game>
    <path>/recalbox/share/rom/Redump/NEC - PC-FX &amp; PC-FXGA/Boundary Gate - Daughter of Kingdom (Japan).zip</path>
    <name>Boundary Gate - Daughter of Kingdom (Japan)</name>
    <image>/recalbox/share/thumbs/NEC - PC-FX/Named_Titles/Boundary Gate - Daughter of Kingdom (Japan).png</image>
    <video>/recalbox/share/videos/Redump/NEC - PC-FX &amp; PC-FXGA/Boundary Gate - Daughter of Kingdom (Japan).mp4</video>
  </game>
  <game>
    <path>/recalbox/share/rom/Redump/NEC - PC-FX &amp; PC-FXGA/Can Can Bunny Extra DX (Japan).zip</path>
    <name>Can Can Bunny Extra DX (Japan)</name>
    <image>/recalbox/share/thumbs/NEC - PC-FX/Named_Titles/Can Can Bunny Extra DX (Japan).png</image>
    <video>/recalbox/share/videos/Redump/NEC - PC-FX &amp; PC-FXGA/Can Can Bunny Extra DX (Japan).mp4</video>
  </game>
  <game>
    <path>/recalbox/share/rom/Redump/NEC - PC-FX &amp; PC-FXGA/Chip-chan Kick! (Japan).zip</path>
    <name>Chip-chan Kick! (Japan)</name>
    <image>/recalbox/share/thumbs/NEC - PC-FX/Named_Titles/Chip-chan Kick! (Japan).png</image>
    <video>/recalbox/share/videos/Redump/NEC - PC-FX &amp; PC-FXGA/Chip-chan Kick! (Japan).mp4</video>
  </game>
  <game>
    <path>/recalbox/share/rom/Redump/NEC - PC-FX &amp; PC-FXGA/Choujin Heiki Zeroigar (Japan).zip</path>
    <name>Choujin Heiki Zeroigar (Japan)</name>
    <image>/recalbox/share/thumbs/NEC - PC-FX/Named_Titles/Choujin Heiki Zeroigar (Japan).png</image>
    <video>/recalbox/share/videos/Redump/NEC - PC-FX &amp; PC-FXGA/Choujin Heiki Zeroigar (Japan).mp4</video>
  </game>
  <game>
    <path>/recalbox/share/rom/Redump/NEC - PC-FX &amp; PC-FXGA/Comic Road (Japan).zip</path>
    <name>Comic Road (Japan)</name>
    <image>/recalbox/share/thumbs/NEC - PC-FX/Named_Titles/Comic Road (Japan).png</image>
    <video>/recalbox/share/videos/Redump/NEC - PC-FX &amp; PC-FXGA/Comic Road (Japan).mp4</video>
  </game>
  <game>
    <path>/recalbox/share/rom/Redump/NEC - PC-FX &amp; PC-FXGA/Cutey Honey FX (Japan).zip</path>
    <name>Cutey Honey FX (Japan)</name>
    <image>/recalbox/share/thumbs/NEC - PC-FX/Named_Titles/Cutey Honey FX (Japan).png</image>
    <video>/recalbox/share/videos/Redump/NEC - PC-FX &amp; PC-FXGA/Cutey Honey FX (Japan).mp4</video>
  </game>
  <game>
    <path>/recalbox/share/rom/Redump/NEC - PC-FX &amp; PC-FXGA/Doukyuusei 2 (Japan).zip</path>
    <name>Doukyuusei 2 (Japan)</name>
    <image>/recalbox/share/thumbs/NEC - PC-FX/Named_Titles/Doukyuusei 2 (Japan).png</image>
    <video>/recalbox/share/videos/Redump/NEC - PC-FX &amp; PC-FXGA/Doukyuusei 2 (Japan).mp4</video>
  </game>
  <game>
    <path>/recalbox/share/rom/Redump/NEC - PC-FX &amp; PC-FXGA/Dragon Knight 4 (Japan).zip</path>
    <name>Dragon Knight 4 (Japan)</name>
    <image>/recalbox/share/thumbs/NEC - PC-FX/Named_Titles/Dragon Knight 4 (Japan).png</image>
    <video>/recalbox/share/videos/Redump/NEC - PC-FX &amp; PC-FXGA/Dragon Knight 4 (Japan).mp4</video>
  </game>
  <game>
    <path>/recalbox/share/rom/Redump/NEC - PC-FX &amp; PC-FXGA/Farland Story FX (Japan).zip</path>
    <name>Farland Story FX (Japan)</name>
    <image>/recalbox/share/thumbs/NEC - PC-FX/Named_Titles/Farland Story FX (Japan).png</image>
    <video>/recalbox/share/videos/Redump/NEC - PC-FX &amp; PC-FXGA/Farland Story FX (Japan).mp4</video>
  </game>
  <game>
    <path>/recalbox/share/rom/Redump/NEC - PC-FX &amp; PC-FXGA/Fire Woman Matoigumi (Japan).zip</path>
    <name>Fire Woman Matoigumi (Japan)</name>
    <image>/recalbox/share/thumbs/NEC - PC-FX/Named_Titles/Fire Woman Matoigumi (Japan).png</image>
    <video>/recalbox/share/videos/Redump/NEC - PC-FX &amp; PC-FXGA/Fire Woman Matoigumi (Japan).mp4</video>
  </game>
  <game>
    <path>/recalbox/share/rom/Redump/NEC - PC-FX &amp; PC-FXGA/First Kiss Story (Japan).zip</path>
    <name>First Kiss Story (Japan)</name>
    <image>/recalbox/share/thumbs/NEC - PC-FX/Named_Titles/First Kiss Story (Japan).png</image>
    <video>/recalbox/share/videos/Redump/NEC - PC-FX &amp; PC-FXGA/First Kiss Story (Japan).mp4</video>
  </game>
  <game>
    <path>/recalbox/share/rom/Redump/NEC - PC-FX &amp; PC-FXGA/Fushigi no Kuni no Angelique (Japan).zip</path>
    <name>Fushigi no Kuni no Angelique (Japan)</name>
    <image>/recalbox/share/thumbs/NEC - PC-FX/Named_Titles/Fushigi no Kuni no Angelique (Japan).png</image>
    <video>/recalbox/share/videos/Redump/NEC - PC-FX &amp; PC-FXGA/Fushigi no Kuni no Angelique (Japan).mp4</video>
  </game>
  <game>
    <path>/recalbox/share/rom/Redump/NEC - PC-FX &amp; PC-FXGA/Ginga Ojousama Densetsu Yuna FX - Kanashimi no Selene (Japan) (Sample).zip</path>
    <name>Ginga Ojousama Densetsu Yuna FX - Kanashimi no Selene (Japan) (Sample)</name>
    <image>/recalbox/share/thumbs/NEC - PC-FX/Named_Titles/Ginga Ojousama Densetsu Yuna FX - Kanashimi no Selene (Japan) (Sample).png</image>
    <video>/recalbox/share/videos/Redump/NEC - PC-FX &amp; PC-FXGA/Ginga Ojousama Densetsu Yuna FX - Kanashimi no Selene (Japan) (Sample).mp4</video>
  </game>
  <game>
    <path>/recalbox/share/rom/Redump/NEC - PC-FX &amp; PC-FXGA/Ginga Ojousama Densetsu Yuna FX - Kanashimi no Selene (Japan).zip</path>
    <name>Ginga Ojousama Densetsu Yuna FX - Kanashimi no Selene (Japan)</name>
    <image>/recalbox/share/thumbs/NEC - PC-FX/Named_Titles/Ginga Ojousama Densetsu Yuna FX - Kanashimi no Selene (Japan).png</image>
    <video>/recalbox/share/videos/Redump/NEC - PC-FX &amp; PC-FXGA/Ginga Ojousama Densetsu Yuna FX - Kanashimi no Selene (Japan).mp4</video>
  </game>
  <game>
    <path>/recalbox/share/rom/Redump/NEC - PC-FX &amp; PC-FXGA/Hataraku Shoujo - Tekipaki Working Love FX (Japan).zip</path>
    <name>Hataraku Shoujo - Tekipaki Working Love FX (Japan)</name>
    <image>/recalbox/share/thumbs/NEC - PC-FX/Named_Titles/Hataraku Shoujo - Tekipaki Working Love FX (Japan).png</image>
    <video>/recalbox/share/videos/Redump/NEC - PC-FX &amp; PC-FXGA/Hataraku Shoujo - Tekipaki Working Love FX (Japan).mp4</video>
  </game>
  <game>
    <path>/recalbox/share/rom/Redump/NEC - PC-FX &amp; PC-FXGA/J. B. Harold - Blue Chicago Blues (Japan) (Disc 1).zip</path>
    <name>J. B. Harold - Blue Chicago Blues (Japan) (Disc 1)</name>
    <image>/recalbox/share/thumbs/NEC - PC-FX/Named_Titles/J. B. Harold - Blue Chicago Blues (Japan) (Disc 1).png</image>
    <video>/recalbox/share/videos/Redump/NEC - PC-FX &amp; PC-FXGA/J. B. Harold - Blue Chicago Blues (Japan) (Disc 1).mp4</video>
  </game>
  <game>
    <path>/recalbox/share/rom/Redump/NEC - PC-FX &amp; PC-FXGA/J. B. Harold - Blue Chicago Blues (Japan) (Disc 2).zip</path>
    <name>J. B. Harold - Blue Chicago Blues (Japan) (Disc 2)</name>
    <image>/recalbox/share/thumbs/NEC - PC-FX/Named_Titles/J. B. Harold - Blue Chicago Blues (Japan) (Disc 2).png</image>
    <video>/recalbox/share/videos/Redump/NEC - PC-FX &amp; PC-FXGA/J. B. Harold - Blue Chicago Blues (Japan) (Disc 2).mp4</video>
  </game>
  <game>
    <path>/recalbox/share/rom/Redump/NEC - PC-FX &amp; PC-FXGA/Kishin Douji Zenki FX - Vajra Fight (Japan).zip</path>
    <name>Kishin Douji Zenki FX - Vajra Fight (Japan)</name>
    <image>/recalbox/share/thumbs/NEC - PC-FX/Named_Titles/Kishin Douji Zenki FX - Vajra Fight (Japan).png</image>
    <video>/recalbox/share/videos/Redump/NEC - PC-FX &amp; PC-FXGA/Kishin Douji Zenki FX - Vajra Fight (Japan).mp4</video>
  </game>
  <game>
    <path>/recalbox/share/rom/Redump/NEC - PC-FX &amp; PC-FXGA/Kokuu Hyouryuu - Nirgends (Japan).zip</path>
    <name>Kokuu Hyouryuu - Nirgends (Japan)</name>
    <image>/recalbox/share/thumbs/NEC - PC-FX/Named_Titles/Kokuu Hyouryuu - Nirgends (Japan).png</image>
    <video>/recalbox/share/videos/Redump/NEC - PC-FX &amp; PC-FXGA/Kokuu Hyouryuu - Nirgends (Japan).mp4</video>
  </game>
  <game>
    <path>/recalbox/share/rom/Redump/NEC - PC-FX &amp; PC-FXGA/Konpeki no Kantai (Japan).zip</path>
    <name>Konpeki no Kantai (Japan)</name>
    <image>/recalbox/share/thumbs/NEC - PC-FX/Named_Titles/Konpeki no Kantai (Japan).png</image>
    <video>/recalbox/share/videos/Redump/NEC - PC-FX &amp; PC-FXGA/Konpeki no Kantai (Japan).mp4</video>
  </game>
  <game>
    <path>/recalbox/share/rom/Redump/NEC - PC-FX &amp; PC-FXGA/Langrisser FX, Der (Japan).zip</path>
    <name>Langrisser FX, Der (Japan)</name>
    <image>/recalbox/share/thumbs/NEC - PC-FX/Named_Titles/Langrisser FX, Der (Japan).png</image>
    <video>/recalbox/share/videos/Redump/NEC - PC-FX &amp; PC-FXGA/Langrisser FX, Der (Japan).mp4</video>
  </game>
  <game>
    <path>/recalbox/share/rom/Redump/NEC - PC-FX &amp; PC-FXGA/Last Imperial Prince (Japan) (Disc A).zip</path>
    <name>Last Imperial Prince (Japan) (Disc A)</name>
    <image>/recalbox/share/thumbs/NEC - PC-FX/Named_Titles/Last Imperial Prince (Japan) (Disc A).png</image>
    <video>/recalbox/share/videos/Redump/NEC - PC-FX &amp; PC-FXGA/Last Imperial Prince (Japan) (Disc A).mp4</video>
  </game>
  <game>
    <path>/recalbox/share/rom/Redump/NEC - PC-FX &amp; PC-FXGA/Last Imperial Prince (Japan) (Disc B).zip</path>
    <name>Last Imperial Prince (Japan) (Disc B)</name>
    <image>/recalbox/share/thumbs/NEC - PC-FX/Named_Titles/Last Imperial Prince (Japan) (Disc B).png</image>
    <video>/recalbox/share/videos/Redump/NEC - PC-FX &amp; PC-FXGA/Last Imperial Prince (Japan) (Disc B).mp4</video>
  </game>
  <game>
    <path>/recalbox/share/rom/Redump/NEC - PC-FX &amp; PC-FXGA/Lunatic Dawn FX (Japan).zip</path>
    <name>Lunatic Dawn FX (Japan)</name>
    <image>/recalbox/share/thumbs/NEC - PC-FX/Named_Titles/Lunatic Dawn FX (Japan).png</image>
    <video>/recalbox/share/videos/Redump/NEC - PC-FX &amp; PC-FXGA/Lunatic Dawn FX (Japan).mp4</video>
  </game>
  <game>
    <path>/recalbox/share/rom/Redump/NEC - PC-FX &amp; PC-FXGA/Mahjong Gokuu Tenjiku (Japan) (SABS).zip</path>
    <name>Mahjong Gokuu Tenjiku (Japan) (SABS)</name>
    <image>/recalbox/share/thumbs/NEC - PC-FX/Named_Titles/Mahjong Gokuu Tenjiku (Japan) (SABS).png</image>
    <video>/recalbox/share/videos/Redump/NEC - PC-FX &amp; PC-FXGA/Mahjong Gokuu Tenjiku (Japan) (SABS).mp4</video>
  </game>
  <game>
    <path>/recalbox/share/rom/Redump/NEC - PC-FX &amp; PC-FXGA/Makeruna! Makendou Z (Japan).zip</path>
    <name>Makeruna! Makendou Z (Japan)</name>
    <image>/recalbox/share/thumbs/NEC - PC-FX/Named_Titles/Makeruna! Makendou Z (Japan).png</image>
    <video>/recalbox/share/videos/Redump/NEC - PC-FX &amp; PC-FXGA/Makeruna! Makendou Z (Japan).mp4</video>
  </game>
  <game>
    <path>/recalbox/share/rom/Redump/NEC - PC-FX &amp; PC-FXGA/Megami Paradise II (Japan).zip</path>
    <name>Megami Paradise II (Japan)</name>
    <image>/recalbox/share/thumbs/NEC - PC-FX/Named_Titles/Megami Paradise II (Japan).png</image>
    <video>/recalbox/share/videos/Redump/NEC - PC-FX &amp; PC-FXGA/Megami Paradise II (Japan).mp4</video>
  </game>
  <game>
    <path>/recalbox/share/rom/Redump/NEC - PC-FX &amp; PC-FXGA/Minimum Nanonic (Japan).zip</path>
    <name>Minimum Nanonic (Japan)</name>
    <image>/recalbox/share/thumbs/NEC - PC-FX/Named_Titles/Minimum Nanonic (Japan).png</image>
    <video>/recalbox/share/videos/Redump/NEC - PC-FX &amp; PC-FXGA/Minimum Nanonic (Japan).mp4</video>
  </game>
  <game>
    <path>/recalbox/share/rom/Redump/NEC - PC-FX &amp; PC-FXGA/Miraculum - The Last Revelation (Japan).zip</path>
    <name>Miraculum - The Last Revelation (Japan)</name>
    <image>/recalbox/share/thumbs/NEC - PC-FX/Named_Titles/Miraculum - The Last Revelation (Japan).png</image>
    <video>/recalbox/share/videos/Redump/NEC - PC-FX &amp; PC-FXGA/Miraculum - The Last Revelation (Japan).mp4</video>
  </game>
  <game>
    <path>/recalbox/share/rom/Redump/NEC - PC-FX &amp; PC-FXGA/Ojousama Sousamou (Japan).zip</path>
    <name>Ojousama Sousamou (Japan)</name>
    <image>/recalbox/share/thumbs/NEC - PC-FX/Named_Titles/Ojousama Sousamou (Japan).png</image>
    <video>/recalbox/share/videos/Redump/NEC - PC-FX &amp; PC-FXGA/Ojousama Sousamou (Japan).mp4</video>
  </game>
  <game>
    <path>/recalbox/share/rom/Redump/NEC - PC-FX &amp; PC-FXGA/PC Engine Fan - Special CD-ROM Vol. 2 (Japan).zip</path>
    <name>PC Engine Fan - Special CD-ROM Vol. 2 (Japan)</name>
    <image>/recalbox/share/thumbs/NEC - PC-FX/Named_Titles/PC Engine Fan - Special CD-ROM Vol. 2 (Japan).png</image>
    <video>/recalbox/share/videos/Redump/NEC - PC-FX &amp; PC-FXGA/PC Engine Fan - Special CD-ROM Vol. 2 (Japan).mp4</video>
  </game>
  <game>
    <path>/recalbox/share/rom/Redump/NEC - PC-FX &amp; PC-FXGA/PC Engine Fan - Special CD-ROM Vol. 3 (Japan).zip</path>
    <name>PC Engine Fan - Special CD-ROM Vol. 3 (Japan)</name>
    <image>/recalbox/share/thumbs/NEC - PC-FX/Named_Titles/PC Engine Fan - Special CD-ROM Vol. 3 (Japan).png</image>
    <video>/recalbox/share/videos/Redump/NEC - PC-FX &amp; PC-FXGA/PC Engine Fan - Special CD-ROM Vol. 3 (Japan).mp4</video>
  </game>
  <game>
    <path>/recalbox/share/rom/Redump/NEC - PC-FX &amp; PC-FXGA/Pachio-kun FX - Maboroshi no Shima Daisakusen (Japan).zip</path>
    <name>Pachio-kun FX - Maboroshi no Shima Daisakusen (Japan)</name>
    <image>/recalbox/share/thumbs/NEC - PC-FX/Named_Titles/Pachio-kun FX - Maboroshi no Shima Daisakusen (Japan).png</image>
    <video>/recalbox/share/videos/Redump/NEC - PC-FX &amp; PC-FXGA/Pachio-kun FX - Maboroshi no Shima Daisakusen (Japan).mp4</video>
  </game>
  <game>
    <path>/recalbox/share/rom/Redump/NEC - PC-FX &amp; PC-FXGA/Pia Carrot e Youkoso!! We've Been Waiting for You (Japan).zip</path>
    <name>Pia Carrot e Youkoso!! We&apos;ve Been Waiting for You (Japan)</name>
    <image>/recalbox/share/thumbs/NEC - PC-FX/Named_Titles/Pia Carrot e Youkoso!! We&apos;ve Been Waiting for You (Japan).png</image>
    <video>/recalbox/share/videos/Redump/NEC - PC-FX &amp; PC-FXGA/Pia Carrot e Youkoso!! We&apos;ve Been Waiting for You (Japan).mp4</video>
  </game>
  <game>
    <path>/recalbox/share/rom/Redump/NEC - PC-FX &amp; PC-FXGA/Power DoLLS FX (Japan).zip</path>
    <name>Power DoLLS FX (Japan)</name>
    <image>/recalbox/share/thumbs/NEC - PC-FX/Named_Titles/Power DoLLS FX (Japan).png</image>
    <video>/recalbox/share/videos/Redump/NEC - PC-FX &amp; PC-FXGA/Power DoLLS FX (Japan).mp4</video>
  </game>
  <game>
    <path>/recalbox/share/rom/Redump/NEC - PC-FX &amp; PC-FXGA/Return to Zork (Japan).zip</path>
    <name>Return to Zork (Japan)</name>
    <image>/recalbox/share/thumbs/NEC - PC-FX/Named_Titles/Return to Zork (Japan).png</image>
    <video>/recalbox/share/videos/Redump/NEC - PC-FX &amp; PC-FXGA/Return to Zork (Japan).mp4</video>
  </game>
  <game>
    <path>/recalbox/share/rom/Redump/NEC - PC-FX &amp; PC-FXGA/Ruruli Ra Rura (Japan).zip</path>
    <name>Ruruli Ra Rura (Japan)</name>
    <image>/recalbox/share/thumbs/NEC - PC-FX/Named_Titles/Ruruli Ra Rura (Japan).png</image>
    <video>/recalbox/share/videos/Redump/NEC - PC-FX &amp; PC-FXGA/Ruruli Ra Rura (Japan).mp4</video>
  </game>
  <game>
    <path>/recalbox/share/rom/Redump/NEC - PC-FX &amp; PC-FXGA/Same Game FX (Japan) (NEC PC-FXGA).zip</path>
    <name>Same Game FX (Japan) (NEC PC-FXGA)</name>
    <image>/recalbox/share/thumbs/NEC - PC-FX/Named_Titles/Same Game FX (Japan) (NEC PC-FXGA).png</image>
    <video>/recalbox/share/videos/Redump/NEC - PC-FX &amp; PC-FXGA/Same Game FX (Japan) (NEC PC-FXGA).mp4</video>
  </game>
  <game>
    <path>/recalbox/share/rom/Redump/NEC - PC-FX &amp; PC-FXGA/Shanghai - Banri no Choujou (Japan).zip</path>
    <name>Shanghai - Banri no Choujou (Japan)</name>
    <image>/recalbox/share/thumbs/NEC - PC-FX/Named_Titles/Shanghai - Banri no Choujou (Japan).png</image>
    <video>/recalbox/share/videos/Redump/NEC - PC-FX &amp; PC-FXGA/Shanghai - Banri no Choujou (Japan).mp4</video>
  </game>
  <game>
    <path>/recalbox/share/rom/Redump/NEC - PC-FX &amp; PC-FXGA/Sotsugyou II FX - Neo Generation (Japan) (SABS, SACS).zip</path>
    <name>Sotsugyou II FX - Neo Generation (Japan) (SABS, SACS)</name>
    <image>/recalbox/share/thumbs/NEC - PC-FX/Named_Titles/Sotsugyou II FX - Neo Generation (Japan) (SABS, SACS).png</image>
    <video>/recalbox/share/videos/Redump/NEC - PC-FX &amp; PC-FXGA/Sotsugyou II FX - Neo Generation (Japan) (SABS, SACS).mp4</video>
  </game>
  <game>
    <path>/recalbox/share/rom/Redump/NEC - PC-FX &amp; PC-FXGA/Sotsugyou R - Graduation Real (Japan).zip</path>
    <name>Sotsugyou R - Graduation Real (Japan)</name>
    <image>/recalbox/share/thumbs/NEC - PC-FX/Named_Titles/Sotsugyou R - Graduation Real (Japan).png</image>
    <video>/recalbox/share/videos/Redump/NEC - PC-FX &amp; PC-FXGA/Sotsugyou R - Graduation Real (Japan).mp4</video>
  </game>
  <game>
    <path>/recalbox/share/rom/Redump/NEC - PC-FX &amp; PC-FXGA/Sparkling Feather (Japan).zip</path>
    <name>Sparkling Feather (Japan)</name>
    <image>/recalbox/share/thumbs/NEC - PC-FX/Named_Titles/Sparkling Feather (Japan).png</image>
    <video>/recalbox/share/videos/Redump/NEC - PC-FX &amp; PC-FXGA/Sparkling Feather (Japan).mp4</video>
  </game>
  <game>
    <path>/recalbox/share/rom/Redump/NEC - PC-FX &amp; PC-FXGA/Super PC Engine Fan Deluxe - Special CD-ROM Vol. 1 (Japan).zip</path>
    <name>Super PC Engine Fan Deluxe - Special CD-ROM Vol. 1 (Japan)</name>
    <image>/recalbox/share/thumbs/NEC - PC-FX/Named_Titles/Super PC Engine Fan Deluxe - Special CD-ROM Vol. 1 (Japan).png</image>
    <video>/recalbox/share/videos/Redump/NEC - PC-FX &amp; PC-FXGA/Super PC Engine Fan Deluxe - Special CD-ROM Vol. 1 (Japan).mp4</video>
  </game>
  <game>
    <path>/recalbox/share/rom/Redump/NEC - PC-FX &amp; PC-FXGA/Super PC Engine Fan Deluxe - Special CD-ROM Vol. 2 (Japan).zip</path>
    <name>Super PC Engine Fan Deluxe - Special CD-ROM Vol. 2 (Japan)</name>
    <image>/recalbox/share/thumbs/NEC - PC-FX/Named_Titles/Super PC Engine Fan Deluxe - Special CD-ROM Vol. 2 (Japan).png</image>
    <video>/recalbox/share/videos/Redump/NEC - PC-FX &amp; PC-FXGA/Super PC Engine Fan Deluxe - Special CD-ROM Vol. 2 (Japan).mp4</video>
  </game>
  <game>
    <path>/recalbox/share/rom/Redump/NEC - PC-FX &amp; PC-FXGA/Super Power League FX (Japan).zip</path>
    <name>Super Power League FX (Japan)</name>
    <image>/recalbox/share/thumbs/NEC - PC-FX/Named_Titles/Super Power League FX (Japan).png</image>
    <video>/recalbox/share/videos/Redump/NEC - PC-FX &amp; PC-FXGA/Super Power League FX (Japan).mp4</video>
  </game>
  <game>
    <path>/recalbox/share/rom/Redump/NEC - PC-FX &amp; PC-FXGA/Super Real Mahjong P.V FX (Japan).zip</path>
    <name>Super Real Mahjong P.V FX (Japan)</name>
    <image>/recalbox/share/thumbs/NEC - PC-FX/Named_Titles/Super Real Mahjong P.V FX (Japan).png</image>
    <video>/recalbox/share/videos/Redump/NEC - PC-FX &amp; PC-FXGA/Super Real Mahjong P.V FX (Japan).mp4</video>
  </game>
  <game>
    <path>/recalbox/share/rom/Redump/NEC - PC-FX &amp; PC-FXGA/Team Innocent - The Point of No Return - G.C.P.O.SS (Japan).zip</path>
    <name>Team Innocent - The Point of No Return - G.C.P.O.SS (Japan)</name>
    <image>/recalbox/share/thumbs/NEC - PC-FX/Named_Titles/Team Innocent - The Point of No Return - G.C.P.O.SS (Japan).png</image>
    <video>/recalbox/share/videos/Redump/NEC - PC-FX &amp; PC-FXGA/Team Innocent - The Point of No Return - G.C.P.O.SS (Japan).mp4</video>
  </game>
  <game>
    <path>/recalbox/share/rom/Redump/NEC - PC-FX &amp; PC-FXGA/Tenchi Muyou! Ryououki FX (Japan) (Disc A) (Hakua Kaikou).zip</path>
    <name>Tenchi Muyou! Ryououki FX (Japan) (Disc A) (Hakua Kaikou)</name>
    <image>/recalbox/share/thumbs/NEC - PC-FX/Named_Titles/Tenchi Muyou! Ryououki FX (Japan) (Disc A) (Hakua Kaikou).png</image>
    <video>/recalbox/share/videos/Redump/NEC - PC-FX &amp; PC-FXGA/Tenchi Muyou! Ryououki FX (Japan) (Disc A) (Hakua Kaikou).mp4</video>
  </game>
  <game>
    <path>/recalbox/share/rom/Redump/NEC - PC-FX &amp; PC-FXGA/Tenchi Muyou! Ryououki FX (Japan) (Disc B) (Kiyone Houguu).zip</path>
    <name>Tenchi Muyou! Ryououki FX (Japan) (Disc B) (Kiyone Houguu)</name>
    <image>/recalbox/share/thumbs/NEC - PC-FX/Named_Titles/Tenchi Muyou! Ryououki FX (Japan) (Disc B) (Kiyone Houguu).png</image>
    <video>/recalbox/share/videos/Redump/NEC - PC-FX &amp; PC-FXGA/Tenchi Muyou! Ryououki FX (Japan) (Disc B) (Kiyone Houguu).mp4</video>
  </game>
  <game>
    <path>/recalbox/share/rom/Redump/NEC - PC-FX &amp; PC-FXGA/Tengai Makyou - Dennou Karakuri Kakutouden (Japan).zip</path>
    <name>Tengai Makyou - Dennou Karakuri Kakutouden (Japan)</name>
    <image>/recalbox/share/thumbs/NEC - PC-FX/Named_Titles/Tengai Makyou - Dennou Karakuri Kakutouden (Japan).png</image>
    <video>/recalbox/share/videos/Redump/NEC - PC-FX &amp; PC-FXGA/Tengai Makyou - Dennou Karakuri Kakutouden (Japan).mp4</video>
  </game>
  <game>
    <path>/recalbox/share/rom/Redump/NEC - PC-FX &amp; PC-FXGA/Tokimeki Card Paradise - Koi no Royal Straight Flush (Japan).zip</path>
    <name>Tokimeki Card Paradise - Koi no Royal Straight Flush (Japan)</name>
    <image>/recalbox/share/thumbs/NEC - PC-FX/Named_Titles/Tokimeki Card Paradise - Koi no Royal Straight Flush (Japan).png</image>
    <video>/recalbox/share/videos/Redump/NEC - PC-FX &amp; PC-FXGA/Tokimeki Card Paradise - Koi no Royal Straight Flush (Japan).mp4</video>
  </game>
  <game>
    <path>/recalbox/share/rom/Redump/NEC - PC-FX &amp; PC-FXGA/Tonari no Princess Rolfee! (Japan).zip</path>
    <name>Tonari no Princess Rolfee! (Japan)</name>
    <image>/recalbox/share/thumbs/NEC - PC-FX/Named_Titles/Tonari no Princess Rolfee! (Japan).png</image>
    <video>/recalbox/share/videos/Redump/NEC - PC-FX &amp; PC-FXGA/Tonari no Princess Rolfee! (Japan).mp4</video>
  </game>
  <game>
    <path>/recalbox/share/rom/Redump/NEC - PC-FX &amp; PC-FXGA/Voice Paradise (Japan) (Disc A).zip</path>
    <name>Voice Paradise (Japan) (Disc A)</name>
    <image>/recalbox/share/thumbs/NEC - PC-FX/Named_Titles/Voice Paradise (Japan) (Disc A).png</image>
    <video>/recalbox/share/videos/Redump/NEC - PC-FX &amp; PC-FXGA/Voice Paradise (Japan) (Disc A).mp4</video>
  </game>
  <game>
    <path>/recalbox/share/rom/Redump/NEC - PC-FX &amp; PC-FXGA/Voice Paradise (Japan) (Disc B).zip</path>
    <name>Voice Paradise (Japan) (Disc B)</name>
    <image>/recalbox/share/thumbs/NEC - PC-FX/Named_Titles/Voice Paradise (Japan) (Disc B).png</image>
    <video>/recalbox/share/videos/Redump/NEC - PC-FX &amp; PC-FXGA/Voice Paradise (Japan) (Disc B).mp4</video>
  </game>
  <game>
    <path>/recalbox/share/rom/Redump/NEC - PC-FX &amp; PC-FXGA/Wakusei Koukitai - Little Cats (Japan).zip</path>
    <name>Wakusei Koukitai - Little Cats (Japan)</name>
    <image>/recalbox/share/thumbs/NEC - PC-FX/Named_Titles/Wakusei Koukitai - Little Cats (Japan).png</image>
    <video>/recalbox/share/videos/Redump/NEC - PC-FX &amp; PC-FXGA/Wakusei Koukitai - Little Cats (Japan).mp4</video>
  </game>
  <game>
    <path>/recalbox/share/rom/Redump/NEC - PC-FX &amp; PC-FXGA/Zen Nihon Joshi Pro Wres - Queen of Queens (Japan) (Disc A) (Zenjo vs Zenjo).zip</path>
    <name>Zen Nihon Joshi Pro Wres - Queen of Queens (Japan) (Disc A) (Zenjo vs Zenjo)</name>
    <image>/recalbox/share/thumbs/NEC - PC-FX/Named_Titles/Zen Nihon Joshi Pro Wres - Queen of Queens (Japan) (Disc A) (Zenjo vs Zenjo).png</image>
    <video>/recalbox/share/videos/Redump/NEC - PC-FX &amp; PC-FXGA/Zen Nihon Joshi Pro Wres - Queen of Queens (Japan) (Disc A) (Zenjo vs Zenjo).mp4</video>
  </game>
  <game>
    <path>/recalbox/share/rom/Redump/NEC - PC-FX &amp; PC-FXGA/Zen Nihon Joshi Pro Wres - Queen of Queens (Japan) (Disc B) (Zenjo vs KWP).zip</path>
    <name>Zen Nihon Joshi Pro Wres - Queen of Queens (Japan) (Disc B) (Zenjo vs KWP)</name>
    <image>/recalbox/share/thumbs/NEC - PC-FX/Named_Titles/Zen Nihon Joshi Pro Wres - Queen of Queens (Japan) (Disc B) (Zenjo vs KWP).png</image>
    <video>/recalbox/share/videos/Redump/NEC - PC-FX &amp; PC-FXGA/Zen Nihon Joshi Pro Wres - Queen of Queens (Japan) (Disc B) (Zenjo vs KWP).mp4</video>
  </game>
  <game>
    <path>/recalbox/share/rom/Redump/NEC - PC-FX &amp; PC-FXGA/Zoku Hatsukoi Monogatari - Shuugaku Ryokou (Japan) (Disc 1).zip</path>
    <name>Zoku Hatsukoi Monogatari - Shuugaku Ryokou (Japan) (Disc 1)</name>
    <image>/recalbox/share/thumbs/NEC - PC-FX/Named_Titles/Zoku Hatsukoi Monogatari - Shuugaku Ryokou (Japan) (Disc 1).png</image>
    <video>/recalbox/share/videos/Redump/NEC - PC-FX &amp; PC-FXGA/Zoku Hatsukoi Monogatari - Shuugaku Ryokou (Japan) (Disc 1).mp4</video>
  </game>
  <game>
    <path>/recalbox/share/rom/Redump/NEC - PC-FX &amp; PC-FXGA/Zoku Hatsukoi Monogatari - Shuugaku Ryokou (Japan) (Disc 2).zip</path>
    <name>Zoku Hatsukoi Monogatari - Shuugaku Ryokou (Japan) (Disc 2)</name>
    <image>/recalbox/share/thumbs/NEC - PC-FX/Named_Titles/Zoku Hatsukoi Monogatari - Shuugaku Ryokou (Japan) (Disc 2).png</image>
    <video>/recalbox/share/videos/Redump/NEC - PC-FX &amp; PC-FXGA/Zoku Hatsukoi Monogatari - Shuugaku Ryokou (Japan) (Disc 2).mp4</video>
  </game>
</gamelist>