<gamelist>
  <game>
    <path>/recalbox/share/rom/No-Intro/Nintendo - Game &amp; Watch/Chef (World).zip</path>
    <name>Chef (World)</name>
    <image>/recalbox/share/thumbs2/Nintendo - Game &amp; Watch/Named_Titles/Chef (World).png</image>
    <video>/recalbox/share/videos/No-Intro/Nintendo - Game &amp; Watch/Chef (World).mp4</video>
  </game>
  <game>
    <path>/recalbox/share/rom/No-Intro/Nintendo - Game &amp; Watch/Donkey Kong (World).zip</path>
    <name>Donkey Kong (World)</name>
    <image>/recalbox/share/thumbs2/Nintendo - Game &amp; Watch/Named_Titles/Donkey Kong (World).png</image>
    <video>/recalbox/share/videos/No-Intro/Nintendo - Game &amp; Watch/Donkey Kong (World).mp4</video>
  </game>
  <game>
    <path>/recalbox/share/rom/No-Intro/Nintendo - Game &amp; Watch/Green House (World).zip</path>
    <name>Green House (World)</name>
    <image>/recalbox/share/thumbs2/Nintendo - Game &amp; Watch/Named_Titles/Green House (World).png</image>
    <video>/recalbox/share/videos/No-Intro/Nintendo - Game &amp; Watch/Green House (World).mp4</video>
  </game>
  <game>
    <path>/recalbox/share/rom/No-Intro/Nintendo - Game &amp; Watch/Lifeboat (World).zip</path>
    <name>Lifeboat (World)</name>
    <image>/recalbox/share/thumbs2/Nintendo - Game &amp; Watch/Named_Titles/Lifeboat (World).png</image>
    <video>/recalbox/share/videos/No-Intro/Nintendo - Game &amp; Watch/Lifeboat (World).mp4</video>
  </game>
  <game>
    <path>/recalbox/share/rom/No-Intro/Nintendo - Game &amp; Watch/Mickey Mouse ~ Egg (World).zip</path>
    <name>Mickey Mouse ~ Egg (World)</name>
    <image>/recalbox/share/thumbs2/Nintendo - Game &amp; Watch/Named_Titles/Mickey Mouse ~ Egg (World).png</image>
    <video>/recalbox/share/videos/No-Intro/Nintendo - Game &amp; Watch/Mickey Mouse ~ Egg (World).mp4</video>
  </game>
  <game>
    <path>/recalbox/share/rom/No-Intro/Nintendo - Game &amp; Watch/Octopus (World).zip</path>
    <name>Octopus (World)</name>
    <image>/recalbox/share/thumbs2/Nintendo - Game &amp; Watch/Named_Titles/Octopus (World).png</image>
    <video>/recalbox/share/videos/No-Intro/Nintendo - Game &amp; Watch/Octopus (World).mp4</video>
  </game>
  <game>
    <path>/recalbox/share/rom/No-Intro/Nintendo - Game &amp; Watch/Oil Panic (World).zip</path>
    <name>Oil Panic (World)</name>
    <image>/recalbox/share/thumbs2/Nintendo - Game &amp; Watch/Named_Titles/Oil Panic (World).png</image>
    <video>/recalbox/share/videos/No-Intro/Nintendo - Game &amp; Watch/Oil Panic (World).mp4</video>
  </game>
  <game>
    <path>/recalbox/share/rom/No-Intro/Nintendo - Game &amp; Watch/Parachute (World).zip</path>
    <name>Parachute (World)</name>
    <image>/recalbox/share/thumbs2/Nintendo - Game &amp; Watch/Named_Titles/Parachute (World).png</image>
    <video>/recalbox/share/videos/No-Intro/Nintendo - Game &amp; Watch/Parachute (World).mp4</video>
  </game>
  <game>
    <path>/recalbox/share/rom/No-Intro/Nintendo - Game &amp; Watch/Rain Shower (World).zip</path>
    <name>Rain Shower (World)</name>
    <image>/recalbox/share/thumbs2/Nintendo - Game &amp; Watch/Named_Titles/Rain Shower (World).png</image>
    <video>/recalbox/share/videos/No-Intro/Nintendo - Game &amp; Watch/Rain Shower (World).mp4</video>
  </game>
  <game>
    <path>/recalbox/share/rom/No-Intro/Nintendo - Game &amp; Watch/Squish (World).zip</path>
    <name>Squish (World)</name>
    <image>/recalbox/share/thumbs2/Nintendo - Game &amp; Watch/Named_Titles/Squish (World).png</image>
    <video>/recalbox/share/videos/No-Intro/Nintendo - Game &amp; Watch/Squish (World).mp4</video>
  </game>
  <game>
    <path>/recalbox/share/rom/No-Intro/Nintendo - Game &amp; Watch/Tropical Fish (World).zip</path>
    <name>Tropical Fish (World)</name>
    <image>/recalbox/share/thumbs2/Nintendo - Game &amp; Watch/Named_Titles/Tropical Fish (World).png</image>
    <video>/recalbox/share/videos/No-Intro/Nintendo - Game &amp; Watch/Tropical Fish (World).mp4</video>
  </game>
  <game>
    <path>/recalbox/share/rom/No-Intro/Nintendo - Game &amp; Watch/Turtle Bridge (World).zip</path>
    <name>Turtle Bridge (World)</name>
    <image>/recalbox/share/thumbs2/Nintendo - Game &amp; Watch/Named_Titles/Turtle Bridge (World).png</image>
    <video>/recalbox/share/videos/No-Intro/Nintendo - Game &amp; Watch/Turtle Bridge (World).mp4</video>
  </game>
</gamelist>