<gamelist>
  <game>
    <path>/recalbox/share/roms/readystream/supervision/4 in 1 - Hash Block + Challenger Tank + Brain Power + Jacky Lucky (USA, Europe).zip</path>
    <name>4 in 1 - Hash Block + Challenger Tank + Brain Power + Jacky Lucky (USA, Europe)</name>
    <image>/recalbox/share/thumbs/Watara - Supervision/Named_Titles/4 in 1 - Hash Block + Challenger Tank + Brain Power + Jacky Lucky (USA, Europe).png</image>
    <video>/recalbox/share/videos/No-Intro/Watara - Supervision/4 in 1 - Hash Block + Challenger Tank + Brain Power + Jacky Lucky (USA, Europe).mp4</video>
  </game>
  <game>
    <path>/recalbox/share/roms/readystream/supervision/Alien (USA, Europe).zip</path>
    <name>Alien (USA, Europe)</name>
    <image>/recalbox/share/thumbs/Watara - Supervision/Named_Titles/Alien (USA, Europe).png</image>
    <video>/recalbox/share/videos/No-Intro/Watara - Supervision/Alien (USA, Europe).mp4</video>
  </game>
  <game>
    <path>/recalbox/share/roms/readystream/supervision/Cave Wonders (USA, Europe).zip</path>
    <name>Cave Wonders (USA, Europe)</name>
    <image>/recalbox/share/thumbs/Watara - Supervision/Named_Titles/Cave Wonders (USA, Europe).png</image>
    <video>/recalbox/share/videos/No-Intro/Watara - Supervision/Cave Wonders (USA, Europe).mp4</video>
  </game>
  <game>
    <path>/recalbox/share/roms/readystream/supervision/Chimera (USA, Europe).zip</path>
    <name>Chimera (USA, Europe)</name>
    <image>/recalbox/share/thumbs/Watara - Supervision/Named_Titles/Chimera (USA, Europe).png</image>
    <video>/recalbox/share/videos/No-Intro/Watara - Supervision/Chimera (USA, Europe).mp4</video>
  </game>
  <game>
    <path>/recalbox/share/roms/readystream/supervision/Galaxy Fighter (USA, Europe).zip</path>
    <name>Galaxy Fighter (USA, Europe)</name>
    <image>/recalbox/share/thumbs/Watara - Supervision/Named_Titles/Galaxy Fighter (USA, Europe).png</image>
    <video>/recalbox/share/videos/No-Intro/Watara - Supervision/Galaxy Fighter (USA, Europe).mp4</video>
  </game>
  <game>
    <path>/recalbox/share/roms/readystream/supervision/Hero Kid (USA, Europe).zip</path>
    <name>Hero Kid (USA, Europe)</name>
    <image>/recalbox/share/thumbs/Watara - Supervision/Named_Titles/Hero Kid (USA, Europe).png</image>
    <video>/recalbox/share/videos/No-Intro/Watara - Supervision/Hero Kid (USA, Europe).mp4</video>
  </game>
  <game>
    <path>/recalbox/share/roms/readystream/supervision/Jaguar Bomber (USA, Europe).zip</path>
    <name>Jaguar Bomber (USA, Europe)</name>
    <image>/recalbox/share/thumbs/Watara - Supervision/Named_Titles/Jaguar Bomber (USA, Europe).png</image>
    <video>/recalbox/share/videos/No-Intro/Watara - Supervision/Jaguar Bomber (USA, Europe).mp4</video>
  </game>
  <game>
    <path>/recalbox/share/roms/readystream/supervision/Kitchen War (USA, Europe).zip</path>
    <name>Kitchen War (USA, Europe)</name>
    <image>/recalbox/share/thumbs/Watara - Supervision/Named_Titles/Kitchen War (USA, Europe).png</image>
    <video>/recalbox/share/videos/No-Intro/Watara - Supervision/Kitchen War (USA, Europe).mp4</video>
  </game>
  <game>
    <path>/recalbox/share/roms/readystream/supervision/Magincross (USA, Europe).zip</path>
    <name>Magincross (USA, Europe)</name>
    <image>/recalbox/share/thumbs/Watara - Supervision/Named_Titles/Magincross (USA, Europe).png</image>
    <video>/recalbox/share/videos/No-Intro/Watara - Supervision/Magincross (USA, Europe).mp4</video>
  </game>
  <game>
    <path>/recalbox/share/roms/readystream/supervision/P-52 Sea Battle (USA, Europe).zip</path>
    <name>P-52 Sea Battle (USA, Europe)</name>
    <image>/recalbox/share/thumbs/Watara - Supervision/Named_Titles/P-52 Sea Battle (USA, Europe).png</image>
    <video>/recalbox/share/videos/No-Intro/Watara - Supervision/P-52 Sea Battle (USA, Europe).mp4</video>
  </game>
  <game>
    <path>/recalbox/share/roms/readystream/supervision/Popo Team (USA, Europe).zip</path>
    <name>Popo Team (USA, Europe)</name>
    <image>/recalbox/share/thumbs/Watara - Supervision/Named_Titles/Popo Team (USA, Europe).png</image>
    <video>/recalbox/share/videos/No-Intro/Watara - Supervision/Popo Team (USA, Europe).mp4</video>
  </game>
  <game>
    <path>/recalbox/share/roms/readystream/supervision/Sonny X'Press (USA, Europe).zip</path>
    <name>Sonny X&apos;Press (USA, Europe)</name>
    <image>/recalbox/share/thumbs/Watara - Supervision/Named_Titles/Sonny X&apos;Press (USA, Europe).png</image>
    <video>/recalbox/share/videos/No-Intro/Watara - Supervision/Sonny X&apos;Press (USA, Europe).mp4</video>
  </game>
  <game>
    <path>/recalbox/share/roms/readystream/supervision/Super Block (USA, Europe).zip</path>
    <name>Super Block (USA, Europe)</name>
    <image>/recalbox/share/thumbs/Watara - Supervision/Named_Titles/Super Block (USA, Europe).png</image>
    <video>/recalbox/share/videos/No-Intro/Watara - Supervision/Super Block (USA, Europe).mp4</video>
  </game>
  <game>
    <path>/recalbox/share/roms/readystream/supervision/Super Kong (USA, Europe).zip</path>
    <name>Super Kong (USA, Europe)</name>
    <image>/recalbox/share/thumbs/Watara - Supervision/Named_Titles/Super Kong (USA, Europe).png</image>
    <video>/recalbox/share/videos/No-Intro/Watara - Supervision/Super Kong (USA, Europe).mp4</video>
  </game>
  <game>
    <path>/recalbox/share/roms/readystream/supervision/Super Pang (USA, Europe).zip</path>
    <name>Super Pang (USA, Europe)</name>
    <image>/recalbox/share/thumbs/Watara - Supervision/Named_Titles/Super Pang (USA, Europe).png</image>
    <video>/recalbox/share/videos/No-Intro/Watara - Supervision/Super Pang (USA, Europe).mp4</video>
  </game>
</gamelist>