<gamelist>
  <game>
    <path>/recalbox/share/zip/gx4000/Cross Bomber (2020-08-26)(Caruso, Fabrizio).cpr</path>
    <name>Cross Bomber (2020-08-26)(Caruso, Fabrizio)</name>
    <image>/recalbox/share/thumbs/Amstrad - GX4000/Cross Bomber (2020-08-26)(Caruso, Fabrizio).png</image>
    <video>/recalbox/share/videos/Amstrad - GX4000/Cross Bomber (2020-08-26)(Caruso, Fabrizio).mp4</video>
  </game>
  <game>
    <path>/recalbox/share/zip/gx4000/Cross Bomber (2021-05-13)(Caruso, Fabrizio).cpr</path>
    <name>Cross Bomber (2021-05-13)(Caruso, Fabrizio)</name>
    <image>/recalbox/share/thumbs/Amstrad - GX4000/Cross Bomber (2021-05-13)(Caruso, Fabrizio).png</image>
    <video>/recalbox/share/videos/Amstrad - GX4000/Cross Bomber (2021-05-13)(Caruso, Fabrizio).mp4</video>
  </game>
  <game>
    <path>/recalbox/share/zip/gx4000/Cross Chase (2018-04-15)(Caruso, Fabrizio).cpr</path>
    <name>Cross Chase (2018-04-15)(Caruso, Fabrizio)</name>
    <image>/recalbox/share/thumbs/Amstrad - GX4000/Cross Chase (2018-04-15)(Caruso, Fabrizio).png</image>
    <video>/recalbox/share/videos/Amstrad - GX4000/Cross Chase (2018-04-15)(Caruso, Fabrizio).mp4</video>
  </game>
  <game>
    <path>/recalbox/share/zip/gx4000/Cross Chase (2018-05-19)(Caruso, Fabrizio).cpr</path>
    <name>Cross Chase (2018-05-19)(Caruso, Fabrizio)</name>
    <image>/recalbox/share/thumbs/Amstrad - GX4000/Cross Chase (2018-05-19)(Caruso, Fabrizio).png</image>
    <video>/recalbox/share/videos/Amstrad - GX4000/Cross Chase (2018-05-19)(Caruso, Fabrizio).mp4</video>
  </game>
  <game>
    <path>/recalbox/share/zip/gx4000/Cross Chase (2018-07-19)(Caruso, Fabrizio).cpr</path>
    <name>Cross Chase (2018-07-19)(Caruso, Fabrizio)</name>
    <image>/recalbox/share/thumbs/Amstrad - GX4000/Cross Chase (2018-07-19)(Caruso, Fabrizio).png</image>
    <video>/recalbox/share/videos/Amstrad - GX4000/Cross Chase (2018-07-19)(Caruso, Fabrizio).mp4</video>
  </game>
  <game>
    <path>/recalbox/share/zip/gx4000/Cross Chase (2018-08-04)(Caruso, Fabrizio).cpr</path>
    <name>Cross Chase (2018-08-04)(Caruso, Fabrizio)</name>
    <image>/recalbox/share/thumbs/Amstrad - GX4000/Cross Chase (2018-08-04)(Caruso, Fabrizio).png</image>
    <video>/recalbox/share/videos/Amstrad - GX4000/Cross Chase (2018-08-04)(Caruso, Fabrizio).mp4</video>
  </game>
  <game>
    <path>/recalbox/share/zip/gx4000/Cross Chase (2018-10-29)(Caruso, Fabrizio).cpr</path>
    <name>Cross Chase (2018-10-29)(Caruso, Fabrizio)</name>
    <image>/recalbox/share/thumbs/Amstrad - GX4000/Cross Chase (2018-10-29)(Caruso, Fabrizio).png</image>
    <video>/recalbox/share/videos/Amstrad - GX4000/Cross Chase (2018-10-29)(Caruso, Fabrizio).mp4</video>
  </game>
  <game>
    <path>/recalbox/share/zip/gx4000/Cross Chase (2020-04-02)(Caruso, Fabrizio).cpr</path>
    <name>Cross Chase (2020-04-02)(Caruso, Fabrizio)</name>
    <image>/recalbox/share/thumbs/Amstrad - GX4000/Cross Chase (2020-04-02)(Caruso, Fabrizio).png</image>
    <video>/recalbox/share/videos/Amstrad - GX4000/Cross Chase (2020-04-02)(Caruso, Fabrizio).mp4</video>
  </game>
  <game>
    <path>/recalbox/share/zip/gx4000/Cross Chase (2021-05-13)(Caruso, Fabrizio).cpr</path>
    <name>Cross Chase (2021-05-13)(Caruso, Fabrizio)</name>
    <image>/recalbox/share/thumbs/Amstrad - GX4000/Cross Chase (2021-05-13)(Caruso, Fabrizio).png</image>
    <video>/recalbox/share/videos/Amstrad - GX4000/Cross Chase (2021-05-13)(Caruso, Fabrizio).mp4</video>
  </game>
  <game>
    <path>/recalbox/share/zip/gx4000/Cross Horde (2021-04-16)(Caruso, Fabrizio)[mode0].cpr</path>
    <name>Cross Horde (2021-04-16)(Caruso, Fabrizio)[mode0]</name>
    <image>/recalbox/share/thumbs/Amstrad - GX4000/Cross Horde (2021-04-16)(Caruso, Fabrizio)[mode0].png</image>
    <video>/recalbox/share/videos/Amstrad - GX4000/Cross Horde (2021-04-16)(Caruso, Fabrizio)[mode0].mp4</video>
  </game>
  <game>
    <path>/recalbox/share/zip/gx4000/Cross Horde (2021-04-16)(Caruso, Fabrizio)[mode1][cpcrslib].cpr</path>
    <name>Cross Horde (2021-04-16)(Caruso, Fabrizio)[mode1][cpcrslib]</name>
    <image>/recalbox/share/thumbs/Amstrad - GX4000/Cross Horde (2021-04-16)(Caruso, Fabrizio)[mode1][cpcrslib].png</image>
    <video>/recalbox/share/videos/Amstrad - GX4000/Cross Horde (2021-04-16)(Caruso, Fabrizio)[mode1][cpcrslib].mp4</video>
  </game>
  <game>
    <path>/recalbox/share/zip/gx4000/Cross Horde (2021-04-16)(Caruso, Fabrizio)[mode2].cpr</path>
    <name>Cross Horde (2021-04-16)(Caruso, Fabrizio)[mode2]</name>
    <image>/recalbox/share/thumbs/Amstrad - GX4000/Cross Horde (2021-04-16)(Caruso, Fabrizio)[mode2].png</image>
    <video>/recalbox/share/videos/Amstrad - GX4000/Cross Horde (2021-04-16)(Caruso, Fabrizio)[mode2].mp4</video>
  </game>
  <game>
    <path>/recalbox/share/zip/gx4000/Cross Horde v1.0 (2021-05-01)(Caruso, Fabrizio)[mode0].cpr</path>
    <name>Cross Horde v1.0 (2021-05-01)(Caruso, Fabrizio)[mode0]</name>
    <image>/recalbox/share/thumbs/Amstrad - GX4000/Cross Horde v1.0 (2021-05-01)(Caruso, Fabrizio)[mode0].png</image>
    <video>/recalbox/share/videos/Amstrad - GX4000/Cross Horde v1.0 (2021-05-01)(Caruso, Fabrizio)[mode0].mp4</video>
  </game>
  <game>
    <path>/recalbox/share/zip/gx4000/Cross Horde v1.0 (2021-05-01)(Caruso, Fabrizio)[mode1][cpcrslib].cpr</path>
    <name>Cross Horde v1.0 (2021-05-01)(Caruso, Fabrizio)[mode1][cpcrslib]</name>
    <image>/recalbox/share/thumbs/Amstrad - GX4000/Cross Horde v1.0 (2021-05-01)(Caruso, Fabrizio)[mode1][cpcrslib].png</image>
    <video>/recalbox/share/videos/Amstrad - GX4000/Cross Horde v1.0 (2021-05-01)(Caruso, Fabrizio)[mode1][cpcrslib].mp4</video>
  </game>
  <game>
    <path>/recalbox/share/zip/gx4000/Cross Horde v1.0 (2021-05-01)(Caruso, Fabrizio)[mode2].cpr</path>
    <name>Cross Horde v1.0 (2021-05-01)(Caruso, Fabrizio)[mode2]</name>
    <image>/recalbox/share/thumbs/Amstrad - GX4000/Cross Horde v1.0 (2021-05-01)(Caruso, Fabrizio)[mode2].png</image>
    <video>/recalbox/share/videos/Amstrad - GX4000/Cross Horde v1.0 (2021-05-01)(Caruso, Fabrizio)[mode2].mp4</video>
  </game>
  <game>
    <path>/recalbox/share/zip/gx4000/Cross Shoot (2020-07-03)(Caruso, Fabrizio).cpr</path>
    <name>Cross Shoot (2020-07-03)(Caruso, Fabrizio)</name>
    <image>/recalbox/share/thumbs/Amstrad - GX4000/Cross Shoot (2020-07-03)(Caruso, Fabrizio).png</image>
    <video>/recalbox/share/videos/Amstrad - GX4000/Cross Shoot (2020-07-03)(Caruso, Fabrizio).mp4</video>
  </game>
  <game>
    <path>/recalbox/share/zip/gx4000/Cross Snake Preview (2020-12-05)(Caruso, Fabrizio).cpr</path>
    <name>Cross Snake Preview (2020-12-05)(Caruso, Fabrizio)</name>
    <image>/recalbox/share/thumbs/Amstrad - GX4000/Cross Snake Preview (2020-12-05)(Caruso, Fabrizio).png</image>
    <video>/recalbox/share/videos/Amstrad - GX4000/Cross Snake Preview (2020-12-05)(Caruso, Fabrizio).mp4</video>
  </game>
  <game>
    <path>/recalbox/share/zip/gx4000/Cross Snake v1.0 (2020-12-12)(Caruso, Fabrizio)[mode0].cpr</path>
    <name>Cross Snake v1.0 (2020-12-12)(Caruso, Fabrizio)[mode0]</name>
    <image>/recalbox/share/thumbs/Amstrad - GX4000/Cross Snake v1.0 (2020-12-12)(Caruso, Fabrizio)[mode0].png</image>
    <video>/recalbox/share/videos/Amstrad - GX4000/Cross Snake v1.0 (2020-12-12)(Caruso, Fabrizio)[mode0].mp4</video>
  </game>
  <game>
    <path>/recalbox/share/zip/gx4000/Cross Snake v1.0 (2020-12-12)(Caruso, Fabrizio)[mode1][cpcrslib].cpr</path>
    <name>Cross Snake v1.0 (2020-12-12)(Caruso, Fabrizio)[mode1][cpcrslib]</name>
    <image>/recalbox/share/thumbs/Amstrad - GX4000/Cross Snake v1.0 (2020-12-12)(Caruso, Fabrizio)[mode1][cpcrslib].png</image>
    <video>/recalbox/share/videos/Amstrad - GX4000/Cross Snake v1.0 (2020-12-12)(Caruso, Fabrizio)[mode1][cpcrslib].mp4</video>
  </game>
  <game>
    <path>/recalbox/share/zip/gx4000/Cross Snake v1.0 (2020-12-12)(Caruso, Fabrizio)[mode2].cpr</path>
    <name>Cross Snake v1.0 (2020-12-12)(Caruso, Fabrizio)[mode2]</name>
    <image>/recalbox/share/thumbs/Amstrad - GX4000/Cross Snake v1.0 (2020-12-12)(Caruso, Fabrizio)[mode2].png</image>
    <video>/recalbox/share/videos/Amstrad - GX4000/Cross Snake v1.0 (2020-12-12)(Caruso, Fabrizio)[mode2].mp4</video>
  </game>
  <game>
    <path>/recalbox/share/zip/gx4000/Cross Snake v2.0 (2020-12-31)(Caruso, Fabrizio)[mode0].cpr</path>
    <name>Cross Snake v2.0 (2020-12-31)(Caruso, Fabrizio)[mode0]</name>
    <image>/recalbox/share/thumbs/Amstrad - GX4000/Cross Snake v2.0 (2020-12-31)(Caruso, Fabrizio)[mode0].png</image>
    <video>/recalbox/share/videos/Amstrad - GX4000/Cross Snake v2.0 (2020-12-31)(Caruso, Fabrizio)[mode0].mp4</video>
  </game>
  <game>
    <path>/recalbox/share/zip/gx4000/Cross Snake v2.0 (2020-12-31)(Caruso, Fabrizio)[mode1][cpcrslib].cpr</path>
    <name>Cross Snake v2.0 (2020-12-31)(Caruso, Fabrizio)[mode1][cpcrslib]</name>
    <image>/recalbox/share/thumbs/Amstrad - GX4000/Cross Snake v2.0 (2020-12-31)(Caruso, Fabrizio)[mode1][cpcrslib].png</image>
    <video>/recalbox/share/videos/Amstrad - GX4000/Cross Snake v2.0 (2020-12-31)(Caruso, Fabrizio)[mode1][cpcrslib].mp4</video>
  </game>
  <game>
    <path>/recalbox/share/zip/gx4000/Cross Snake v2.0 (2020-12-31)(Caruso, Fabrizio)[mode2].cpr</path>
    <name>Cross Snake v2.0 (2020-12-31)(Caruso, Fabrizio)[mode2]</name>
    <image>/recalbox/share/thumbs/Amstrad - GX4000/Cross Snake v2.0 (2020-12-31)(Caruso, Fabrizio)[mode2].png</image>
    <video>/recalbox/share/videos/Amstrad - GX4000/Cross Snake v2.0 (2020-12-31)(Caruso, Fabrizio)[mode2].mp4</video>
  </game>
  <game>
    <path>/recalbox/share/zip/gx4000/Cross Verbix (2022-12-05)(Caruso, Fabrizio).cpr</path>
    <name>Cross Verbix (2022-12-05)(Caruso, Fabrizio)</name>
    <image>/recalbox/share/thumbs/Amstrad - GX4000/Cross Verbix (2022-12-05)(Caruso, Fabrizio).png</image>
    <video>/recalbox/share/videos/Amstrad - GX4000/Cross Verbix (2022-12-05)(Caruso, Fabrizio).mp4</video>
  </game>
  <game>
    <path>/recalbox/share/zip/gx4000/Missile Command (2022)(Ayor61 - TITAN)(FR).cpr</path>
    <name>Missile Command (2022)(Ayor61 - TITAN)(FR)</name>
    <image>/recalbox/share/thumbs/Amstrad - GX4000/Missile Command (2022)(Ayor61 - TITAN)(FR).png</image>
    <video>/recalbox/share/videos/Amstrad - GX4000/Missile Command (2022)(Ayor61 - TITAN)(FR).mp4</video>
  </game>
  <game>
    <path>/recalbox/share/zip/gx4000/Tenebra (2022-12-07)(Haplo)(AU).cpr</path>
    <name>Tenebra (2022-12-07)(Haplo)(AU)</name>
    <image>/recalbox/share/thumbs/Amstrad - GX4000/Tenebra (2022-12-07)(Haplo)(AU).png</image>
    <video>/recalbox/share/videos/Amstrad - GX4000/Tenebra (2022-12-07)(Haplo)(AU).mp4</video>
  </game>
</gamelist>
