<gamelist>
  <game>
    <path>/recalbox/share/rom/No-Intro/Fairchild - Channel F/Alien Invasion (USA).zip</path>
    <name>Alien Invasion (USA)</name>
    <image>/recalbox/share/thumbs/Fairchild - Channel F/Named_Titles/Alien Invasion (USA).png</image>
    <video>/recalbox/share/videos/No-Intro/Fairchild - Channel F/Alien Invasion (USA).mp4</video>
  </game>
  <game>
    <path>/recalbox/share/rom/No-Intro/Fairchild - Channel F/Backgammon, Acey-Deucey (USA).zip</path>
    <name>Backgammon, Acey-Deucey (USA)</name>
    <image>/recalbox/share/thumbs/Fairchild - Channel F/Named_Titles/Backgammon, Acey-Deucey (USA).png</image>
    <video>/recalbox/share/videos/No-Intro/Fairchild - Channel F/Backgammon, Acey-Deucey (USA).mp4</video>
  </game>
  <game>
    <path>/recalbox/share/rom/No-Intro/Fairchild - Channel F/Baseball (USA).zip</path>
    <name>Baseball (USA)</name>
    <image>/recalbox/share/thumbs/Fairchild - Channel F/Named_Titles/Baseball (USA).png</image>
    <video>/recalbox/share/videos/No-Intro/Fairchild - Channel F/Baseball (USA).mp4</video>
  </game>
  <game>
    <path>/recalbox/share/rom/No-Intro/Fairchild - Channel F/Bowling (USA).zip</path>
    <name>Bowling (USA)</name>
    <image>/recalbox/share/thumbs/Fairchild - Channel F/Named_Titles/Bowling (USA).png</image>
    <video>/recalbox/share/videos/No-Intro/Fairchild - Channel F/Bowling (USA).mp4</video>
  </game>
  <game>
    <path>/recalbox/share/rom/No-Intro/Fairchild - Channel F/Casino Poker (USA).zip</path>
    <name>Casino Poker (USA)</name>
    <image>/recalbox/share/thumbs/Fairchild - Channel F/Named_Titles/Casino Poker (USA).png</image>
    <video>/recalbox/share/videos/No-Intro/Fairchild - Channel F/Casino Poker (USA).mp4</video>
  </game>
  <game>
    <path>/recalbox/share/rom/No-Intro/Fairchild - Channel F/Checkers (USA).zip</path>
    <name>Checkers (USA)</name>
    <image>/recalbox/share/thumbs/Fairchild - Channel F/Named_Titles/Checkers (USA).png</image>
    <video>/recalbox/share/videos/No-Intro/Fairchild - Channel F/Checkers (USA).mp4</video>
  </game>
  <game>
    <path>/recalbox/share/rom/No-Intro/Fairchild - Channel F/Demonstration Cartridge (USA).zip</path>
    <name>Demonstration Cartridge (USA)</name>
    <image>/recalbox/share/thumbs/Fairchild - Channel F/Named_Titles/Demonstration Cartridge (USA).png</image>
    <video>/recalbox/share/videos/No-Intro/Fairchild - Channel F/Demonstration Cartridge (USA).mp4</video>
  </game>
  <game>
    <path>/recalbox/share/rom/No-Intro/Fairchild - Channel F/Demonstration Cartridge 2 (USA).zip</path>
    <name>Demonstration Cartridge 2 (USA)</name>
    <image>/recalbox/share/thumbs/Fairchild - Channel F/Named_Titles/Demonstration Cartridge 2 (USA).png</image>
    <video>/recalbox/share/videos/No-Intro/Fairchild - Channel F/Demonstration Cartridge 2 (USA).mp4</video>
  </game>
  <game>
    <path>/recalbox/share/rom/No-Intro/Fairchild - Channel F/Desert Fox, Shooting Gallery (USA).zip</path>
    <name>Desert Fox, Shooting Gallery (USA)</name>
    <image>/recalbox/share/thumbs/Fairchild - Channel F/Named_Titles/Desert Fox, Shooting Gallery (USA).png</image>
    <video>/recalbox/share/videos/No-Intro/Fairchild - Channel F/Desert Fox, Shooting Gallery (USA).mp4</video>
  </game>
  <game>
    <path>/recalbox/share/rom/No-Intro/Fairchild - Channel F/Dodge It (USA).zip</path>
    <name>Dodge It (USA)</name>
    <image>/recalbox/share/thumbs/Fairchild - Channel F/Named_Titles/Dodge It (USA).png</image>
    <video>/recalbox/share/videos/No-Intro/Fairchild - Channel F/Dodge It (USA).mp4</video>
  </game>
  <game>
    <path>/recalbox/share/rom/No-Intro/Fairchild - Channel F/Drag Race (USA).zip</path>
    <name>Drag Race (USA)</name>
    <image>/recalbox/share/thumbs/Fairchild - Channel F/Named_Titles/Drag Race (USA).png</image>
    <video>/recalbox/share/videos/No-Intro/Fairchild - Channel F/Drag Race (USA).mp4</video>
  </game>
  <game>
    <path>/recalbox/share/rom/No-Intro/Fairchild - Channel F/Galactic Space Wars, Lunar Lander (USA).zip</path>
    <name>Galactic Space Wars, Lunar Lander (USA)</name>
    <image>/recalbox/share/thumbs/Fairchild - Channel F/Named_Titles/Galactic Space Wars, Lunar Lander (USA).png</image>
    <video>/recalbox/share/videos/No-Intro/Fairchild - Channel F/Galactic Space Wars, Lunar Lander (USA).mp4</video>
  </game>
  <game>
    <path>/recalbox/share/rom/No-Intro/Fairchild - Channel F/Hangman (USA).zip</path>
    <name>Hangman (USA)</name>
    <image>/recalbox/share/thumbs/Fairchild - Channel F/Named_Titles/Hangman (USA).png</image>
    <video>/recalbox/share/videos/No-Intro/Fairchild - Channel F/Hangman (USA).mp4</video>
  </game>
  <game>
    <path>/recalbox/share/rom/No-Intro/Fairchild - Channel F/Magic Numbers - Mind Reader + Nim (USA).zip</path>
    <name>Magic Numbers - Mind Reader + Nim (USA)</name>
    <image>/recalbox/share/thumbs/Fairchild - Channel F/Named_Titles/Magic Numbers - Mind Reader + Nim (USA).png</image>
    <video>/recalbox/share/videos/No-Intro/Fairchild - Channel F/Magic Numbers - Mind Reader + Nim (USA).mp4</video>
  </game>
  <game>
    <path>/recalbox/share/rom/No-Intro/Fairchild - Channel F/Math Quiz I - Addition + Subtraction (USA).zip</path>
    <name>Math Quiz I - Addition + Subtraction (USA)</name>
    <image>/recalbox/share/thumbs/Fairchild - Channel F/Named_Titles/Math Quiz I - Addition + Subtraction (USA).png</image>
    <video>/recalbox/share/videos/No-Intro/Fairchild - Channel F/Math Quiz I - Addition + Subtraction (USA).mp4</video>
  </game>
  <game>
    <path>/recalbox/share/rom/No-Intro/Fairchild - Channel F/Math Quiz II - Multiplication + Division (USA).zip</path>
    <name>Math Quiz II - Multiplication + Division (USA)</name>
    <image>/recalbox/share/thumbs/Fairchild - Channel F/Named_Titles/Math Quiz II - Multiplication + Division (USA).png</image>
    <video>/recalbox/share/videos/No-Intro/Fairchild - Channel F/Math Quiz II - Multiplication + Division (USA).mp4</video>
  </game>
  <game>
    <path>/recalbox/share/rom/No-Intro/Fairchild - Channel F/Maze, Jailbreak, Blind-man's-bluff, Trailblazer (USA) (Alt).zip</path>
    <name>Maze, Jailbreak, Blind-man&apos;s-bluff, Trailblazer (USA) (Alt)</name>
    <image>/recalbox/share/thumbs/Fairchild - Channel F/Named_Titles/Maze, Jailbreak, Blind-man&apos;s-bluff, Trailblazer (USA) (Alt).png</image>
    <video>/recalbox/share/videos/No-Intro/Fairchild - Channel F/Maze, Jailbreak, Blind-man&apos;s-bluff, Trailblazer (USA) (Alt).mp4</video>
  </game>
  <game>
    <path>/recalbox/share/rom/No-Intro/Fairchild - Channel F/Maze, Jailbreak, Blind-man's-bluff, Trailblazer (USA).zip</path>
    <name>Maze, Jailbreak, Blind-man&apos;s-bluff, Trailblazer (USA)</name>
    <image>/recalbox/share/thumbs/Fairchild - Channel F/Named_Titles/Maze, Jailbreak, Blind-man&apos;s-bluff, Trailblazer (USA).png</image>
    <video>/recalbox/share/videos/No-Intro/Fairchild - Channel F/Maze, Jailbreak, Blind-man&apos;s-bluff, Trailblazer (USA).mp4</video>
  </game>
  <game>
    <path>/recalbox/share/rom/No-Intro/Fairchild - Channel F/Memory Match 1 &amp; 2 (USA).zip</path>
    <name>Memory Match 1 &amp; 2 (USA)</name>
    <image>/recalbox/share/thumbs/Fairchild - Channel F/Named_Titles/Memory Match 1 &amp; 2 (USA).png</image>
    <video>/recalbox/share/videos/No-Intro/Fairchild - Channel F/Memory Match 1 &amp; 2 (USA).mp4</video>
  </game>
  <game>
    <path>/recalbox/share/rom/No-Intro/Fairchild - Channel F/Muehle, Tontauben-Schiessen, Kreatives Malspiel, videos/No-Intro/Fairchild - Channel Fcope (Germany).zip</path>
    <name>Muehle, Tontauben-Schiessen, Kreatives Malspiel, videos/No-Intro/Fairchild - Channel Fcope (Germany)</name>
    <image>/recalbox/share/thumbs/Fairchild - Channel F/Named_Titles/Muehle, Tontauben-Schiessen, Kreatives Malspiel, videos/No-Intro/Fairchild - Channel Fcope (Germany).png</image>
    <video>/recalbox/share/videos/No-Intro/Fairchild - Channel F/Muehle, Tontauben-Schiessen, Kreatives Malspiel, videos/No-Intro/Fairchild - Channel Fcope (Germany).mp4</video>
  </game>
  <game>
    <path>/recalbox/share/rom/No-Intro/Fairchild - Channel F/Ordtaevling (Sweden).zip</path>
    <name>Ordtaevling (Sweden)</name>
    <image>/recalbox/share/thumbs/Fairchild - Channel F/Named_Titles/Ordtaevling (Sweden).png</image>
    <video>/recalbox/share/videos/No-Intro/Fairchild - Channel F/Ordtaevling (Sweden).mp4</video>
  </game>
  <game>
    <path>/recalbox/share/rom/No-Intro/Fairchild - Channel F/Pinball Challenge (USA) (Alt).zip</path>
    <name>Pinball Challenge (USA) (Alt)</name>
    <image>/recalbox/share/thumbs/Fairchild - Channel F/Named_Titles/Pinball Challenge (USA) (Alt).png</image>
    <video>/recalbox/share/videos/No-Intro/Fairchild - Channel F/Pinball Challenge (USA) (Alt).mp4</video>
  </game>
  <game>
    <path>/recalbox/share/rom/No-Intro/Fairchild - Channel F/Pinball Challenge (USA).zip</path>
    <name>Pinball Challenge (USA)</name>
    <image>/recalbox/share/thumbs/Fairchild - Channel F/Named_Titles/Pinball Challenge (USA).png</image>
    <video>/recalbox/share/videos/No-Intro/Fairchild - Channel F/Pinball Challenge (USA).mp4</video>
  </game>
  <game>
    <path>/recalbox/share/rom/No-Intro/Fairchild - Channel F/Pro Football (USA).zip</path>
    <name>Pro Football (USA)</name>
    <image>/recalbox/share/thumbs/Fairchild - Channel F/Named_Titles/Pro Football (USA).png</image>
    <video>/recalbox/share/videos/No-Intro/Fairchild - Channel F/Pro Football (USA).mp4</video>
  </game>
  <game>
    <path>/recalbox/share/rom/No-Intro/Fairchild - Channel F/Rat' Mal (Germany).zip</path>
    <name>Rat&apos; Mal (Germany)</name>
    <image>/recalbox/share/thumbs/Fairchild - Channel F/Named_Titles/Rat&apos; Mal (Germany).png</image>
    <video>/recalbox/share/videos/No-Intro/Fairchild - Channel F/Rat&apos; Mal (Germany).mp4</video>
  </game>
  <game>
    <path>/recalbox/share/rom/No-Intro/Fairchild - Channel F/Robot War, Torpedo Alley (USA).zip</path>
    <name>Robot War, Torpedo Alley (USA)</name>
    <image>/recalbox/share/thumbs/Fairchild - Channel F/Named_Titles/Robot War, Torpedo Alley (USA).png</image>
    <video>/recalbox/share/videos/No-Intro/Fairchild - Channel F/Robot War, Torpedo Alley (USA).mp4</video>
  </game>
  <game>
    <path>/recalbox/share/rom/No-Intro/Fairchild - Channel F/Schach (Germany).zip</path>
    <name>Schach (Germany)</name>
    <image>/recalbox/share/thumbs/Fairchild - Channel F/Named_Titles/Schach (Germany).png</image>
    <video>/recalbox/share/videos/No-Intro/Fairchild - Channel F/Schach (Germany).mp4</video>
  </game>
  <game>
    <path>/recalbox/share/rom/No-Intro/Fairchild - Channel F/Slot Machine (USA).zip</path>
    <name>Slot Machine (USA)</name>
    <image>/recalbox/share/thumbs/Fairchild - Channel F/Named_Titles/Slot Machine (USA).png</image>
    <video>/recalbox/share/videos/No-Intro/Fairchild - Channel F/Slot Machine (USA).mp4</video>
  </game>
  <game>
    <path>/recalbox/share/rom/No-Intro/Fairchild - Channel F/Sonar Search (USA).zip</path>
    <name>Sonar Search (USA)</name>
    <image>/recalbox/share/thumbs/Fairchild - Channel F/Named_Titles/Sonar Search (USA).png</image>
    <video>/recalbox/share/videos/No-Intro/Fairchild - Channel F/Sonar Search (USA).mp4</video>
  </game>
  <game>
    <path>/recalbox/share/rom/No-Intro/Fairchild - Channel F/Space War (USA).zip</path>
    <name>Space War (USA)</name>
    <image>/recalbox/share/thumbs/Fairchild - Channel F/Named_Titles/Space War (USA).png</image>
    <video>/recalbox/share/videos/No-Intro/Fairchild - Channel F/Space War (USA).mp4</video>
  </game>
  <game>
    <path>/recalbox/share/rom/No-Intro/Fairchild - Channel F/Spitfire (USA).zip</path>
    <name>Spitfire (USA)</name>
    <image>/recalbox/share/thumbs/Fairchild - Channel F/Named_Titles/Spitfire (USA).png</image>
    <video>/recalbox/share/videos/No-Intro/Fairchild - Channel F/Spitfire (USA).mp4</video>
  </game>
  <game>
    <path>/recalbox/share/rom/No-Intro/Fairchild - Channel F/Tic-Tac-Toe, Shooting Gallery, Doodle, Quadra-Doodle (USA).zip</path>
    <name>Tic-Tac-Toe, Shooting Gallery, Doodle, Quadra-Doodle (USA)</name>
    <image>/recalbox/share/thumbs/Fairchild - Channel F/Named_Titles/Tic-Tac-Toe, Shooting Gallery, Doodle, Quadra-Doodle (USA).png</image>
    <video>/recalbox/share/videos/No-Intro/Fairchild - Channel F/Tic-Tac-Toe, Shooting Gallery, Doodle, Quadra-Doodle (USA).mp4</video>
  </game>
  <game>
    <path>/recalbox/share/rom/No-Intro/Fairchild - Channel F/Video Blackjack (USA).zip</path>
    <name>Video Blackjack (USA)</name>
    <image>/recalbox/share/thumbs/Fairchild - Channel F/Named_Titles/Video Blackjack (USA).png</image>
    <video>/recalbox/share/videos/No-Intro/Fairchild - Channel F/Video Blackjack (USA).mp4</video>
  </game>
  <game>
    <path>/recalbox/share/rom/No-Intro/Fairchild - Channel F/Video Whizball (USA).zip</path>
    <name>Video Whizball (USA)</name>
    <image>/recalbox/share/thumbs/Fairchild - Channel F/Named_Titles/Video Whizball (USA).png</image>
    <video>/recalbox/share/videos/No-Intro/Fairchild - Channel F/Video Whizball (USA).mp4</video>
  </game>
</gamelist>