<gamelist>
  <game>
    <path>/recalbox/share/rom/No-Intro/Sega - SG-1000/007 James Bond (Japan) (Othello Multivision) (Alt).zip</path>
    <name>007 James Bond (Japan) (Othello Multivision) (Alt)</name>
    <image>/recalbox/share/thumbs/Sega - SG-1000/Named_Titles/007 James Bond (Japan) (Othello Multivision) (Alt).png</image>
    <video>/recalbox/share/videos/No-Intro/Sega - SG-1000/007 James Bond (Japan) (Othello Multivision) (Alt).mp4</video>
  </game>
  <game>
    <path>/recalbox/share/rom/No-Intro/Sega - SG-1000/007 James Bond (Japan) (Othello Multivision).zip</path>
    <name>007 James Bond (Japan) (Othello Multivision)</name>
    <image>/recalbox/share/thumbs/Sega - SG-1000/Named_Titles/007 James Bond (Japan) (Othello Multivision).png</image>
    <video>/recalbox/share/videos/No-Intro/Sega - SG-1000/007 James Bond (Japan) (Othello Multivision).mp4</video>
  </game>
  <game>
    <path>/recalbox/share/rom/No-Intro/Sega - SG-1000/007 James Bond (Taiwan) (Othello Multivision) (Unl).zip</path>
    <name>007 James Bond (Taiwan) (Othello Multivision) (Unl)</name>
    <image>/recalbox/share/thumbs/Sega - SG-1000/Named_Titles/007 James Bond (Taiwan) (Othello Multivision) (Unl).png</image>
    <video>/recalbox/share/videos/No-Intro/Sega - SG-1000/007 James Bond (Taiwan) (Othello Multivision) (Unl).mp4</video>
  </game>
  <game>
    <path>/recalbox/share/rom/No-Intro/Sega - SG-1000/Arno Dash (World) (v1.00) (Aftermarket) (Unl).zip</path>
    <name>Arno Dash (World) (v1.00) (Aftermarket) (Unl)</name>
    <image>/recalbox/share/thumbs/Sega - SG-1000/Named_Titles/Arno Dash (World) (v1.00) (Aftermarket) (Unl).png</image>
    <video>/recalbox/share/videos/No-Intro/Sega - SG-1000/Arno Dash (World) (v1.00) (Aftermarket) (Unl).mp4</video>
  </game>
  <game>
    <path>/recalbox/share/rom/No-Intro/Sega - SG-1000/Arno Dash (World) (v1.03) (Aftermarket) (Unl).zip</path>
    <name>Arno Dash (World) (v1.03) (Aftermarket) (Unl)</name>
    <image>/recalbox/share/thumbs/Sega - SG-1000/Named_Titles/Arno Dash (World) (v1.03) (Aftermarket) (Unl).png</image>
    <video>/recalbox/share/videos/No-Intro/Sega - SG-1000/Arno Dash (World) (v1.03) (Aftermarket) (Unl).mp4</video>
  </game>
  <game>
    <path>/recalbox/share/rom/No-Intro/Sega - SG-1000/BASIC Level II (Japan) (SC-3000) (Program).zip</path>
    <name>BASIC Level II (Japan) (SC-3000) (Program)</name>
    <image>/recalbox/share/thumbs/Sega - SG-1000/Named_Titles/BASIC Level II (Japan) (SC-3000) (Program).png</image>
    <video>/recalbox/share/videos/No-Intro/Sega - SG-1000/BASIC Level II (Japan) (SC-3000) (Program).mp4</video>
  </game>
  <game>
    <path>/recalbox/share/rom/No-Intro/Sega - SG-1000/BASIC Level III (Europe, Australia, New Zealand) (SC-3000) (Program).zip</path>
    <name>BASIC Level III (Europe, Australia, New Zealand) (SC-3000) (Program)</name>
    <image>/recalbox/share/thumbs/Sega - SG-1000/Named_Titles/BASIC Level III (Europe, Australia, New Zealand) (SC-3000) (Program).png</image>
    <video>/recalbox/share/videos/No-Intro/Sega - SG-1000/BASIC Level III (Europe, Australia, New Zealand) (SC-3000) (Program).mp4</video>
  </game>
  <game>
    <path>/recalbox/share/rom/No-Intro/Sega - SG-1000/BASIC Level III (Japan) (SC-3000) (Program).zip</path>
    <name>BASIC Level III (Japan) (SC-3000) (Program)</name>
    <image>/recalbox/share/thumbs/Sega - SG-1000/Named_Titles/BASIC Level III (Japan) (SC-3000) (Program).png</image>
    <video>/recalbox/share/videos/No-Intro/Sega - SG-1000/BASIC Level III (Japan) (SC-3000) (Program).mp4</video>
  </game>
  <game>
    <path>/recalbox/share/rom/No-Intro/Sega - SG-1000/Bank Panic (Japan).zip</path>
    <name>Bank Panic (Japan)</name>
    <image>/recalbox/share/thumbs/Sega - SG-1000/Named_Titles/Bank Panic (Japan).png</image>
    <video>/recalbox/share/videos/No-Intro/Sega - SG-1000/Bank Panic (Japan).mp4</video>
  </game>
  <game>
    <path>/recalbox/share/rom/No-Intro/Sega - SG-1000/Bank Panic (Taiwan) (Unl).zip</path>
    <name>Bank Panic (Taiwan) (Unl)</name>
    <image>/recalbox/share/thumbs/Sega - SG-1000/Named_Titles/Bank Panic (Taiwan) (Unl).png</image>
    <video>/recalbox/share/videos/No-Intro/Sega - SG-1000/Bank Panic (Taiwan) (Unl).mp4</video>
  </game>
  <game>
    <path>/recalbox/share/rom/No-Intro/Sega - SG-1000/Black Onyx, The (Japan).zip</path>
    <name>Black Onyx, The (Japan)</name>
    <image>/recalbox/share/thumbs/Sega - SG-1000/Named_Titles/Black Onyx, The (Japan).png</image>
    <video>/recalbox/share/videos/No-Intro/Sega - SG-1000/Black Onyx, The (Japan).mp4</video>
  </game>
  <game>
    <path>/recalbox/share/rom/No-Intro/Sega - SG-1000/Bomb Jack (Japan, Australia) (Ja).zip</path>
    <name>Bomb Jack (Japan, Australia) (Ja)</name>
    <image>/recalbox/share/thumbs/Sega - SG-1000/Named_Titles/Bomb Jack (Japan, Australia) (Ja).png</image>
    <video>/recalbox/share/videos/No-Intro/Sega - SG-1000/Bomb Jack (Japan, Australia) (Ja).mp4</video>
  </game>
  <game>
    <path>/recalbox/share/rom/No-Intro/Sega - SG-1000/Bomb Jack (Korea) (En) (English Logo) (Unl).zip</path>
    <name>Bomb Jack (Korea) (En) (English Logo) (Unl)</name>
    <image>/recalbox/share/thumbs/Sega - SG-1000/Named_Titles/Bomb Jack (Korea) (En) (English Logo) (Unl).png</image>
    <video>/recalbox/share/videos/No-Intro/Sega - SG-1000/Bomb Jack (Korea) (En) (English Logo) (Unl).mp4</video>
  </game>
  <game>
    <path>/recalbox/share/rom/No-Intro/Sega - SG-1000/Bomb Jack (Korea) (En) (Korean Logo) (Unl).zip</path>
    <name>Bomb Jack (Korea) (En) (Korean Logo) (Unl)</name>
    <image>/recalbox/share/thumbs/Sega - SG-1000/Named_Titles/Bomb Jack (Korea) (En) (Korean Logo) (Unl).png</image>
    <video>/recalbox/share/videos/No-Intro/Sega - SG-1000/Bomb Jack (Korea) (En) (Korean Logo) (Unl).mp4</video>
  </game>
  <game>
    <path>/recalbox/share/rom/No-Intro/Sega - SG-1000/Bomb Jack (Taiwan) (Chinese Logo) (Unl).zip</path>
    <name>Bomb Jack (Taiwan) (Chinese Logo) (Unl)</name>
    <image>/recalbox/share/thumbs/Sega - SG-1000/Named_Titles/Bomb Jack (Taiwan) (Chinese Logo) (Unl).png</image>
    <video>/recalbox/share/videos/No-Intro/Sega - SG-1000/Bomb Jack (Taiwan) (Chinese Logo) (Unl).mp4</video>
  </game>
  <game>
    <path>/recalbox/share/rom/No-Intro/Sega - SG-1000/Bomb Jack (Taiwan) (English Logo) (Unl).zip</path>
    <name>Bomb Jack (Taiwan) (English Logo) (Unl)</name>
    <image>/recalbox/share/thumbs/Sega - SG-1000/Named_Titles/Bomb Jack (Taiwan) (English Logo) (Unl).png</image>
    <video>/recalbox/share/videos/No-Intro/Sega - SG-1000/Bomb Jack (Taiwan) (English Logo) (Unl).mp4</video>
  </game>
  <game>
    <path>/recalbox/share/rom/No-Intro/Sega - SG-1000/Bomberman Special (Taiwan) (Chinese Logo) (Unl).zip</path>
    <name>Bomberman Special (Taiwan) (Chinese Logo) (Unl)</name>
    <image>/recalbox/share/thumbs/Sega - SG-1000/Named_Titles/Bomberman Special (Taiwan) (Chinese Logo) (Unl).png</image>
    <video>/recalbox/share/videos/No-Intro/Sega - SG-1000/Bomberman Special (Taiwan) (Chinese Logo) (Unl).mp4</video>
  </game>
  <game>
    <path>/recalbox/share/rom/No-Intro/Sega - SG-1000/Bomberman Special (Taiwan) (English Logo) (Unl).zip</path>
    <name>Bomberman Special (Taiwan) (English Logo) (Unl)</name>
    <image>/recalbox/share/thumbs/Sega - SG-1000/Named_Titles/Bomberman Special (Taiwan) (English Logo) (Unl).png</image>
    <video>/recalbox/share/videos/No-Intro/Sega - SG-1000/Bomberman Special (Taiwan) (English Logo) (Unl).mp4</video>
  </game>
  <game>
    <path>/recalbox/share/rom/No-Intro/Sega - SG-1000/Borderline (Japan, Europe, Australia, New Zealand) (En).zip</path>
    <name>Borderline (Japan, Europe, Australia, New Zealand) (En)</name>
    <image>/recalbox/share/thumbs/Sega - SG-1000/Named_Titles/Borderline (Japan, Europe, Australia, New Zealand) (En).png</image>
    <video>/recalbox/share/videos/No-Intro/Sega - SG-1000/Borderline (Japan, Europe, Australia, New Zealand) (En).mp4</video>
  </game>
  <game>
    <path>/recalbox/share/rom/No-Intro/Sega - SG-1000/C_So! (Japan).zip</path>
    <name>C_So! (Japan)</name>
    <image>/recalbox/share/thumbs/Sega - SG-1000/Named_Titles/C_So! (Japan).png</image>
    <video>/recalbox/share/videos/No-Intro/Sega - SG-1000/C_So! (Japan).mp4</video>
  </game>
  <game>
    <path>/recalbox/share/rom/No-Intro/Sega - SG-1000/C_So! (Taiwan) (Unl).zip</path>
    <name>C_So! (Taiwan) (Unl)</name>
    <image>/recalbox/share/thumbs/Sega - SG-1000/Named_Titles/C_So! (Taiwan) (Unl).png</image>
    <video>/recalbox/share/videos/No-Intro/Sega - SG-1000/C_So! (Taiwan) (Unl).mp4</video>
  </game>
  <game>
    <path>/recalbox/share/rom/No-Intro/Sega - SG-1000/Cabbage Patch Kids (Taiwan) (Unl).zip</path>
    <name>Cabbage Patch Kids (Taiwan) (Unl)</name>
    <image>/recalbox/share/thumbs/Sega - SG-1000/Named_Titles/Cabbage Patch Kids (Taiwan) (Unl).png</image>
    <video>/recalbox/share/videos/No-Intro/Sega - SG-1000/Cabbage Patch Kids (Taiwan) (Unl).mp4</video>
  </game>
  <game>
    <path>/recalbox/share/rom/No-Intro/Sega - SG-1000/Castle, The (Japan).zip</path>
    <name>Castle, The (Japan)</name>
    <image>/recalbox/share/thumbs/Sega - SG-1000/Named_Titles/Castle, The (Japan).png</image>
    <video>/recalbox/share/videos/No-Intro/Sega - SG-1000/Castle, The (Japan).mp4</video>
  </game>
  <game>
    <path>/recalbox/share/rom/No-Intro/Sega - SG-1000/Castle, The (Taiwan) (Unl).zip</path>
    <name>Castle, The (Taiwan) (Unl)</name>
    <image>/recalbox/share/thumbs/Sega - SG-1000/Named_Titles/Castle, The (Taiwan) (Unl).png</image>
    <video>/recalbox/share/videos/No-Intro/Sega - SG-1000/Castle, The (Taiwan) (Unl).mp4</video>
  </game>
  <game>
    <path>/recalbox/share/rom/No-Intro/Sega - SG-1000/Chack'n Pop (Taiwan) (Unl).zip</path>
    <name>Chack&apos;n Pop (Taiwan) (Unl)</name>
    <image>/recalbox/share/thumbs/Sega - SG-1000/Named_Titles/Chack&apos;n Pop (Taiwan) (Unl).png</image>
    <video>/recalbox/share/videos/No-Intro/Sega - SG-1000/Chack&apos;n Pop (Taiwan) (Unl).mp4</video>
  </game>
  <game>
    <path>/recalbox/share/rom/No-Intro/Sega - SG-1000/Challenge Derby (Japan) (Othello Multivision).zip</path>
    <name>Challenge Derby (Japan) (Othello Multivision)</name>
    <image>/recalbox/share/thumbs/Sega - SG-1000/Named_Titles/Challenge Derby (Japan) (Othello Multivision).png</image>
    <video>/recalbox/share/videos/No-Intro/Sega - SG-1000/Challenge Derby (Japan) (Othello Multivision).mp4</video>
  </game>
  <game>
    <path>/recalbox/share/rom/No-Intro/Sega - SG-1000/Challenge Derby (Japan) (Rev 1) (Othello Multivision) (Alt).zip</path>
    <name>Challenge Derby (Japan) (Rev 1) (Othello Multivision) (Alt)</name>
    <image>/recalbox/share/thumbs/Sega - SG-1000/Named_Titles/Challenge Derby (Japan) (Rev 1) (Othello Multivision) (Alt).png</image>
    <video>/recalbox/share/videos/No-Intro/Sega - SG-1000/Challenge Derby (Japan) (Rev 1) (Othello Multivision) (Alt).mp4</video>
  </game>
  <game>
    <path>/recalbox/share/rom/No-Intro/Sega - SG-1000/Challenge Derby (Japan) (Rev 1) (Othello Multivision).zip</path>
    <name>Challenge Derby (Japan) (Rev 1) (Othello Multivision)</name>
    <image>/recalbox/share/thumbs/Sega - SG-1000/Named_Titles/Challenge Derby (Japan) (Rev 1) (Othello Multivision).png</image>
    <video>/recalbox/share/videos/No-Intro/Sega - SG-1000/Challenge Derby (Japan) (Rev 1) (Othello Multivision).mp4</video>
  </game>
  <game>
    <path>/recalbox/share/rom/No-Intro/Sega - SG-1000/Champion Baseball (Japan).zip</path>
    <name>Champion Baseball (Japan)</name>
    <image>/recalbox/share/thumbs/Sega - SG-1000/Named_Titles/Champion Baseball (Japan).png</image>
    <video>/recalbox/share/videos/No-Intro/Sega - SG-1000/Champion Baseball (Japan).mp4</video>
  </game>
  <game>
    <path>/recalbox/share/rom/No-Intro/Sega - SG-1000/Champion Baseball (Japan, Australia, New Zealand) (Ja).zip</path>
    <name>Champion Baseball (Japan, Australia, New Zealand) (Ja)</name>
    <image>/recalbox/share/thumbs/Sega - SG-1000/Named_Titles/Champion Baseball (Japan, Australia, New Zealand) (Ja).png</image>
    <video>/recalbox/share/videos/No-Intro/Sega - SG-1000/Champion Baseball (Japan, Australia, New Zealand) (Ja).mp4</video>
  </game>
  <game>
    <path>/recalbox/share/rom/No-Intro/Sega - SG-1000/Champion Baseball (Taiwan) (Unl).zip</path>
    <name>Champion Baseball (Taiwan) (Unl)</name>
    <image>/recalbox/share/thumbs/Sega - SG-1000/Named_Titles/Champion Baseball (Taiwan) (Unl).png</image>
    <video>/recalbox/share/videos/No-Intro/Sega - SG-1000/Champion Baseball (Taiwan) (Unl).mp4</video>
  </game>
  <game>
    <path>/recalbox/share/rom/No-Intro/Sega - SG-1000/Champion Billiards (Japan).zip</path>
    <name>Champion Billiards (Japan)</name>
    <image>/recalbox/share/thumbs/Sega - SG-1000/Named_Titles/Champion Billiards (Japan).png</image>
    <video>/recalbox/share/videos/No-Intro/Sega - SG-1000/Champion Billiards (Japan).mp4</video>
  </game>
  <game>
    <path>/recalbox/share/rom/No-Intro/Sega - SG-1000/Champion Billiards (Taiwan) (Unl).zip</path>
    <name>Champion Billiards (Taiwan) (Unl)</name>
    <image>/recalbox/share/thumbs/Sega - SG-1000/Named_Titles/Champion Billiards (Taiwan) (Unl).png</image>
    <video>/recalbox/share/videos/No-Intro/Sega - SG-1000/Champion Billiards (Taiwan) (Unl).mp4</video>
  </game>
  <game>
    <path>/recalbox/share/rom/No-Intro/Sega - SG-1000/Champion Boxing (Japan) (Rev 1).zip</path>
    <name>Champion Boxing (Japan) (Rev 1)</name>
    <image>/recalbox/share/thumbs/Sega - SG-1000/Named_Titles/Champion Boxing (Japan) (Rev 1).png</image>
    <video>/recalbox/share/videos/No-Intro/Sega - SG-1000/Champion Boxing (Japan) (Rev 1).mp4</video>
  </game>
  <game>
    <path>/recalbox/share/rom/No-Intro/Sega - SG-1000/Champion Boxing (Japan, New Zealand) (Ja).zip</path>
    <name>Champion Boxing (Japan, New Zealand) (Ja)</name>
    <image>/recalbox/share/thumbs/Sega - SG-1000/Named_Titles/Champion Boxing (Japan, New Zealand) (Ja).png</image>
    <video>/recalbox/share/videos/No-Intro/Sega - SG-1000/Champion Boxing (Japan, New Zealand) (Ja).mp4</video>
  </game>
  <game>
    <path>/recalbox/share/rom/No-Intro/Sega - SG-1000/Champion Boxing (Taiwan) (Unl).zip</path>
    <name>Champion Boxing (Taiwan) (Unl)</name>
    <image>/recalbox/share/thumbs/Sega - SG-1000/Named_Titles/Champion Boxing (Taiwan) (Unl).png</image>
    <video>/recalbox/share/videos/No-Intro/Sega - SG-1000/Champion Boxing (Taiwan) (Unl).mp4</video>
  </game>
  <game>
    <path>/recalbox/share/rom/No-Intro/Sega - SG-1000/Champion Golf (Japan) (Rev 1).zip</path>
    <name>Champion Golf (Japan) (Rev 1)</name>
    <image>/recalbox/share/thumbs/Sega - SG-1000/Named_Titles/Champion Golf (Japan) (Rev 1).png</image>
    <video>/recalbox/share/videos/No-Intro/Sega - SG-1000/Champion Golf (Japan) (Rev 1).mp4</video>
  </game>
  <game>
    <path>/recalbox/share/rom/No-Intro/Sega - SG-1000/Champion Golf (Japan, Europe, Australia, New Zealand) (Ja).zip</path>
    <name>Champion Golf (Japan, Europe, Australia, New Zealand) (Ja)</name>
    <image>/recalbox/share/thumbs/Sega - SG-1000/Named_Titles/Champion Golf (Japan, Europe, Australia, New Zealand) (Ja).png</image>
    <video>/recalbox/share/videos/No-Intro/Sega - SG-1000/Champion Golf (Japan, Europe, Australia, New Zealand) (Ja).mp4</video>
  </game>
  <game>
    <path>/recalbox/share/rom/No-Intro/Sega - SG-1000/Champion Golf (Korea) (En) (Unl).zip</path>
    <name>Champion Golf (Korea) (En) (Unl)</name>
    <image>/recalbox/share/thumbs/Sega - SG-1000/Named_Titles/Champion Golf (Korea) (En) (Unl).png</image>
    <video>/recalbox/share/videos/No-Intro/Sega - SG-1000/Champion Golf (Korea) (En) (Unl).mp4</video>
  </game>
  <game>
    <path>/recalbox/share/rom/No-Intro/Sega - SG-1000/Champion Ice Hockey (Japan).zip</path>
    <name>Champion Ice Hockey (Japan)</name>
    <image>/recalbox/share/thumbs/Sega - SG-1000/Named_Titles/Champion Ice Hockey (Japan).png</image>
    <video>/recalbox/share/videos/No-Intro/Sega - SG-1000/Champion Ice Hockey (Japan).mp4</video>
  </game>
  <game>
    <path>/recalbox/share/rom/No-Intro/Sega - SG-1000/Champion Ice Hockey (Korea) (En) (Unl).zip</path>
    <name>Champion Ice Hockey (Korea) (En) (Unl)</name>
    <image>/recalbox/share/thumbs/Sega - SG-1000/Named_Titles/Champion Ice Hockey (Korea) (En) (Unl).png</image>
    <video>/recalbox/share/videos/No-Intro/Sega - SG-1000/Champion Ice Hockey (Korea) (En) (Unl).mp4</video>
  </game>
  <game>
    <path>/recalbox/share/rom/No-Intro/Sega - SG-1000/Champion Ice Hockey (Taiwan) (Unl).zip</path>
    <name>Champion Ice Hockey (Taiwan) (Unl)</name>
    <image>/recalbox/share/thumbs/Sega - SG-1000/Named_Titles/Champion Ice Hockey (Taiwan) (Unl).png</image>
    <video>/recalbox/share/videos/No-Intro/Sega - SG-1000/Champion Ice Hockey (Taiwan) (Unl).mp4</video>
  </game>
  <game>
    <path>/recalbox/share/rom/No-Intro/Sega - SG-1000/Champion Kendou (Japan).zip</path>
    <name>Champion Kendou (Japan)</name>
    <image>/recalbox/share/thumbs/Sega - SG-1000/Named_Titles/Champion Kendou (Japan).png</image>
    <video>/recalbox/share/videos/No-Intro/Sega - SG-1000/Champion Kendou (Japan).mp4</video>
  </game>
  <game>
    <path>/recalbox/share/rom/No-Intro/Sega - SG-1000/Champion Kendou (Taiwan) (Unl).zip</path>
    <name>Champion Kendou (Taiwan) (Unl)</name>
    <image>/recalbox/share/thumbs/Sega - SG-1000/Named_Titles/Champion Kendou (Taiwan) (Unl).png</image>
    <video>/recalbox/share/videos/No-Intro/Sega - SG-1000/Champion Kendou (Taiwan) (Unl).mp4</video>
  </game>
  <game>
    <path>/recalbox/share/rom/No-Intro/Sega - SG-1000/Champion Pro Wrestling (Japan).zip</path>
    <name>Champion Pro Wrestling (Japan)</name>
    <image>/recalbox/share/thumbs/Sega - SG-1000/Named_Titles/Champion Pro Wrestling (Japan).png</image>
    <video>/recalbox/share/videos/No-Intro/Sega - SG-1000/Champion Pro Wrestling (Japan).mp4</video>
  </game>
  <game>
    <path>/recalbox/share/rom/No-Intro/Sega - SG-1000/Champion Soccer (Taiwan) (Unl).zip</path>
    <name>Champion Soccer (Taiwan) (Unl)</name>
    <image>/recalbox/share/thumbs/Sega - SG-1000/Named_Titles/Champion Soccer (Taiwan) (Unl).png</image>
    <video>/recalbox/share/videos/No-Intro/Sega - SG-1000/Champion Soccer (Taiwan) (Unl).mp4</video>
  </game>
  <game>
    <path>/recalbox/share/rom/No-Intro/Sega - SG-1000/Cheril Perils Classic (World) (NTSC) (Aftermarket) (Unl).zip</path>
    <name>Cheril Perils Classic (World) (NTSC) (Aftermarket) (Unl)</name>
    <image>/recalbox/share/thumbs/Sega - SG-1000/Named_Titles/Cheril Perils Classic (World) (NTSC) (Aftermarket) (Unl).png</image>
    <video>/recalbox/share/videos/No-Intro/Sega - SG-1000/Cheril Perils Classic (World) (NTSC) (Aftermarket) (Unl).mp4</video>
  </game>
  <game>
    <path>/recalbox/share/rom/No-Intro/Sega - SG-1000/Cheril Perils Classic (World) (PAL) (Aftermarket) (Unl).zip</path>
    <name>Cheril Perils Classic (World) (PAL) (Aftermarket) (Unl)</name>
    <image>/recalbox/share/thumbs/Sega - SG-1000/Named_Titles/Cheril Perils Classic (World) (PAL) (Aftermarket) (Unl).png</image>
    <video>/recalbox/share/videos/No-Intro/Sega - SG-1000/Cheril Perils Classic (World) (PAL) (Aftermarket) (Unl).mp4</video>
  </game>
  <game>
    <path>/recalbox/share/rom/No-Intro/Sega - SG-1000/Choplifter (Japan, Australia) (Ja) (Beta).zip</path>
    <name>Choplifter (Japan, Australia) (Ja) (Beta)</name>
    <image>/recalbox/share/thumbs/Sega - SG-1000/Named_Titles/Choplifter (Japan, Australia) (Ja) (Beta).png</image>
    <video>/recalbox/share/videos/No-Intro/Sega - SG-1000/Choplifter (Japan, Australia) (Ja) (Beta).mp4</video>
  </game>
  <game>
    <path>/recalbox/share/rom/No-Intro/Sega - SG-1000/Choplifter (Japan, Australia) (Ja).zip</path>
    <name>Choplifter (Japan, Australia) (Ja)</name>
    <image>/recalbox/share/thumbs/Sega - SG-1000/Named_Titles/Choplifter (Japan, Australia) (Ja).png</image>
    <video>/recalbox/share/videos/No-Intro/Sega - SG-1000/Choplifter (Japan, Australia) (Ja).mp4</video>
  </game>
  <game>
    <path>/recalbox/share/rom/No-Intro/Sega - SG-1000/Choplifter (Korea) (En) (Unl).zip</path>
    <name>Choplifter (Korea) (En) (Unl)</name>
    <image>/recalbox/share/thumbs/Sega - SG-1000/Named_Titles/Choplifter (Korea) (En) (Unl).png</image>
    <video>/recalbox/share/videos/No-Intro/Sega - SG-1000/Choplifter (Korea) (En) (Unl).mp4</video>
  </game>
  <game>
    <path>/recalbox/share/rom/No-Intro/Sega - SG-1000/Choplifter (Taiwan) (Chinese Logo) (Unl).zip</path>
    <name>Choplifter (Taiwan) (Chinese Logo) (Unl)</name>
    <image>/recalbox/share/thumbs/Sega - SG-1000/Named_Titles/Choplifter (Taiwan) (Chinese Logo) (Unl).png</image>
    <video>/recalbox/share/videos/No-Intro/Sega - SG-1000/Choplifter (Taiwan) (Chinese Logo) (Unl).mp4</video>
  </game>
  <game>
    <path>/recalbox/share/rom/No-Intro/Sega - SG-1000/Choplifter (Taiwan) (English Logo) (Unl).zip</path>
    <name>Choplifter (Taiwan) (English Logo) (Unl)</name>
    <image>/recalbox/share/thumbs/Sega - SG-1000/Named_Titles/Choplifter (Taiwan) (English Logo) (Unl).png</image>
    <video>/recalbox/share/videos/No-Intro/Sega - SG-1000/Choplifter (Taiwan) (English Logo) (Unl).mp4</video>
  </game>
  <game>
    <path>/recalbox/share/rom/No-Intro/Sega - SG-1000/Chuugaku Hisshuu Eibunpou - Chuugaku 2-Nen (Japan) (SC-3000) (Program).zip</path>
    <name>Chuugaku Hisshuu Eibunpou - Chuugaku 2-Nen (Japan) (SC-3000) (Program)</name>
    <image>/recalbox/share/thumbs/Sega - SG-1000/Named_Titles/Chuugaku Hisshuu Eibunpou - Chuugaku 2-Nen (Japan) (SC-3000) (Program).png</image>
    <video>/recalbox/share/videos/No-Intro/Sega - SG-1000/Chuugaku Hisshuu Eibunpou - Chuugaku 2-Nen (Japan) (SC-3000) (Program).mp4</video>
  </game>
  <game>
    <path>/recalbox/share/rom/No-Intro/Sega - SG-1000/Chuugaku Hisshuu Eisakubun - Chuugaku 1-Nen (Japan) (SC-3000) (Program) (Alt).zip</path>
    <name>Chuugaku Hisshuu Eisakubun - Chuugaku 1-Nen (Japan) (SC-3000) (Program) (Alt)</name>
    <image>/recalbox/share/thumbs/Sega - SG-1000/Named_Titles/Chuugaku Hisshuu Eisakubun - Chuugaku 1-Nen (Japan) (SC-3000) (Program) (Alt).png</image>
    <video>/recalbox/share/videos/No-Intro/Sega - SG-1000/Chuugaku Hisshuu Eisakubun - Chuugaku 1-Nen (Japan) (SC-3000) (Program) (Alt).mp4</video>
  </game>
  <game>
    <path>/recalbox/share/rom/No-Intro/Sega - SG-1000/Chuugaku Hisshuu Eisakubun - Chuugaku 1-Nen (Japan) (SC-3000) (Program).zip</path>
    <name>Chuugaku Hisshuu Eisakubun - Chuugaku 1-Nen (Japan) (SC-3000) (Program)</name>
    <image>/recalbox/share/thumbs/Sega - SG-1000/Named_Titles/Chuugaku Hisshuu Eisakubun - Chuugaku 1-Nen (Japan) (SC-3000) (Program).png</image>
    <video>/recalbox/share/videos/No-Intro/Sega - SG-1000/Chuugaku Hisshuu Eisakubun - Chuugaku 1-Nen (Japan) (SC-3000) (Program).mp4</video>
  </game>
  <game>
    <path>/recalbox/share/rom/No-Intro/Sega - SG-1000/Chuugaku Hisshuu Eisakubun - Chuugaku 2-Nen (Japan) (SC-3000) (Program) (Alt).zip</path>
    <name>Chuugaku Hisshuu Eisakubun - Chuugaku 2-Nen (Japan) (SC-3000) (Program) (Alt)</name>
    <image>/recalbox/share/thumbs/Sega - SG-1000/Named_Titles/Chuugaku Hisshuu Eisakubun - Chuugaku 2-Nen (Japan) (SC-3000) (Program) (Alt).png</image>
    <video>/recalbox/share/videos/No-Intro/Sega - SG-1000/Chuugaku Hisshuu Eisakubun - Chuugaku 2-Nen (Japan) (SC-3000) (Program) (Alt).mp4</video>
  </game>
  <game>
    <path>/recalbox/share/rom/No-Intro/Sega - SG-1000/Chuugaku Hisshuu Eisakubun - Chuugaku 2-Nen (Japan) (SC-3000) (Program).zip</path>
    <name>Chuugaku Hisshuu Eisakubun - Chuugaku 2-Nen (Japan) (SC-3000) (Program)</name>
    <image>/recalbox/share/thumbs/Sega - SG-1000/Named_Titles/Chuugaku Hisshuu Eisakubun - Chuugaku 2-Nen (Japan) (SC-3000) (Program).png</image>
    <video>/recalbox/share/videos/No-Intro/Sega - SG-1000/Chuugaku Hisshuu Eisakubun - Chuugaku 2-Nen (Japan) (SC-3000) (Program).mp4</video>
  </game>
  <game>
    <path>/recalbox/share/rom/No-Intro/Sega - SG-1000/Chuugaku Hisshuu Eitango - Chuugaku 1-Nen (Japan) (SC-3000) (Program).zip</path>
    <name>Chuugaku Hisshuu Eitango - Chuugaku 1-Nen (Japan) (SC-3000) (Program)</name>
    <image>/recalbox/share/thumbs/Sega - SG-1000/Named_Titles/Chuugaku Hisshuu Eitango - Chuugaku 1-Nen (Japan) (SC-3000) (Program).png</image>
    <video>/recalbox/share/videos/No-Intro/Sega - SG-1000/Chuugaku Hisshuu Eitango - Chuugaku 1-Nen (Japan) (SC-3000) (Program).mp4</video>
  </game>
  <game>
    <path>/recalbox/share/rom/No-Intro/Sega - SG-1000/Chuugaku Hisshuu Eitango - Chuugaku 2-Nen (Japan) (SC-3000) (Program) (Alt).zip</path>
    <name>Chuugaku Hisshuu Eitango - Chuugaku 2-Nen (Japan) (SC-3000) (Program) (Alt)</name>
    <image>/recalbox/share/thumbs/Sega - SG-1000/Named_Titles/Chuugaku Hisshuu Eitango - Chuugaku 2-Nen (Japan) (SC-3000) (Program) (Alt).png</image>
    <video>/recalbox/share/videos/No-Intro/Sega - SG-1000/Chuugaku Hisshuu Eitango - Chuugaku 2-Nen (Japan) (SC-3000) (Program) (Alt).mp4</video>
  </game>
  <game>
    <path>/recalbox/share/rom/No-Intro/Sega - SG-1000/Chuugaku Hisshuu Eitango - Chuugaku 2-Nen (Japan) (SC-3000) (Program).zip</path>
    <name>Chuugaku Hisshuu Eitango - Chuugaku 2-Nen (Japan) (SC-3000) (Program)</name>
    <image>/recalbox/share/thumbs/Sega - SG-1000/Named_Titles/Chuugaku Hisshuu Eitango - Chuugaku 2-Nen (Japan) (SC-3000) (Program).png</image>
    <video>/recalbox/share/videos/No-Intro/Sega - SG-1000/Chuugaku Hisshuu Eitango - Chuugaku 2-Nen (Japan) (SC-3000) (Program).mp4</video>
  </game>
  <game>
    <path>/recalbox/share/rom/No-Intro/Sega - SG-1000/Circus Charlie (Korea) (Unl).zip</path>
    <name>Circus Charlie (Korea) (Unl)</name>
    <image>/recalbox/share/thumbs/Sega - SG-1000/Named_Titles/Circus Charlie (Korea) (Unl).png</image>
    <video>/recalbox/share/videos/No-Intro/Sega - SG-1000/Circus Charlie (Korea) (Unl).mp4</video>
  </game>
  <game>
    <path>/recalbox/share/rom/No-Intro/Sega - SG-1000/Circus Charlie (Taiwan) (Unl).zip</path>
    <name>Circus Charlie (Taiwan) (Unl)</name>
    <image>/recalbox/share/thumbs/Sega - SG-1000/Named_Titles/Circus Charlie (Taiwan) (Unl).png</image>
    <video>/recalbox/share/videos/No-Intro/Sega - SG-1000/Circus Charlie (Taiwan) (Unl).mp4</video>
  </game>
  <game>
    <path>/recalbox/share/rom/No-Intro/Sega - SG-1000/Complete Arcade Pack Collection, The (New Zealand) (SF-7000).zip</path>
    <name>Complete Arcade Pack Collection, The (New Zealand) (SF-7000)</name>
    <image>/recalbox/share/thumbs/Sega - SG-1000/Named_Titles/Complete Arcade Pack Collection, The (New Zealand) (SF-7000).png</image>
    <video>/recalbox/share/videos/No-Intro/Sega - SG-1000/Complete Arcade Pack Collection, The (New Zealand) (SF-7000).mp4</video>
  </game>
  <game>
    <path>/recalbox/share/rom/No-Intro/Sega - SG-1000/Congo Bongo (Japan, Europe) (Ja) (Rev 1) (Alt).zip</path>
    <name>Congo Bongo (Japan, Europe) (Ja) (Rev 1) (Alt)</name>
    <image>/recalbox/share/thumbs/Sega - SG-1000/Named_Titles/Congo Bongo (Japan, Europe) (Ja) (Rev 1) (Alt).png</image>
    <video>/recalbox/share/videos/No-Intro/Sega - SG-1000/Congo Bongo (Japan, Europe) (Ja) (Rev 1) (Alt).mp4</video>
  </game>
  <game>
    <path>/recalbox/share/rom/No-Intro/Sega - SG-1000/Congo Bongo (Japan, Europe, Australia, New Zealand) (En) (Rev 1).zip</path>
    <name>Congo Bongo (Japan, Europe, Australia, New Zealand) (En) (Rev 1)</name>
    <image>/recalbox/share/thumbs/Sega - SG-1000/Named_Titles/Congo Bongo (Japan, Europe, Australia, New Zealand) (En) (Rev 1).png</image>
    <video>/recalbox/share/videos/No-Intro/Sega - SG-1000/Congo Bongo (Japan, Europe, Australia, New Zealand) (En) (Rev 1).mp4</video>
  </game>
  <game>
    <path>/recalbox/share/rom/No-Intro/Sega - SG-1000/Congo Bongo (Taiwan) (Unl).zip</path>
    <name>Congo Bongo (Taiwan) (Unl)</name>
    <image>/recalbox/share/thumbs/Sega - SG-1000/Named_Titles/Congo Bongo (Taiwan) (Unl).png</image>
    <video>/recalbox/share/videos/No-Intro/Sega - SG-1000/Congo Bongo (Taiwan) (Unl).mp4</video>
  </game>
  <game>
    <path>/recalbox/share/rom/No-Intro/Sega - SG-1000/Disk BASIC &amp; Yeno Demo (Japan) (SF-7000) (Program).zip</path>
    <name>Disk BASIC &amp; Yeno Demo (Japan) (SF-7000) (Program)</name>
    <image>/recalbox/share/thumbs/Sega - SG-1000/Named_Titles/Disk BASIC &amp; Yeno Demo (Japan) (SF-7000) (Program).png</image>
    <video>/recalbox/share/videos/No-Intro/Sega - SG-1000/Disk BASIC &amp; Yeno Demo (Japan) (SF-7000) (Program).mp4</video>
  </game>
  <game>
    <path>/recalbox/share/rom/No-Intro/Sega - SG-1000/Disk BASIC (Japan) (Rev 1) (SF-7000) (Program).zip</path>
    <name>Disk BASIC (Japan) (Rev 1) (SF-7000) (Program)</name>
    <image>/recalbox/share/thumbs/Sega - SG-1000/Named_Titles/Disk BASIC (Japan) (Rev 1) (SF-7000) (Program).png</image>
    <video>/recalbox/share/videos/No-Intro/Sega - SG-1000/Disk BASIC (Japan) (Rev 1) (SF-7000) (Program).mp4</video>
  </game>
  <game>
    <path>/recalbox/share/rom/No-Intro/Sega - SG-1000/Disk BASIC (Japan) (SF-7000) (Program).zip</path>
    <name>Disk BASIC (Japan) (SF-7000) (Program)</name>
    <image>/recalbox/share/thumbs/Sega - SG-1000/Named_Titles/Disk BASIC (Japan) (SF-7000) (Program).png</image>
    <video>/recalbox/share/videos/No-Intro/Sega - SG-1000/Disk BASIC (Japan) (SF-7000) (Program).mp4</video>
  </game>
  <game>
    <path>/recalbox/share/rom/No-Intro/Sega - SG-1000/Doki Doki Penguin Land (Japan).zip</path>
    <name>Doki Doki Penguin Land (Japan)</name>
    <image>/recalbox/share/thumbs/Sega - SG-1000/Named_Titles/Doki Doki Penguin Land (Japan).png</image>
    <video>/recalbox/share/videos/No-Intro/Sega - SG-1000/Doki Doki Penguin Land (Japan).mp4</video>
  </game>
  <game>
    <path>/recalbox/share/rom/No-Intro/Sega - SG-1000/Doki Doki Penguin Land (Taiwan) (Unl).zip</path>
    <name>Doki Doki Penguin Land (Taiwan) (Unl)</name>
    <image>/recalbox/share/thumbs/Sega - SG-1000/Named_Titles/Doki Doki Penguin Land (Taiwan) (Unl).png</image>
    <video>/recalbox/share/videos/No-Intro/Sega - SG-1000/Doki Doki Penguin Land (Taiwan) (Unl).mp4</video>
  </game>
  <game>
    <path>/recalbox/share/rom/No-Intro/Sega - SG-1000/Dragon Wang (Japan) (Rev 1).zip</path>
    <name>Dragon Wang (Japan) (Rev 1)</name>
    <image>/recalbox/share/thumbs/Sega - SG-1000/Named_Titles/Dragon Wang (Japan) (Rev 1).png</image>
    <video>/recalbox/share/videos/No-Intro/Sega - SG-1000/Dragon Wang (Japan) (Rev 1).mp4</video>
  </game>
  <game>
    <path>/recalbox/share/rom/No-Intro/Sega - SG-1000/Dragon Wang (Japan).zip</path>
    <name>Dragon Wang (Japan)</name>
    <image>/recalbox/share/thumbs/Sega - SG-1000/Named_Titles/Dragon Wang (Japan).png</image>
    <video>/recalbox/share/videos/No-Intro/Sega - SG-1000/Dragon Wang (Japan).mp4</video>
  </game>
  <game>
    <path>/recalbox/share/rom/No-Intro/Sega - SG-1000/Dragon Wang (Taiwan) (Chinese Logo) (Unl).zip</path>
    <name>Dragon Wang (Taiwan) (Chinese Logo) (Unl)</name>
    <image>/recalbox/share/thumbs/Sega - SG-1000/Named_Titles/Dragon Wang (Taiwan) (Chinese Logo) (Unl).png</image>
    <video>/recalbox/share/videos/No-Intro/Sega - SG-1000/Dragon Wang (Taiwan) (Chinese Logo) (Unl).mp4</video>
  </game>
  <game>
    <path>/recalbox/share/rom/No-Intro/Sega - SG-1000/Drol (Japan, Australia) (Ja).zip</path>
    <name>Drol (Japan, Australia) (Ja)</name>
    <image>/recalbox/share/thumbs/Sega - SG-1000/Named_Titles/Drol (Japan, Australia) (Ja).png</image>
    <video>/recalbox/share/videos/No-Intro/Sega - SG-1000/Drol (Japan, Australia) (Ja).mp4</video>
  </game>
  <game>
    <path>/recalbox/share/rom/No-Intro/Sega - SG-1000/Drol (Korea) (Unl).zip</path>
    <name>Drol (Korea) (Unl)</name>
    <image>/recalbox/share/thumbs/Sega - SG-1000/Named_Titles/Drol (Korea) (Unl).png</image>
    <video>/recalbox/share/videos/No-Intro/Sega - SG-1000/Drol (Korea) (Unl).mp4</video>
  </game>
  <game>
    <path>/recalbox/share/rom/No-Intro/Sega - SG-1000/Drol (Taiwan) (Unl).zip</path>
    <name>Drol (Taiwan) (Unl)</name>
    <image>/recalbox/share/thumbs/Sega - SG-1000/Named_Titles/Drol (Taiwan) (Unl).png</image>
    <video>/recalbox/share/videos/No-Intro/Sega - SG-1000/Drol (Taiwan) (Unl).mp4</video>
  </game>
  <game>
    <path>/recalbox/share/rom/No-Intro/Sega - SG-1000/Electronic Salesman (Japan) (Proto) (SC-3000) (Program).zip</path>
    <name>Electronic Salesman (Japan) (Proto) (SC-3000) (Program)</name>
    <image>/recalbox/share/thumbs/Sega - SG-1000/Named_Titles/Electronic Salesman (Japan) (Proto) (SC-3000) (Program).png</image>
    <video>/recalbox/share/videos/No-Intro/Sega - SG-1000/Electronic Salesman (Japan) (Proto) (SC-3000) (Program).mp4</video>
  </game>
  <game>
    <path>/recalbox/share/rom/No-Intro/Sega - SG-1000/Elevator Action (Japan).zip</path>
    <name>Elevator Action (Japan)</name>
    <image>/recalbox/share/thumbs/Sega - SG-1000/Named_Titles/Elevator Action (Japan).png</image>
    <video>/recalbox/share/videos/No-Intro/Sega - SG-1000/Elevator Action (Japan).mp4</video>
  </game>
  <game>
    <path>/recalbox/share/rom/No-Intro/Sega - SG-1000/Elevator Action (Taiwan) (Unl).zip</path>
    <name>Elevator Action (Taiwan) (Unl)</name>
    <image>/recalbox/share/thumbs/Sega - SG-1000/Named_Titles/Elevator Action (Taiwan) (Unl).png</image>
    <video>/recalbox/share/videos/No-Intro/Sega - SG-1000/Elevator Action (Taiwan) (Unl).mp4</video>
  </game>
  <game>
    <path>/recalbox/share/rom/No-Intro/Sega - SG-1000/Exerion (Japan, Europe, Australia, New Zealand) (En).zip</path>
    <name>Exerion (Japan, Europe, Australia, New Zealand) (En)</name>
    <image>/recalbox/share/thumbs/Sega - SG-1000/Named_Titles/Exerion (Japan, Europe, Australia, New Zealand) (En).png</image>
    <video>/recalbox/share/videos/No-Intro/Sega - SG-1000/Exerion (Japan, Europe, Australia, New Zealand) (En).mp4</video>
  </game>
  <game>
    <path>/recalbox/share/rom/No-Intro/Sega - SG-1000/Flicky (Japan, New Zealand) (Ja).zip</path>
    <name>Flicky (Japan, New Zealand) (Ja)</name>
    <image>/recalbox/share/thumbs/Sega - SG-1000/Named_Titles/Flicky (Japan, New Zealand) (Ja).png</image>
    <video>/recalbox/share/videos/No-Intro/Sega - SG-1000/Flicky (Japan, New Zealand) (Ja).mp4</video>
  </game>
  <game>
    <path>/recalbox/share/rom/No-Intro/Sega - SG-1000/Flicky (Taiwan) (Unl).zip</path>
    <name>Flicky (Taiwan) (Unl)</name>
    <image>/recalbox/share/thumbs/Sega - SG-1000/Named_Titles/Flicky (Taiwan) (Unl).png</image>
    <video>/recalbox/share/videos/No-Intro/Sega - SG-1000/Flicky (Taiwan) (Unl).mp4</video>
  </game>
  <game>
    <path>/recalbox/share/rom/No-Intro/Sega - SG-1000/GP World (Japan) (Rev 1).zip</path>
    <name>GP World (Japan) (Rev 1)</name>
    <image>/recalbox/share/thumbs/Sega - SG-1000/Named_Titles/GP World (Japan) (Rev 1).png</image>
    <video>/recalbox/share/videos/No-Intro/Sega - SG-1000/GP World (Japan) (Rev 1).mp4</video>
  </game>
  <game>
    <path>/recalbox/share/rom/No-Intro/Sega - SG-1000/GP World (Japan).zip</path>
    <name>GP World (Japan)</name>
    <image>/recalbox/share/thumbs/Sega - SG-1000/Named_Titles/GP World (Japan).png</image>
    <video>/recalbox/share/videos/No-Intro/Sega - SG-1000/GP World (Japan).mp4</video>
  </game>
  <game>
    <path>/recalbox/share/rom/No-Intro/Sega - SG-1000/GP World (Taiwan) (Unl).zip</path>
    <name>GP World (Taiwan) (Unl)</name>
    <image>/recalbox/share/thumbs/Sega - SG-1000/Named_Titles/GP World (Taiwan) (Unl).png</image>
    <video>/recalbox/share/videos/No-Intro/Sega - SG-1000/GP World (Taiwan) (Unl).mp4</video>
  </game>
  <game>
    <path>/recalbox/share/rom/No-Intro/Sega - SG-1000/Girl's Garden (Japan, Australia) (Ja).zip</path>
    <name>Girl&apos;s Garden (Japan, Australia) (Ja)</name>
    <image>/recalbox/share/thumbs/Sega - SG-1000/Named_Titles/Girl&apos;s Garden (Japan, Australia) (Ja).png</image>
    <video>/recalbox/share/videos/No-Intro/Sega - SG-1000/Girl&apos;s Garden (Japan, Australia) (Ja).mp4</video>
  </game>
  <game>
    <path>/recalbox/share/rom/No-Intro/Sega - SG-1000/Guzzler (Taiwan) (Othello Multivision) (Unl).zip</path>
    <name>Guzzler (Taiwan) (Othello Multivision) (Unl)</name>
    <image>/recalbox/share/thumbs/Sega - SG-1000/Named_Titles/Guzzler (Taiwan) (Othello Multivision) (Unl).png</image>
    <video>/recalbox/share/videos/No-Intro/Sega - SG-1000/Guzzler (Taiwan) (Othello Multivision) (Unl).mp4</video>
  </game>
  <game>
    <path>/recalbox/share/rom/No-Intro/Sega - SG-1000/H.E.R.O. (Japan).zip</path>
    <name>H.E.R.O. (Japan)</name>
    <image>/recalbox/share/thumbs/Sega - SG-1000/Named_Titles/H.E.R.O. (Japan).png</image>
    <video>/recalbox/share/videos/No-Intro/Sega - SG-1000/H.E.R.O. (Japan).mp4</video>
  </game>
  <game>
    <path>/recalbox/share/rom/No-Intro/Sega - SG-1000/H.E.R.O. (Taiwan) (English Logo) (Unl).zip</path>
    <name>H.E.R.O. (Taiwan) (English Logo) (Unl)</name>
    <image>/recalbox/share/thumbs/Sega - SG-1000/Named_Titles/H.E.R.O. (Taiwan) (English Logo) (Unl).png</image>
    <video>/recalbox/share/videos/No-Intro/Sega - SG-1000/H.E.R.O. (Taiwan) (English Logo) (Unl).mp4</video>
  </game>
  <game>
    <path>/recalbox/share/rom/No-Intro/Sega - SG-1000/Hang On II (Japan, Australia) (Ja).zip</path>
    <name>Hang On II (Japan, Australia) (Ja)</name>
    <image>/recalbox/share/thumbs/Sega - SG-1000/Named_Titles/Hang On II (Japan, Australia) (Ja).png</image>
    <video>/recalbox/share/videos/No-Intro/Sega - SG-1000/Hang On II (Japan, Australia) (Ja).mp4</video>
  </game>
  <game>
    <path>/recalbox/share/rom/No-Intro/Sega - SG-1000/Hang On II (Taiwan) (Chinese Logo) (Unl).zip</path>
    <name>Hang On II (Taiwan) (Chinese Logo) (Unl)</name>
    <image>/recalbox/share/thumbs/Sega - SG-1000/Named_Titles/Hang On II (Taiwan) (Chinese Logo) (Unl).png</image>
    <video>/recalbox/share/videos/No-Intro/Sega - SG-1000/Hang On II (Taiwan) (Chinese Logo) (Unl).mp4</video>
  </game>
  <game>
    <path>/recalbox/share/rom/No-Intro/Sega - SG-1000/Hang On II (Taiwan) (English Logo) (Unl).zip</path>
    <name>Hang On II (Taiwan) (English Logo) (Unl)</name>
    <image>/recalbox/share/thumbs/Sega - SG-1000/Named_Titles/Hang On II (Taiwan) (English Logo) (Unl).png</image>
    <video>/recalbox/share/videos/No-Intro/Sega - SG-1000/Hang On II (Taiwan) (English Logo) (Unl).mp4</video>
  </game>
  <game>
    <path>/recalbox/share/rom/No-Intro/Sega - SG-1000/Home BASIC (Japan) (SC-3000) (Program).zip</path>
    <name>Home BASIC (Japan) (SC-3000) (Program)</name>
    <image>/recalbox/share/thumbs/Sega - SG-1000/Named_Titles/Home BASIC (Japan) (SC-3000) (Program).png</image>
    <video>/recalbox/share/videos/No-Intro/Sega - SG-1000/Home BASIC (Japan) (SC-3000) (Program).mp4</video>
  </game>
  <game>
    <path>/recalbox/share/rom/No-Intro/Sega - SG-1000/Home Mahjong (Japan) (Rev 1).zip</path>
    <name>Home Mahjong (Japan) (Rev 1)</name>
    <image>/recalbox/share/thumbs/Sega - SG-1000/Named_Titles/Home Mahjong (Japan) (Rev 1).png</image>
    <video>/recalbox/share/videos/No-Intro/Sega - SG-1000/Home Mahjong (Japan) (Rev 1).mp4</video>
  </game>
  <game>
    <path>/recalbox/share/rom/No-Intro/Sega - SG-1000/Home Mahjong (Japan).zip</path>
    <name>Home Mahjong (Japan)</name>
    <image>/recalbox/share/thumbs/Sega - SG-1000/Named_Titles/Home Mahjong (Japan).png</image>
    <video>/recalbox/share/videos/No-Intro/Sega - SG-1000/Home Mahjong (Japan).mp4</video>
  </game>
  <game>
    <path>/recalbox/share/rom/No-Intro/Sega - SG-1000/Home Mahjong (Taiwan) (Unl).zip</path>
    <name>Home Mahjong (Taiwan) (Unl)</name>
    <image>/recalbox/share/thumbs/Sega - SG-1000/Named_Titles/Home Mahjong (Taiwan) (Unl).png</image>
    <video>/recalbox/share/videos/No-Intro/Sega - SG-1000/Home Mahjong (Taiwan) (Unl).mp4</video>
  </game>
  <game>
    <path>/recalbox/share/rom/No-Intro/Sega - SG-1000/Hustle Chumy (Japan).zip</path>
    <name>Hustle Chumy (Japan)</name>
    <image>/recalbox/share/thumbs/Sega - SG-1000/Named_Titles/Hustle Chumy (Japan).png</image>
    <video>/recalbox/share/videos/No-Intro/Sega - SG-1000/Hustle Chumy (Japan).mp4</video>
  </game>
  <game>
    <path>/recalbox/share/rom/No-Intro/Sega - SG-1000/Hustle Chumy (Taiwan) (Unl).zip</path>
    <name>Hustle Chumy (Taiwan) (Unl)</name>
    <image>/recalbox/share/thumbs/Sega - SG-1000/Named_Titles/Hustle Chumy (Taiwan) (Unl).png</image>
    <video>/recalbox/share/videos/No-Intro/Sega - SG-1000/Hustle Chumy (Taiwan) (Unl).mp4</video>
  </game>
  <game>
    <path>/recalbox/share/rom/No-Intro/Sega - SG-1000/Hyper Sports (Korea) (Unl).zip</path>
    <name>Hyper Sports (Korea) (Unl)</name>
    <image>/recalbox/share/thumbs/Sega - SG-1000/Named_Titles/Hyper Sports (Korea) (Unl).png</image>
    <video>/recalbox/share/videos/No-Intro/Sega - SG-1000/Hyper Sports (Korea) (Unl).mp4</video>
  </game>
  <game>
    <path>/recalbox/share/rom/No-Intro/Sega - SG-1000/Hyper Sports (Taiwan) (Unl).zip</path>
    <name>Hyper Sports (Taiwan) (Unl)</name>
    <image>/recalbox/share/thumbs/Sega - SG-1000/Named_Titles/Hyper Sports (Taiwan) (Unl).png</image>
    <video>/recalbox/share/videos/No-Intro/Sega - SG-1000/Hyper Sports (Taiwan) (Unl).mp4</video>
  </game>
  <game>
    <path>/recalbox/share/rom/No-Intro/Sega - SG-1000/Kagaku (Gensokigou Master) (Japan) (SC-3000) (Program).zip</path>
    <name>Kagaku (Gensokigou Master) (Japan) (SC-3000) (Program)</name>
    <image>/recalbox/share/thumbs/Sega - SG-1000/Named_Titles/Kagaku (Gensokigou Master) (Japan) (SC-3000) (Program).png</image>
    <video>/recalbox/share/videos/No-Intro/Sega - SG-1000/Kagaku (Gensokigou Master) (Japan) (SC-3000) (Program).mp4</video>
  </game>
  <game>
    <path>/recalbox/share/rom/No-Intro/Sega - SG-1000/Kamikaze (France) (En) (SF-7000) (Unl).zip</path>
    <name>Kamikaze (France) (En) (SF-7000) (Unl)</name>
    <image>/recalbox/share/thumbs/Sega - SG-1000/Named_Titles/Kamikaze (France) (En) (SF-7000) (Unl).png</image>
    <video>/recalbox/share/videos/No-Intro/Sega - SG-1000/Kamikaze (France) (En) (SF-7000) (Unl).mp4</video>
  </game>
  <game>
    <path>/recalbox/share/rom/No-Intro/Sega - SG-1000/King's Valley (Taiwan) (Unl).zip</path>
    <name>King&apos;s Valley (Taiwan) (Unl)</name>
    <image>/recalbox/share/thumbs/Sega - SG-1000/Named_Titles/King&apos;s Valley (Taiwan) (Unl).png</image>
    <video>/recalbox/share/videos/No-Intro/Sega - SG-1000/King&apos;s Valley (Taiwan) (Unl).mp4</video>
  </game>
  <game>
    <path>/recalbox/share/rom/No-Intro/Sega - SG-1000/Knightmare (Taiwan) (Unl).zip</path>
    <name>Knightmare (Taiwan) (Unl)</name>
    <image>/recalbox/share/thumbs/Sega - SG-1000/Named_Titles/Knightmare (Taiwan) (Unl).png</image>
    <video>/recalbox/share/videos/No-Intro/Sega - SG-1000/Knightmare (Taiwan) (Unl).mp4</video>
  </game>
  <game>
    <path>/recalbox/share/rom/No-Intro/Sega - SG-1000/Legend of Kage, The (Taiwan) (Unl).zip</path>
    <name>Legend of Kage, The (Taiwan) (Unl)</name>
    <image>/recalbox/share/thumbs/Sega - SG-1000/Named_Titles/Legend of Kage, The (Taiwan) (Unl).png</image>
    <video>/recalbox/share/videos/No-Intro/Sega - SG-1000/Legend of Kage, The (Taiwan) (Unl).mp4</video>
  </game>
  <game>
    <path>/recalbox/share/rom/No-Intro/Sega - SG-1000/LinkWord (Japan) (Proto) (SC3000) (Program).zip</path>
    <name>LinkWord (Japan) (Proto) (SC3000) (Program)</name>
    <image>/recalbox/share/thumbs/Sega - SG-1000/Named_Titles/LinkWord (Japan) (Proto) (SC3000) (Program).png</image>
    <video>/recalbox/share/videos/No-Intro/Sega - SG-1000/LinkWord (Japan) (Proto) (SC3000) (Program).mp4</video>
  </game>
  <game>
    <path>/recalbox/share/rom/No-Intro/Sega - SG-1000/Lode Runner (Japan, Europe, Australia) (En).zip</path>
    <name>Lode Runner (Japan, Europe, Australia) (En)</name>
    <image>/recalbox/share/thumbs/Sega - SG-1000/Named_Titles/Lode Runner (Japan, Europe, Australia) (En).png</image>
    <video>/recalbox/share/videos/No-Intro/Sega - SG-1000/Lode Runner (Japan, Europe, Australia) (En).mp4</video>
  </game>
  <game>
    <path>/recalbox/share/rom/No-Intro/Sega - SG-1000/Lode Runner (Korea) (Unl).zip</path>
    <name>Lode Runner (Korea) (Unl)</name>
    <image>/recalbox/share/thumbs/Sega - SG-1000/Named_Titles/Lode Runner (Korea) (Unl).png</image>
    <video>/recalbox/share/videos/No-Intro/Sega - SG-1000/Lode Runner (Korea) (Unl).mp4</video>
  </game>
  <game>
    <path>/recalbox/share/rom/No-Intro/Sega - SG-1000/Mahjong (Japan) (Rev 1).zip</path>
    <name>Mahjong (Japan) (Rev 1)</name>
    <image>/recalbox/share/thumbs/Sega - SG-1000/Named_Titles/Mahjong (Japan) (Rev 1).png</image>
    <video>/recalbox/share/videos/No-Intro/Sega - SG-1000/Mahjong (Japan) (Rev 1).mp4</video>
  </game>
  <game>
    <path>/recalbox/share/rom/No-Intro/Sega - SG-1000/Mahjong (Japan).zip</path>
    <name>Mahjong (Japan)</name>
    <image>/recalbox/share/thumbs/Sega - SG-1000/Named_Titles/Mahjong (Japan).png</image>
    <video>/recalbox/share/videos/No-Intro/Sega - SG-1000/Mahjong (Japan).mp4</video>
  </game>
  <game>
    <path>/recalbox/share/rom/No-Intro/Sega - SG-1000/Mahjong (Taiwan) (Unl).zip</path>
    <name>Mahjong (Taiwan) (Unl)</name>
    <image>/recalbox/share/thumbs/Sega - SG-1000/Named_Titles/Mahjong (Taiwan) (Unl).png</image>
    <video>/recalbox/share/videos/No-Intro/Sega - SG-1000/Mahjong (Taiwan) (Unl).mp4</video>
  </game>
  <game>
    <path>/recalbox/share/rom/No-Intro/Sega - SG-1000/Monaco GP (Japan) (Rev 1).zip</path>
    <name>Monaco GP (Japan) (Rev 1)</name>
    <image>/recalbox/share/thumbs/Sega - SG-1000/Named_Titles/Monaco GP (Japan) (Rev 1).png</image>
    <video>/recalbox/share/videos/No-Intro/Sega - SG-1000/Monaco GP (Japan) (Rev 1).mp4</video>
  </game>
  <game>
    <path>/recalbox/share/rom/No-Intro/Sega - SG-1000/Music Editor (Europe, Australia, New Zealand) (SC-3000) (Program).zip</path>
    <name>Music Editor (Europe, Australia, New Zealand) (SC-3000) (Program)</name>
    <image>/recalbox/share/thumbs/Sega - SG-1000/Named_Titles/Music Editor (Europe, Australia, New Zealand) (SC-3000) (Program).png</image>
    <video>/recalbox/share/videos/No-Intro/Sega - SG-1000/Music Editor (Europe, Australia, New Zealand) (SC-3000) (Program).mp4</video>
  </game>
  <game>
    <path>/recalbox/share/rom/No-Intro/Sega - SG-1000/Music Editor (Japan) (SC-3000) (Program).zip</path>
    <name>Music Editor (Japan) (SC-3000) (Program)</name>
    <image>/recalbox/share/thumbs/Sega - SG-1000/Named_Titles/Music Editor (Japan) (SC-3000) (Program).png</image>
    <video>/recalbox/share/videos/No-Intro/Sega - SG-1000/Music Editor (Japan) (SC-3000) (Program).mp4</video>
  </game>
  <game>
    <path>/recalbox/share/rom/No-Intro/Sega - SG-1000/N-Sub (Japan) (Alt).zip</path>
    <name>N-Sub (Japan) (Alt)</name>
    <image>/recalbox/share/thumbs/Sega - SG-1000/Named_Titles/N-Sub (Japan) (Alt).png</image>
    <video>/recalbox/share/videos/No-Intro/Sega - SG-1000/N-Sub (Japan) (Alt).mp4</video>
  </game>
  <game>
    <path>/recalbox/share/rom/No-Intro/Sega - SG-1000/N-Sub (Taiwan) (Unl).zip</path>
    <name>N-Sub (Taiwan) (Unl)</name>
    <image>/recalbox/share/thumbs/Sega - SG-1000/Named_Titles/N-Sub (Taiwan) (Unl).png</image>
    <video>/recalbox/share/videos/No-Intro/Sega - SG-1000/N-Sub (Taiwan) (Unl).mp4</video>
  </game>
  <game>
    <path>/recalbox/share/rom/No-Intro/Sega - SG-1000/Nihonshi Nenpyou (Japan) (SC-3000) (Program).zip</path>
    <name>Nihonshi Nenpyou (Japan) (SC-3000) (Program)</name>
    <image>/recalbox/share/thumbs/Sega - SG-1000/Named_Titles/Nihonshi Nenpyou (Japan) (SC-3000) (Program).png</image>
    <video>/recalbox/share/videos/No-Intro/Sega - SG-1000/Nihonshi Nenpyou (Japan) (SC-3000) (Program).mp4</video>
  </game>
  <game>
    <path>/recalbox/share/rom/No-Intro/Sega - SG-1000/Ninja Princess (Japan, Australia) (Ja).zip</path>
    <name>Ninja Princess (Japan, Australia) (Ja)</name>
    <image>/recalbox/share/thumbs/Sega - SG-1000/Named_Titles/Ninja Princess (Japan, Australia) (Ja).png</image>
    <video>/recalbox/share/videos/No-Intro/Sega - SG-1000/Ninja Princess (Japan, Australia) (Ja).mp4</video>
  </game>
  <game>
    <path>/recalbox/share/rom/No-Intro/Sega - SG-1000/Ninja Princess (Taiwan) (Unl).zip</path>
    <name>Ninja Princess (Taiwan) (Unl)</name>
    <image>/recalbox/share/thumbs/Sega - SG-1000/Named_Titles/Ninja Princess (Taiwan) (Unl).png</image>
    <video>/recalbox/share/videos/No-Intro/Sega - SG-1000/Ninja Princess (Taiwan) (Unl).mp4</video>
  </game>
  <game>
    <path>/recalbox/share/rom/No-Intro/Sega - SG-1000/Okamoto Ayako no Match Play Golf (Japan) (Rev 1) (Othello Multivision).zip</path>
    <name>Okamoto Ayako no Match Play Golf (Japan) (Rev 1) (Othello Multivision)</name>
    <image>/recalbox/share/thumbs/Sega - SG-1000/Named_Titles/Okamoto Ayako no Match Play Golf (Japan) (Rev 1) (Othello Multivision).png</image>
    <video>/recalbox/share/videos/No-Intro/Sega - SG-1000/Okamoto Ayako no Match Play Golf (Japan) (Rev 1) (Othello Multivision).mp4</video>
  </game>
  <game>
    <path>/recalbox/share/rom/No-Intro/Sega - SG-1000/Okamoto Ayako no Match Play Golf (Taiwan) (Othello Multivision) (Unl).zip</path>
    <name>Okamoto Ayako no Match Play Golf (Taiwan) (Othello Multivision) (Unl)</name>
    <image>/recalbox/share/thumbs/Sega - SG-1000/Named_Titles/Okamoto Ayako no Match Play Golf (Taiwan) (Othello Multivision) (Unl).png</image>
    <video>/recalbox/share/videos/No-Intro/Sega - SG-1000/Okamoto Ayako no Match Play Golf (Taiwan) (Othello Multivision) (Unl).mp4</video>
  </game>
  <game>
    <path>/recalbox/share/rom/No-Intro/Sega - SG-1000/Othello (Japan).zip</path>
    <name>Othello (Japan)</name>
    <image>/recalbox/share/thumbs/Sega - SG-1000/Named_Titles/Othello (Japan).png</image>
    <video>/recalbox/share/videos/No-Intro/Sega - SG-1000/Othello (Japan).mp4</video>
  </game>
  <game>
    <path>/recalbox/share/rom/No-Intro/Sega - SG-1000/Pachinko II (Japan).zip</path>
    <name>Pachinko II (Japan)</name>
    <image>/recalbox/share/thumbs/Sega - SG-1000/Named_Titles/Pachinko II (Japan).png</image>
    <video>/recalbox/share/videos/No-Intro/Sega - SG-1000/Pachinko II (Japan).mp4</video>
  </game>
  <game>
    <path>/recalbox/share/rom/No-Intro/Sega - SG-1000/Pachinko II (Taiwan) (Unl).zip</path>
    <name>Pachinko II (Taiwan) (Unl)</name>
    <image>/recalbox/share/thumbs/Sega - SG-1000/Named_Titles/Pachinko II (Taiwan) (Unl).png</image>
    <video>/recalbox/share/videos/No-Intro/Sega - SG-1000/Pachinko II (Taiwan) (Unl).mp4</video>
  </game>
  <game>
    <path>/recalbox/share/rom/No-Intro/Sega - SG-1000/Ping Pong (Taiwan) (Unl).zip</path>
    <name>Ping Pong (Taiwan) (Unl)</name>
    <image>/recalbox/share/thumbs/Sega - SG-1000/Named_Titles/Ping Pong (Taiwan) (Unl).png</image>
    <video>/recalbox/share/videos/No-Intro/Sega - SG-1000/Ping Pong (Taiwan) (Unl).mp4</video>
  </game>
  <game>
    <path>/recalbox/share/rom/No-Intro/Sega - SG-1000/Pippols (Taiwan) (Unl).zip</path>
    <name>Pippols (Taiwan) (Unl)</name>
    <image>/recalbox/share/thumbs/Sega - SG-1000/Named_Titles/Pippols (Taiwan) (Unl).png</image>
    <video>/recalbox/share/videos/No-Intro/Sega - SG-1000/Pippols (Taiwan) (Unl).mp4</video>
  </game>
  <game>
    <path>/recalbox/share/rom/No-Intro/Sega - SG-1000/Pitfall II (Taiwan) (Chinese Logo) (Unl).zip</path>
    <name>Pitfall II (Taiwan) (Chinese Logo) (Unl)</name>
    <image>/recalbox/share/thumbs/Sega - SG-1000/Named_Titles/Pitfall II (Taiwan) (Chinese Logo) (Unl).png</image>
    <video>/recalbox/share/videos/No-Intro/Sega - SG-1000/Pitfall II (Taiwan) (Chinese Logo) (Unl).mp4</video>
  </game>
  <game>
    <path>/recalbox/share/rom/No-Intro/Sega - SG-1000/Pitfall II (Taiwan) (English Logo) (Unl).zip</path>
    <name>Pitfall II (Taiwan) (English Logo) (Unl)</name>
    <image>/recalbox/share/thumbs/Sega - SG-1000/Named_Titles/Pitfall II (Taiwan) (English Logo) (Unl).png</image>
    <video>/recalbox/share/videos/No-Intro/Sega - SG-1000/Pitfall II (Taiwan) (English Logo) (Unl).mp4</video>
  </game>
  <game>
    <path>/recalbox/share/rom/No-Intro/Sega - SG-1000/Pitfall II - The Lost Caverns (Japan) (Rev 1).zip</path>
    <name>Pitfall II - The Lost Caverns (Japan) (Rev 1)</name>
    <image>/recalbox/share/thumbs/Sega - SG-1000/Named_Titles/Pitfall II - The Lost Caverns (Japan) (Rev 1).png</image>
    <video>/recalbox/share/videos/No-Intro/Sega - SG-1000/Pitfall II - The Lost Caverns (Japan) (Rev 1).mp4</video>
  </game>
  <game>
    <path>/recalbox/share/rom/No-Intro/Sega - SG-1000/Pitfall II - The Lost Caverns (Japan).zip</path>
    <name>Pitfall II - The Lost Caverns (Japan)</name>
    <image>/recalbox/share/thumbs/Sega - SG-1000/Named_Titles/Pitfall II - The Lost Caverns (Japan).png</image>
    <video>/recalbox/share/videos/No-Intro/Sega - SG-1000/Pitfall II - The Lost Caverns (Japan).mp4</video>
  </game>
  <game>
    <path>/recalbox/share/rom/No-Intro/Sega - SG-1000/Pop Flamer (Japan, Europe, Australia, New Zealand) (En).zip</path>
    <name>Pop Flamer (Japan, Europe, Australia, New Zealand) (En)</name>
    <image>/recalbox/share/thumbs/Sega - SG-1000/Named_Titles/Pop Flamer (Japan, Europe, Australia, New Zealand) (En).png</image>
    <video>/recalbox/share/videos/No-Intro/Sega - SG-1000/Pop Flamer (Japan, Europe, Australia, New Zealand) (En).mp4</video>
  </game>
  <game>
    <path>/recalbox/share/rom/No-Intro/Sega - SG-1000/Pop Flamer (Taiwan) (Unl).zip</path>
    <name>Pop Flamer (Taiwan) (Unl)</name>
    <image>/recalbox/share/thumbs/Sega - SG-1000/Named_Titles/Pop Flamer (Taiwan) (Unl).png</image>
    <video>/recalbox/share/videos/No-Intro/Sega - SG-1000/Pop Flamer (Taiwan) (Unl).mp4</video>
  </game>
  <game>
    <path>/recalbox/share/rom/No-Intro/Sega - SG-1000/Poseidon Wars + Space Panic + Rambo (France) (En) (SF-7000) (Unl).zip</path>
    <name>Poseidon Wars + Space Panic + Rambo (France) (En) (SF-7000) (Unl)</name>
    <image>/recalbox/share/thumbs/Sega - SG-1000/Named_Titles/Poseidon Wars + Space Panic + Rambo (France) (En) (SF-7000) (Unl).png</image>
    <video>/recalbox/share/videos/No-Intro/Sega - SG-1000/Poseidon Wars + Space Panic + Rambo (France) (En) (SF-7000) (Unl).mp4</video>
  </game>
  <game>
    <path>/recalbox/share/rom/No-Intro/Sega - SG-1000/Rally-X (Taiwan) (Chinese Logo) (Unl).zip</path>
    <name>Rally-X (Taiwan) (Chinese Logo) (Unl)</name>
    <image>/recalbox/share/thumbs/Sega - SG-1000/Named_Titles/Rally-X (Taiwan) (Chinese Logo) (Unl).png</image>
    <video>/recalbox/share/videos/No-Intro/Sega - SG-1000/Rally-X (Taiwan) (Chinese Logo) (Unl).mp4</video>
  </game>
  <game>
    <path>/recalbox/share/rom/No-Intro/Sega - SG-1000/Road Fighter (Taiwan) (English Logo) (Unl).zip</path>
    <name>Road Fighter (Taiwan) (English Logo) (Unl)</name>
    <image>/recalbox/share/thumbs/Sega - SG-1000/Named_Titles/Road Fighter (Taiwan) (English Logo) (Unl).png</image>
    <video>/recalbox/share/videos/No-Intro/Sega - SG-1000/Road Fighter (Taiwan) (English Logo) (Unl).mp4</video>
  </game>
  <game>
    <path>/recalbox/share/rom/No-Intro/Sega - SG-1000/Rock n' Bolt (Japan).zip</path>
    <name>Rock n&apos; Bolt (Japan)</name>
    <image>/recalbox/share/thumbs/Sega - SG-1000/Named_Titles/Rock n&apos; Bolt (Japan).png</image>
    <video>/recalbox/share/videos/No-Intro/Sega - SG-1000/Rock n&apos; Bolt (Japan).mp4</video>
  </game>
  <game>
    <path>/recalbox/share/rom/No-Intro/Sega - SG-1000/Rock n' Bolt (Taiwan) (English Logo) (Unl).zip</path>
    <name>Rock n&apos; Bolt (Taiwan) (English Logo) (Unl)</name>
    <image>/recalbox/share/thumbs/Sega - SG-1000/Named_Titles/Rock n&apos; Bolt (Taiwan) (English Logo) (Unl).png</image>
    <video>/recalbox/share/videos/No-Intro/Sega - SG-1000/Rock n&apos; Bolt (Taiwan) (English Logo) (Unl).mp4</video>
  </game>
  <game>
    <path>/recalbox/share/rom/No-Intro/Sega - SG-1000/SG-1000 M2 Test Cartridge (Japan).zip</path>
    <name>SG-1000 M2 Test Cartridge (Japan)</name>
    <image>/recalbox/share/thumbs/Sega - SG-1000/Named_Titles/SG-1000 M2 Test Cartridge (Japan).png</image>
    <video>/recalbox/share/videos/No-Intro/Sega - SG-1000/SG-1000 M2 Test Cartridge (Japan).mp4</video>
  </game>
  <game>
    <path>/recalbox/share/rom/No-Intro/Sega - SG-1000/Safari Hunting (Japan, Europe, Australia, New Zealand) (Ja).zip</path>
    <name>Safari Hunting (Japan, Europe, Australia, New Zealand) (Ja)</name>
    <image>/recalbox/share/thumbs/Sega - SG-1000/Named_Titles/Safari Hunting (Japan, Europe, Australia, New Zealand) (Ja).png</image>
    <video>/recalbox/share/videos/No-Intro/Sega - SG-1000/Safari Hunting (Japan, Europe, Australia, New Zealand) (Ja).mp4</video>
  </game>
  <game>
    <path>/recalbox/share/rom/No-Intro/Sega - SG-1000/Safari Hunting (Taiwan) (Unl).zip</path>
    <name>Safari Hunting (Taiwan) (Unl)</name>
    <image>/recalbox/share/thumbs/Sega - SG-1000/Named_Titles/Safari Hunting (Taiwan) (Unl).png</image>
    <video>/recalbox/share/videos/No-Intro/Sega - SG-1000/Safari Hunting (Taiwan) (Unl).mp4</video>
  </game>
  <game>
    <path>/recalbox/share/rom/No-Intro/Sega - SG-1000/Safari Race (Japan, Europe, Australia, New Zealand) (Ja).zip</path>
    <name>Safari Race (Japan, Europe, Australia, New Zealand) (Ja)</name>
    <image>/recalbox/share/thumbs/Sega - SG-1000/Named_Titles/Safari Race (Japan, Europe, Australia, New Zealand) (Ja).png</image>
    <video>/recalbox/share/videos/No-Intro/Sega - SG-1000/Safari Race (Japan, Europe, Australia, New Zealand) (Ja).mp4</video>
  </game>
  <game>
    <path>/recalbox/share/rom/No-Intro/Sega - SG-1000/Safari Race (Taiwan) (Unl).zip</path>
    <name>Safari Race (Taiwan) (Unl)</name>
    <image>/recalbox/share/thumbs/Sega - SG-1000/Named_Titles/Safari Race (Taiwan) (Unl).png</image>
    <video>/recalbox/share/videos/No-Intro/Sega - SG-1000/Safari Race (Taiwan) (Unl).mp4</video>
  </game>
  <game>
    <path>/recalbox/share/rom/No-Intro/Sega - SG-1000/San-nin Mahjong (Japan) (Othello Multivision) (Alt).zip</path>
    <name>San-nin Mahjong (Japan) (Othello Multivision) (Alt)</name>
    <image>/recalbox/share/thumbs/Sega - SG-1000/Named_Titles/San-nin Mahjong (Japan) (Othello Multivision) (Alt).png</image>
    <video>/recalbox/share/videos/No-Intro/Sega - SG-1000/San-nin Mahjong (Japan) (Othello Multivision) (Alt).mp4</video>
  </game>
  <game>
    <path>/recalbox/share/rom/No-Intro/Sega - SG-1000/San-nin Mahjong (Taiwan) (Othello Multivision) (Unl).zip</path>
    <name>San-nin Mahjong (Taiwan) (Othello Multivision) (Unl)</name>
    <image>/recalbox/share/thumbs/Sega - SG-1000/Named_Titles/San-nin Mahjong (Taiwan) (Othello Multivision) (Unl).png</image>
    <video>/recalbox/share/videos/No-Intro/Sega - SG-1000/San-nin Mahjong (Taiwan) (Othello Multivision) (Unl).mp4</video>
  </game>
  <game>
    <path>/recalbox/share/rom/No-Intro/Sega - SG-1000/Sega Flipper (Japan) (Alt).zip</path>
    <name>Sega Flipper (Japan) (Alt)</name>
    <image>/recalbox/share/thumbs/Sega - SG-1000/Named_Titles/Sega Flipper (Japan) (Alt).png</image>
    <video>/recalbox/share/videos/No-Intro/Sega - SG-1000/Sega Flipper (Japan) (Alt).mp4</video>
  </game>
  <game>
    <path>/recalbox/share/rom/No-Intro/Sega - SG-1000/Sega Flipper (Japan, Europe, Australia, New Zealand) (En).zip</path>
    <name>Sega Flipper (Japan, Europe, Australia, New Zealand) (En)</name>
    <image>/recalbox/share/thumbs/Sega - SG-1000/Named_Titles/Sega Flipper (Japan, Europe, Australia, New Zealand) (En).png</image>
    <video>/recalbox/share/videos/No-Intro/Sega - SG-1000/Sega Flipper (Japan, Europe, Australia, New Zealand) (En).mp4</video>
  </game>
  <game>
    <path>/recalbox/share/rom/No-Intro/Sega - SG-1000/Sega Flipper (Taiwan) (Unl).zip</path>
    <name>Sega Flipper (Taiwan) (Unl)</name>
    <image>/recalbox/share/thumbs/Sega - SG-1000/Named_Titles/Sega Flipper (Taiwan) (Unl).png</image>
    <video>/recalbox/share/videos/No-Intro/Sega - SG-1000/Sega Flipper (Taiwan) (Unl).mp4</video>
  </game>
  <game>
    <path>/recalbox/share/rom/No-Intro/Sega - SG-1000/Sega Logo (Japan) (SF-7000) (Program).zip</path>
    <name>Sega Logo (Japan) (SF-7000) (Program)</name>
    <image>/recalbox/share/thumbs/Sega - SG-1000/Named_Titles/Sega Logo (Japan) (SF-7000) (Program).png</image>
    <video>/recalbox/share/videos/No-Intro/Sega - SG-1000/Sega Logo (Japan) (SF-7000) (Program).mp4</video>
  </game>
  <game>
    <path>/recalbox/share/rom/No-Intro/Sega - SG-1000/Sega-Galaga (Japan).zip</path>
    <name>Sega-Galaga (Japan)</name>
    <image>/recalbox/share/thumbs/Sega - SG-1000/Named_Titles/Sega-Galaga (Japan).png</image>
    <video>/recalbox/share/videos/No-Intro/Sega - SG-1000/Sega-Galaga (Japan).mp4</video>
  </game>
  <game>
    <path>/recalbox/share/rom/No-Intro/Sega - SG-1000/Sega-Galaga (Japan, Australia) (Ja).zip</path>
    <name>Sega-Galaga (Japan, Australia) (Ja)</name>
    <image>/recalbox/share/thumbs/Sega - SG-1000/Named_Titles/Sega-Galaga (Japan, Australia) (Ja).png</image>
    <video>/recalbox/share/videos/No-Intro/Sega - SG-1000/Sega-Galaga (Japan, Australia) (Ja).mp4</video>
  </game>
  <game>
    <path>/recalbox/share/rom/No-Intro/Sega - SG-1000/Sega-Galaga (Taiwan) (Unl).zip</path>
    <name>Sega-Galaga (Taiwan) (Unl)</name>
    <image>/recalbox/share/thumbs/Sega - SG-1000/Named_Titles/Sega-Galaga (Taiwan) (Unl).png</image>
    <video>/recalbox/share/videos/No-Intro/Sega - SG-1000/Sega-Galaga (Taiwan) (Unl).mp4</video>
  </game>
  <game>
    <path>/recalbox/share/rom/No-Intro/Sega - SG-1000/Sekaishi Nenpyou (Japan) (SC-3000) (Program).zip</path>
    <name>Sekaishi Nenpyou (Japan) (SC-3000) (Program)</name>
    <image>/recalbox/share/thumbs/Sega - SG-1000/Named_Titles/Sekaishi Nenpyou (Japan) (SC-3000) (Program).png</image>
    <video>/recalbox/share/videos/No-Intro/Sega - SG-1000/Sekaishi Nenpyou (Japan) (SC-3000) (Program).mp4</video>
  </game>
  <game>
    <path>/recalbox/share/rom/No-Intro/Sega - SG-1000/Serizawa Hachidan no Tsumeshougi (Japan).zip</path>
    <name>Serizawa Hachidan no Tsumeshougi (Japan)</name>
    <image>/recalbox/share/thumbs/Sega - SG-1000/Named_Titles/Serizawa Hachidan no Tsumeshougi (Japan).png</image>
    <video>/recalbox/share/videos/No-Intro/Sega - SG-1000/Serizawa Hachidan no Tsumeshougi (Japan).mp4</video>
  </game>
  <game>
    <path>/recalbox/share/rom/No-Intro/Sega - SG-1000/Shinnyushain Tooru-kun (Japan).zip</path>
    <name>Shinnyushain Tooru-kun (Japan)</name>
    <image>/recalbox/share/thumbs/Sega - SG-1000/Named_Titles/Shinnyushain Tooru-kun (Japan).png</image>
    <video>/recalbox/share/videos/No-Intro/Sega - SG-1000/Shinnyushain Tooru-kun (Japan).mp4</video>
  </game>
  <game>
    <path>/recalbox/share/rom/No-Intro/Sega - SG-1000/Sindbad Mystery (Taiwan) (Unl).zip</path>
    <name>Sindbad Mystery (Taiwan) (Unl)</name>
    <image>/recalbox/share/thumbs/Sega - SG-1000/Named_Titles/Sindbad Mystery (Taiwan) (Unl).png</image>
    <video>/recalbox/share/videos/No-Intro/Sega - SG-1000/Sindbad Mystery (Taiwan) (Unl).mp4</video>
  </game>
  <game>
    <path>/recalbox/share/rom/No-Intro/Sega - SG-1000/Soukoban (Taiwan) (Unl).zip</path>
    <name>Soukoban (Taiwan) (Unl)</name>
    <image>/recalbox/share/thumbs/Sega - SG-1000/Named_Titles/Soukoban (Taiwan) (Unl).png</image>
    <video>/recalbox/share/videos/No-Intro/Sega - SG-1000/Soukoban (Taiwan) (Unl).mp4</video>
  </game>
  <game>
    <path>/recalbox/share/rom/No-Intro/Sega - SG-1000/Space Armor (Japan) (Othello Multivision) (Alt).zip</path>
    <name>Space Armor (Japan) (Othello Multivision) (Alt)</name>
    <image>/recalbox/share/thumbs/Sega - SG-1000/Named_Titles/Space Armor (Japan) (Othello Multivision) (Alt).png</image>
    <video>/recalbox/share/videos/No-Intro/Sega - SG-1000/Space Armor (Japan) (Othello Multivision) (Alt).mp4</video>
  </game>
  <game>
    <path>/recalbox/share/rom/No-Intro/Sega - SG-1000/Space Armor (Japan) (Othello Multivision).zip</path>
    <name>Space Armor (Japan) (Othello Multivision)</name>
    <image>/recalbox/share/thumbs/Sega - SG-1000/Named_Titles/Space Armor (Japan) (Othello Multivision).png</image>
    <video>/recalbox/share/videos/No-Intro/Sega - SG-1000/Space Armor (Japan) (Othello Multivision).mp4</video>
  </game>
  <game>
    <path>/recalbox/share/rom/No-Intro/Sega - SG-1000/Space Invaders (Japan).zip</path>
    <name>Space Invaders (Japan)</name>
    <image>/recalbox/share/thumbs/Sega - SG-1000/Named_Titles/Space Invaders (Japan).png</image>
    <video>/recalbox/share/videos/No-Intro/Sega - SG-1000/Space Invaders (Japan).mp4</video>
  </game>
  <game>
    <path>/recalbox/share/rom/No-Intro/Sega - SG-1000/Space Mountain (Japan) (Othello Multivision).zip</path>
    <name>Space Mountain (Japan) (Othello Multivision)</name>
    <image>/recalbox/share/thumbs/Sega - SG-1000/Named_Titles/Space Mountain (Japan) (Othello Multivision).png</image>
    <video>/recalbox/share/videos/No-Intro/Sega - SG-1000/Space Mountain (Japan) (Othello Multivision).mp4</video>
  </game>
  <game>
    <path>/recalbox/share/rom/No-Intro/Sega - SG-1000/Star Force (Japan, Australia) (Ja).zip</path>
    <name>Star Force (Japan, Australia) (Ja)</name>
    <image>/recalbox/share/thumbs/Sega - SG-1000/Named_Titles/Star Force (Japan, Australia) (Ja).png</image>
    <video>/recalbox/share/videos/No-Intro/Sega - SG-1000/Star Force (Japan, Australia) (Ja).mp4</video>
  </game>
  <game>
    <path>/recalbox/share/rom/No-Intro/Sega - SG-1000/Star Force (Taiwan) (Unl) (Alt).zip</path>
    <name>Star Force (Taiwan) (Unl) (Alt)</name>
    <image>/recalbox/share/thumbs/Sega - SG-1000/Named_Titles/Star Force (Taiwan) (Unl) (Alt).png</image>
    <video>/recalbox/share/videos/No-Intro/Sega - SG-1000/Star Force (Taiwan) (Unl) (Alt).mp4</video>
  </game>
  <game>
    <path>/recalbox/share/rom/No-Intro/Sega - SG-1000/Star Force (Taiwan) (Unl).zip</path>
    <name>Star Force (Taiwan) (Unl)</name>
    <image>/recalbox/share/thumbs/Sega - SG-1000/Named_Titles/Star Force (Taiwan) (Unl).png</image>
    <video>/recalbox/share/videos/No-Intro/Sega - SG-1000/Star Force (Taiwan) (Unl).mp4</video>
  </game>
  <game>
    <path>/recalbox/share/rom/No-Intro/Sega - SG-1000/Star Jacker (Japan).zip</path>
    <name>Star Jacker (Japan)</name>
    <image>/recalbox/share/thumbs/Sega - SG-1000/Named_Titles/Star Jacker (Japan).png</image>
    <video>/recalbox/share/videos/No-Intro/Sega - SG-1000/Star Jacker (Japan).mp4</video>
  </game>
  <game>
    <path>/recalbox/share/rom/No-Intro/Sega - SG-1000/Star Jacker (Japan, Europe, Australia, New Zealand) (En) (Rev 1).zip</path>
    <name>Star Jacker (Japan, Europe, Australia, New Zealand) (En) (Rev 1)</name>
    <image>/recalbox/share/thumbs/Sega - SG-1000/Named_Titles/Star Jacker (Japan, Europe, Australia, New Zealand) (En) (Rev 1).png</image>
    <video>/recalbox/share/videos/No-Intro/Sega - SG-1000/Star Jacker (Japan, Europe, Australia, New Zealand) (En) (Rev 1).mp4</video>
  </game>
  <game>
    <path>/recalbox/share/rom/No-Intro/Sega - SG-1000/Star Jacker (Taiwan) (Unl).zip</path>
    <name>Star Jacker (Taiwan) (Unl)</name>
    <image>/recalbox/share/thumbs/Sega - SG-1000/Named_Titles/Star Jacker (Taiwan) (Unl).png</image>
    <video>/recalbox/share/videos/No-Intro/Sega - SG-1000/Star Jacker (Taiwan) (Unl).mp4</video>
  </game>
  <game>
    <path>/recalbox/share/rom/No-Intro/Sega - SG-1000/Star Soldier (Taiwan) (Unl).zip</path>
    <name>Star Soldier (Taiwan) (Unl)</name>
    <image>/recalbox/share/thumbs/Sega - SG-1000/Named_Titles/Star Soldier (Taiwan) (Unl).png</image>
    <video>/recalbox/share/videos/No-Intro/Sega - SG-1000/Star Soldier (Taiwan) (Unl).mp4</video>
  </game>
  <game>
    <path>/recalbox/share/rom/No-Intro/Sega - SG-1000/Super Tank (Japan).zip</path>
    <name>Super Tank (Japan)</name>
    <image>/recalbox/share/thumbs/Sega - SG-1000/Named_Titles/Super Tank (Japan).png</image>
    <video>/recalbox/share/videos/No-Intro/Sega - SG-1000/Super Tank (Japan).mp4</video>
  </game>
  <game>
    <path>/recalbox/share/rom/No-Intro/Sega - SG-1000/Super Tank (Korea) (Unl).zip</path>
    <name>Super Tank (Korea) (Unl)</name>
    <image>/recalbox/share/thumbs/Sega - SG-1000/Named_Titles/Super Tank (Korea) (Unl).png</image>
    <video>/recalbox/share/videos/No-Intro/Sega - SG-1000/Super Tank (Korea) (Unl).mp4</video>
  </game>
  <game>
    <path>/recalbox/share/rom/No-Intro/Sega - SG-1000/Super Tank (Taiwan) (Unl).zip</path>
    <name>Super Tank (Taiwan) (Unl)</name>
    <image>/recalbox/share/thumbs/Sega - SG-1000/Named_Titles/Super Tank (Taiwan) (Unl).png</image>
    <video>/recalbox/share/videos/No-Intro/Sega - SG-1000/Super Tank (Taiwan) (Unl).mp4</video>
  </game>
  <game>
    <path>/recalbox/share/rom/No-Intro/Sega - SG-1000/Tank Battalion (Taiwan) (Unl).zip</path>
    <name>Tank Battalion (Taiwan) (Unl)</name>
    <image>/recalbox/share/thumbs/Sega - SG-1000/Named_Titles/Tank Battalion (Taiwan) (Unl).png</image>
    <video>/recalbox/share/videos/No-Intro/Sega - SG-1000/Tank Battalion (Taiwan) (Unl).mp4</video>
  </game>
  <game>
    <path>/recalbox/share/rom/No-Intro/Sega - SG-1000/Tanoshii Sansuu - Shougaku 4-Nen Ge (Japan) (SC-3000) (Program).zip</path>
    <name>Tanoshii Sansuu - Shougaku 4-Nen Ge (Japan) (SC-3000) (Program)</name>
    <image>/recalbox/share/thumbs/Sega - SG-1000/Named_Titles/Tanoshii Sansuu - Shougaku 4-Nen Ge (Japan) (SC-3000) (Program).png</image>
    <video>/recalbox/share/videos/No-Intro/Sega - SG-1000/Tanoshii Sansuu - Shougaku 4-Nen Ge (Japan) (SC-3000) (Program).mp4</video>
  </game>
  <game>
    <path>/recalbox/share/rom/No-Intro/Sega - SG-1000/Tanoshii Sansuu - Shougaku 4-Nen Jou (Japan) (SC-3000) (Program) (Alt).zip</path>
    <name>Tanoshii Sansuu - Shougaku 4-Nen Jou (Japan) (SC-3000) (Program) (Alt)</name>
    <image>/recalbox/share/thumbs/Sega - SG-1000/Named_Titles/Tanoshii Sansuu - Shougaku 4-Nen Jou (Japan) (SC-3000) (Program) (Alt).png</image>
    <video>/recalbox/share/videos/No-Intro/Sega - SG-1000/Tanoshii Sansuu - Shougaku 4-Nen Jou (Japan) (SC-3000) (Program) (Alt).mp4</video>
  </game>
  <game>
    <path>/recalbox/share/rom/No-Intro/Sega - SG-1000/Tanoshii Sansuu - Shougaku 5-Nen Jou (Japan) (SC-3000) (Program).zip</path>
    <name>Tanoshii Sansuu - Shougaku 5-Nen Jou (Japan) (SC-3000) (Program)</name>
    <image>/recalbox/share/thumbs/Sega - SG-1000/Named_Titles/Tanoshii Sansuu - Shougaku 5-Nen Jou (Japan) (SC-3000) (Program).png</image>
    <video>/recalbox/share/videos/No-Intro/Sega - SG-1000/Tanoshii Sansuu - Shougaku 5-Nen Jou (Japan) (SC-3000) (Program).mp4</video>
  </game>
  <game>
    <path>/recalbox/share/rom/No-Intro/Sega - SG-1000/Tanoshii Sansuu - Shougaku 6-Nen Jou (Japan) (SC-3000) (Program).zip</path>
    <name>Tanoshii Sansuu - Shougaku 6-Nen Jou (Japan) (SC-3000) (Program)</name>
    <image>/recalbox/share/thumbs/Sega - SG-1000/Named_Titles/Tanoshii Sansuu - Shougaku 6-Nen Jou (Japan) (SC-3000) (Program).png</image>
    <video>/recalbox/share/videos/No-Intro/Sega - SG-1000/Tanoshii Sansuu - Shougaku 6-Nen Jou (Japan) (SC-3000) (Program).mp4</video>
  </game>
  <game>
    <path>/recalbox/share/rom/No-Intro/Sega - SG-1000/Terebi Oekaki (Japan) (Program).zip</path>
    <name>Terebi Oekaki (Japan) (Program)</name>
    <image>/recalbox/share/thumbs/Sega - SG-1000/Named_Titles/Terebi Oekaki (Japan) (Program).png</image>
    <video>/recalbox/share/videos/No-Intro/Sega - SG-1000/Terebi Oekaki (Japan) (Program).mp4</video>
  </game>
  <game>
    <path>/recalbox/share/rom/No-Intro/Sega - SG-1000/TwinBee (Taiwan) (Unl).zip</path>
    <name>TwinBee (Taiwan) (Unl)</name>
    <image>/recalbox/share/thumbs/Sega - SG-1000/Named_Titles/TwinBee (Taiwan) (Unl).png</image>
    <video>/recalbox/share/videos/No-Intro/Sega - SG-1000/TwinBee (Taiwan) (Unl).mp4</video>
  </game>
  <game>
    <path>/recalbox/share/rom/No-Intro/Sega - SG-1000/Uranai Angel Cutie (Japan) (SC-3000) (Program).zip</path>
    <name>Uranai Angel Cutie (Japan) (SC-3000) (Program)</name>
    <image>/recalbox/share/thumbs/Sega - SG-1000/Named_Titles/Uranai Angel Cutie (Japan) (SC-3000) (Program).png</image>
    <video>/recalbox/share/videos/No-Intro/Sega - SG-1000/Uranai Angel Cutie (Japan) (SC-3000) (Program).mp4</video>
  </game>
  <game>
    <path>/recalbox/share/rom/No-Intro/Sega - SG-1000/Vexed (World) (v1.03) (Aftermarket) (Unl).zip</path>
    <name>Vexed (World) (v1.03) (Aftermarket) (Unl)</name>
    <image>/recalbox/share/thumbs/Sega - SG-1000/Named_Titles/Vexed (World) (v1.03) (Aftermarket) (Unl).png</image>
    <video>/recalbox/share/videos/No-Intro/Sega - SG-1000/Vexed (World) (v1.03) (Aftermarket) (Unl).mp4</video>
  </game>
  <game>
    <path>/recalbox/share/rom/No-Intro/Sega - SG-1000/Wonder Boy (Japan) (Rev 1).zip</path>
    <name>Wonder Boy (Japan) (Rev 1)</name>
    <image>/recalbox/share/thumbs/Sega - SG-1000/Named_Titles/Wonder Boy (Japan) (Rev 1).png</image>
    <video>/recalbox/share/videos/No-Intro/Sega - SG-1000/Wonder Boy (Japan) (Rev 1).mp4</video>
  </game>
  <game>
    <path>/recalbox/share/rom/No-Intro/Sega - SG-1000/Wonder Boy (Japan, Australia) (Ja).zip</path>
    <name>Wonder Boy (Japan, Australia) (Ja)</name>
    <image>/recalbox/share/thumbs/Sega - SG-1000/Named_Titles/Wonder Boy (Japan, Australia) (Ja).png</image>
    <video>/recalbox/share/videos/No-Intro/Sega - SG-1000/Wonder Boy (Japan, Australia) (Ja).mp4</video>
  </game>
  <game>
    <path>/recalbox/share/rom/No-Intro/Sega - SG-1000/Wonder Boy (Taiwan) (Unl).zip</path>
    <name>Wonder Boy (Taiwan) (Unl)</name>
    <image>/recalbox/share/thumbs/Sega - SG-1000/Named_Titles/Wonder Boy (Taiwan) (Unl).png</image>
    <video>/recalbox/share/videos/No-Intro/Sega - SG-1000/Wonder Boy (Taiwan) (Unl).mp4</video>
  </game>
  <game>
    <path>/recalbox/share/rom/No-Intro/Sega - SG-1000/Yamato (Japan, Europe, Australia, New Zealand) (En).zip</path>
    <name>Yamato (Japan, Europe, Australia, New Zealand) (En)</name>
    <image>/recalbox/share/thumbs/Sega - SG-1000/Named_Titles/Yamato (Japan, Europe, Australia, New Zealand) (En).png</image>
    <video>/recalbox/share/videos/No-Intro/Sega - SG-1000/Yamato (Japan, Europe, Australia, New Zealand) (En).mp4</video>
  </game>
  <game>
    <path>/recalbox/share/rom/No-Intro/Sega - SG-1000/Yamato (Taiwan) (Unl).zip</path>
    <name>Yamato (Taiwan) (Unl)</name>
    <image>/recalbox/share/thumbs/Sega - SG-1000/Named_Titles/Yamato (Taiwan) (Unl).png</image>
    <video>/recalbox/share/videos/No-Intro/Sega - SG-1000/Yamato (Taiwan) (Unl).mp4</video>
  </game>
  <game>
    <path>/recalbox/share/rom/No-Intro/Sega - SG-1000/Yie Ar Kung-Fu (Taiwan) (Unl).zip</path>
    <name>Yie Ar Kung-Fu (Taiwan) (Unl)</name>
    <image>/recalbox/share/thumbs/Sega - SG-1000/Named_Titles/Yie Ar Kung-Fu (Taiwan) (Unl).png</image>
    <video>/recalbox/share/videos/No-Intro/Sega - SG-1000/Yie Ar Kung-Fu (Taiwan) (Unl).mp4</video>
  </game>
  <game>
    <path>/recalbox/share/rom/No-Intro/Sega - SG-1000/Zaxxon (Japan).zip</path>
    <name>Zaxxon (Japan)</name>
    <image>/recalbox/share/thumbs/Sega - SG-1000/Named_Titles/Zaxxon (Japan).png</image>
    <video>/recalbox/share/videos/No-Intro/Sega - SG-1000/Zaxxon (Japan).mp4</video>
  </game>
  <game>
    <path>/recalbox/share/rom/No-Intro/Sega - SG-1000/Zaxxon (Taiwan) (Unl).zip</path>
    <name>Zaxxon (Taiwan) (Unl)</name>
    <image>/recalbox/share/thumbs/Sega - SG-1000/Named_Titles/Zaxxon (Taiwan) (Unl).png</image>
    <video>/recalbox/share/videos/No-Intro/Sega - SG-1000/Zaxxon (Taiwan) (Unl).mp4</video>
  </game>
  <game>
    <path>/recalbox/share/rom/No-Intro/Sega - SG-1000/Zippy Race (Japan, Australia) (Ja).zip</path>
    <name>Zippy Race (Japan, Australia) (Ja)</name>
    <image>/recalbox/share/thumbs/Sega - SG-1000/Named_Titles/Zippy Race (Japan, Australia) (Ja).png</image>
    <video>/recalbox/share/videos/No-Intro/Sega - SG-1000/Zippy Race (Japan, Australia) (Ja).mp4</video>
  </game>
  <game>
    <path>/recalbox/share/rom/No-Intro/Sega - SG-1000/Zippy Race (Taiwan) (Unl).zip</path>
    <name>Zippy Race (Taiwan) (Unl)</name>
    <image>/recalbox/share/thumbs/Sega - SG-1000/Named_Titles/Zippy Race (Taiwan) (Unl).png</image>
    <video>/recalbox/share/videos/No-Intro/Sega - SG-1000/Zippy Race (Taiwan) (Unl).mp4</video>
  </game>
  <game>
    <path>/recalbox/share/rom/No-Intro/Sega - SG-1000/Zoom 909 (Japan).zip</path>
    <name>Zoom 909 (Japan)</name>
    <image>/recalbox/share/thumbs/Sega - SG-1000/Named_Titles/Zoom 909 (Japan).png</image>
    <video>/recalbox/share/videos/No-Intro/Sega - SG-1000/Zoom 909 (Japan).mp4</video>
  </game>
  <game>
    <path>/recalbox/share/rom/No-Intro/Sega - SG-1000/Zoom 909 (Taiwan) (Unl).zip</path>
    <name>Zoom 909 (Taiwan) (Unl)</name>
    <image>/recalbox/share/thumbs/Sega - SG-1000/Named_Titles/Zoom 909 (Taiwan) (Unl).png</image>
    <video>/recalbox/share/videos/No-Intro/Sega - SG-1000/Zoom 909 (Taiwan) (Unl).mp4</video>
  </game>
</gamelist>