<gamelist>
  <game>
    <path>/recalbox/share/rom/No-Intro/Sega - PICO/101-piki Wan-chan - Wan-chan Daikoushin! (Japan) (Beta) (1996-08-17).zip</path>
    <name>101-piki Wan-chan - Wan-chan Daikoushin! (Japan) (Beta) (1996-08-17)</name>
    <image>/recalbox/share/thumbs/Sega - PICO/Named_Titles/101-piki Wan-chan - Wan-chan Daikoushin! (Japan) (Beta) (1996-08-17).png</image>
    <video>/recalbox/share/videos/No-Intro/Sega - PICO/101-piki Wan-chan - Wan-chan Daikoushin! (Japan) (Beta) (1996-08-17).mp4</video>
  </game>
  <game>
    <path>/recalbox/share/rom/No-Intro/Sega - PICO/101-piki Wan-chan - Wan-chan Daikoushin! (Japan).zip</path>
    <name>101-piki Wan-chan - Wan-chan Daikoushin! (Japan)</name>
    <image>/recalbox/share/thumbs/Sega - PICO/Named_Titles/101-piki Wan-chan - Wan-chan Daikoushin! (Japan).png</image>
    <video>/recalbox/share/videos/No-Intro/Sega - PICO/101-piki Wan-chan - Wan-chan Daikoushin! (Japan).mp4</video>
  </game>
  <game>
    <path>/recalbox/share/rom/No-Intro/Sega - PICO/3-choume no Tama - Momo-chan wa Doko! (Japan) (Rev A).zip</path>
    <name>3-choume no Tama - Momo-chan wa Doko! (Japan) (Rev A)</name>
    <image>/recalbox/share/thumbs/Sega - PICO/Named_Titles/3-choume no Tama - Momo-chan wa Doko! (Japan) (Rev A).png</image>
    <video>/recalbox/share/videos/No-Intro/Sega - PICO/3-choume no Tama - Momo-chan wa Doko! (Japan) (Rev A).mp4</video>
  </game>
  <game>
    <path>/recalbox/share/rom/No-Intro/Sega - PICO/3-choume no Tama - Momo-chan wa Doko! (Japan).zip</path>
    <name>3-choume no Tama - Momo-chan wa Doko! (Japan)</name>
    <image>/recalbox/share/thumbs/Sega - PICO/Named_Titles/3-choume no Tama - Momo-chan wa Doko! (Japan).png</image>
    <video>/recalbox/share/videos/No-Intro/Sega - PICO/3-choume no Tama - Momo-chan wa Doko! (Japan).mp4</video>
  </game>
  <game>
    <path>/recalbox/share/rom/No-Intro/Sega - PICO/6000-nin no Sensei-tachi ga Tsukutta Tanoshii Shougakkou Tanken 2 (Japan).zip</path>
    <name>6000-nin no Sensei-tachi ga Tsukutta Tanoshii Shougakkou Tanken 2 (Japan)</name>
    <image>/recalbox/share/thumbs/Sega - PICO/Named_Titles/6000-nin no Sensei-tachi ga Tsukutta Tanoshii Shougakkou Tanken 2 (Japan).png</image>
    <video>/recalbox/share/videos/No-Intro/Sega - PICO/6000-nin no Sensei-tachi ga Tsukutta Tanoshii Shougakkou Tanken 2 (Japan).mp4</video>
  </game>
  <game>
    <path>/recalbox/share/rom/No-Intro/Sega - PICO/Adventures in Letter Land with Jack &amp; Jill (USA).zip</path>
    <name>Adventures in Letter Land with Jack &amp; Jill (USA)</name>
    <image>/recalbox/share/thumbs/Sega - PICO/Named_Titles/Adventures in Letter Land with Jack &amp; Jill (USA).png</image>
    <video>/recalbox/share/videos/No-Intro/Sega - PICO/Adventures in Letter Land with Jack &amp; Jill (USA).mp4</video>
  </game>
  <game>
    <path>/recalbox/share/rom/No-Intro/Sega - PICO/Aendiwa Billieui Suhaktamheom (Korea).zip</path>
    <name>Aendiwa Billieui Suhaktamheom (Korea)</name>
    <image>/recalbox/share/thumbs/Sega - PICO/Named_Titles/Aendiwa Billieui Suhaktamheom (Korea).png</image>
    <video>/recalbox/share/videos/No-Intro/Sega - PICO/Aendiwa Billieui Suhaktamheom (Korea).mp4</video>
  </game>
  <game>
    <path>/recalbox/share/rom/No-Intro/Sega - PICO/Ai to Yume no Kuni Sanrio Puroland - Chanto Dekiru Kana Minna to Tanoshii Oyuugikai (Japan).zip</path>
    <name>Ai to Yume no Kuni Sanrio Puroland - Chanto Dekiru Kana Minna to Tanoshii Oyuugikai (Japan)</name>
    <image>/recalbox/share/thumbs/Sega - PICO/Named_Titles/Ai to Yume no Kuni Sanrio Puroland - Chanto Dekiru Kana Minna to Tanoshii Oyuugikai (Japan).png</image>
    <video>/recalbox/share/videos/No-Intro/Sega - PICO/Ai to Yume no Kuni Sanrio Puroland - Chanto Dekiru Kana Minna to Tanoshii Oyuugikai (Japan).mp4</video>
  </game>
  <game>
    <path>/recalbox/share/rom/No-Intro/Sega - PICO/Alice in Oshare-Land (Japan) (Copera).zip</path>
    <name>Alice in Oshare-Land (Japan) (Copera)</name>
    <image>/recalbox/share/thumbs/Sega - PICO/Named_Titles/Alice in Oshare-Land (Japan) (Copera).png</image>
    <video>/recalbox/share/videos/No-Intro/Sega - PICO/Alice in Oshare-Land (Japan) (Copera).mp4</video>
  </game>
  <game>
    <path>/recalbox/share/rom/No-Intro/Sega - PICO/Anpanman Eigo - Tanosii Kanibaru (Taiwan).zip</path>
    <name>Anpanman Eigo - Tanosii Kanibaru (Taiwan)</name>
    <image>/recalbox/share/thumbs/Sega - PICO/Named_Titles/Anpanman Eigo - Tanosii Kanibaru (Taiwan).png</image>
    <video>/recalbox/share/videos/No-Intro/Sega - PICO/Anpanman Eigo - Tanosii Kanibaru (Taiwan).mp4</video>
  </game>
  <game>
    <path>/recalbox/share/rom/No-Intro/Sega - PICO/B-Fighter Kabuto (Japan).zip</path>
    <name>B-Fighter Kabuto (Japan)</name>
    <image>/recalbox/share/thumbs/Sega - PICO/Named_Titles/B-Fighter Kabuto (Japan).png</image>
    <video>/recalbox/share/videos/No-Intro/Sega - PICO/B-Fighter Kabuto (Japan).mp4</video>
  </game>
  <game>
    <path>/recalbox/share/rom/No-Intro/Sega - PICO/Beogseu Laipeu (Korea).zip</path>
    <name>Beogseu Laipeu (Korea)</name>
    <image>/recalbox/share/thumbs/Sega - PICO/Named_Titles/Beogseu Laipeu (Korea).png</image>
    <video>/recalbox/share/videos/No-Intro/Sega - PICO/Beogseu Laipeu (Korea).mp4</video>
  </game>
  <game>
    <path>/recalbox/share/rom/No-Intro/Sega - PICO/Berenstain Bears, The - A School Day (USA) (Beta) (1995-01-16).zip</path>
    <name>Berenstain Bears, The - A School Day (USA) (Beta) (1995-01-16)</name>
    <image>/recalbox/share/thumbs/Sega - PICO/Named_Titles/Berenstain Bears, The - A School Day (USA) (Beta) (1995-01-16).png</image>
    <video>/recalbox/share/videos/No-Intro/Sega - PICO/Berenstain Bears, The - A School Day (USA) (Beta) (1995-01-16).mp4</video>
  </game>
  <game>
    <path>/recalbox/share/rom/No-Intro/Sega - PICO/Bishoujo Senshi Sailor Moon SuperS (Japan).zip</path>
    <name>Bishoujo Senshi Sailor Moon SuperS (Japan)</name>
    <image>/recalbox/share/thumbs/Sega - PICO/Named_Titles/Bishoujo Senshi Sailor Moon SuperS (Japan).png</image>
    <video>/recalbox/share/videos/No-Intro/Sega - PICO/Bishoujo Senshi Sailor Moon SuperS (Japan).mp4</video>
  </game>
  <game>
    <path>/recalbox/share/rom/No-Intro/Sega - PICO/Chibi Maruko-chan - Issho ni Asobou yo (Japan).zip</path>
    <name>Chibi Maruko-chan - Issho ni Asobou yo (Japan)</name>
    <image>/recalbox/share/thumbs/Sega - PICO/Named_Titles/Chibi Maruko-chan - Issho ni Asobou yo (Japan).png</image>
    <video>/recalbox/share/videos/No-Intro/Sega - PICO/Chibi Maruko-chan - Issho ni Asobou yo (Japan).mp4</video>
  </game>
  <game>
    <path>/recalbox/share/rom/No-Intro/Sega - PICO/Cooking Pico (Korea).zip</path>
    <name>Cooking Pico (Korea)</name>
    <image>/recalbox/share/thumbs/Sega - PICO/Named_Titles/Cooking Pico (Korea).png</image>
    <video>/recalbox/share/videos/No-Intro/Sega - PICO/Cooking Pico (Korea).mp4</video>
  </game>
  <game>
    <path>/recalbox/share/rom/No-Intro/Sega - PICO/Copera no Chikyuu Daisuki (Japan) (Copera).zip</path>
    <name>Copera no Chikyuu Daisuki (Japan) (Copera)</name>
    <image>/recalbox/share/thumbs/Sega - PICO/Named_Titles/Copera no Chikyuu Daisuki (Japan) (Copera).png</image>
    <video>/recalbox/share/videos/No-Intro/Sega - PICO/Copera no Chikyuu Daisuki (Japan) (Copera).mp4</video>
  </game>
  <game>
    <path>/recalbox/share/rom/No-Intro/Sega - PICO/Copera no Time Machine (Japan) (Copera).zip</path>
    <name>Copera no Time Machine (Japan) (Copera)</name>
    <image>/recalbox/share/thumbs/Sega - PICO/Named_Titles/Copera no Time Machine (Japan) (Copera).png</image>
    <video>/recalbox/share/videos/No-Intro/Sega - PICO/Copera no Time Machine (Japan) (Copera).mp4</video>
  </game>
  <game>
    <path>/recalbox/share/rom/No-Intro/Sega - PICO/Crayons Magiques (France).zip</path>
    <name>Crayons Magiques (France)</name>
    <image>/recalbox/share/thumbs/Sega - PICO/Named_Titles/Crayons Magiques (France).png</image>
    <video>/recalbox/share/videos/No-Intro/Sega - PICO/Crayons Magiques (France).mp4</video>
  </game>
  <game>
    <path>/recalbox/share/rom/No-Intro/Sega - PICO/Denji Sentai Megaranger (Japan).zip</path>
    <name>Denji Sentai Megaranger (Japan)</name>
    <image>/recalbox/share/thumbs/Sega - PICO/Named_Titles/Denji Sentai Megaranger (Japan).png</image>
    <video>/recalbox/share/videos/No-Intro/Sega - PICO/Denji Sentai Megaranger (Japan).mp4</video>
  </game>
  <game>
    <path>/recalbox/share/rom/No-Intro/Sega - PICO/Doraemon - Ensoku, Imohori, Undoukai (Japan).zip</path>
    <name>Doraemon - Ensoku, Imohori, Undoukai (Japan)</name>
    <image>/recalbox/share/thumbs/Sega - PICO/Named_Titles/Doraemon - Ensoku, Imohori, Undoukai (Japan).png</image>
    <video>/recalbox/share/videos/No-Intro/Sega - PICO/Doraemon - Ensoku, Imohori, Undoukai (Japan).mp4</video>
  </game>
  <game>
    <path>/recalbox/share/rom/No-Intro/Sega - PICO/Doraemon - Nobita to Maigo no Kyouryuu (Japan) (Rev B).zip</path>
    <name>Doraemon - Nobita to Maigo no Kyouryuu (Japan) (Rev B)</name>
    <image>/recalbox/share/thumbs/Sega - PICO/Named_Titles/Doraemon - Nobita to Maigo no Kyouryuu (Japan) (Rev B).png</image>
    <video>/recalbox/share/videos/No-Intro/Sega - PICO/Doraemon - Nobita to Maigo no Kyouryuu (Japan) (Rev B).mp4</video>
  </game>
  <game>
    <path>/recalbox/share/rom/No-Intro/Sega - PICO/Doraemon - Time Machine de Daibouken (Japan).zip</path>
    <name>Doraemon - Time Machine de Daibouken (Japan)</name>
    <image>/recalbox/share/thumbs/Sega - PICO/Named_Titles/Doraemon - Time Machine de Daibouken (Japan).png</image>
    <video>/recalbox/share/videos/No-Intro/Sega - PICO/Doraemon - Time Machine de Daibouken (Japan).mp4</video>
  </game>
  <game>
    <path>/recalbox/share/rom/No-Intro/Sega - PICO/Dorehmipa Dongmooleumakhwoe (Korea) (Rev A).zip</path>
    <name>Dorehmipa Dongmooleumakhwoe (Korea) (Rev A)</name>
    <image>/recalbox/share/thumbs/Sega - PICO/Named_Titles/Dorehmipa Dongmooleumakhwoe (Korea) (Rev A).png</image>
    <video>/recalbox/share/videos/No-Intro/Sega - PICO/Dorehmipa Dongmooleumakhwoe (Korea) (Rev A).mp4</video>
  </game>
  <game>
    <path>/recalbox/share/rom/No-Intro/Sega - PICO/Doubutsu Pico - Hamster Land (Japan).zip</path>
    <name>Doubutsu Pico - Hamster Land (Japan)</name>
    <image>/recalbox/share/thumbs/Sega - PICO/Named_Titles/Doubutsu Pico - Hamster Land (Japan).png</image>
    <video>/recalbox/share/videos/No-Intro/Sega - PICO/Doubutsu Pico - Hamster Land (Japan).mp4</video>
  </game>
  <game>
    <path>/recalbox/share/rom/No-Intro/Sega - PICO/ECC Junior no Hajimete Eigo Vol. 5 - Merry Christmas, Patty-chan (Japan).zip</path>
    <name>ECC Junior no Hajimete Eigo Vol. 5 - Merry Christmas, Patty-chan (Japan)</name>
    <image>/recalbox/share/thumbs/Sega - PICO/Named_Titles/ECC Junior no Hajimete Eigo Vol. 5 - Merry Christmas, Patty-chan (Japan).png</image>
    <video>/recalbox/share/videos/No-Intro/Sega - PICO/ECC Junior no Hajimete Eigo Vol. 5 - Merry Christmas, Patty-chan (Japan).mp4</video>
  </game>
  <game>
    <path>/recalbox/share/rom/No-Intro/Sega - PICO/Ecco Jr. and the Great Ocean Treasure Hunt! (USA).zip</path>
    <name>Ecco Jr. and the Great Ocean Treasure Hunt! (USA)</name>
    <image>/recalbox/share/thumbs/Sega - PICO/Named_Titles/Ecco Jr. and the Great Ocean Treasure Hunt! (USA).png</image>
    <video>/recalbox/share/videos/No-Intro/Sega - PICO/Ecco Jr. and the Great Ocean Treasure Hunt! (USA).mp4</video>
  </game>
  <game>
    <path>/recalbox/share/rom/No-Intro/Sega - PICO/Exciting! Hataraku Norimono-tachi (Japan).zip</path>
    <name>Exciting! Hataraku Norimono-tachi (Japan)</name>
    <image>/recalbox/share/thumbs/Sega - PICO/Named_Titles/Exciting! Hataraku Norimono-tachi (Japan).png</image>
    <video>/recalbox/share/videos/No-Intro/Sega - PICO/Exciting! Hataraku Norimono-tachi (Japan).mp4</video>
  </game>
  <game>
    <path>/recalbox/share/rom/No-Intro/Sega - PICO/Gakken no o-Benkyou Soft - Hiragana (Japan).zip</path>
    <name>Gakken no o-Benkyou Soft - Hiragana (Japan)</name>
    <image>/recalbox/share/thumbs/Sega - PICO/Named_Titles/Gakken no o-Benkyou Soft - Hiragana (Japan).png</image>
    <video>/recalbox/share/videos/No-Intro/Sega - PICO/Gakken no o-Benkyou Soft - Hiragana (Japan).mp4</video>
  </game>
  <game>
    <path>/recalbox/share/rom/No-Intro/Sega - PICO/Gakken no o-Benkyou Soft - Kanji (Japan).zip</path>
    <name>Gakken no o-Benkyou Soft - Kanji (Japan)</name>
    <image>/recalbox/share/thumbs/Sega - PICO/Named_Titles/Gakken no o-Benkyou Soft - Kanji (Japan).png</image>
    <video>/recalbox/share/videos/No-Intro/Sega - PICO/Gakken no o-Benkyou Soft - Kanji (Japan).mp4</video>
  </game>
  <game>
    <path>/recalbox/share/rom/No-Intro/Sega - PICO/Gegege no Kitarou (Japan).zip</path>
    <name>Gegege no Kitarou (Japan)</name>
    <image>/recalbox/share/thumbs/Sega - PICO/Named_Titles/Gegege no Kitarou (Japan).png</image>
    <video>/recalbox/share/videos/No-Intro/Sega - PICO/Gegege no Kitarou (Japan).mp4</video>
  </game>
  <game>
    <path>/recalbox/share/rom/No-Intro/Sega - PICO/Geuljanara Yeohaeng! (Korea).zip</path>
    <name>Geuljanara Yeohaeng! (Korea)</name>
    <image>/recalbox/share/thumbs/Sega - PICO/Named_Titles/Geuljanara Yeohaeng! (Korea).png</image>
    <video>/recalbox/share/videos/No-Intro/Sega - PICO/Geuljanara Yeohaeng! (Korea).mp4</video>
  </game>
  <game>
    <path>/recalbox/share/rom/No-Intro/Sega - PICO/Gureumeun Yosuljaengi (Korea).zip</path>
    <name>Gureumeun Yosuljaengi (Korea)</name>
    <image>/recalbox/share/thumbs/Sega - PICO/Named_Titles/Gureumeun Yosuljaengi (Korea).png</image>
    <video>/recalbox/share/videos/No-Intro/Sega - PICO/Gureumeun Yosuljaengi (Korea).mp4</video>
  </game>
  <game>
    <path>/recalbox/share/rom/No-Intro/Sega - PICO/Hello Kitty no Tanoshii Butoukai (Japan).zip</path>
    <name>Hello Kitty no Tanoshii Butoukai (Japan)</name>
    <image>/recalbox/share/thumbs/Sega - PICO/Named_Titles/Hello Kitty no Tanoshii Butoukai (Japan).png</image>
    <video>/recalbox/share/videos/No-Intro/Sega - PICO/Hello Kitty no Tanoshii Butoukai (Japan).mp4</video>
  </game>
  <game>
    <path>/recalbox/share/rom/No-Intro/Sega - PICO/Hello Kitty no Tanoshii Omiseyasan (Japan).zip</path>
    <name>Hello Kitty no Tanoshii Omiseyasan (Japan)</name>
    <image>/recalbox/share/thumbs/Sega - PICO/Named_Titles/Hello Kitty no Tanoshii Omiseyasan (Japan).png</image>
    <video>/recalbox/share/videos/No-Intro/Sega - PICO/Hello Kitty no Tanoshii Omiseyasan (Japan).mp4</video>
  </game>
  <game>
    <path>/recalbox/share/rom/No-Intro/Sega - PICO/Keyboard Pico 2 - Sawattemiyou! Yoiko no Hajimete Keyboard (Japan).zip</path>
    <name>Keyboard Pico 2 - Sawattemiyou! Yoiko no Hajimete Keyboard (Japan)</name>
    <image>/recalbox/share/thumbs/Sega - PICO/Named_Titles/Keyboard Pico 2 - Sawattemiyou! Yoiko no Hajimete Keyboard (Japan).png</image>
    <video>/recalbox/share/videos/No-Intro/Sega - PICO/Keyboard Pico 2 - Sawattemiyou! Yoiko no Hajimete Keyboard (Japan).mp4</video>
  </game>
  <game>
    <path>/recalbox/share/rom/No-Intro/Sega - PICO/Kikansha Thomas ni Notte (Japan).zip</path>
    <name>Kikansha Thomas ni Notte (Japan)</name>
    <image>/recalbox/share/thumbs/Sega - PICO/Named_Titles/Kikansha Thomas ni Notte (Japan).png</image>
    <video>/recalbox/share/videos/No-Intro/Sega - PICO/Kikansha Thomas ni Notte (Japan).mp4</video>
  </game>
  <game>
    <path>/recalbox/share/rom/No-Intro/Sega - PICO/Kiki &amp; Lala - Hoshi no Kazu Asobi (Japan).zip</path>
    <name>Kiki &amp; Lala - Hoshi no Kazu Asobi (Japan)</name>
    <image>/recalbox/share/thumbs/Sega - PICO/Named_Titles/Kiki &amp; Lala - Hoshi no Kazu Asobi (Japan).png</image>
    <video>/recalbox/share/videos/No-Intro/Sega - PICO/Kiki &amp; Lala - Hoshi no Kazu Asobi (Japan).mp4</video>
  </game>
  <game>
    <path>/recalbox/share/rom/No-Intro/Sega - PICO/Kkumnara Yeohaeng (Korea).zip</path>
    <name>Kkumnara Yeohaeng (Korea)</name>
    <image>/recalbox/share/thumbs/Sega - PICO/Named_Titles/Kkumnara Yeohaeng (Korea).png</image>
    <video>/recalbox/share/videos/No-Intro/Sega - PICO/Kkumnara Yeohaeng (Korea).mp4</video>
  </game>
  <game>
    <path>/recalbox/share/rom/No-Intro/Sega - PICO/Koenig der Loewen, Der - Abenteuer (Germany).zip</path>
    <name>Koenig der Loewen, Der - Abenteuer (Germany)</name>
    <image>/recalbox/share/thumbs/Sega - PICO/Named_Titles/Koenig der Loewen, Der - Abenteuer (Germany).png</image>
    <video>/recalbox/share/videos/No-Intro/Sega - PICO/Koenig der Loewen, Der - Abenteuer (Germany).mp4</video>
  </game>
  <game>
    <path>/recalbox/share/rom/No-Intro/Sega - PICO/LEGO - Fun to Build (Japan).zip</path>
    <name>LEGO - Fun to Build (Japan)</name>
    <image>/recalbox/share/thumbs/Sega - PICO/Named_Titles/LEGO - Fun to Build (Japan).png</image>
    <video>/recalbox/share/videos/No-Intro/Sega - PICO/LEGO - Fun to Build (Japan).mp4</video>
  </game>
  <game>
    <path>/recalbox/share/rom/No-Intro/Sega - PICO/Lion King Adventures, The (United Kingdom) (Beta) (1995-06-15).zip</path>
    <name>Lion King Adventures, The (United Kingdom) (Beta) (1995-06-15)</name>
    <image>/recalbox/share/thumbs/Sega - PICO/Named_Titles/Lion King Adventures, The (United Kingdom) (Beta) (1995-06-15).png</image>
    <video>/recalbox/share/videos/No-Intro/Sega - PICO/Lion King Adventures, The (United Kingdom) (Beta) (1995-06-15).mp4</video>
  </game>
  <game>
    <path>/recalbox/share/rom/No-Intro/Sega - PICO/Lion King Adventures, The (United Kingdom) (Beta) (1995-06-16).zip</path>
    <name>Lion King Adventures, The (United Kingdom) (Beta) (1995-06-16)</name>
    <image>/recalbox/share/thumbs/Sega - PICO/Named_Titles/Lion King Adventures, The (United Kingdom) (Beta) (1995-06-16).png</image>
    <video>/recalbox/share/videos/No-Intro/Sega - PICO/Lion King Adventures, The (United Kingdom) (Beta) (1995-06-16).mp4</video>
  </game>
  <game>
    <path>/recalbox/share/rom/No-Intro/Sega - PICO/Magic School Bus, The (USA).zip</path>
    <name>Magic School Bus, The (USA)</name>
    <image>/recalbox/share/thumbs/Sega - PICO/Named_Titles/Magic School Bus, The (USA).png</image>
    <video>/recalbox/share/videos/No-Intro/Sega - PICO/Magic School Bus, The (USA).mp4</video>
  </game>
  <game>
    <path>/recalbox/share/rom/No-Intro/Sega - PICO/Math Antics with Disney's 101 Dalmatians (USA, Korea) (En) (Beta) (1996-05-21).zip</path>
    <name>Math Antics with Disney&apos;s 101 Dalmatians (USA, Korea) (En) (Beta) (1996-05-21)</name>
    <image>/recalbox/share/thumbs/Sega - PICO/Named_Titles/Math Antics with Disney&apos;s 101 Dalmatians (USA, Korea) (En) (Beta) (1996-05-21).png</image>
    <video>/recalbox/share/videos/No-Intro/Sega - PICO/Math Antics with Disney&apos;s 101 Dalmatians (USA, Korea) (En) (Beta) (1996-05-21).mp4</video>
  </game>
  <game>
    <path>/recalbox/share/rom/No-Intro/Sega - PICO/Math Antics with Disney's 101 Dalmatians (USA, Korea) (En) (Beta) (1996-07-18).zip</path>
    <name>Math Antics with Disney&apos;s 101 Dalmatians (USA, Korea) (En) (Beta) (1996-07-18)</name>
    <image>/recalbox/share/thumbs/Sega - PICO/Named_Titles/Math Antics with Disney&apos;s 101 Dalmatians (USA, Korea) (En) (Beta) (1996-07-18).png</image>
    <video>/recalbox/share/videos/No-Intro/Sega - PICO/Math Antics with Disney&apos;s 101 Dalmatians (USA, Korea) (En) (Beta) (1996-07-18).mp4</video>
  </game>
  <game>
    <path>/recalbox/share/rom/No-Intro/Sega - PICO/Math Antics with Disney's 101 Dalmatians (USA, Korea) (En) (Beta) (1996-08-14).zip</path>
    <name>Math Antics with Disney&apos;s 101 Dalmatians (USA, Korea) (En) (Beta) (1996-08-14)</name>
    <image>/recalbox/share/thumbs/Sega - PICO/Named_Titles/Math Antics with Disney&apos;s 101 Dalmatians (USA, Korea) (En) (Beta) (1996-08-14).png</image>
    <video>/recalbox/share/videos/No-Intro/Sega - PICO/Math Antics with Disney&apos;s 101 Dalmatians (USA, Korea) (En) (Beta) (1996-08-14).mp4</video>
  </game>
  <game>
    <path>/recalbox/share/rom/No-Intro/Sega - PICO/Math Antics with Disney's 101 Dalmatians (USA, Korea) (En) (Beta) (1996-08-16).zip</path>
    <name>Math Antics with Disney&apos;s 101 Dalmatians (USA, Korea) (En) (Beta) (1996-08-16)</name>
    <image>/recalbox/share/thumbs/Sega - PICO/Named_Titles/Math Antics with Disney&apos;s 101 Dalmatians (USA, Korea) (En) (Beta) (1996-08-16).png</image>
    <video>/recalbox/share/videos/No-Intro/Sega - PICO/Math Antics with Disney&apos;s 101 Dalmatians (USA, Korea) (En) (Beta) (1996-08-16).mp4</video>
  </game>
  <game>
    <path>/recalbox/share/rom/No-Intro/Sega - PICO/Math Antics with Disney's 101 Dalmatians (USA, Korea) (En) (Beta) (1996-08-17).zip</path>
    <name>Math Antics with Disney&apos;s 101 Dalmatians (USA, Korea) (En) (Beta) (1996-08-17)</name>
    <image>/recalbox/share/thumbs/Sega - PICO/Named_Titles/Math Antics with Disney&apos;s 101 Dalmatians (USA, Korea) (En) (Beta) (1996-08-17).png</image>
    <video>/recalbox/share/videos/No-Intro/Sega - PICO/Math Antics with Disney&apos;s 101 Dalmatians (USA, Korea) (En) (Beta) (1996-08-17).mp4</video>
  </game>
  <game>
    <path>/recalbox/share/rom/No-Intro/Sega - PICO/Mickey - Le Echa un Vistazo al Pasado (Spain).zip</path>
    <name>Mickey - Le Echa un Vistazo al Pasado (Spain)</name>
    <image>/recalbox/share/thumbs/Sega - PICO/Named_Titles/Mickey - Le Echa un Vistazo al Pasado (Spain).png</image>
    <video>/recalbox/share/videos/No-Intro/Sega - PICO/Mickey - Le Echa un Vistazo al Pasado (Spain).mp4</video>
  </game>
  <game>
    <path>/recalbox/share/rom/No-Intro/Sega - PICO/Mickey no Tokyo Disneyland Stamp Rally (Japan).zip</path>
    <name>Mickey no Tokyo Disneyland Stamp Rally (Japan)</name>
    <image>/recalbox/share/thumbs/Sega - PICO/Named_Titles/Mickey no Tokyo Disneyland Stamp Rally (Japan).png</image>
    <video>/recalbox/share/videos/No-Intro/Sega - PICO/Mickey no Tokyo Disneyland Stamp Rally (Japan).mp4</video>
  </game>
  <game>
    <path>/recalbox/share/rom/No-Intro/Sega - PICO/Mickey no Yukai na Bouken (Japan) (Rev A).zip</path>
    <name>Mickey no Yukai na Bouken (Japan) (Rev A)</name>
    <image>/recalbox/share/thumbs/Sega - PICO/Named_Titles/Mickey no Yukai na Bouken (Japan) (Rev A).png</image>
    <video>/recalbox/share/videos/No-Intro/Sega - PICO/Mickey no Yukai na Bouken (Japan) (Rev A).mp4</video>
  </game>
  <game>
    <path>/recalbox/share/rom/No-Intro/Sega - PICO/Mickey no Yukai na Bouken (Japan).zip</path>
    <name>Mickey no Yukai na Bouken (Japan)</name>
    <image>/recalbox/share/thumbs/Sega - PICO/Named_Titles/Mickey no Yukai na Bouken (Japan).png</image>
    <video>/recalbox/share/videos/No-Intro/Sega - PICO/Mickey no Yukai na Bouken (Japan).mp4</video>
  </game>
  <game>
    <path>/recalbox/share/rom/No-Intro/Sega - PICO/Mickey's Blast into the Past (USA) (Beta) (1994-06-08).zip</path>
    <name>Mickey&apos;s Blast into the Past (USA) (Beta) (1994-06-08)</name>
    <image>/recalbox/share/thumbs/Sega - PICO/Named_Titles/Mickey&apos;s Blast into the Past (USA) (Beta) (1994-06-08).png</image>
    <video>/recalbox/share/videos/No-Intro/Sega - PICO/Mickey&apos;s Blast into the Past (USA) (Beta) (1994-06-08).mp4</video>
  </game>
  <game>
    <path>/recalbox/share/rom/No-Intro/Sega - PICO/Mickey's Blast into the Past (USA).zip</path>
    <name>Mickey&apos;s Blast into the Past (USA)</name>
    <image>/recalbox/share/thumbs/Sega - PICO/Named_Titles/Mickey&apos;s Blast into the Past (USA).png</image>
    <video>/recalbox/share/videos/No-Intro/Sega - PICO/Mickey&apos;s Blast into the Past (USA).mp4</video>
  </game>
  <game>
    <path>/recalbox/share/rom/No-Intro/Sega - PICO/Mickey's Blast into the Past (United Kingdom).zip</path>
    <name>Mickey&apos;s Blast into the Past (United Kingdom)</name>
    <image>/recalbox/share/thumbs/Sega - PICO/Named_Titles/Mickey&apos;s Blast into the Past (United Kingdom).png</image>
    <video>/recalbox/share/videos/No-Intro/Sega - PICO/Mickey&apos;s Blast into the Past (United Kingdom).mp4</video>
  </game>
  <game>
    <path>/recalbox/share/rom/No-Intro/Sega - PICO/MiniMoni. - Eigo de Asobun Da pyon! (Japan).zip</path>
    <name>MiniMoni. - Eigo de Asobun Da pyon! (Japan)</name>
    <image>/recalbox/share/thumbs/Sega - PICO/Named_Titles/MiniMoni. - Eigo de Asobun Da pyon! (Japan).png</image>
    <video>/recalbox/share/videos/No-Intro/Sega - PICO/MiniMoni. - Eigo de Asobun Da pyon! (Japan).mp4</video>
  </game>
  <game>
    <path>/recalbox/share/rom/No-Intro/Sega - PICO/MiniMoni. - Shougakkou e Ikun Da pyon! (Japan).zip</path>
    <name>MiniMoni. - Shougakkou e Ikun Da pyon! (Japan)</name>
    <image>/recalbox/share/thumbs/Sega - PICO/Named_Titles/MiniMoni. - Shougakkou e Ikun Da pyon! (Japan).png</image>
    <video>/recalbox/share/videos/No-Intro/Sega - PICO/MiniMoni. - Shougakkou e Ikun Da pyon! (Japan).mp4</video>
  </game>
  <game>
    <path>/recalbox/share/rom/No-Intro/Sega - PICO/Musical Zoo (USA) (Beta) (1995-02-09).zip</path>
    <name>Musical Zoo (USA) (Beta) (1995-02-09)</name>
    <image>/recalbox/share/thumbs/Sega - PICO/Named_Titles/Musical Zoo (USA) (Beta) (1995-02-09).png</image>
    <video>/recalbox/share/videos/No-Intro/Sega - PICO/Musical Zoo (USA) (Beta) (1995-02-09).mp4</video>
  </game>
  <game>
    <path>/recalbox/share/rom/No-Intro/Sega - PICO/Musical Zoo (USA).zip</path>
    <name>Musical Zoo (USA)</name>
    <image>/recalbox/share/thumbs/Sega - PICO/Named_Titles/Musical Zoo (USA).png</image>
    <video>/recalbox/share/videos/No-Intro/Sega - PICO/Musical Zoo (USA).mp4</video>
  </game>
  <game>
    <path>/recalbox/share/rom/No-Intro/Sega - PICO/NHK Okaasan to Issho - Do Re Mi Fa Donut! - Oekaki Daaisuki! - Omoshiro Oekaki Daishuugou! (Japan).zip</path>
    <name>NHK Okaasan to Issho - Do Re Mi Fa Donut! - Oekaki Daaisuki! - Omoshiro Oekaki Daishuugou! (Japan)</name>
    <image>/recalbox/share/thumbs/Sega - PICO/Named_Titles/NHK Okaasan to Issho - Do Re Mi Fa Donut! - Oekaki Daaisuki! - Omoshiro Oekaki Daishuugou! (Japan).png</image>
    <video>/recalbox/share/videos/No-Intro/Sega - PICO/NHK Okaasan to Issho - Do Re Mi Fa Donut! - Oekaki Daaisuki! - Omoshiro Oekaki Daishuugou! (Japan).mp4</video>
  </game>
  <game>
    <path>/recalbox/share/rom/No-Intro/Sega - PICO/NHK Okaasan to Issho - Goo Choco Lantan - Minna de Oekaki! - Tanoshii Asobi mo Ippai! (Japan).zip</path>
    <name>NHK Okaasan to Issho - Goo Choco Lantan - Minna de Oekaki! - Tanoshii Asobi mo Ippai! (Japan)</name>
    <image>/recalbox/share/thumbs/Sega - PICO/Named_Titles/NHK Okaasan to Issho - Goo Choco Lantan - Minna de Oekaki! - Tanoshii Asobi mo Ippai! (Japan).png</image>
    <video>/recalbox/share/videos/No-Intro/Sega - PICO/NHK Okaasan to Issho - Goo Choco Lantan - Minna de Oekaki! - Tanoshii Asobi mo Ippai! (Japan).mp4</video>
  </game>
  <game>
    <path>/recalbox/share/rom/No-Intro/Sega - PICO/Norimono Studio - Go Go! Norista AsobiMacho! (Japan).zip</path>
    <name>Norimono Studio - Go Go! Norista AsobiMacho! (Japan)</name>
    <image>/recalbox/share/thumbs/Sega - PICO/Named_Titles/Norimono Studio - Go Go! Norista AsobiMacho! (Japan).png</image>
    <video>/recalbox/share/videos/No-Intro/Sega - PICO/Norimono Studio - Go Go! Norista AsobiMacho! (Japan).mp4</video>
  </game>
  <game>
    <path>/recalbox/share/rom/No-Intro/Sega - PICO/Nurie Daisuki! - Dumbo - Dumbo no Waku Waku Circus! (Japan).zip</path>
    <name>Nurie Daisuki! - Dumbo - Dumbo no Waku Waku Circus! (Japan)</name>
    <image>/recalbox/share/thumbs/Sega - PICO/Named_Titles/Nurie Daisuki! - Dumbo - Dumbo no Waku Waku Circus! (Japan).png</image>
    <video>/recalbox/share/videos/No-Intro/Sega - PICO/Nurie Daisuki! - Dumbo - Dumbo no Waku Waku Circus! (Japan).mp4</video>
  </game>
  <game>
    <path>/recalbox/share/rom/No-Intro/Sega - PICO/Ojamajo Doremi Dokkaan! (Japan).zip</path>
    <name>Ojamajo Doremi Dokkaan! (Japan)</name>
    <image>/recalbox/share/thumbs/Sega - PICO/Named_Titles/Ojamajo Doremi Dokkaan! (Japan).png</image>
    <video>/recalbox/share/videos/No-Intro/Sega - PICO/Ojamajo Doremi Dokkaan! (Japan).mp4</video>
  </game>
  <game>
    <path>/recalbox/share/rom/No-Intro/Sega - PICO/Ojarumaru (Japan).zip</path>
    <name>Ojarumaru (Japan)</name>
    <image>/recalbox/share/thumbs/Sega - PICO/Named_Titles/Ojarumaru (Japan).png</image>
    <video>/recalbox/share/videos/No-Intro/Sega - PICO/Ojarumaru (Japan).mp4</video>
  </game>
  <game>
    <path>/recalbox/share/rom/No-Intro/Sega - PICO/Oryouri Daisuki! Kitchen Pico (Japan).zip</path>
    <name>Oryouri Daisuki! Kitchen Pico (Japan)</name>
    <image>/recalbox/share/thumbs/Sega - PICO/Named_Titles/Oryouri Daisuki! Kitchen Pico (Japan).png</image>
    <video>/recalbox/share/videos/No-Intro/Sega - PICO/Oryouri Daisuki! Kitchen Pico (Japan).mp4</video>
  </game>
  <game>
    <path>/recalbox/share/rom/No-Intro/Sega - PICO/Ougon Yuusha Goldran Himitsu Daihyakka (Japan).zip</path>
    <name>Ougon Yuusha Goldran Himitsu Daihyakka (Japan)</name>
    <image>/recalbox/share/thumbs/Sega - PICO/Named_Titles/Ougon Yuusha Goldran Himitsu Daihyakka (Japan).png</image>
    <video>/recalbox/share/videos/No-Intro/Sega - PICO/Ougon Yuusha Goldran Himitsu Daihyakka (Japan).mp4</video>
  </game>
  <game>
    <path>/recalbox/share/rom/No-Intro/Sega - PICO/Petapeta Chokkin Asoberu Zukan - Doubutsu (Japan).zip</path>
    <name>Petapeta Chokkin Asoberu Zukan - Doubutsu (Japan)</name>
    <image>/recalbox/share/thumbs/Sega - PICO/Named_Titles/Petapeta Chokkin Asoberu Zukan - Doubutsu (Japan).png</image>
    <video>/recalbox/share/videos/No-Intro/Sega - PICO/Petapeta Chokkin Asoberu Zukan - Doubutsu (Japan).mp4</video>
  </game>
  <game>
    <path>/recalbox/share/rom/No-Intro/Sega - PICO/Pocahontas (Brazil).zip</path>
    <name>Pocahontas (Brazil)</name>
    <image>/recalbox/share/thumbs/Sega - PICO/Named_Titles/Pocahontas (Brazil).png</image>
    <video>/recalbox/share/videos/No-Intro/Sega - PICO/Pocahontas (Brazil).mp4</video>
  </game>
  <game>
    <path>/recalbox/share/rom/No-Intro/Sega - PICO/Pocket Monsters Advance Generation - Hiragana Katakana Kakechatta! (Japan).zip</path>
    <name>Pocket Monsters Advance Generation - Hiragana Katakana Kakechatta! (Japan)</name>
    <image>/recalbox/share/thumbs/Sega - PICO/Named_Titles/Pocket Monsters Advance Generation - Hiragana Katakana Kakechatta! (Japan).png</image>
    <video>/recalbox/share/videos/No-Intro/Sega - PICO/Pocket Monsters Advance Generation - Hiragana Katakana Kakechatta! (Japan).mp4</video>
  </game>
  <game>
    <path>/recalbox/share/rom/No-Intro/Sega - PICO/Pooh-san no Ichinichi (Japan) (Beta).zip</path>
    <name>Pooh-san no Ichinichi (Japan) (Beta)</name>
    <image>/recalbox/share/thumbs/Sega - PICO/Named_Titles/Pooh-san no Ichinichi (Japan) (Beta).png</image>
    <video>/recalbox/share/videos/No-Intro/Sega - PICO/Pooh-san no Ichinichi (Japan) (Beta).mp4</video>
  </game>
  <game>
    <path>/recalbox/share/rom/No-Intro/Sega - PICO/Pooh-san no Ichinichi (Japan) (Rev 1).zip</path>
    <name>Pooh-san no Ichinichi (Japan) (Rev 1)</name>
    <image>/recalbox/share/thumbs/Sega - PICO/Named_Titles/Pooh-san no Ichinichi (Japan) (Rev 1).png</image>
    <video>/recalbox/share/videos/No-Intro/Sega - PICO/Pooh-san no Ichinichi (Japan) (Rev 1).mp4</video>
  </game>
  <game>
    <path>/recalbox/share/rom/No-Intro/Sega - PICO/Pooh-san no Ichinichi (Japan).zip</path>
    <name>Pooh-san no Ichinichi (Japan)</name>
    <image>/recalbox/share/thumbs/Sega - PICO/Named_Titles/Pooh-san no Ichinichi (Japan).png</image>
    <video>/recalbox/share/videos/No-Intro/Sega - PICO/Pooh-san no Ichinichi (Japan).mp4</video>
  </game>
  <game>
    <path>/recalbox/share/rom/No-Intro/Sega - PICO/Puff e as Quatro Estacoes (Brazil).zip</path>
    <name>Puff e as Quatro Estacoes (Brazil)</name>
    <image>/recalbox/share/thumbs/Sega - PICO/Named_Titles/Puff e as Quatro Estacoes (Brazil).png</image>
    <video>/recalbox/share/videos/No-Intro/Sega - PICO/Puff e as Quatro Estacoes (Brazil).mp4</video>
  </game>
  <game>
    <path>/recalbox/share/rom/No-Intro/Sega - PICO/Richard Scarry's Huckle and Lowly's Busiest Day Ever (USA) (Beta) (1994-03-02).zip</path>
    <name>Richard Scarry&apos;s Huckle and Lowly&apos;s Busiest Day Ever (USA) (Beta) (1994-03-02)</name>
    <image>/recalbox/share/thumbs/Sega - PICO/Named_Titles/Richard Scarry&apos;s Huckle and Lowly&apos;s Busiest Day Ever (USA) (Beta) (1994-03-02).png</image>
    <video>/recalbox/share/videos/No-Intro/Sega - PICO/Richard Scarry&apos;s Huckle and Lowly&apos;s Busiest Day Ever (USA) (Beta) (1994-03-02).mp4</video>
  </game>
  <game>
    <path>/recalbox/share/rom/No-Intro/Sega - PICO/Richard Scarry's Huckle and Lowly's Busiest Day Ever (USA) (Beta) (1994-04-24).zip</path>
    <name>Richard Scarry&apos;s Huckle and Lowly&apos;s Busiest Day Ever (USA) (Beta) (1994-04-24)</name>
    <image>/recalbox/share/thumbs/Sega - PICO/Named_Titles/Richard Scarry&apos;s Huckle and Lowly&apos;s Busiest Day Ever (USA) (Beta) (1994-04-24).png</image>
    <video>/recalbox/share/videos/No-Intro/Sega - PICO/Richard Scarry&apos;s Huckle and Lowly&apos;s Busiest Day Ever (USA) (Beta) (1994-04-24).mp4</video>
  </game>
  <game>
    <path>/recalbox/share/rom/No-Intro/Sega - PICO/Richard Scarry's Huckle and Lowly's Busiest Day Ever (USA) (Beta) (1994-04-26) (Alt 2).zip</path>
    <name>Richard Scarry&apos;s Huckle and Lowly&apos;s Busiest Day Ever (USA) (Beta) (1994-04-26) (Alt 2)</name>
    <image>/recalbox/share/thumbs/Sega - PICO/Named_Titles/Richard Scarry&apos;s Huckle and Lowly&apos;s Busiest Day Ever (USA) (Beta) (1994-04-26) (Alt 2).png</image>
    <video>/recalbox/share/videos/No-Intro/Sega - PICO/Richard Scarry&apos;s Huckle and Lowly&apos;s Busiest Day Ever (USA) (Beta) (1994-04-26) (Alt 2).mp4</video>
  </game>
  <game>
    <path>/recalbox/share/rom/No-Intro/Sega - PICO/Richard Scarry's Huckle and Lowly's Busiest Day Ever (USA) (Beta) (1994-04-27).zip</path>
    <name>Richard Scarry&apos;s Huckle and Lowly&apos;s Busiest Day Ever (USA) (Beta) (1994-04-27)</name>
    <image>/recalbox/share/thumbs/Sega - PICO/Named_Titles/Richard Scarry&apos;s Huckle and Lowly&apos;s Busiest Day Ever (USA) (Beta) (1994-04-27).png</image>
    <video>/recalbox/share/videos/No-Intro/Sega - PICO/Richard Scarry&apos;s Huckle and Lowly&apos;s Busiest Day Ever (USA) (Beta) (1994-04-27).mp4</video>
  </game>
  <game>
    <path>/recalbox/share/rom/No-Intro/Sega - PICO/Richard Scarry's Huckle and Lowly's Busiest Day Ever (USA) (Beta) (1994-05-03) (Alt 3).zip</path>
    <name>Richard Scarry&apos;s Huckle and Lowly&apos;s Busiest Day Ever (USA) (Beta) (1994-05-03) (Alt 3)</name>
    <image>/recalbox/share/thumbs/Sega - PICO/Named_Titles/Richard Scarry&apos;s Huckle and Lowly&apos;s Busiest Day Ever (USA) (Beta) (1994-05-03) (Alt 3).png</image>
    <video>/recalbox/share/videos/No-Intro/Sega - PICO/Richard Scarry&apos;s Huckle and Lowly&apos;s Busiest Day Ever (USA) (Beta) (1994-05-03) (Alt 3).mp4</video>
  </game>
  <game>
    <path>/recalbox/share/rom/No-Intro/Sega - PICO/Richard Scarry's Huckle and Lowly's Busiest Day Ever (USA) (Beta) (1994-05-06) (Alt).zip</path>
    <name>Richard Scarry&apos;s Huckle and Lowly&apos;s Busiest Day Ever (USA) (Beta) (1994-05-06) (Alt)</name>
    <image>/recalbox/share/thumbs/Sega - PICO/Named_Titles/Richard Scarry&apos;s Huckle and Lowly&apos;s Busiest Day Ever (USA) (Beta) (1994-05-06) (Alt).png</image>
    <video>/recalbox/share/videos/No-Intro/Sega - PICO/Richard Scarry&apos;s Huckle and Lowly&apos;s Busiest Day Ever (USA) (Beta) (1994-05-06) (Alt).mp4</video>
  </game>
  <game>
    <path>/recalbox/share/rom/No-Intro/Sega - PICO/Richard Scarry's Huckle and Lowly's Busiest Day Ever (USA) (Beta) (1994-05-06).zip</path>
    <name>Richard Scarry&apos;s Huckle and Lowly&apos;s Busiest Day Ever (USA) (Beta) (1994-05-06)</name>
    <image>/recalbox/share/thumbs/Sega - PICO/Named_Titles/Richard Scarry&apos;s Huckle and Lowly&apos;s Busiest Day Ever (USA) (Beta) (1994-05-06).png</image>
    <video>/recalbox/share/videos/No-Intro/Sega - PICO/Richard Scarry&apos;s Huckle and Lowly&apos;s Busiest Day Ever (USA) (Beta) (1994-05-06).mp4</video>
  </game>
  <game>
    <path>/recalbox/share/rom/No-Intro/Sega - PICO/Richard Scarry's Huckle and Lowly's Busiest Day Ever (USA) (Beta) (1994-05-09) (Alt 2).zip</path>
    <name>Richard Scarry&apos;s Huckle and Lowly&apos;s Busiest Day Ever (USA) (Beta) (1994-05-09) (Alt 2)</name>
    <image>/recalbox/share/thumbs/Sega - PICO/Named_Titles/Richard Scarry&apos;s Huckle and Lowly&apos;s Busiest Day Ever (USA) (Beta) (1994-05-09) (Alt 2).png</image>
    <video>/recalbox/share/videos/No-Intro/Sega - PICO/Richard Scarry&apos;s Huckle and Lowly&apos;s Busiest Day Ever (USA) (Beta) (1994-05-09) (Alt 2).mp4</video>
  </game>
  <game>
    <path>/recalbox/share/rom/No-Intro/Sega - PICO/Richard Scarry's La Giornata Indaffaratissima di Sandrino e Zigo-Zago (Italy).zip</path>
    <name>Richard Scarry&apos;s La Giornata Indaffaratissima di Sandrino e Zigo-Zago (Italy)</name>
    <image>/recalbox/share/thumbs/Sega - PICO/Named_Titles/Richard Scarry&apos;s La Giornata Indaffaratissima di Sandrino e Zigo-Zago (Italy).png</image>
    <video>/recalbox/share/videos/No-Intro/Sega - PICO/Richard Scarry&apos;s La Giornata Indaffaratissima di Sandrino e Zigo-Zago (Italy).mp4</video>
  </game>
  <game>
    <path>/recalbox/share/rom/No-Intro/Sega - PICO/Sanou Kaihatsu Series 5 - Atama ga Yoku Naru - Meiro, Kioku (Japan).zip</path>
    <name>Sanou Kaihatsu Series 5 - Atama ga Yoku Naru - Meiro, Kioku (Japan)</name>
    <image>/recalbox/share/thumbs/Sega - PICO/Named_Titles/Sanou Kaihatsu Series 5 - Atama ga Yoku Naru - Meiro, Kioku (Japan).png</image>
    <video>/recalbox/share/videos/No-Intro/Sega - PICO/Sanou Kaihatsu Series 5 - Atama ga Yoku Naru - Meiro, Kioku (Japan).mp4</video>
  </game>
  <game>
    <path>/recalbox/share/rom/No-Intro/Sega - PICO/Sanou Kaihatsu Series 6 - Atama ga Yoku Naru - Ouyou Mondai (Japan).zip</path>
    <name>Sanou Kaihatsu Series 6 - Atama ga Yoku Naru - Ouyou Mondai (Japan)</name>
    <image>/recalbox/share/thumbs/Sega - PICO/Named_Titles/Sanou Kaihatsu Series 6 - Atama ga Yoku Naru - Ouyou Mondai (Japan).png</image>
    <video>/recalbox/share/videos/No-Intro/Sega - PICO/Sanou Kaihatsu Series 6 - Atama ga Yoku Naru - Ouyou Mondai (Japan).mp4</video>
  </game>
  <game>
    <path>/recalbox/share/rom/No-Intro/Sega - PICO/Sesame Street - Alphabet Avenue (USA).zip</path>
    <name>Sesame Street - Alphabet Avenue (USA)</name>
    <image>/recalbox/share/thumbs/Sega - PICO/Named_Titles/Sesame Street - Alphabet Avenue (USA).png</image>
    <video>/recalbox/share/videos/No-Intro/Sega - PICO/Sesame Street - Alphabet Avenue (USA).mp4</video>
  </game>
  <game>
    <path>/recalbox/share/rom/No-Intro/Sega - PICO/Shima Shima Tora no Shimajiro - Shimajiro to Yume no Kuni e Daibouken! (Japan).zip</path>
    <name>Shima Shima Tora no Shimajiro - Shimajiro to Yume no Kuni e Daibouken! (Japan)</name>
    <image>/recalbox/share/thumbs/Sega - PICO/Named_Titles/Shima Shima Tora no Shimajiro - Shimajiro to Yume no Kuni e Daibouken! (Japan).png</image>
    <video>/recalbox/share/videos/No-Intro/Sega - PICO/Shima Shima Tora no Shimajiro - Shimajiro to Yume no Kuni e Daibouken! (Japan).mp4</video>
  </game>
  <game>
    <path>/recalbox/share/rom/No-Intro/Sega - PICO/Shin Ultra Hero (Japan).zip</path>
    <name>Shin Ultra Hero (Japan)</name>
    <image>/recalbox/share/thumbs/Sega - PICO/Named_Titles/Shin Ultra Hero (Japan).png</image>
    <video>/recalbox/share/videos/No-Intro/Sega - PICO/Shin Ultra Hero (Japan).mp4</video>
  </game>
  <game>
    <path>/recalbox/share/rom/No-Intro/Sega - PICO/Sonic the Hedgehog's Gameworld (USA) (Beta) (1996-08-08).zip</path>
    <name>Sonic the Hedgehog&apos;s Gameworld (USA) (Beta) (1996-08-08)</name>
    <image>/recalbox/share/thumbs/Sega - PICO/Named_Titles/Sonic the Hedgehog&apos;s Gameworld (USA) (Beta) (1996-08-08).png</image>
    <video>/recalbox/share/videos/No-Intro/Sega - PICO/Sonic the Hedgehog&apos;s Gameworld (USA) (Beta) (1996-08-08).mp4</video>
  </game>
  <game>
    <path>/recalbox/share/rom/No-Intro/Sega - PICO/Soreike! Anpanman - Anpanman to Denwa de Asobou! (Japan).zip</path>
    <name>Soreike! Anpanman - Anpanman to Denwa de Asobou! (Japan)</name>
    <image>/recalbox/share/thumbs/Sega - PICO/Named_Titles/Soreike! Anpanman - Anpanman to Denwa de Asobou! (Japan).png</image>
    <video>/recalbox/share/videos/No-Intro/Sega - PICO/Soreike! Anpanman - Anpanman to Denwa de Asobou! (Japan).mp4</video>
  </game>
  <game>
    <path>/recalbox/share/rom/No-Intro/Sega - PICO/Soreike! Anpanman - Anpanman to Tanoshii Drive! (Japan).zip</path>
    <name>Soreike! Anpanman - Anpanman to Tanoshii Drive! (Japan)</name>
    <image>/recalbox/share/thumbs/Sega - PICO/Named_Titles/Soreike! Anpanman - Anpanman to Tanoshii Drive! (Japan).png</image>
    <video>/recalbox/share/videos/No-Intro/Sega - PICO/Soreike! Anpanman - Anpanman to Tanoshii Drive! (Japan).mp4</video>
  </game>
  <game>
    <path>/recalbox/share/rom/No-Intro/Sega - PICO/Soreike! Anpanman Eigo to Nakayoshi Youchien de ABC (Japan).zip</path>
    <name>Soreike! Anpanman Eigo to Nakayoshi Youchien de ABC (Japan)</name>
    <image>/recalbox/share/thumbs/Sega - PICO/Named_Titles/Soreike! Anpanman Eigo to Nakayoshi Youchien de ABC (Japan).png</image>
    <video>/recalbox/share/videos/No-Intro/Sega - PICO/Soreike! Anpanman Eigo to Nakayoshi Youchien de ABC (Japan).mp4</video>
  </game>
  <game>
    <path>/recalbox/share/rom/No-Intro/Sega - PICO/Soreike! Anpanman no Medalympic World (Japan).zip</path>
    <name>Soreike! Anpanman no Medalympic World (Japan)</name>
    <image>/recalbox/share/thumbs/Sega - PICO/Named_Titles/Soreike! Anpanman no Medalympic World (Japan).png</image>
    <video>/recalbox/share/videos/No-Intro/Sega - PICO/Soreike! Anpanman no Medalympic World (Japan).mp4</video>
  </game>
  <game>
    <path>/recalbox/share/rom/No-Intro/Sega - PICO/Soreike! Anpanman no Minna de Kyousou Anpanman! (Japan).zip</path>
    <name>Soreike! Anpanman no Minna de Kyousou Anpanman! (Japan)</name>
    <image>/recalbox/share/thumbs/Sega - PICO/Named_Titles/Soreike! Anpanman no Minna de Kyousou Anpanman! (Japan).png</image>
    <video>/recalbox/share/videos/No-Intro/Sega - PICO/Soreike! Anpanman no Minna de Kyousou Anpanman! (Japan).mp4</video>
  </game>
  <game>
    <path>/recalbox/share/rom/No-Intro/Sega - PICO/Susie-chan to Marvy Otetsudai Daaisuki! (Japan).zip</path>
    <name>Susie-chan to Marvy Otetsudai Daaisuki! (Japan)</name>
    <image>/recalbox/share/thumbs/Sega - PICO/Named_Titles/Susie-chan to Marvy Otetsudai Daaisuki! (Japan).png</image>
    <video>/recalbox/share/videos/No-Intro/Sega - PICO/Susie-chan to Marvy Otetsudai Daaisuki! (Japan).mp4</video>
  </game>
  <game>
    <path>/recalbox/share/rom/No-Intro/Sega - PICO/Tails and the Music Maker (USA) (Beta) (1994-06-01).zip</path>
    <name>Tails and the Music Maker (USA) (Beta) (1994-06-01)</name>
    <image>/recalbox/share/thumbs/Sega - PICO/Named_Titles/Tails and the Music Maker (USA) (Beta) (1994-06-01).png</image>
    <video>/recalbox/share/videos/No-Intro/Sega - PICO/Tails and the Music Maker (USA) (Beta) (1994-06-01).mp4</video>
  </game>
  <game>
    <path>/recalbox/share/rom/No-Intro/Sega - PICO/Tails and the Music Maker (USA) (Beta) (1994-06-08).zip</path>
    <name>Tails and the Music Maker (USA) (Beta) (1994-06-08)</name>
    <image>/recalbox/share/thumbs/Sega - PICO/Named_Titles/Tails and the Music Maker (USA) (Beta) (1994-06-08).png</image>
    <video>/recalbox/share/videos/No-Intro/Sega - PICO/Tails and the Music Maker (USA) (Beta) (1994-06-08).mp4</video>
  </game>
  <game>
    <path>/recalbox/share/rom/No-Intro/Sega - PICO/Tails and the Music Maker (USA) (Beta) (1994-06-23).zip</path>
    <name>Tails and the Music Maker (USA) (Beta) (1994-06-23)</name>
    <image>/recalbox/share/thumbs/Sega - PICO/Named_Titles/Tails and the Music Maker (USA) (Beta) (1994-06-23).png</image>
    <video>/recalbox/share/videos/No-Intro/Sega - PICO/Tails and the Music Maker (USA) (Beta) (1994-06-23).mp4</video>
  </game>
  <game>
    <path>/recalbox/share/rom/No-Intro/Sega - PICO/Tails and the Music Maker (United Kingdom).zip</path>
    <name>Tails and the Music Maker (United Kingdom)</name>
    <image>/recalbox/share/thumbs/Sega - PICO/Named_Titles/Tails and the Music Maker (United Kingdom).png</image>
    <video>/recalbox/share/videos/No-Intro/Sega - PICO/Tails and the Music Maker (United Kingdom).mp4</video>
  </game>
  <game>
    <path>/recalbox/share/rom/No-Intro/Sega - PICO/Tottoko Hamtaro - Oekaki Ippai! Ham-chans! (Japan).zip</path>
    <name>Tottoko Hamtaro - Oekaki Ippai! Ham-chans! (Japan)</name>
    <image>/recalbox/share/thumbs/Sega - PICO/Named_Titles/Tottoko Hamtaro - Oekaki Ippai! Ham-chans! (Japan).png</image>
    <video>/recalbox/share/videos/No-Intro/Sega - PICO/Tottoko Hamtaro - Oekaki Ippai! Ham-chans! (Japan).mp4</video>
  </game>
  <game>
    <path>/recalbox/share/rom/No-Intro/Sega - PICO/Toy Story 2 - Woody Susaeg Saejagjeon (Korea).zip</path>
    <name>Toy Story 2 - Woody Susaeg Saejagjeon (Korea)</name>
    <image>/recalbox/share/thumbs/Sega - PICO/Named_Titles/Toy Story 2 - Woody Susaeg Saejagjeon (Korea).png</image>
    <video>/recalbox/share/videos/No-Intro/Sega - PICO/Toy Story 2 - Woody Susaeg Saejagjeon (Korea).mp4</video>
  </game>
  <game>
    <path>/recalbox/share/rom/No-Intro/Sega - PICO/Uchuu de Asobou! - Barbapapa no Uchuu Ryokou (Japan).zip</path>
    <name>Uchuu de Asobou! - Barbapapa no Uchuu Ryokou (Japan)</name>
    <image>/recalbox/share/thumbs/Sega - PICO/Named_Titles/Uchuu de Asobou! - Barbapapa no Uchuu Ryokou (Japan).png</image>
    <video>/recalbox/share/videos/No-Intro/Sega - PICO/Uchuu de Asobou! - Barbapapa no Uchuu Ryokou (Japan).mp4</video>
  </game>
  <game>
    <path>/recalbox/share/rom/No-Intro/Sega - PICO/Ultraman Dyna (Japan).zip</path>
    <name>Ultraman Dyna (Japan)</name>
    <image>/recalbox/share/thumbs/Sega - PICO/Named_Titles/Ultraman Dyna (Japan).png</image>
    <video>/recalbox/share/videos/No-Intro/Sega - PICO/Ultraman Dyna (Japan).mp4</video>
  </game>
  <game>
    <path>/recalbox/share/rom/No-Intro/Sega - PICO/Ultraman Kids - Tobidase! Space Picnic (Japan).zip</path>
    <name>Ultraman Kids - Tobidase! Space Picnic (Japan)</name>
    <image>/recalbox/share/thumbs/Sega - PICO/Named_Titles/Ultraman Kids - Tobidase! Space Picnic (Japan).png</image>
    <video>/recalbox/share/videos/No-Intro/Sega - PICO/Ultraman Kids - Tobidase! Space Picnic (Japan).mp4</video>
  </game>
  <game>
    <path>/recalbox/share/rom/No-Intro/Sega - PICO/Ultraman Tiga (Japan).zip</path>
    <name>Ultraman Tiga (Japan)</name>
    <image>/recalbox/share/thumbs/Sega - PICO/Named_Titles/Ultraman Tiga (Japan).png</image>
    <video>/recalbox/share/videos/No-Intro/Sega - PICO/Ultraman Tiga (Japan).mp4</video>
  </game>
  <game>
    <path>/recalbox/share/rom/No-Intro/Sega - PICO/Unou Kaihatsu Series 1 - Richard Scarry's Huckle to Lowly (Japan) (En) (Beta) (1994-09-19).zip</path>
    <name>Unou Kaihatsu Series 1 - Richard Scarry&apos;s Huckle to Lowly (Japan) (En) (Beta) (1994-09-19)</name>
    <image>/recalbox/share/thumbs/Sega - PICO/Named_Titles/Unou Kaihatsu Series 1 - Richard Scarry&apos;s Huckle to Lowly (Japan) (En) (Beta) (1994-09-19).png</image>
    <video>/recalbox/share/videos/No-Intro/Sega - PICO/Unou Kaihatsu Series 1 - Richard Scarry&apos;s Huckle to Lowly (Japan) (En) (Beta) (1994-09-19).mp4</video>
  </game>
  <game>
    <path>/recalbox/share/rom/No-Intro/Sega - PICO/Unou Kaihatsu Series 3 - Hello Kitty no Machi e Odekake (Japan).zip</path>
    <name>Unou Kaihatsu Series 3 - Hello Kitty no Machi e Odekake (Japan)</name>
    <image>/recalbox/share/thumbs/Sega - PICO/Named_Titles/Unou Kaihatsu Series 3 - Hello Kitty no Machi e Odekake (Japan).png</image>
    <video>/recalbox/share/videos/No-Intro/Sega - PICO/Unou Kaihatsu Series 3 - Hello Kitty no Machi e Odekake (Japan).mp4</video>
  </game>
  <game>
    <path>/recalbox/share/rom/No-Intro/Sega - PICO/Unou Kaihatsu Series 4 - Kero Kero Keroppi no Iro Katachi (Japan).zip</path>
    <name>Unou Kaihatsu Series 4 - Kero Kero Keroppi no Iro Katachi (Japan)</name>
    <image>/recalbox/share/thumbs/Sega - PICO/Named_Titles/Unou Kaihatsu Series 4 - Kero Kero Keroppi no Iro Katachi (Japan).png</image>
    <video>/recalbox/share/videos/No-Intro/Sega - PICO/Unou Kaihatsu Series 4 - Kero Kero Keroppi no Iro Katachi (Japan).mp4</video>
  </game>
  <game>
    <path>/recalbox/share/rom/No-Intro/Sega - PICO/Unou Kaihatsu Series 7 - Tails and the Music Maker (Japan).zip</path>
    <name>Unou Kaihatsu Series 7 - Tails and the Music Maker (Japan)</name>
    <image>/recalbox/share/thumbs/Sega - PICO/Named_Titles/Unou Kaihatsu Series 7 - Tails and the Music Maker (Japan).png</image>
    <video>/recalbox/share/videos/No-Intro/Sega - PICO/Unou Kaihatsu Series 7 - Tails and the Music Maker (Japan).mp4</video>
  </game>
  <game>
    <path>/recalbox/share/rom/No-Intro/Sega - PICO/Year at Pooh Corner, A (USA) (Beta) (1994-07-23).zip</path>
    <name>Year at Pooh Corner, A (USA) (Beta) (1994-07-23)</name>
    <image>/recalbox/share/thumbs/Sega - PICO/Named_Titles/Year at Pooh Corner, A (USA) (Beta) (1994-07-23).png</image>
    <video>/recalbox/share/videos/No-Intro/Sega - PICO/Year at Pooh Corner, A (USA) (Beta) (1994-07-23).mp4</video>
  </game>
  <game>
    <path>/recalbox/share/rom/No-Intro/Sega - PICO/Year at Pooh Corner, A (USA) (Beta) (1994-08-09).zip</path>
    <name>Year at Pooh Corner, A (USA) (Beta) (1994-08-09)</name>
    <image>/recalbox/share/thumbs/Sega - PICO/Named_Titles/Year at Pooh Corner, A (USA) (Beta) (1994-08-09).png</image>
    <video>/recalbox/share/videos/No-Intro/Sega - PICO/Year at Pooh Corner, A (USA) (Beta) (1994-08-09).mp4</video>
  </game>
  <game>
    <path>/recalbox/share/rom/No-Intro/Sega - PICO/Year at Pooh Corner, A (United Kingdom).zip</path>
    <name>Year at Pooh Corner, A (United Kingdom)</name>
    <image>/recalbox/share/thumbs/Sega - PICO/Named_Titles/Year at Pooh Corner, A (United Kingdom).png</image>
    <video>/recalbox/share/videos/No-Intro/Sega - PICO/Year at Pooh Corner, A (United Kingdom).mp4</video>
  </game>
  <game>
    <path>/recalbox/share/rom/No-Intro/Sega - PICO/Yuchiwonehseoeui Haru (Korea).zip</path>
    <name>Yuchiwonehseoeui Haru (Korea)</name>
    <image>/recalbox/share/thumbs/Sega - PICO/Named_Titles/Yuchiwonehseoeui Haru (Korea).png</image>
    <video>/recalbox/share/videos/No-Intro/Sega - PICO/Yuchiwonehseoeui Haru (Korea).mp4</video>
  </game>
  <game>
    <path>/recalbox/share/rom/No-Intro/Sega - PICO/Yukai na Mori no Packet (Japan).zip</path>
    <name>Yukai na Mori no Packet (Japan)</name>
    <image>/recalbox/share/thumbs/Sega - PICO/Named_Titles/Yukai na Mori no Packet (Japan).png</image>
    <video>/recalbox/share/videos/No-Intro/Sega - PICO/Yukai na Mori no Packet (Japan).mp4</video>
  </game>
  <game>
    <path>/recalbox/share/rom/No-Intro/Sega - PICO/Zai Weini Tiandilide Yinian (Taiwan).zip</path>
    <name>Zai Weini Tiandilide Yinian (Taiwan)</name>
    <image>/recalbox/share/thumbs/Sega - PICO/Named_Titles/Zai Weini Tiandilide Yinian (Taiwan).png</image>
    <video>/recalbox/share/videos/No-Intro/Sega - PICO/Zai Weini Tiandilide Yinian (Taiwan).mp4</video>
  </game>
  <game>
    <path>/recalbox/share/rom/No-Intro/Sega - PICO/Zauberbuntstifte (Germany).zip</path>
    <name>Zauberbuntstifte (Germany)</name>
    <image>/recalbox/share/thumbs/Sega - PICO/Named_Titles/Zauberbuntstifte (Germany).png</image>
    <video>/recalbox/share/videos/No-Intro/Sega - PICO/Zauberbuntstifte (Germany).mp4</video>
  </game>
</gamelist>