<gamelist>
  <game>
    <path>/recalbox/share/roms/readystream/wswan/15 Game (World) (Ja) (WonderWitch) (Unl).zip</path>
    <name>15 Game (World) (Ja) (WonderWitch) (Unl)</name>
    <image>/recalbox/share/thumbs/Bandai - WonderSwan/Named_Titles/15 Game (World) (Ja) (WonderWitch) (Unl).png</image>
    <video>/recalbox/share/videos/No-Intro/Bandai - WonderSwan/15 Game (World) (Ja) (WonderWitch) (Unl).mp4</video>
  </game>
  <game>
    <path>/recalbox/share/roms/readystream/wswan/15 Puzzle (World) (WonderWitch) (Unl).zip</path>
    <name>15 Puzzle (World) (WonderWitch) (Unl)</name>
    <image>/recalbox/share/thumbs/Bandai - WonderSwan/Named_Titles/15 Puzzle (World) (WonderWitch) (Unl).png</image>
    <video>/recalbox/share/videos/No-Intro/Bandai - WonderSwan/15 Puzzle (World) (WonderWitch) (Unl).mp4</video>
  </game>
  <game>
    <path>/recalbox/share/roms/readystream/wswan/15 Puzzle for WW (World) (Ja) (WonderWitch) (Unl).zip</path>
    <name>15 Puzzle for WW (World) (Ja) (WonderWitch) (Unl)</name>
    <image>/recalbox/share/thumbs/Bandai - WonderSwan/Named_Titles/15 Puzzle for WW (World) (Ja) (WonderWitch) (Unl).png</image>
    <video>/recalbox/share/videos/No-Intro/Bandai - WonderSwan/15 Puzzle for WW (World) (Ja) (WonderWitch) (Unl).mp4</video>
  </game>
  <game>
    <path>/recalbox/share/roms/readystream/wswan/3D Mapping Tool (World) (v1.10) (WonderWitch) (Program) (Unl).zip</path>
    <name>3D Mapping Tool (World) (v1.10) (WonderWitch) (Program) (Unl)</name>
    <image>/recalbox/share/thumbs/Bandai - WonderSwan/Named_Titles/3D Mapping Tool (World) (v1.10) (WonderWitch) (Program) (Unl).png</image>
    <video>/recalbox/share/videos/No-Intro/Bandai - WonderSwan/3D Mapping Tool (World) (v1.10) (WonderWitch) (Program) (Unl).mp4</video>
  </game>
  <game>
    <path>/recalbox/share/roms/readystream/wswan/50 Oto Nyouryoku (World) (Ja) (WonderWitch) (Unl).zip</path>
    <name>50 Oto Nyouryoku (World) (Ja) (WonderWitch) (Unl)</name>
    <image>/recalbox/share/thumbs/Bandai - WonderSwan/Named_Titles/50 Oto Nyouryoku (World) (Ja) (WonderWitch) (Unl).png</image>
    <video>/recalbox/share/videos/No-Intro/Bandai - WonderSwan/50 Oto Nyouryoku (World) (Ja) (WonderWitch) (Unl).mp4</video>
  </game>
  <game>
    <path>/recalbox/share/roms/readystream/wswan/7 Days Left (World) (Ja) (v1.00) (WonderWitch) (WWGP2002) (Unl).zip</path>
    <name>7 Days Left (World) (Ja) (v1.00) (WonderWitch) (WWGP2002) (Unl)</name>
    <image>/recalbox/share/thumbs/Bandai - WonderSwan/Named_Titles/7 Days Left (World) (Ja) (v1.00) (WonderWitch) (WWGP2002) (Unl).png</image>
    <video>/recalbox/share/videos/No-Intro/Bandai - WonderSwan/7 Days Left (World) (Ja) (v1.00) (WonderWitch) (WWGP2002) (Unl).mp4</video>
  </game>
  <game>
    <path>/recalbox/share/roms/readystream/wswan/7 Days Left (World) (Ja) (v1.01) (WonderWitch) (Unl).zip</path>
    <name>7 Days Left (World) (Ja) (v1.01) (WonderWitch) (Unl)</name>
    <image>/recalbox/share/thumbs/Bandai - WonderSwan/Named_Titles/7 Days Left (World) (Ja) (v1.01) (WonderWitch) (Unl).png</image>
    <video>/recalbox/share/videos/No-Intro/Bandai - WonderSwan/7 Days Left (World) (Ja) (v1.01) (WonderWitch) (Unl).mp4</video>
  </game>
  <game>
    <path>/recalbox/share/roms/readystream/wswan/Anchorz Field (Japan).zip</path>
    <name>Anchorz Field (Japan)</name>
    <image>/recalbox/share/thumbs/Bandai - WonderSwan/Named_Titles/Anchorz Field (Japan).png</image>
    <video>/recalbox/share/videos/No-Intro/Bandai - WonderSwan/Anchorz Field (Japan).mp4</video>
  </game>
  <game>
    <path>/recalbox/share/roms/readystream/wswan/Atakshii (World) (Ja) (WonderWitch) (Unl).zip</path>
    <name>Atakshii (World) (Ja) (WonderWitch) (Unl)</name>
    <image>/recalbox/share/thumbs/Bandai - WonderSwan/Named_Titles/Atakshii (World) (Ja) (WonderWitch) (Unl).png</image>
    <video>/recalbox/share/videos/No-Intro/Bandai - WonderSwan/Atakshii (World) (Ja) (WonderWitch) (Unl).mp4</video>
  </game>
  <game>
    <path>/recalbox/share/roms/readystream/wswan/Atodashi (World) (WonderWitch) (Unl).zip</path>
    <name>Atodashi (World) (WonderWitch) (Unl)</name>
    <image>/recalbox/share/thumbs/Bandai - WonderSwan/Named_Titles/Atodashi (World) (WonderWitch) (Unl).png</image>
    <video>/recalbox/share/videos/No-Intro/Bandai - WonderSwan/Atodashi (World) (WonderWitch) (Unl).mp4</video>
  </game>
  <game>
    <path>/recalbox/share/roms/readystream/wswan/B.A.F. (World) (Proto) (WonderWitch) (Unl).zip</path>
    <name>B.A.F. (World) (Proto) (WonderWitch) (Unl)</name>
    <image>/recalbox/share/thumbs/Bandai - WonderSwan/Named_Titles/B.A.F. (World) (Proto) (WonderWitch) (Unl).png</image>
    <video>/recalbox/share/videos/No-Intro/Bandai - WonderSwan/B.A.F. (World) (Proto) (WonderWitch) (Unl).mp4</video>
  </game>
  <game>
    <path>/recalbox/share/roms/readystream/wswan/BANDAI Default Splash Screen (Japan) (Program).zip</path>
    <name>BANDAI Default Splash Screen (Japan) (Program)</name>
    <image>/recalbox/share/thumbs/Bandai - WonderSwan/Named_Titles/BANDAI Default Splash Screen (Japan) (Program).png</image>
    <video>/recalbox/share/videos/No-Intro/Bandai - WonderSwan/BANDAI Default Splash Screen (Japan) (Program).mp4</video>
  </game>
  <game>
    <path>/recalbox/share/roms/readystream/wswan/BNU (World) (v1.1) (WonderWitch) (Unl).zip</path>
    <name>BNU (World) (v1.1) (WonderWitch) (Unl)</name>
    <image>/recalbox/share/thumbs/Bandai - WonderSwan/Named_Titles/BNU (World) (v1.1) (WonderWitch) (Unl).png</image>
    <video>/recalbox/share/videos/No-Intro/Bandai - WonderSwan/BNU (World) (v1.1) (WonderWitch) (Unl).mp4</video>
  </game>
  <game>
    <path>/recalbox/share/roms/readystream/wswan/Bakusou Dekotora Densetsu for WonderSwan (Japan).zip</path>
    <name>Bakusou Dekotora Densetsu for WonderSwan (Japan)</name>
    <image>/recalbox/share/thumbs/Bandai - WonderSwan/Named_Titles/Bakusou Dekotora Densetsu for WonderSwan (Japan).png</image>
    <video>/recalbox/share/videos/No-Intro/Bandai - WonderSwan/Bakusou Dekotora Densetsu for WonderSwan (Japan).mp4</video>
  </game>
  <game>
    <path>/recalbox/share/roms/readystream/wswan/Ball and Block (World) (WonderWitch) (Unl).zip</path>
    <name>Ball and Block (World) (WonderWitch) (Unl)</name>
    <image>/recalbox/share/thumbs/Bandai - WonderSwan/Named_Titles/Ball and Block (World) (WonderWitch) (Unl).png</image>
    <video>/recalbox/share/videos/No-Intro/Bandai - WonderSwan/Ball and Block (World) (WonderWitch) (Unl).mp4</video>
  </game>
  <game>
    <path>/recalbox/share/roms/readystream/wswan/Balloon (World) (WonderWitch) (Unl).zip</path>
    <name>Balloon (World) (WonderWitch) (Unl)</name>
    <image>/recalbox/share/thumbs/Bandai - WonderSwan/Named_Titles/Balloon (World) (WonderWitch) (Unl).png</image>
    <video>/recalbox/share/videos/No-Intro/Bandai - WonderSwan/Balloon (World) (WonderWitch) (Unl).mp4</video>
  </game>
  <game>
    <path>/recalbox/share/roms/readystream/wswan/Broom (World) (WonderWitch) (Program) (Unl).zip</path>
    <name>Broom (World) (WonderWitch) (Program) (Unl)</name>
    <image>/recalbox/share/thumbs/Bandai - WonderSwan/Named_Titles/Broom (World) (WonderWitch) (Program) (Unl).png</image>
    <video>/recalbox/share/videos/No-Intro/Bandai - WonderSwan/Broom (World) (WonderWitch) (Program) (Unl).mp4</video>
  </game>
  <game>
    <path>/recalbox/share/roms/readystream/wswan/Buffers Evolution (Japan).zip</path>
    <name>Buffers Evolution (Japan)</name>
    <image>/recalbox/share/thumbs/Bandai - WonderSwan/Named_Titles/Buffers Evolution (Japan).png</image>
    <video>/recalbox/share/videos/No-Intro/Bandai - WonderSwan/Buffers Evolution (Japan).mp4</video>
  </game>
  <game>
    <path>/recalbox/share/roms/readystream/wswan/Buro (World) (WonderWitch) (Unl).zip</path>
    <name>Buro (World) (WonderWitch) (Unl)</name>
    <image>/recalbox/share/thumbs/Bandai - WonderSwan/Named_Titles/Buro (World) (WonderWitch) (Unl).png</image>
    <video>/recalbox/share/videos/No-Intro/Bandai - WonderSwan/Buro (World) (WonderWitch) (Unl).mp4</video>
  </game>
  <game>
    <path>/recalbox/share/roms/readystream/wswan/C-Man (World) (Ja) (WonderWitch) (Unl).zip</path>
    <name>C-Man (World) (Ja) (WonderWitch) (Unl)</name>
    <image>/recalbox/share/thumbs/Bandai - WonderSwan/Named_Titles/C-Man (World) (Ja) (WonderWitch) (Unl).png</image>
    <video>/recalbox/share/videos/No-Intro/Bandai - WonderSwan/C-Man (World) (Ja) (WonderWitch) (Unl).mp4</video>
  </game>
  <game>
    <path>/recalbox/share/roms/readystream/wswan/Cardcaptor Sakura - Sakura to Fushigi na Clow Card (Japan).zip</path>
    <name>Cardcaptor Sakura - Sakura to Fushigi na Clow Card (Japan)</name>
    <image>/recalbox/share/thumbs/Bandai - WonderSwan/Named_Titles/Cardcaptor Sakura - Sakura to Fushigi na Clow Card (Japan).png</image>
    <video>/recalbox/share/videos/No-Intro/Bandai - WonderSwan/Cardcaptor Sakura - Sakura to Fushigi na Clow Card (Japan).mp4</video>
  </game>
  <game>
    <path>/recalbox/share/roms/readystream/wswan/Castle (World) (WonderWitch) (Unl).zip</path>
    <name>Castle (World) (WonderWitch) (Unl)</name>
    <image>/recalbox/share/thumbs/Bandai - WonderSwan/Named_Titles/Castle (World) (WonderWitch) (Unl).png</image>
    <video>/recalbox/share/videos/No-Intro/Bandai - WonderSwan/Castle (World) (WonderWitch) (Unl).mp4</video>
  </game>
  <game>
    <path>/recalbox/share/roms/readystream/wswan/Cave Flyer (World) (Proto 1) (WonderWitch) (Unl).zip</path>
    <name>Cave Flyer (World) (Proto 1) (WonderWitch) (Unl)</name>
    <image>/recalbox/share/thumbs/Bandai - WonderSwan/Named_Titles/Cave Flyer (World) (Proto 1) (WonderWitch) (Unl).png</image>
    <video>/recalbox/share/videos/No-Intro/Bandai - WonderSwan/Cave Flyer (World) (Proto 1) (WonderWitch) (Unl).mp4</video>
  </game>
  <game>
    <path>/recalbox/share/roms/readystream/wswan/Cave Flyer (World) (Proto 2) (WonderWitch) (WWGP2001) (Unl).zip</path>
    <name>Cave Flyer (World) (Proto 2) (WonderWitch) (WWGP2001) (Unl)</name>
    <image>/recalbox/share/thumbs/Bandai - WonderSwan/Named_Titles/Cave Flyer (World) (Proto 2) (WonderWitch) (WWGP2001) (Unl).png</image>
    <video>/recalbox/share/videos/No-Intro/Bandai - WonderSwan/Cave Flyer (World) (Proto 2) (WonderWitch) (WWGP2001) (Unl).mp4</video>
  </game>
  <game>
    <path>/recalbox/share/roms/readystream/wswan/Chikyou o Mamore Ozon-sou (World) (Ja) (Proto) (WonderWitch) (Unl).zip</path>
    <name>Chikyou o Mamore Ozon-sou (World) (Ja) (Proto) (WonderWitch) (Unl)</name>
    <image>/recalbox/share/thumbs/Bandai - WonderSwan/Named_Titles/Chikyou o Mamore Ozon-sou (World) (Ja) (Proto) (WonderWitch) (Unl).png</image>
    <video>/recalbox/share/videos/No-Intro/Bandai - WonderSwan/Chikyou o Mamore Ozon-sou (World) (Ja) (Proto) (WonderWitch) (Unl).mp4</video>
  </game>
  <game>
    <path>/recalbox/share/roms/readystream/wswan/Chocobo no Fushigi na Dungeon for WonderSwan (Japan) (Rev 1).zip</path>
    <name>Chocobo no Fushigi na Dungeon for WonderSwan (Japan) (Rev 1)</name>
    <image>/recalbox/share/thumbs/Bandai - WonderSwan/Named_Titles/Chocobo no Fushigi na Dungeon for WonderSwan (Japan) (Rev 1).png</image>
    <video>/recalbox/share/videos/No-Intro/Bandai - WonderSwan/Chocobo no Fushigi na Dungeon for WonderSwan (Japan) (Rev 1).mp4</video>
  </game>
  <game>
    <path>/recalbox/share/roms/readystream/wswan/Chocobo no Fushigi na Dungeon for WonderSwan (Japan) (Rev 2).zip</path>
    <name>Chocobo no Fushigi na Dungeon for WonderSwan (Japan) (Rev 2)</name>
    <image>/recalbox/share/thumbs/Bandai - WonderSwan/Named_Titles/Chocobo no Fushigi na Dungeon for WonderSwan (Japan) (Rev 2).png</image>
    <video>/recalbox/share/videos/No-Intro/Bandai - WonderSwan/Chocobo no Fushigi na Dungeon for WonderSwan (Japan) (Rev 2).mp4</video>
  </game>
  <game>
    <path>/recalbox/share/roms/readystream/wswan/Chocobo no Fushigi na Dungeon for WonderSwan (Japan) (Rev 3).zip</path>
    <name>Chocobo no Fushigi na Dungeon for WonderSwan (Japan) (Rev 3)</name>
    <image>/recalbox/share/thumbs/Bandai - WonderSwan/Named_Titles/Chocobo no Fushigi na Dungeon for WonderSwan (Japan) (Rev 3).png</image>
    <video>/recalbox/share/videos/No-Intro/Bandai - WonderSwan/Chocobo no Fushigi na Dungeon for WonderSwan (Japan) (Rev 3).mp4</video>
  </game>
  <game>
    <path>/recalbox/share/roms/readystream/wswan/Chou Aniki - Otoko no Tamafuda (Japan) (Rev 4).zip</path>
    <name>Chou Aniki - Otoko no Tamafuda (Japan) (Rev 4)</name>
    <image>/recalbox/share/thumbs/Bandai - WonderSwan/Named_Titles/Chou Aniki - Otoko no Tamafuda (Japan) (Rev 4).png</image>
    <video>/recalbox/share/videos/No-Intro/Bandai - WonderSwan/Chou Aniki - Otoko no Tamafuda (Japan) (Rev 4).mp4</video>
  </game>
  <game>
    <path>/recalbox/share/roms/readystream/wswan/Chuuka Taisen (World) (WonderWitch) (Unl).zip</path>
    <name>Chuuka Taisen (World) (WonderWitch) (Unl)</name>
    <image>/recalbox/share/thumbs/Bandai - WonderSwan/Named_Titles/Chuuka Taisen (World) (WonderWitch) (Unl).png</image>
    <video>/recalbox/share/videos/No-Intro/Bandai - WonderSwan/Chuuka Taisen (World) (WonderWitch) (Unl).mp4</video>
  </game>
  <game>
    <path>/recalbox/share/roms/readystream/wswan/Clock Tower for WonderSwan (Japan) (Rev 1).zip</path>
    <name>Clock Tower for WonderSwan (Japan) (Rev 1)</name>
    <image>/recalbox/share/thumbs/Bandai - WonderSwan/Named_Titles/Clock Tower for WonderSwan (Japan) (Rev 1).png</image>
    <video>/recalbox/share/videos/No-Intro/Bandai - WonderSwan/Clock Tower for WonderSwan (Japan) (Rev 1).mp4</video>
  </game>
  <game>
    <path>/recalbox/share/roms/readystream/wswan/Crazy Climber (Japan).zip</path>
    <name>Crazy Climber (Japan)</name>
    <image>/recalbox/share/thumbs/Bandai - WonderSwan/Named_Titles/Crazy Climber (Japan).png</image>
    <video>/recalbox/share/videos/No-Intro/Bandai - WonderSwan/Crazy Climber (Japan).mp4</video>
  </game>
  <game>
    <path>/recalbox/share/roms/readystream/wswan/D's Garage 21 Koubo Game - Tane o Maku Tori (Japan).zip</path>
    <name>D&apos;s Garage 21 Koubo Game - Tane o Maku Tori (Japan)</name>
    <image>/recalbox/share/thumbs/Bandai - WonderSwan/Named_Titles/D&apos;s Garage 21 Koubo Game - Tane o Maku Tori (Japan).png</image>
    <video>/recalbox/share/videos/No-Intro/Bandai - WonderSwan/D&apos;s Garage 21 Koubo Game - Tane o Maku Tori (Japan).mp4</video>
  </game>
  <game>
    <path>/recalbox/share/roms/readystream/wswan/Datchuchu (World) (Ja) (WonderWitch) (Unl).zip</path>
    <name>Datchuchu (World) (Ja) (WonderWitch) (Unl)</name>
    <image>/recalbox/share/thumbs/Bandai - WonderSwan/Named_Titles/Datchuchu (World) (Ja) (WonderWitch) (Unl).png</image>
    <video>/recalbox/share/videos/No-Intro/Bandai - WonderSwan/Datchuchu (World) (Ja) (WonderWitch) (Unl).mp4</video>
  </game>
  <game>
    <path>/recalbox/share/roms/readystream/wswan/Densha de Go! (Japan) (Rev 1).zip</path>
    <name>Densha de Go! (Japan) (Rev 1)</name>
    <image>/recalbox/share/thumbs/Bandai - WonderSwan/Named_Titles/Densha de Go! (Japan) (Rev 1).png</image>
    <video>/recalbox/share/videos/No-Intro/Bandai - WonderSwan/Densha de Go! (Japan) (Rev 1).mp4</video>
  </game>
  <game>
    <path>/recalbox/share/roms/readystream/wswan/Densha de Go! 2 (Japan).zip</path>
    <name>Densha de Go! 2 (Japan)</name>
    <image>/recalbox/share/thumbs/Bandai - WonderSwan/Named_Titles/Densha de Go! 2 (Japan).png</image>
    <video>/recalbox/share/videos/No-Intro/Bandai - WonderSwan/Densha de Go! 2 (Japan).mp4</video>
  </game>
  <game>
    <path>/recalbox/share/roms/readystream/wswan/Dexten (World) (WonderWitch) (Unl).zip</path>
    <name>Dexten (World) (WonderWitch) (Unl)</name>
    <image>/recalbox/share/thumbs/Bandai - WonderSwan/Named_Titles/Dexten (World) (WonderWitch) (Unl).png</image>
    <video>/recalbox/share/videos/No-Intro/Bandai - WonderSwan/Dexten (World) (WonderWitch) (Unl).mp4</video>
  </game>
  <game>
    <path>/recalbox/share/roms/readystream/wswan/Digimon Adventure - Anode Tamer (Japan) (Rev 1).zip</path>
    <name>Digimon Adventure - Anode Tamer (Japan) (Rev 1)</name>
    <image>/recalbox/share/thumbs/Bandai - WonderSwan/Named_Titles/Digimon Adventure - Anode Tamer (Japan) (Rev 1).png</image>
    <video>/recalbox/share/videos/No-Intro/Bandai - WonderSwan/Digimon Adventure - Anode Tamer (Japan) (Rev 1).mp4</video>
  </game>
  <game>
    <path>/recalbox/share/roms/readystream/wswan/Digimon Adventure - Cathode Tamer (Japan).zip</path>
    <name>Digimon Adventure - Cathode Tamer (Japan)</name>
    <image>/recalbox/share/thumbs/Bandai - WonderSwan/Named_Titles/Digimon Adventure - Cathode Tamer (Japan).png</image>
    <video>/recalbox/share/videos/No-Intro/Bandai - WonderSwan/Digimon Adventure - Cathode Tamer (Japan).mp4</video>
  </game>
  <game>
    <path>/recalbox/share/roms/readystream/wswan/Digimon Adventure 02 - Tag Tamers (Japan).zip</path>
    <name>Digimon Adventure 02 - Tag Tamers (Japan)</name>
    <image>/recalbox/share/thumbs/Bandai - WonderSwan/Named_Titles/Digimon Adventure 02 - Tag Tamers (Japan).png</image>
    <video>/recalbox/share/videos/No-Intro/Bandai - WonderSwan/Digimon Adventure 02 - Tag Tamers (Japan).mp4</video>
  </game>
  <game>
    <path>/recalbox/share/roms/readystream/wswan/Digital Monster - Ver. WonderSwan (Japan) (Rev 1).zip</path>
    <name>Digital Monster - Ver. WonderSwan (Japan) (Rev 1)</name>
    <image>/recalbox/share/thumbs/Bandai - WonderSwan/Named_Titles/Digital Monster - Ver. WonderSwan (Japan) (Rev 1).png</image>
    <video>/recalbox/share/videos/No-Intro/Bandai - WonderSwan/Digital Monster - Ver. WonderSwan (Japan) (Rev 1).mp4</video>
  </game>
  <game>
    <path>/recalbox/share/roms/readystream/wswan/Digital Partner (Japan).zip</path>
    <name>Digital Partner (Japan)</name>
    <image>/recalbox/share/thumbs/Bandai - WonderSwan/Named_Titles/Digital Partner (Japan).png</image>
    <video>/recalbox/share/videos/No-Intro/Bandai - WonderSwan/Digital Partner (Japan).mp4</video>
  </game>
  <game>
    <path>/recalbox/share/roms/readystream/wswan/Disc Upper (World) (WonderWitch) (Unl).zip</path>
    <name>Disc Upper (World) (WonderWitch) (Unl)</name>
    <image>/recalbox/share/thumbs/Bandai - WonderSwan/Named_Titles/Disc Upper (World) (WonderWitch) (Unl).png</image>
    <video>/recalbox/share/videos/No-Intro/Bandai - WonderSwan/Disc Upper (World) (WonderWitch) (Unl).mp4</video>
  </game>
  <game>
    <path>/recalbox/share/roms/readystream/wswan/Dokodemo Hamster (Japan).zip</path>
    <name>Dokodemo Hamster (Japan)</name>
    <image>/recalbox/share/thumbs/Bandai - WonderSwan/Named_Titles/Dokodemo Hamster (Japan).png</image>
    <video>/recalbox/share/videos/No-Intro/Bandai - WonderSwan/Dokodemo Hamster (Japan).mp4</video>
  </game>
  <game>
    <path>/recalbox/share/roms/readystream/wswan/Dolls (World) (Ja) (WonderWitch) (Unl).zip</path>
    <name>Dolls (World) (Ja) (WonderWitch) (Unl)</name>
    <image>/recalbox/share/thumbs/Bandai - WonderSwan/Named_Titles/Dolls (World) (Ja) (WonderWitch) (Unl).png</image>
    <video>/recalbox/share/videos/No-Intro/Bandai - WonderSwan/Dolls (World) (Ja) (WonderWitch) (Unl).mp4</video>
  </game>
  <game>
    <path>/recalbox/share/roms/readystream/wswan/Doukutsu Tantei Oke (World) (Ja) (Demo) (WonderWitch) (Unl).zip</path>
    <name>Doukutsu Tantei Oke (World) (Ja) (Demo) (WonderWitch) (Unl)</name>
    <image>/recalbox/share/thumbs/Bandai - WonderSwan/Named_Titles/Doukutsu Tantei Oke (World) (Ja) (Demo) (WonderWitch) (Unl).png</image>
    <video>/recalbox/share/videos/No-Intro/Bandai - WonderSwan/Doukutsu Tantei Oke (World) (Ja) (Demo) (WonderWitch) (Unl).mp4</video>
  </game>
  <game>
    <path>/recalbox/share/roms/readystream/wswan/EF-Cribbage (World) (Ja) (v0.28) (Proto) (WonderWitch) (Unl).zip</path>
    <name>EF-Cribbage (World) (Ja) (v0.28) (Proto) (WonderWitch) (Unl)</name>
    <image>/recalbox/share/thumbs/Bandai - WonderSwan/Named_Titles/EF-Cribbage (World) (Ja) (v0.28) (Proto) (WonderWitch) (Unl).png</image>
    <video>/recalbox/share/videos/No-Intro/Bandai - WonderSwan/EF-Cribbage (World) (Ja) (v0.28) (Proto) (WonderWitch) (Unl).mp4</video>
  </game>
  <game>
    <path>/recalbox/share/roms/readystream/wswan/Exnos (World) (Ja) (WonderWitch) (Program) (Unl).zip</path>
    <name>Exnos (World) (Ja) (WonderWitch) (Program) (Unl)</name>
    <image>/recalbox/share/thumbs/Bandai - WonderSwan/Named_Titles/Exnos (World) (Ja) (WonderWitch) (Program) (Unl).png</image>
    <video>/recalbox/share/videos/No-Intro/Bandai - WonderSwan/Exnos (World) (Ja) (WonderWitch) (Program) (Unl).mp4</video>
  </game>
  <game>
    <path>/recalbox/share/roms/readystream/wswan/Fever - Sankyo Koushiki Pachinko Simulation for WonderSwan (Japan).zip</path>
    <name>Fever - Sankyo Koushiki Pachinko Simulation for WonderSwan (Japan)</name>
    <image>/recalbox/share/thumbs/Bandai - WonderSwan/Named_Titles/Fever - Sankyo Koushiki Pachinko Simulation for WonderSwan (Japan).png</image>
    <video>/recalbox/share/videos/No-Intro/Bandai - WonderSwan/Fever - Sankyo Koushiki Pachinko Simulation for WonderSwan (Japan).mp4</video>
  </game>
  <game>
    <path>/recalbox/share/roms/readystream/wswan/Final Lap 2000 (Japan).zip</path>
    <name>Final Lap 2000 (Japan)</name>
    <image>/recalbox/share/thumbs/Bandai - WonderSwan/Named_Titles/Final Lap 2000 (Japan).png</image>
    <video>/recalbox/share/videos/No-Intro/Bandai - WonderSwan/Final Lap 2000 (Japan).mp4</video>
  </game>
  <game>
    <path>/recalbox/share/roms/readystream/wswan/Fire Pro Wrestling for WonderSwan (Japan) (Rev 5).zip</path>
    <name>Fire Pro Wrestling for WonderSwan (Japan) (Rev 5)</name>
    <image>/recalbox/share/thumbs/Bandai - WonderSwan/Named_Titles/Fire Pro Wrestling for WonderSwan (Japan) (Rev 5).png</image>
    <video>/recalbox/share/videos/No-Intro/Bandai - WonderSwan/Fire Pro Wrestling for WonderSwan (Japan) (Rev 5).mp4</video>
  </game>
  <game>
    <path>/recalbox/share/roms/readystream/wswan/Fishing Freaks - Bass Rise for WonderSwan (Japan).zip</path>
    <name>Fishing Freaks - Bass Rise for WonderSwan (Japan)</name>
    <image>/recalbox/share/thumbs/Bandai - WonderSwan/Named_Titles/Fishing Freaks - Bass Rise for WonderSwan (Japan).png</image>
    <video>/recalbox/share/videos/No-Intro/Bandai - WonderSwan/Fishing Freaks - Bass Rise for WonderSwan (Japan).mp4</video>
  </game>
  <game>
    <path>/recalbox/share/roms/readystream/wswan/Frontier (World) (Ja) (WonderWitch) (Unl).zip</path>
    <name>Frontier (World) (Ja) (WonderWitch) (Unl)</name>
    <image>/recalbox/share/thumbs/Bandai - WonderSwan/Named_Titles/Frontier (World) (Ja) (WonderWitch) (Unl).png</image>
    <video>/recalbox/share/videos/No-Intro/Bandai - WonderSwan/Frontier (World) (Ja) (WonderWitch) (Unl).mp4</video>
  </game>
  <game>
    <path>/recalbox/share/roms/readystream/wswan/GB Yu-Gi-Oh Database (World) (Ja) (WonderWitch) (Unl).zip</path>
    <name>GB Yu-Gi-Oh Database (World) (Ja) (WonderWitch) (Unl)</name>
    <image>/recalbox/share/thumbs/Bandai - WonderSwan/Named_Titles/GB Yu-Gi-Oh Database (World) (Ja) (WonderWitch) (Unl).png</image>
    <video>/recalbox/share/videos/No-Intro/Bandai - WonderSwan/GB Yu-Gi-Oh Database (World) (Ja) (WonderWitch) (Unl).mp4</video>
  </game>
  <game>
    <path>/recalbox/share/roms/readystream/wswan/Gachagacha Nyouryoku (World) (Ja) (WonderWitch) (Unl).zip</path>
    <name>Gachagacha Nyouryoku (World) (Ja) (WonderWitch) (Unl)</name>
    <image>/recalbox/share/thumbs/Bandai - WonderSwan/Named_Titles/Gachagacha Nyouryoku (World) (Ja) (WonderWitch) (Unl).png</image>
    <video>/recalbox/share/videos/No-Intro/Bandai - WonderSwan/Gachagacha Nyouryoku (World) (Ja) (WonderWitch) (Unl).mp4</video>
  </game>
  <game>
    <path>/recalbox/share/roms/readystream/wswan/Ganso Jajamaru-kun (Japan).zip</path>
    <name>Ganso Jajamaru-kun (Japan)</name>
    <image>/recalbox/share/thumbs/Bandai - WonderSwan/Named_Titles/Ganso Jajamaru-kun (Japan).png</image>
    <video>/recalbox/share/videos/No-Intro/Bandai - WonderSwan/Ganso Jajamaru-kun (Japan).mp4</video>
  </game>
  <game>
    <path>/recalbox/share/roms/readystream/wswan/Glocal Hexcite (Japan).zip</path>
    <name>Glocal Hexcite (Japan)</name>
    <image>/recalbox/share/thumbs/Bandai - WonderSwan/Named_Titles/Glocal Hexcite (Japan).png</image>
    <video>/recalbox/share/videos/No-Intro/Bandai - WonderSwan/Glocal Hexcite (Japan).mp4</video>
  </game>
  <game>
    <path>/recalbox/share/roms/readystream/wswan/Goraku Ou Tango! (Japan) (Rev 2).zip</path>
    <name>Goraku Ou Tango! (Japan) (Rev 2)</name>
    <image>/recalbox/share/thumbs/Bandai - WonderSwan/Named_Titles/Goraku Ou Tango! (Japan) (Rev 2).png</image>
    <video>/recalbox/share/videos/No-Intro/Bandai - WonderSwan/Goraku Ou Tango! (Japan) (Rev 2).mp4</video>
  </game>
  <game>
    <path>/recalbox/share/roms/readystream/wswan/GunPey (Japan).zip</path>
    <name>GunPey (Japan)</name>
    <image>/recalbox/share/thumbs/Bandai - WonderSwan/Named_Titles/GunPey (Japan).png</image>
    <video>/recalbox/share/videos/No-Intro/Bandai - WonderSwan/GunPey (Japan).mp4</video>
  </game>
  <game>
    <path>/recalbox/share/roms/readystream/wswan/Hanafuda Shiyouyo (Japan).zip</path>
    <name>Hanafuda Shiyouyo (Japan)</name>
    <image>/recalbox/share/thumbs/Bandai - WonderSwan/Named_Titles/Hanafuda Shiyouyo (Japan).png</image>
    <video>/recalbox/share/videos/No-Intro/Bandai - WonderSwan/Hanafuda Shiyouyo (Japan).mp4</video>
  </game>
  <game>
    <path>/recalbox/share/roms/readystream/wswan/Harobots (Japan) (Rev 1).zip</path>
    <name>Harobots (Japan) (Rev 1)</name>
    <image>/recalbox/share/thumbs/Bandai - WonderSwan/Named_Titles/Harobots (Japan) (Rev 1).png</image>
    <video>/recalbox/share/videos/No-Intro/Bandai - WonderSwan/Harobots (Japan) (Rev 1).mp4</video>
  </game>
  <game>
    <path>/recalbox/share/roms/readystream/wswan/Harobots (Japan).zip</path>
    <name>Harobots (Japan)</name>
    <image>/recalbox/share/thumbs/Bandai - WonderSwan/Named_Titles/Harobots (Japan).png</image>
    <video>/recalbox/share/videos/No-Intro/Bandai - WonderSwan/Harobots (Japan).mp4</video>
  </game>
  <game>
    <path>/recalbox/share/roms/readystream/wswan/Hayauchi! (World) (Ja) (WonderWitch) (Unl).zip</path>
    <name>Hayauchi! (World) (Ja) (WonderWitch) (Unl)</name>
    <image>/recalbox/share/thumbs/Bandai - WonderSwan/Named_Titles/Hayauchi! (World) (Ja) (WonderWitch) (Unl).png</image>
    <video>/recalbox/share/videos/No-Intro/Bandai - WonderSwan/Hayauchi! (World) (Ja) (WonderWitch) (Unl).mp4</video>
  </game>
  <game>
    <path>/recalbox/share/roms/readystream/wswan/Hex Calculator (World) (Ja) (WonderWitch) (Unl).zip</path>
    <name>Hex Calculator (World) (Ja) (WonderWitch) (Unl)</name>
    <image>/recalbox/share/thumbs/Bandai - WonderSwan/Named_Titles/Hex Calculator (World) (Ja) (WonderWitch) (Unl).png</image>
    <video>/recalbox/share/videos/No-Intro/Bandai - WonderSwan/Hex Calculator (World) (Ja) (WonderWitch) (Unl).mp4</video>
  </game>
  <game>
    <path>/recalbox/share/roms/readystream/wswan/Hima Tsubushi (World) (WonderWitch) (Unl).zip</path>
    <name>Hima Tsubushi (World) (WonderWitch) (Unl)</name>
    <image>/recalbox/share/thumbs/Bandai - WonderSwan/Named_Titles/Hima Tsubushi (World) (WonderWitch) (Unl).png</image>
    <video>/recalbox/share/videos/No-Intro/Bandai - WonderSwan/Hima Tsubushi (World) (WonderWitch) (Unl).mp4</video>
  </game>
  <game>
    <path>/recalbox/share/roms/readystream/wswan/Hito (World) (Ja) (WonderWitch) (Unl).zip</path>
    <name>Hito (World) (Ja) (WonderWitch) (Unl)</name>
    <image>/recalbox/share/thumbs/Bandai - WonderSwan/Named_Titles/Hito (World) (Ja) (WonderWitch) (Unl).png</image>
    <video>/recalbox/share/videos/No-Intro/Bandai - WonderSwan/Hito (World) (Ja) (WonderWitch) (Unl).mp4</video>
  </game>
  <game>
    <path>/recalbox/share/roms/readystream/wswan/Honey (World) (Ja) (v0.4) (WonderWitch) (Program) (Unl).zip</path>
    <name>Honey (World) (Ja) (v0.4) (WonderWitch) (Program) (Unl)</name>
    <image>/recalbox/share/thumbs/Bandai - WonderSwan/Named_Titles/Honey (World) (Ja) (v0.4) (WonderWitch) (Program) (Unl).png</image>
    <video>/recalbox/share/videos/No-Intro/Bandai - WonderSwan/Honey (World) (Ja) (v0.4) (WonderWitch) (Program) (Unl).mp4</video>
  </game>
  <game>
    <path>/recalbox/share/roms/readystream/wswan/Hunter X Hunter - Ishi o Tsugu Mono (Japan) (Rev 1).zip</path>
    <name>Hunter X Hunter - Ishi o Tsugu Mono (Japan) (Rev 1)</name>
    <image>/recalbox/share/thumbs/Bandai - WonderSwan/Named_Titles/Hunter X Hunter - Ishi o Tsugu Mono (Japan) (Rev 1).png</image>
    <video>/recalbox/share/videos/No-Intro/Bandai - WonderSwan/Hunter X Hunter - Ishi o Tsugu Mono (Japan) (Rev 1).mp4</video>
  </game>
  <game>
    <path>/recalbox/share/roms/readystream/wswan/Hunter X Hunter - Ishi o Tsugu Mono (Japan) (Rev 2).zip</path>
    <name>Hunter X Hunter - Ishi o Tsugu Mono (Japan) (Rev 2)</name>
    <image>/recalbox/share/thumbs/Bandai - WonderSwan/Named_Titles/Hunter X Hunter - Ishi o Tsugu Mono (Japan) (Rev 2).png</image>
    <video>/recalbox/share/videos/No-Intro/Bandai - WonderSwan/Hunter X Hunter - Ishi o Tsugu Mono (Japan) (Rev 2).mp4</video>
  </game>
  <game>
    <path>/recalbox/share/roms/readystream/wswan/Inu Renda (World) (Ja) (WonderWitch) (Unl).zip</path>
    <name>Inu Renda (World) (Ja) (WonderWitch) (Unl)</name>
    <image>/recalbox/share/thumbs/Bandai - WonderSwan/Named_Titles/Inu Renda (World) (Ja) (WonderWitch) (Unl).png</image>
    <video>/recalbox/share/videos/No-Intro/Bandai - WonderSwan/Inu Renda (World) (Ja) (WonderWitch) (Unl).mp4</video>
  </game>
  <game>
    <path>/recalbox/share/roms/readystream/wswan/Invader DX &amp; Boss DX (World) (Ja) (WonderWitch) (Unl).zip</path>
    <name>Invader DX &amp; Boss DX (World) (Ja) (WonderWitch) (Unl)</name>
    <image>/recalbox/share/thumbs/Bandai - WonderSwan/Named_Titles/Invader DX &amp; Boss DX (World) (Ja) (WonderWitch) (Unl).png</image>
    <video>/recalbox/share/videos/No-Intro/Bandai - WonderSwan/Invader DX &amp; Boss DX (World) (Ja) (WonderWitch) (Unl).mp4</video>
  </game>
  <game>
    <path>/recalbox/share/roms/readystream/wswan/Ishikari (World) (Ja) (WonderWitch) (Unl).zip</path>
    <name>Ishikari (World) (Ja) (WonderWitch) (Unl)</name>
    <image>/recalbox/share/thumbs/Bandai - WonderSwan/Named_Titles/Ishikari (World) (Ja) (WonderWitch) (Unl).png</image>
    <video>/recalbox/share/videos/No-Intro/Bandai - WonderSwan/Ishikari (World) (Ja) (WonderWitch) (Unl).mp4</video>
  </game>
  <game>
    <path>/recalbox/share/roms/readystream/wswan/Jiban Ryuoki - WonderSwan Edition (World) (WonderWitch) (Unl).zip</path>
    <name>Jiban Ryuoki - WonderSwan Edition (World) (WonderWitch) (Unl)</name>
    <image>/recalbox/share/thumbs/Bandai - WonderSwan/Named_Titles/Jiban Ryuoki - WonderSwan Edition (World) (WonderWitch) (Unl).png</image>
    <video>/recalbox/share/videos/No-Intro/Bandai - WonderSwan/Jiban Ryuoki - WonderSwan Edition (World) (WonderWitch) (Unl).mp4</video>
  </game>
  <game>
    <path>/recalbox/share/roms/readystream/wswan/Jump on Step (World) (WonderWitch) (Unl).zip</path>
    <name>Jump on Step (World) (WonderWitch) (Unl)</name>
    <image>/recalbox/share/thumbs/Bandai - WonderSwan/Named_Titles/Jump on Step (World) (WonderWitch) (Unl).png</image>
    <video>/recalbox/share/videos/No-Intro/Bandai - WonderSwan/Jump on Step (World) (WonderWitch) (Unl).mp4</video>
  </game>
  <game>
    <path>/recalbox/share/roms/readystream/wswan/Kaihi Tantei Oke (World) (Ja) (Demo) (WonderWitch) (Unl).zip</path>
    <name>Kaihi Tantei Oke (World) (Ja) (Demo) (WonderWitch) (Unl)</name>
    <image>/recalbox/share/thumbs/Bandai - WonderSwan/Named_Titles/Kaihi Tantei Oke (World) (Ja) (Demo) (WonderWitch) (Unl).png</image>
    <video>/recalbox/share/videos/No-Intro/Bandai - WonderSwan/Kaihi Tantei Oke (World) (Ja) (Demo) (WonderWitch) (Unl).mp4</video>
  </game>
  <game>
    <path>/recalbox/share/roms/readystream/wswan/Kakutou Ryouri Densetsu Bistro Recipe - Wonder Battle Hen (Japan).zip</path>
    <name>Kakutou Ryouri Densetsu Bistro Recipe - Wonder Battle Hen (Japan)</name>
    <image>/recalbox/share/thumbs/Bandai - WonderSwan/Named_Titles/Kakutou Ryouri Densetsu Bistro Recipe - Wonder Battle Hen (Japan).png</image>
    <video>/recalbox/share/videos/No-Intro/Bandai - WonderSwan/Kakutou Ryouri Densetsu Bistro Recipe - Wonder Battle Hen (Japan).mp4</video>
  </game>
  <game>
    <path>/recalbox/share/roms/readystream/wswan/Kana (World) (Ja) (WonderWitch) (Unl).zip</path>
    <name>Kana (World) (Ja) (WonderWitch) (Unl)</name>
    <image>/recalbox/share/thumbs/Bandai - WonderSwan/Named_Titles/Kana (World) (Ja) (WonderWitch) (Unl).png</image>
    <video>/recalbox/share/videos/No-Intro/Bandai - WonderSwan/Kana (World) (Ja) (WonderWitch) (Unl).mp4</video>
  </game>
  <game>
    <path>/recalbox/share/roms/readystream/wswan/Kaze no Klonoa - Moonlight Museum (Japan).zip</path>
    <name>Kaze no Klonoa - Moonlight Museum (Japan)</name>
    <image>/recalbox/share/thumbs/Bandai - WonderSwan/Named_Titles/Kaze no Klonoa - Moonlight Museum (Japan).png</image>
    <video>/recalbox/share/videos/No-Intro/Bandai - WonderSwan/Kaze no Klonoa - Moonlight Museum (Japan).mp4</video>
  </game>
  <game>
    <path>/recalbox/share/roms/readystream/wswan/Kiss Communication (World) (Ja) (WonderWitch) (Unl).zip</path>
    <name>Kiss Communication (World) (Ja) (WonderWitch) (Unl)</name>
    <image>/recalbox/share/thumbs/Bandai - WonderSwan/Named_Titles/Kiss Communication (World) (Ja) (WonderWitch) (Unl).png</image>
    <video>/recalbox/share/videos/No-Intro/Bandai - WonderSwan/Kiss Communication (World) (Ja) (WonderWitch) (Unl).mp4</video>
  </game>
  <game>
    <path>/recalbox/share/roms/readystream/wswan/Kiss Yori... - Seaside Serenade (Japan) (Rev 2).zip</path>
    <name>Kiss Yori... - Seaside Serenade (Japan) (Rev 2)</name>
    <image>/recalbox/share/thumbs/Bandai - WonderSwan/Named_Titles/Kiss Yori... - Seaside Serenade (Japan) (Rev 2).png</image>
    <video>/recalbox/share/videos/No-Intro/Bandai - WonderSwan/Kiss Yori... - Seaside Serenade (Japan) (Rev 2).mp4</video>
  </game>
  <game>
    <path>/recalbox/share/roms/readystream/wswan/Kosodate Quiz - Dokodemo My Angel (Japan).zip</path>
    <name>Kosodate Quiz - Dokodemo My Angel (Japan)</name>
    <image>/recalbox/share/thumbs/Bandai - WonderSwan/Named_Titles/Kosodate Quiz - Dokodemo My Angel (Japan).png</image>
    <video>/recalbox/share/videos/No-Intro/Bandai - WonderSwan/Kosodate Quiz - Dokodemo My Angel (Japan).mp4</video>
  </game>
  <game>
    <path>/recalbox/share/roms/readystream/wswan/Kyousouba Ikusei Simulation - Keiba (Japan) (Rev 1).zip</path>
    <name>Kyousouba Ikusei Simulation - Keiba (Japan) (Rev 1)</name>
    <image>/recalbox/share/thumbs/Bandai - WonderSwan/Named_Titles/Kyousouba Ikusei Simulation - Keiba (Japan) (Rev 1).png</image>
    <video>/recalbox/share/videos/No-Intro/Bandai - WonderSwan/Kyousouba Ikusei Simulation - Keiba (Japan) (Rev 1).mp4</video>
  </game>
  <game>
    <path>/recalbox/share/roms/readystream/wswan/LNPUT (World) (Ja) (WonderWitch) (Unl).zip</path>
    <name>LNPUT (World) (Ja) (WonderWitch) (Unl)</name>
    <image>/recalbox/share/thumbs/Bandai - WonderSwan/Named_Titles/LNPUT (World) (Ja) (WonderWitch) (Unl).png</image>
    <video>/recalbox/share/videos/No-Intro/Bandai - WonderSwan/LNPUT (World) (Ja) (WonderWitch) (Unl).mp4</video>
  </game>
  <game>
    <path>/recalbox/share/roms/readystream/wswan/Langrisser Millennium WS - The Last Century (Japan) (Rev 1).zip</path>
    <name>Langrisser Millennium WS - The Last Century (Japan) (Rev 1)</name>
    <image>/recalbox/share/thumbs/Bandai - WonderSwan/Named_Titles/Langrisser Millennium WS - The Last Century (Japan) (Rev 1).png</image>
    <video>/recalbox/share/videos/No-Intro/Bandai - WonderSwan/Langrisser Millennium WS - The Last Century (Japan) (Rev 1).mp4</video>
  </game>
  <game>
    <path>/recalbox/share/roms/readystream/wswan/Last Stand (Japan).zip</path>
    <name>Last Stand (Japan)</name>
    <image>/recalbox/share/thumbs/Bandai - WonderSwan/Named_Titles/Last Stand (Japan).png</image>
    <video>/recalbox/share/videos/No-Intro/Bandai - WonderSwan/Last Stand (Japan).mp4</video>
  </game>
  <game>
    <path>/recalbox/share/roms/readystream/wswan/LifeGame for WonderWitch (World) (WonderWitch) (Unl).zip</path>
    <name>LifeGame for WonderWitch (World) (WonderWitch) (Unl)</name>
    <image>/recalbox/share/thumbs/Bandai - WonderSwan/Named_Titles/LifeGame for WonderWitch (World) (WonderWitch) (Unl).png</image>
    <video>/recalbox/share/videos/No-Intro/Bandai - WonderSwan/LifeGame for WonderWitch (World) (WonderWitch) (Unl).mp4</video>
  </game>
  <game>
    <path>/recalbox/share/roms/readystream/wswan/Lode Runner for WonderSwan (Japan).zip</path>
    <name>Lode Runner for WonderSwan (Japan)</name>
    <image>/recalbox/share/thumbs/Bandai - WonderSwan/Named_Titles/Lode Runner for WonderSwan (Japan).png</image>
    <video>/recalbox/share/videos/No-Intro/Bandai - WonderSwan/Lode Runner for WonderSwan (Japan).mp4</video>
  </game>
  <game>
    <path>/recalbox/share/roms/readystream/wswan/Long Vowel, The (World) (Ja) (Demo) (WonderWitch) (Unl).zip</path>
    <name>Long Vowel, The (World) (Ja) (Demo) (WonderWitch) (Unl)</name>
    <image>/recalbox/share/thumbs/Bandai - WonderSwan/Named_Titles/Long Vowel, The (World) (Ja) (Demo) (WonderWitch) (Unl).png</image>
    <video>/recalbox/share/videos/No-Intro/Bandai - WonderSwan/Long Vowel, The (World) (Ja) (Demo) (WonderWitch) (Unl).mp4</video>
  </game>
  <game>
    <path>/recalbox/share/roms/readystream/wswan/Mac the Speed Shooter (World) (Proto) (WonderWitch) (Unl).zip</path>
    <name>Mac the Speed Shooter (World) (Proto) (WonderWitch) (Unl)</name>
    <image>/recalbox/share/thumbs/Bandai - WonderSwan/Named_Titles/Mac the Speed Shooter (World) (Proto) (WonderWitch) (Unl).png</image>
    <video>/recalbox/share/videos/No-Intro/Bandai - WonderSwan/Mac the Speed Shooter (World) (Proto) (WonderWitch) (Unl).mp4</video>
  </game>
  <game>
    <path>/recalbox/share/roms/readystream/wswan/Macross - True Love Song (Japan).zip</path>
    <name>Macross - True Love Song (Japan)</name>
    <image>/recalbox/share/thumbs/Bandai - WonderSwan/Named_Titles/Macross - True Love Song (Japan).png</image>
    <video>/recalbox/share/videos/No-Intro/Bandai - WonderSwan/Macross - True Love Song (Japan).mp4</video>
  </game>
  <game>
    <path>/recalbox/share/roms/readystream/wswan/Magical Drop for WonderSwan (Japan).zip</path>
    <name>Magical Drop for WonderSwan (Japan)</name>
    <image>/recalbox/share/thumbs/Bandai - WonderSwan/Named_Titles/Magical Drop for WonderSwan (Japan).png</image>
    <video>/recalbox/share/videos/No-Intro/Bandai - WonderSwan/Magical Drop for WonderSwan (Japan).mp4</video>
  </game>
  <game>
    <path>/recalbox/share/roms/readystream/wswan/Mahjong Touryuumon (Japan) (Rev 3).zip</path>
    <name>Mahjong Touryuumon (Japan) (Rev 3)</name>
    <image>/recalbox/share/thumbs/Bandai - WonderSwan/Named_Titles/Mahjong Touryuumon (Japan) (Rev 3).png</image>
    <video>/recalbox/share/videos/No-Intro/Bandai - WonderSwan/Mahjong Touryuumon (Japan) (Rev 3).mp4</video>
  </game>
  <game>
    <path>/recalbox/share/roms/readystream/wswan/Makaimura for WonderSwan (Japan).zip</path>
    <name>Makaimura for WonderSwan (Japan)</name>
    <image>/recalbox/share/thumbs/Bandai - WonderSwan/Named_Titles/Makaimura for WonderSwan (Japan).png</image>
    <video>/recalbox/share/videos/No-Intro/Bandai - WonderSwan/Makaimura for WonderSwan (Japan).mp4</video>
  </game>
  <game>
    <path>/recalbox/share/roms/readystream/wswan/Medarot Perfect Edition - Kabuto Version (Japan).zip</path>
    <name>Medarot Perfect Edition - Kabuto Version (Japan)</name>
    <image>/recalbox/share/thumbs/Bandai - WonderSwan/Named_Titles/Medarot Perfect Edition - Kabuto Version (Japan).png</image>
    <video>/recalbox/share/videos/No-Intro/Bandai - WonderSwan/Medarot Perfect Edition - Kabuto Version (Japan).mp4</video>
  </game>
  <game>
    <path>/recalbox/share/roms/readystream/wswan/Medarot Perfect Edition - Kuwagata Version (Japan).zip</path>
    <name>Medarot Perfect Edition - Kuwagata Version (Japan)</name>
    <image>/recalbox/share/thumbs/Bandai - WonderSwan/Named_Titles/Medarot Perfect Edition - Kuwagata Version (Japan).png</image>
    <video>/recalbox/share/videos/No-Intro/Bandai - WonderSwan/Medarot Perfect Edition - Kuwagata Version (Japan).mp4</video>
  </game>
  <game>
    <path>/recalbox/share/roms/readystream/wswan/Meitantei Conan - Majutsushi no Chousenjou! (Japan).zip</path>
    <name>Meitantei Conan - Majutsushi no Chousenjou! (Japan)</name>
    <image>/recalbox/share/thumbs/Bandai - WonderSwan/Named_Titles/Meitantei Conan - Majutsushi no Chousenjou! (Japan).png</image>
    <video>/recalbox/share/videos/No-Intro/Bandai - WonderSwan/Meitantei Conan - Majutsushi no Chousenjou! (Japan).mp4</video>
  </game>
  <game>
    <path>/recalbox/share/roms/readystream/wswan/Meitantei Conan - Nishi no Meitantei Saidai no Kiki! (Japan).zip</path>
    <name>Meitantei Conan - Nishi no Meitantei Saidai no Kiki! (Japan)</name>
    <image>/recalbox/share/thumbs/Bandai - WonderSwan/Named_Titles/Meitantei Conan - Nishi no Meitantei Saidai no Kiki! (Japan).png</image>
    <video>/recalbox/share/videos/No-Intro/Bandai - WonderSwan/Meitantei Conan - Nishi no Meitantei Saidai no Kiki! (Japan).mp4</video>
  </game>
  <game>
    <path>/recalbox/share/roms/readystream/wswan/Metakomi Theraphy - Nee Kiite! (Japan).zip</path>
    <name>Metakomi Theraphy - Nee Kiite! (Japan)</name>
    <image>/recalbox/share/thumbs/Bandai - WonderSwan/Named_Titles/Metakomi Theraphy - Nee Kiite! (Japan).png</image>
    <video>/recalbox/share/videos/No-Intro/Bandai - WonderSwan/Metakomi Theraphy - Nee Kiite! (Japan).mp4</video>
  </game>
  <game>
    <path>/recalbox/share/roms/readystream/wswan/Migi Mawari no Randi (World) (Proto) (WonderWitch) (Unl).zip</path>
    <name>Migi Mawari no Randi (World) (Proto) (WonderWitch) (Unl)</name>
    <image>/recalbox/share/thumbs/Bandai - WonderSwan/Named_Titles/Migi Mawari no Randi (World) (Proto) (WonderWitch) (Unl).png</image>
    <video>/recalbox/share/videos/No-Intro/Bandai - WonderSwan/Migi Mawari no Randi (World) (Proto) (WonderWitch) (Unl).mp4</video>
  </game>
  <game>
    <path>/recalbox/share/roms/readystream/wswan/Mingle Magnet (Japan) (En,Ja) (Rev 1).zip</path>
    <name>Mingle Magnet (Japan) (En,Ja) (Rev 1)</name>
    <image>/recalbox/share/thumbs/Bandai - WonderSwan/Named_Titles/Mingle Magnet (Japan) (En,Ja) (Rev 1).png</image>
    <video>/recalbox/share/videos/No-Intro/Bandai - WonderSwan/Mingle Magnet (Japan) (En,Ja) (Rev 1).mp4</video>
  </game>
  <game>
    <path>/recalbox/share/roms/readystream/wswan/Mobile Suit Gundam MSVS (Japan).zip</path>
    <name>Mobile Suit Gundam MSVS (Japan)</name>
    <image>/recalbox/share/thumbs/Bandai - WonderSwan/Named_Titles/Mobile Suit Gundam MSVS (Japan).png</image>
    <video>/recalbox/share/videos/No-Intro/Bandai - WonderSwan/Mobile Suit Gundam MSVS (Japan).mp4</video>
  </game>
  <game>
    <path>/recalbox/share/roms/readystream/wswan/MobileWonderGate (Japan) (Rev 1).zip</path>
    <name>MobileWonderGate (Japan) (Rev 1)</name>
    <image>/recalbox/share/thumbs/Bandai - WonderSwan/Named_Titles/MobileWonderGate (Japan) (Rev 1).png</image>
    <video>/recalbox/share/videos/No-Intro/Bandai - WonderSwan/MobileWonderGate (Japan) (Rev 1).mp4</video>
  </game>
  <game>
    <path>/recalbox/share/roms/readystream/wswan/Moero!! Pro Yakyuu Rookies (Japan).zip</path>
    <name>Moero!! Pro Yakyuu Rookies (Japan)</name>
    <image>/recalbox/share/thumbs/Bandai - WonderSwan/Named_Titles/Moero!! Pro Yakyuu Rookies (Japan).png</image>
    <video>/recalbox/share/videos/No-Intro/Bandai - WonderSwan/Moero!! Pro Yakyuu Rookies (Japan).mp4</video>
  </game>
  <game>
    <path>/recalbox/share/roms/readystream/wswan/Mogura Tatake (World) (Ja) (WonderWitch) (Unl).zip</path>
    <name>Mogura Tatake (World) (Ja) (WonderWitch) (Unl)</name>
    <image>/recalbox/share/thumbs/Bandai - WonderSwan/Named_Titles/Mogura Tatake (World) (Ja) (WonderWitch) (Unl).png</image>
    <video>/recalbox/share/videos/No-Intro/Bandai - WonderSwan/Mogura Tatake (World) (Ja) (WonderWitch) (Unl).mp4</video>
  </game>
  <game>
    <path>/recalbox/share/roms/readystream/wswan/Morita Shougi for WonderSwan (Japan).zip</path>
    <name>Morita Shougi for WonderSwan (Japan)</name>
    <image>/recalbox/share/thumbs/Bandai - WonderSwan/Named_Titles/Morita Shougi for WonderSwan (Japan).png</image>
    <video>/recalbox/share/videos/No-Intro/Bandai - WonderSwan/Morita Shougi for WonderSwan (Japan).mp4</video>
  </game>
  <game>
    <path>/recalbox/share/roms/readystream/wswan/Nazo Ou Pocket (Japan).zip</path>
    <name>Nazo Ou Pocket (Japan)</name>
    <image>/recalbox/share/thumbs/Bandai - WonderSwan/Named_Titles/Nazo Ou Pocket (Japan).png</image>
    <video>/recalbox/share/videos/No-Intro/Bandai - WonderSwan/Nazo Ou Pocket (Japan).mp4</video>
  </game>
  <game>
    <path>/recalbox/share/roms/readystream/wswan/Neon Genesis Evangelion - Shito Ikusei (Japan).zip</path>
    <name>Neon Genesis Evangelion - Shito Ikusei (Japan)</name>
    <image>/recalbox/share/thumbs/Bandai - WonderSwan/Named_Titles/Neon Genesis Evangelion - Shito Ikusei (Japan).png</image>
    <video>/recalbox/share/videos/No-Intro/Bandai - WonderSwan/Neon Genesis Evangelion - Shito Ikusei (Japan).mp4</video>
  </game>
  <game>
    <path>/recalbox/share/roms/readystream/wswan/Nigero! (World) (WonderWitch) (Unl).zip</path>
    <name>Nigero! (World) (WonderWitch) (Unl)</name>
    <image>/recalbox/share/thumbs/Bandai - WonderSwan/Named_Titles/Nigero! (World) (WonderWitch) (Unl).png</image>
    <video>/recalbox/share/videos/No-Intro/Bandai - WonderSwan/Nigero! (World) (WonderWitch) (Unl).mp4</video>
  </game>
  <game>
    <path>/recalbox/share/roms/readystream/wswan/Nobunaga no Yabou for WonderSwan (Japan).zip</path>
    <name>Nobunaga no Yabou for WonderSwan (Japan)</name>
    <image>/recalbox/share/thumbs/Bandai - WonderSwan/Named_Titles/Nobunaga no Yabou for WonderSwan (Japan).png</image>
    <video>/recalbox/share/videos/No-Intro/Bandai - WonderSwan/Nobunaga no Yabou for WonderSwan (Japan).mp4</video>
  </game>
  <game>
    <path>/recalbox/share/roms/readystream/wswan/Noiz (World) (v0.62) (Proto) (WonderWitch) (Unl).zip</path>
    <name>Noiz (World) (v0.62) (Proto) (WonderWitch) (Unl)</name>
    <image>/recalbox/share/thumbs/Bandai - WonderSwan/Named_Titles/Noiz (World) (v0.62) (Proto) (WonderWitch) (Unl).png</image>
    <video>/recalbox/share/videos/No-Intro/Bandai - WonderSwan/Noiz (World) (v0.62) (Proto) (WonderWitch) (Unl).mp4</video>
  </game>
  <game>
    <path>/recalbox/share/roms/readystream/wswan/Okiraku Daisakusen (World) (Ja) (WonderWitch) (Unl).zip</path>
    <name>Okiraku Daisakusen (World) (Ja) (WonderWitch) (Unl)</name>
    <image>/recalbox/share/thumbs/Bandai - WonderSwan/Named_Titles/Okiraku Daisakusen (World) (Ja) (WonderWitch) (Unl).png</image>
    <video>/recalbox/share/videos/No-Intro/Bandai - WonderSwan/Okiraku Daisakusen (World) (Ja) (WonderWitch) (Unl).mp4</video>
  </game>
  <game>
    <path>/recalbox/share/roms/readystream/wswan/Omiyage o Kaou! (World) (Ja) (WonderWitch) (Unl).zip</path>
    <name>Omiyage o Kaou! (World) (Ja) (WonderWitch) (Unl)</name>
    <image>/recalbox/share/thumbs/Bandai - WonderSwan/Named_Titles/Omiyage o Kaou! (World) (Ja) (WonderWitch) (Unl).png</image>
    <video>/recalbox/share/videos/No-Intro/Bandai - WonderSwan/Omiyage o Kaou! (World) (Ja) (WonderWitch) (Unl).mp4</video>
  </game>
  <game>
    <path>/recalbox/share/roms/readystream/wswan/One Kiri (World) (Ja) (WonderWitch) (Unl).zip</path>
    <name>One Kiri (World) (Ja) (WonderWitch) (Unl)</name>
    <image>/recalbox/share/thumbs/Bandai - WonderSwan/Named_Titles/One Kiri (World) (Ja) (WonderWitch) (Unl).png</image>
    <video>/recalbox/share/videos/No-Intro/Bandai - WonderSwan/One Kiri (World) (Ja) (WonderWitch) (Unl).mp4</video>
  </game>
  <game>
    <path>/recalbox/share/roms/readystream/wswan/Ore no Kakeibo (World) (Ja) (WonderWitch) (Unl).zip</path>
    <name>Ore no Kakeibo (World) (Ja) (WonderWitch) (Unl)</name>
    <image>/recalbox/share/thumbs/Bandai - WonderSwan/Named_Titles/Ore no Kakeibo (World) (Ja) (WonderWitch) (Unl).png</image>
    <video>/recalbox/share/videos/No-Intro/Bandai - WonderSwan/Ore no Kakeibo (World) (Ja) (WonderWitch) (Unl).mp4</video>
  </game>
  <game>
    <path>/recalbox/share/roms/readystream/wswan/Ou-chan no Oekaki Logic (Japan).zip</path>
    <name>Ou-chan no Oekaki Logic (Japan)</name>
    <image>/recalbox/share/thumbs/Bandai - WonderSwan/Named_Titles/Ou-chan no Oekaki Logic (Japan).png</image>
    <video>/recalbox/share/videos/No-Intro/Bandai - WonderSwan/Ou-chan no Oekaki Logic (Japan).mp4</video>
  </game>
  <game>
    <path>/recalbox/share/roms/readystream/wswan/Oyogu Kamo (World) (Proto) (WonderWitch) (Unl).zip</path>
    <name>Oyogu Kamo (World) (Proto) (WonderWitch) (Unl)</name>
    <image>/recalbox/share/thumbs/Bandai - WonderSwan/Named_Titles/Oyogu Kamo (World) (Proto) (WonderWitch) (Unl).png</image>
    <video>/recalbox/share/videos/No-Intro/Bandai - WonderSwan/Oyogu Kamo (World) (Proto) (WonderWitch) (Unl).mp4</video>
  </game>
  <game>
    <path>/recalbox/share/roms/readystream/wswan/PDA Mini for WonderWitch (World) (Ja) (WonderWitch) (Unl).zip</path>
    <name>PDA Mini for WonderWitch (World) (Ja) (WonderWitch) (Unl)</name>
    <image>/recalbox/share/thumbs/Bandai - WonderSwan/Named_Titles/PDA Mini for WonderWitch (World) (Ja) (WonderWitch) (Unl).png</image>
    <video>/recalbox/share/videos/No-Intro/Bandai - WonderSwan/PDA Mini for WonderWitch (World) (Ja) (WonderWitch) (Unl).mp4</video>
  </game>
  <game>
    <path>/recalbox/share/roms/readystream/wswan/Pepperas! (World) (v0.20) (Proto) (WonderWitch) (Unl).zip</path>
    <name>Pepperas! (World) (v0.20) (Proto) (WonderWitch) (Unl)</name>
    <image>/recalbox/share/thumbs/Bandai - WonderSwan/Named_Titles/Pepperas! (World) (v0.20) (Proto) (WonderWitch) (Unl).png</image>
    <video>/recalbox/share/videos/No-Intro/Bandai - WonderSwan/Pepperas! (World) (v0.20) (Proto) (WonderWitch) (Unl).mp4</video>
  </game>
  <game>
    <path>/recalbox/share/roms/readystream/wswan/Ping Pong Spy (World) (Ja) (WonderWitch) (Unl).zip</path>
    <name>Ping Pong Spy (World) (Ja) (WonderWitch) (Unl)</name>
    <image>/recalbox/share/thumbs/Bandai - WonderSwan/Named_Titles/Ping Pong Spy (World) (Ja) (WonderWitch) (Unl).png</image>
    <video>/recalbox/share/videos/No-Intro/Bandai - WonderSwan/Ping Pong Spy (World) (Ja) (WonderWitch) (Unl).mp4</video>
  </game>
  <game>
    <path>/recalbox/share/roms/readystream/wswan/Pladel (World) (Ja) (WonderWitch) (Unl).zip</path>
    <name>Pladel (World) (Ja) (WonderWitch) (Unl)</name>
    <image>/recalbox/share/thumbs/Bandai - WonderSwan/Named_Titles/Pladel (World) (Ja) (WonderWitch) (Unl).png</image>
    <video>/recalbox/share/videos/No-Intro/Bandai - WonderSwan/Pladel (World) (Ja) (WonderWitch) (Unl).mp4</video>
  </game>
  <game>
    <path>/recalbox/share/roms/readystream/wswan/Potential Taper - Rewoke World 03 (World) (En) (WonderWitch) (Unl).zip</path>
    <name>Potential Taper - Rewoke World 03 (World) (En) (WonderWitch) (Unl)</name>
    <image>/recalbox/share/thumbs/Bandai - WonderSwan/Named_Titles/Potential Taper - Rewoke World 03 (World) (En) (WonderWitch) (Unl).png</image>
    <video>/recalbox/share/videos/No-Intro/Bandai - WonderSwan/Potential Taper - Rewoke World 03 (World) (En) (WonderWitch) (Unl).mp4</video>
  </game>
  <game>
    <path>/recalbox/share/roms/readystream/wswan/Pro Mahjong Kiwame for WonderSwan (Japan) (Rev 1).zip</path>
    <name>Pro Mahjong Kiwame for WonderSwan (Japan) (Rev 1)</name>
    <image>/recalbox/share/thumbs/Bandai - WonderSwan/Named_Titles/Pro Mahjong Kiwame for WonderSwan (Japan) (Rev 1).png</image>
    <video>/recalbox/share/videos/No-Intro/Bandai - WonderSwan/Pro Mahjong Kiwame for WonderSwan (Japan) (Rev 1).mp4</video>
  </game>
  <game>
    <path>/recalbox/share/roms/readystream/wswan/Puchipuchi (World) (WonderWitch) (Unl).zip</path>
    <name>Puchipuchi (World) (WonderWitch) (Unl)</name>
    <image>/recalbox/share/thumbs/Bandai - WonderSwan/Named_Titles/Puchipuchi (World) (WonderWitch) (Unl).png</image>
    <video>/recalbox/share/videos/No-Intro/Bandai - WonderSwan/Puchipuchi (World) (WonderWitch) (Unl).mp4</video>
  </game>
  <game>
    <path>/recalbox/share/roms/readystream/wswan/Pudding Maker (World) (WonderWitch) (Unl).zip</path>
    <name>Pudding Maker (World) (WonderWitch) (Unl)</name>
    <image>/recalbox/share/thumbs/Bandai - WonderSwan/Named_Titles/Pudding Maker (World) (WonderWitch) (Unl).png</image>
    <video>/recalbox/share/videos/No-Intro/Bandai - WonderSwan/Pudding Maker (World) (WonderWitch) (Unl).mp4</video>
  </game>
  <game>
    <path>/recalbox/share/roms/readystream/wswan/Puzzle Bobble (Japan).zip</path>
    <name>Puzzle Bobble (Japan)</name>
    <image>/recalbox/share/thumbs/Bandai - WonderSwan/Named_Titles/Puzzle Bobble (Japan).png</image>
    <video>/recalbox/share/videos/No-Intro/Bandai - WonderSwan/Puzzle Bobble (Japan).mp4</video>
  </game>
  <game>
    <path>/recalbox/share/roms/readystream/wswan/Radius Theta (World) (WonderWitch) (Unl).zip</path>
    <name>Radius Theta (World) (WonderWitch) (Unl)</name>
    <image>/recalbox/share/thumbs/Bandai - WonderSwan/Named_Titles/Radius Theta (World) (WonderWitch) (Unl).png</image>
    <video>/recalbox/share/videos/No-Intro/Bandai - WonderSwan/Radius Theta (World) (WonderWitch) (Unl).mp4</video>
  </game>
  <game>
    <path>/recalbox/share/roms/readystream/wswan/Rainbow Islands - Putty's Party (Japan).zip</path>
    <name>Rainbow Islands - Putty&apos;s Party (Japan)</name>
    <image>/recalbox/share/thumbs/Bandai - WonderSwan/Named_Titles/Rainbow Islands - Putty&apos;s Party (Japan).png</image>
    <video>/recalbox/share/videos/No-Intro/Bandai - WonderSwan/Rainbow Islands - Putty&apos;s Party (Japan).mp4</video>
  </game>
  <game>
    <path>/recalbox/share/roms/readystream/wswan/ReSiA System (World) (Ja) (v0.10) (Proto) (WonderWitch) (Unl).zip</path>
    <name>ReSiA System (World) (Ja) (v0.10) (Proto) (WonderWitch) (Unl)</name>
    <image>/recalbox/share/thumbs/Bandai - WonderSwan/Named_Titles/ReSiA System (World) (Ja) (v0.10) (Proto) (WonderWitch) (Unl).png</image>
    <video>/recalbox/share/videos/No-Intro/Bandai - WonderSwan/ReSiA System (World) (Ja) (v0.10) (Proto) (WonderWitch) (Unl).mp4</video>
  </game>
  <game>
    <path>/recalbox/share/roms/readystream/wswan/Renda Machine (World) (Ja) (WonderWitch) (Unl).zip</path>
    <name>Renda Machine (World) (Ja) (WonderWitch) (Unl)</name>
    <image>/recalbox/share/thumbs/Bandai - WonderSwan/Named_Titles/Renda Machine (World) (Ja) (WonderWitch) (Unl).png</image>
    <video>/recalbox/share/videos/No-Intro/Bandai - WonderSwan/Renda Machine (World) (Ja) (WonderWitch) (Unl).mp4</video>
  </game>
  <game>
    <path>/recalbox/share/roms/readystream/wswan/Ring Infinity (Japan).zip</path>
    <name>Ring Infinity (Japan)</name>
    <image>/recalbox/share/thumbs/Bandai - WonderSwan/Named_Titles/Ring Infinity (Japan).png</image>
    <video>/recalbox/share/videos/No-Intro/Bandai - WonderSwan/Ring Infinity (Japan).mp4</video>
  </game>
  <game>
    <path>/recalbox/share/roms/readystream/wswan/Ritual (World) (Ja) (Demo) (WonderWitch) (Program) (Unl).zip</path>
    <name>Ritual (World) (Ja) (Demo) (WonderWitch) (Program) (Unl)</name>
    <image>/recalbox/share/thumbs/Bandai - WonderSwan/Named_Titles/Ritual (World) (Ja) (Demo) (WonderWitch) (Program) (Unl).png</image>
    <video>/recalbox/share/videos/No-Intro/Bandai - WonderSwan/Ritual (World) (Ja) (Demo) (WonderWitch) (Program) (Unl).mp4</video>
  </game>
  <game>
    <path>/recalbox/share/roms/readystream/wswan/Robot Works (Hong Kong) (En,Ja) (Rev 1).zip</path>
    <name>Robot Works (Hong Kong) (En,Ja) (Rev 1)</name>
    <image>/recalbox/share/thumbs/Bandai - WonderSwan/Named_Titles/Robot Works (Hong Kong) (En,Ja) (Rev 1).png</image>
    <video>/recalbox/share/videos/No-Intro/Bandai - WonderSwan/Robot Works (Hong Kong) (En,Ja) (Rev 1).mp4</video>
  </game>
  <game>
    <path>/recalbox/share/roms/readystream/wswan/Robot Works (Japan).zip</path>
    <name>Robot Works (Japan)</name>
    <image>/recalbox/share/thumbs/Bandai - WonderSwan/Named_Titles/Robot Works (Japan).png</image>
    <video>/recalbox/share/videos/No-Intro/Bandai - WonderSwan/Robot Works (Japan).mp4</video>
  </game>
  <game>
    <path>/recalbox/share/roms/readystream/wswan/Rockman &amp; Forte - Mirai Kara no Chousensha (Japan).zip</path>
    <name>Rockman &amp; Forte - Mirai Kara no Chousensha (Japan)</name>
    <image>/recalbox/share/thumbs/Bandai - WonderSwan/Named_Titles/Rockman &amp; Forte - Mirai Kara no Chousensha (Japan).png</image>
    <video>/recalbox/share/videos/No-Intro/Bandai - WonderSwan/Rockman &amp; Forte - Mirai Kara no Chousensha (Japan).mp4</video>
  </game>
  <game>
    <path>/recalbox/share/roms/readystream/wswan/SD Gundam - Emotional Jam (Japan) (Rev 2).zip</path>
    <name>SD Gundam - Emotional Jam (Japan) (Rev 2)</name>
    <image>/recalbox/share/thumbs/Bandai - WonderSwan/Named_Titles/SD Gundam - Emotional Jam (Japan) (Rev 2).png</image>
    <video>/recalbox/share/videos/No-Intro/Bandai - WonderSwan/SD Gundam - Emotional Jam (Japan) (Rev 2).mp4</video>
  </game>
  <game>
    <path>/recalbox/share/roms/readystream/wswan/SD Gundam - Emotional Jam (Japan) (Rev 3).zip</path>
    <name>SD Gundam - Emotional Jam (Japan) (Rev 3)</name>
    <image>/recalbox/share/thumbs/Bandai - WonderSwan/Named_Titles/SD Gundam - Emotional Jam (Japan) (Rev 3).png</image>
    <video>/recalbox/share/videos/No-Intro/Bandai - WonderSwan/SD Gundam - Emotional Jam (Japan) (Rev 3).mp4</video>
  </game>
  <game>
    <path>/recalbox/share/roms/readystream/wswan/SD Gundam G Generation - Gather Beat (Japan).zip</path>
    <name>SD Gundam G Generation - Gather Beat (Japan)</name>
    <image>/recalbox/share/thumbs/Bandai - WonderSwan/Named_Titles/SD Gundam G Generation - Gather Beat (Japan).png</image>
    <video>/recalbox/share/videos/No-Intro/Bandai - WonderSwan/SD Gundam G Generation - Gather Beat (Japan).mp4</video>
  </game>
  <game>
    <path>/recalbox/share/roms/readystream/wswan/SD Gundam Gashapon Senki - Episode 1 (Japan) (Alt).zip</path>
    <name>SD Gundam Gashapon Senki - Episode 1 (Japan) (Alt)</name>
    <image>/recalbox/share/thumbs/Bandai - WonderSwan/Named_Titles/SD Gundam Gashapon Senki - Episode 1 (Japan) (Alt).png</image>
    <video>/recalbox/share/videos/No-Intro/Bandai - WonderSwan/SD Gundam Gashapon Senki - Episode 1 (Japan) (Alt).mp4</video>
  </game>
  <game>
    <path>/recalbox/share/roms/readystream/wswan/SD Gundam Gashapon Senki - Episode 1 (Japan).zip</path>
    <name>SD Gundam Gashapon Senki - Episode 1 (Japan)</name>
    <image>/recalbox/share/thumbs/Bandai - WonderSwan/Named_Titles/SD Gundam Gashapon Senki - Episode 1 (Japan).png</image>
    <video>/recalbox/share/videos/No-Intro/Bandai - WonderSwan/SD Gundam Gashapon Senki - Episode 1 (Japan).mp4</video>
  </game>
  <game>
    <path>/recalbox/share/roms/readystream/wswan/SMFPlay (World) (Ja) (v0.1) (WonderWitch) (Program) (Unl).zip</path>
    <name>SMFPlay (World) (Ja) (v0.1) (WonderWitch) (Program) (Unl)</name>
    <image>/recalbox/share/thumbs/Bandai - WonderSwan/Named_Titles/SMFPlay (World) (Ja) (v0.1) (WonderWitch) (Program) (Unl).png</image>
    <video>/recalbox/share/videos/No-Intro/Bandai - WonderSwan/SMFPlay (World) (Ja) (v0.1) (WonderWitch) (Program) (Unl).mp4</video>
  </game>
  <game>
    <path>/recalbox/share/roms/readystream/wswan/Saint Dagrat Monogatari (World) (Ja) (WonderWitch) (Unl).zip</path>
    <name>Saint Dagrat Monogatari (World) (Ja) (WonderWitch) (Unl)</name>
    <image>/recalbox/share/thumbs/Bandai - WonderSwan/Named_Titles/Saint Dagrat Monogatari (World) (Ja) (WonderWitch) (Unl).png</image>
    <video>/recalbox/share/videos/No-Intro/Bandai - WonderSwan/Saint Dagrat Monogatari (World) (Ja) (WonderWitch) (Unl).mp4</video>
  </game>
  <game>
    <path>/recalbox/share/roms/readystream/wswan/Sangokushi II for WonderSwan (Japan).zip</path>
    <name>Sangokushi II for WonderSwan (Japan)</name>
    <image>/recalbox/share/thumbs/Bandai - WonderSwan/Named_Titles/Sangokushi II for WonderSwan (Japan).png</image>
    <video>/recalbox/share/videos/No-Intro/Bandai - WonderSwan/Sangokushi II for WonderSwan (Japan).mp4</video>
  </game>
  <game>
    <path>/recalbox/share/roms/readystream/wswan/Senbetsu (World) (Ja) (WonderWitch) (Unl).zip</path>
    <name>Senbetsu (World) (Ja) (WonderWitch) (Unl)</name>
    <image>/recalbox/share/thumbs/Bandai - WonderSwan/Named_Titles/Senbetsu (World) (Ja) (WonderWitch) (Unl).png</image>
    <video>/recalbox/share/videos/No-Intro/Bandai - WonderSwan/Senbetsu (World) (Ja) (WonderWitch) (Unl).mp4</video>
  </game>
  <game>
    <path>/recalbox/share/roms/readystream/wswan/Senkaiden - TV Animation Senkaiden Houshin Engi Yori (Japan).zip</path>
    <name>Senkaiden - TV Animation Senkaiden Houshin Engi Yori (Japan)</name>
    <image>/recalbox/share/thumbs/Bandai - WonderSwan/Named_Titles/Senkaiden - TV Animation Senkaiden Houshin Engi Yori (Japan).png</image>
    <video>/recalbox/share/videos/No-Intro/Bandai - WonderSwan/Senkaiden - TV Animation Senkaiden Houshin Engi Yori (Japan).mp4</video>
  </game>
  <game>
    <path>/recalbox/share/roms/readystream/wswan/Sennou Millennium (Japan).zip</path>
    <name>Sennou Millennium (Japan)</name>
    <image>/recalbox/share/thumbs/Bandai - WonderSwan/Named_Titles/Sennou Millennium (Japan).png</image>
    <video>/recalbox/share/videos/No-Intro/Bandai - WonderSwan/Sennou Millennium (Japan).mp4</video>
  </game>
  <game>
    <path>/recalbox/share/roms/readystream/wswan/Sensuikan (World) (Demo) (WonderWitch) (Unl).zip</path>
    <name>Sensuikan (World) (Demo) (WonderWitch) (Unl)</name>
    <image>/recalbox/share/thumbs/Bandai - WonderSwan/Named_Titles/Sensuikan (World) (Demo) (WonderWitch) (Unl).png</image>
    <video>/recalbox/share/videos/No-Intro/Bandai - WonderSwan/Sensuikan (World) (Demo) (WonderWitch) (Unl).mp4</video>
  </game>
  <game>
    <path>/recalbox/share/roms/readystream/wswan/Shageki Tantei Oke (World) (Ja) (Demo) (WonderWitch) (Unl).zip</path>
    <name>Shageki Tantei Oke (World) (Ja) (Demo) (WonderWitch) (Unl)</name>
    <image>/recalbox/share/thumbs/Bandai - WonderSwan/Named_Titles/Shageki Tantei Oke (World) (Ja) (Demo) (WonderWitch) (Unl).png</image>
    <video>/recalbox/share/videos/No-Intro/Bandai - WonderSwan/Shageki Tantei Oke (World) (Ja) (Demo) (WonderWitch) (Unl).mp4</video>
  </game>
  <game>
    <path>/recalbox/share/roms/readystream/wswan/Shanghai Pocket (Japan).zip</path>
    <name>Shanghai Pocket (Japan)</name>
    <image>/recalbox/share/thumbs/Bandai - WonderSwan/Named_Titles/Shanghai Pocket (Japan).png</image>
    <video>/recalbox/share/videos/No-Intro/Bandai - WonderSwan/Shanghai Pocket (Japan).mp4</video>
  </game>
  <game>
    <path>/recalbox/share/roms/readystream/wswan/Shin Nihon Pro Wrestling - Toukon Retsuden (Japan) (Rev 1).zip</path>
    <name>Shin Nihon Pro Wrestling - Toukon Retsuden (Japan) (Rev 1)</name>
    <image>/recalbox/share/thumbs/Bandai - WonderSwan/Named_Titles/Shin Nihon Pro Wrestling - Toukon Retsuden (Japan) (Rev 1).png</image>
    <video>/recalbox/share/videos/No-Intro/Bandai - WonderSwan/Shin Nihon Pro Wrestling - Toukon Retsuden (Japan) (Rev 1).mp4</video>
  </game>
  <game>
    <path>/recalbox/share/roms/readystream/wswan/Shinobi, The (World) (Ja) (Demo) (WonderWitch) (Unl).zip</path>
    <name>Shinobi, The (World) (Ja) (Demo) (WonderWitch) (Unl)</name>
    <image>/recalbox/share/thumbs/Bandai - WonderSwan/Named_Titles/Shinobi, The (World) (Ja) (Demo) (WonderWitch) (Unl).png</image>
    <video>/recalbox/share/videos/No-Intro/Bandai - WonderSwan/Shinobi, The (World) (Ja) (Demo) (WonderWitch) (Unl).mp4</video>
  </game>
  <game>
    <path>/recalbox/share/roms/readystream/wswan/Side Pocket for WonderSwan (Japan).zip</path>
    <name>Side Pocket for WonderSwan (Japan)</name>
    <image>/recalbox/share/thumbs/Bandai - WonderSwan/Named_Titles/Side Pocket for WonderSwan (Japan).png</image>
    <video>/recalbox/share/videos/No-Intro/Bandai - WonderSwan/Side Pocket for WonderSwan (Japan).mp4</video>
  </game>
  <game>
    <path>/recalbox/share/roms/readystream/wswan/Slipull (World) (WonderWitch) (Unl).zip</path>
    <name>Slipull (World) (WonderWitch) (Unl)</name>
    <image>/recalbox/share/thumbs/Bandai - WonderSwan/Named_Titles/Slipull (World) (WonderWitch) (Unl).png</image>
    <video>/recalbox/share/videos/No-Intro/Bandai - WonderSwan/Slipull (World) (WonderWitch) (Unl).mp4</video>
  </game>
  <game>
    <path>/recalbox/share/roms/readystream/wswan/Slipull Lite (World) (Proto) (WonderWitch) (Unl).zip</path>
    <name>Slipull Lite (World) (Proto) (WonderWitch) (Unl)</name>
    <image>/recalbox/share/thumbs/Bandai - WonderSwan/Named_Titles/Slipull Lite (World) (Proto) (WonderWitch) (Unl).png</image>
    <video>/recalbox/share/videos/No-Intro/Bandai - WonderSwan/Slipull Lite (World) (Proto) (WonderWitch) (Unl).mp4</video>
  </game>
  <game>
    <path>/recalbox/share/roms/readystream/wswan/Slither Link (Japan).zip</path>
    <name>Slither Link (Japan)</name>
    <image>/recalbox/share/thumbs/Bandai - WonderSwan/Named_Titles/Slither Link (Japan).png</image>
    <video>/recalbox/share/videos/No-Intro/Bandai - WonderSwan/Slither Link (Japan).mp4</video>
  </game>
  <game>
    <path>/recalbox/share/roms/readystream/wswan/Soccer Yarou! - Challenge the World (Japan).zip</path>
    <name>Soccer Yarou! - Challenge the World (Japan)</name>
    <image>/recalbox/share/thumbs/Bandai - WonderSwan/Named_Titles/Soccer Yarou! - Challenge the World (Japan).png</image>
    <video>/recalbox/share/videos/No-Intro/Bandai - WonderSwan/Soccer Yarou! - Challenge the World (Japan).mp4</video>
  </game>
  <game>
    <path>/recalbox/share/roms/readystream/wswan/Sotsugyou for WonderSwan (Japan) (Rev 1).zip</path>
    <name>Sotsugyou for WonderSwan (Japan) (Rev 1)</name>
    <image>/recalbox/share/thumbs/Bandai - WonderSwan/Named_Titles/Sotsugyou for WonderSwan (Japan) (Rev 1).png</image>
    <video>/recalbox/share/videos/No-Intro/Bandai - WonderSwan/Sotsugyou for WonderSwan (Japan) (Rev 1).mp4</video>
  </game>
  <game>
    <path>/recalbox/share/roms/readystream/wswan/Space Invaders (Japan).zip</path>
    <name>Space Invaders (Japan)</name>
    <image>/recalbox/share/thumbs/Bandai - WonderSwan/Named_Titles/Space Invaders (Japan).png</image>
    <video>/recalbox/share/videos/No-Intro/Bandai - WonderSwan/Space Invaders (Japan).mp4</video>
  </game>
  <game>
    <path>/recalbox/share/roms/readystream/wswan/Super Robot Taisen Compact (Japan) (Rev 1).zip</path>
    <name>Super Robot Taisen Compact (Japan) (Rev 1)</name>
    <image>/recalbox/share/thumbs/Bandai - WonderSwan/Named_Titles/Super Robot Taisen Compact (Japan) (Rev 1).png</image>
    <video>/recalbox/share/videos/No-Intro/Bandai - WonderSwan/Super Robot Taisen Compact (Japan) (Rev 1).mp4</video>
  </game>
  <game>
    <path>/recalbox/share/roms/readystream/wswan/Super Robot Taisen Compact (Japan) (Rev 2).zip</path>
    <name>Super Robot Taisen Compact (Japan) (Rev 2)</name>
    <image>/recalbox/share/thumbs/Bandai - WonderSwan/Named_Titles/Super Robot Taisen Compact (Japan) (Rev 2).png</image>
    <video>/recalbox/share/videos/No-Intro/Bandai - WonderSwan/Super Robot Taisen Compact (Japan) (Rev 2).mp4</video>
  </game>
  <game>
    <path>/recalbox/share/roms/readystream/wswan/Super Robot Taisen Compact (Japan).zip</path>
    <name>Super Robot Taisen Compact (Japan)</name>
    <image>/recalbox/share/thumbs/Bandai - WonderSwan/Named_Titles/Super Robot Taisen Compact (Japan).png</image>
    <video>/recalbox/share/videos/No-Intro/Bandai - WonderSwan/Super Robot Taisen Compact (Japan).mp4</video>
  </game>
  <game>
    <path>/recalbox/share/roms/readystream/wswan/Super Robot Taisen Compact 2 - Dai-1-bu - Chijou Gekidou Hen (Japan).zip</path>
    <name>Super Robot Taisen Compact 2 - Dai-1-bu - Chijou Gekidou Hen (Japan)</name>
    <image>/recalbox/share/thumbs/Bandai - WonderSwan/Named_Titles/Super Robot Taisen Compact 2 - Dai-1-bu - Chijou Gekidou Hen (Japan).png</image>
    <video>/recalbox/share/videos/No-Intro/Bandai - WonderSwan/Super Robot Taisen Compact 2 - Dai-1-bu - Chijou Gekidou Hen (Japan).mp4</video>
  </game>
  <game>
    <path>/recalbox/share/roms/readystream/wswan/Super Robot Taisen Compact 2 - Dai-2-bu - Uchuu Gekishin Hen (Japan) (Rev 4).zip</path>
    <name>Super Robot Taisen Compact 2 - Dai-2-bu - Uchuu Gekishin Hen (Japan) (Rev 4)</name>
    <image>/recalbox/share/thumbs/Bandai - WonderSwan/Named_Titles/Super Robot Taisen Compact 2 - Dai-2-bu - Uchuu Gekishin Hen (Japan) (Rev 4).png</image>
    <video>/recalbox/share/videos/No-Intro/Bandai - WonderSwan/Super Robot Taisen Compact 2 - Dai-2-bu - Uchuu Gekishin Hen (Japan) (Rev 4).mp4</video>
  </game>
  <game>
    <path>/recalbox/share/roms/readystream/wswan/Taikyoku Igo - Heisei Kiin (Japan).zip</path>
    <name>Taikyoku Igo - Heisei Kiin (Japan)</name>
    <image>/recalbox/share/thumbs/Bandai - WonderSwan/Named_Titles/Taikyoku Igo - Heisei Kiin (Japan).png</image>
    <video>/recalbox/share/videos/No-Intro/Bandai - WonderSwan/Taikyoku Igo - Heisei Kiin (Japan).mp4</video>
  </game>
  <game>
    <path>/recalbox/share/roms/readystream/wswan/Taisen Othello Game (World) (Ja) (WonderWitch) (Unl).zip</path>
    <name>Taisen Othello Game (World) (Ja) (WonderWitch) (Unl)</name>
    <image>/recalbox/share/thumbs/Bandai - WonderSwan/Named_Titles/Taisen Othello Game (World) (Ja) (WonderWitch) (Unl).png</image>
    <video>/recalbox/share/videos/No-Intro/Bandai - WonderSwan/Taisen Othello Game (World) (Ja) (WonderWitch) (Unl).mp4</video>
  </game>
  <game>
    <path>/recalbox/share/roms/readystream/wswan/Taitoru Moji Koudo-hyo (World) (Ja) (WonderWitch) (Unl).zip</path>
    <name>Taitoru Moji Koudo-hyo (World) (Ja) (WonderWitch) (Unl)</name>
    <image>/recalbox/share/thumbs/Bandai - WonderSwan/Named_Titles/Taitoru Moji Koudo-hyo (World) (Ja) (WonderWitch) (Unl).png</image>
    <video>/recalbox/share/videos/No-Intro/Bandai - WonderSwan/Taitoru Moji Koudo-hyo (World) (Ja) (WonderWitch) (Unl).mp4</video>
  </game>
  <game>
    <path>/recalbox/share/roms/readystream/wswan/Tare Panda no GunPey (Japan).zip</path>
    <name>Tare Panda no GunPey (Japan)</name>
    <image>/recalbox/share/thumbs/Bandai - WonderSwan/Named_Titles/Tare Panda no GunPey (Japan).png</image>
    <video>/recalbox/share/videos/No-Intro/Bandai - WonderSwan/Tare Panda no GunPey (Japan).mp4</video>
  </game>
  <game>
    <path>/recalbox/share/roms/readystream/wswan/Tekken Card Challenge (Japan).zip</path>
    <name>Tekken Card Challenge (Japan)</name>
    <image>/recalbox/share/thumbs/Bandai - WonderSwan/Named_Titles/Tekken Card Challenge (Japan).png</image>
    <video>/recalbox/share/videos/No-Intro/Bandai - WonderSwan/Tekken Card Challenge (Japan).mp4</video>
  </game>
  <game>
    <path>/recalbox/share/roms/readystream/wswan/Tenori-on (Japan) (En).zip</path>
    <name>Tenori-on (Japan) (En)</name>
    <image>/recalbox/share/thumbs/Bandai - WonderSwan/Named_Titles/Tenori-on (Japan) (En).png</image>
    <video>/recalbox/share/videos/No-Intro/Bandai - WonderSwan/Tenori-on (Japan) (En).mp4</video>
  </game>
  <game>
    <path>/recalbox/share/roms/readystream/wswan/Teroteroropa (World) (Demo) (WonderWitch) (Unl).zip</path>
    <name>Teroteroropa (World) (Demo) (WonderWitch) (Unl)</name>
    <image>/recalbox/share/thumbs/Bandai - WonderSwan/Named_Titles/Teroteroropa (World) (Demo) (WonderWitch) (Unl).png</image>
    <video>/recalbox/share/videos/No-Intro/Bandai - WonderSwan/Teroteroropa (World) (Demo) (WonderWitch) (Unl).mp4</video>
  </game>
  <game>
    <path>/recalbox/share/roms/readystream/wswan/Terrors (Japan).zip</path>
    <name>Terrors (Japan)</name>
    <image>/recalbox/share/thumbs/Bandai - WonderSwan/Named_Titles/Terrors (Japan).png</image>
    <video>/recalbox/share/videos/No-Intro/Bandai - WonderSwan/Terrors (Japan).mp4</video>
  </game>
  <game>
    <path>/recalbox/share/roms/readystream/wswan/Text Putter (World) (Ja) (WonderWitch) (Program) (Unl).zip</path>
    <name>Text Putter (World) (Ja) (WonderWitch) (Program) (Unl)</name>
    <image>/recalbox/share/thumbs/Bandai - WonderSwan/Named_Titles/Text Putter (World) (Ja) (WonderWitch) (Program) (Unl).png</image>
    <video>/recalbox/share/videos/No-Intro/Bandai - WonderSwan/Text Putter (World) (Ja) (WonderWitch) (Program) (Unl).mp4</video>
  </game>
  <game>
    <path>/recalbox/share/roms/readystream/wswan/Time Bokan Series - Bokan Densetsu - Buta mo Odaterya Doronboo (Japan).zip</path>
    <name>Time Bokan Series - Bokan Densetsu - Buta mo Odaterya Doronboo (Japan)</name>
    <image>/recalbox/share/thumbs/Bandai - WonderSwan/Named_Titles/Time Bokan Series - Bokan Densetsu - Buta mo Odaterya Doronboo (Japan).png</image>
    <video>/recalbox/share/videos/No-Intro/Bandai - WonderSwan/Time Bokan Series - Bokan Densetsu - Buta mo Odaterya Doronboo (Japan).mp4</video>
  </game>
  <game>
    <path>/recalbox/share/roms/readystream/wswan/Tokei (World) (Ja) (Demo) (WonderWitch) (Unl).zip</path>
    <name>Tokei (World) (Ja) (Demo) (WonderWitch) (Unl)</name>
    <image>/recalbox/share/thumbs/Bandai - WonderSwan/Named_Titles/Tokei (World) (Ja) (Demo) (WonderWitch) (Unl).png</image>
    <video>/recalbox/share/videos/No-Intro/Bandai - WonderSwan/Tokei (World) (Ja) (Demo) (WonderWitch) (Unl).mp4</video>
  </game>
  <game>
    <path>/recalbox/share/roms/readystream/wswan/Tokyo Majin Gakuen - Fuju Houroku (Japan).zip</path>
    <name>Tokyo Majin Gakuen - Fuju Houroku (Japan)</name>
    <image>/recalbox/share/thumbs/Bandai - WonderSwan/Named_Titles/Tokyo Majin Gakuen - Fuju Houroku (Japan).png</image>
    <video>/recalbox/share/videos/No-Intro/Bandai - WonderSwan/Tokyo Majin Gakuen - Fuju Houroku (Japan).mp4</video>
  </game>
  <game>
    <path>/recalbox/share/roms/readystream/wswan/Triangle (World) (WonderWitch) (Unl).zip</path>
    <name>Triangle (World) (WonderWitch) (Unl)</name>
    <image>/recalbox/share/thumbs/Bandai - WonderSwan/Named_Titles/Triangle (World) (WonderWitch) (Unl).png</image>
    <video>/recalbox/share/videos/No-Intro/Bandai - WonderSwan/Triangle (World) (WonderWitch) (Unl).mp4</video>
  </game>
  <game>
    <path>/recalbox/share/roms/readystream/wswan/Trump Collection 2 - Bottom-Up Teki Sekaiisshuu no Tabi (Japan) (Rev 1).zip</path>
    <name>Trump Collection 2 - Bottom-Up Teki Sekaiisshuu no Tabi (Japan) (Rev 1)</name>
    <image>/recalbox/share/thumbs/Bandai - WonderSwan/Named_Titles/Trump Collection 2 - Bottom-Up Teki Sekaiisshuu no Tabi (Japan) (Rev 1).png</image>
    <video>/recalbox/share/videos/No-Intro/Bandai - WonderSwan/Trump Collection 2 - Bottom-Up Teki Sekaiisshuu no Tabi (Japan) (Rev 1).mp4</video>
  </game>
  <game>
    <path>/recalbox/share/roms/readystream/wswan/Tsubo Game (World) (Ja) (WonderWitch) (Unl).zip</path>
    <name>Tsubo Game (World) (Ja) (WonderWitch) (Unl)</name>
    <image>/recalbox/share/thumbs/Bandai - WonderSwan/Named_Titles/Tsubo Game (World) (Ja) (WonderWitch) (Unl).png</image>
    <video>/recalbox/share/videos/No-Intro/Bandai - WonderSwan/Tsubo Game (World) (Ja) (WonderWitch) (Unl).mp4</video>
  </game>
  <game>
    <path>/recalbox/share/roms/readystream/wswan/Tsunahiki (World) (Demo) (WonderWitch) (Unl).zip</path>
    <name>Tsunahiki (World) (Demo) (WonderWitch) (Unl)</name>
    <image>/recalbox/share/thumbs/Bandai - WonderSwan/Named_Titles/Tsunahiki (World) (Demo) (WonderWitch) (Unl).png</image>
    <video>/recalbox/share/videos/No-Intro/Bandai - WonderSwan/Tsunahiki (World) (Demo) (WonderWitch) (Unl).mp4</video>
  </game>
  <game>
    <path>/recalbox/share/roms/readystream/wswan/Tumble (World) (WonderWitch) (Unl).zip</path>
    <name>Tumble (World) (WonderWitch) (Unl)</name>
    <image>/recalbox/share/thumbs/Bandai - WonderSwan/Named_Titles/Tumble (World) (WonderWitch) (Unl).png</image>
    <video>/recalbox/share/videos/No-Intro/Bandai - WonderSwan/Tumble (World) (WonderWitch) (Unl).mp4</video>
  </game>
  <game>
    <path>/recalbox/share/roms/readystream/wswan/Turntablist - DJ Battle (Japan).zip</path>
    <name>Turntablist - DJ Battle (Japan)</name>
    <image>/recalbox/share/thumbs/Bandai - WonderSwan/Named_Titles/Turntablist - DJ Battle (Japan).png</image>
    <video>/recalbox/share/videos/No-Intro/Bandai - WonderSwan/Turntablist - DJ Battle (Japan).mp4</video>
  </game>
  <game>
    <path>/recalbox/share/roms/readystream/wswan/Umetatte (World) (WonderWitch) (Unl).zip</path>
    <name>Umetatte (World) (WonderWitch) (Unl)</name>
    <image>/recalbox/share/thumbs/Bandai - WonderSwan/Named_Titles/Umetatte (World) (WonderWitch) (Unl).png</image>
    <video>/recalbox/share/videos/No-Intro/Bandai - WonderSwan/Umetatte (World) (WonderWitch) (Unl).mp4</video>
  </game>
  <game>
    <path>/recalbox/share/roms/readystream/wswan/Umizuri ni Ikou! (Japan).zip</path>
    <name>Umizuri ni Ikou! (Japan)</name>
    <image>/recalbox/share/thumbs/Bandai - WonderSwan/Named_Titles/Umizuri ni Ikou! (Japan).png</image>
    <video>/recalbox/share/videos/No-Intro/Bandai - WonderSwan/Umizuri ni Ikou! (Japan).mp4</video>
  </game>
  <game>
    <path>/recalbox/share/roms/readystream/wswan/Uzumaki - Denshi Kaiki Hen (Japan) (Rev 4).zip</path>
    <name>Uzumaki - Denshi Kaiki Hen (Japan) (Rev 4)</name>
    <image>/recalbox/share/thumbs/Bandai - WonderSwan/Named_Titles/Uzumaki - Denshi Kaiki Hen (Japan) (Rev 4).png</image>
    <video>/recalbox/share/videos/No-Intro/Bandai - WonderSwan/Uzumaki - Denshi Kaiki Hen (Japan) (Rev 4).mp4</video>
  </game>
  <game>
    <path>/recalbox/share/roms/readystream/wswan/Uzumaki - Noroi Simulation (Japan).zip</path>
    <name>Uzumaki - Noroi Simulation (Japan)</name>
    <image>/recalbox/share/thumbs/Bandai - WonderSwan/Named_Titles/Uzumaki - Noroi Simulation (Japan).png</image>
    <video>/recalbox/share/videos/No-Intro/Bandai - WonderSwan/Uzumaki - Noroi Simulation (Japan).mp4</video>
  </game>
  <game>
    <path>/recalbox/share/roms/readystream/wswan/Virus (World) (WonderWitch) (Unl).zip</path>
    <name>Virus (World) (WonderWitch) (Unl)</name>
    <image>/recalbox/share/thumbs/Bandai - WonderSwan/Named_Titles/Virus (World) (WonderWitch) (Unl).png</image>
    <video>/recalbox/share/videos/No-Intro/Bandai - WonderSwan/Virus (World) (WonderWitch) (Unl).mp4</video>
  </game>
  <game>
    <path>/recalbox/share/roms/readystream/wswan/WWTerm (World) (WonderWitch) (Program) (Unl).zip</path>
    <name>WWTerm (World) (WonderWitch) (Program) (Unl)</name>
    <image>/recalbox/share/thumbs/Bandai - WonderSwan/Named_Titles/WWTerm (World) (WonderWitch) (Program) (Unl).png</image>
    <video>/recalbox/share/videos/No-Intro/Bandai - WonderSwan/WWTerm (World) (WonderWitch) (Program) (Unl).mp4</video>
  </game>
  <game>
    <path>/recalbox/share/roms/readystream/wswan/Wago (World) (Ja) (WonderWitch) (Unl).zip</path>
    <name>Wago (World) (Ja) (WonderWitch) (Unl)</name>
    <image>/recalbox/share/thumbs/Bandai - WonderSwan/Named_Titles/Wago (World) (Ja) (WonderWitch) (Unl).png</image>
    <video>/recalbox/share/videos/No-Intro/Bandai - WonderSwan/Wago (World) (Ja) (WonderWitch) (Unl).mp4</video>
  </game>
  <game>
    <path>/recalbox/share/roms/readystream/wswan/Wasabi Produce - Street Dancer (Japan).zip</path>
    <name>Wasabi Produce - Street Dancer (Japan)</name>
    <image>/recalbox/share/thumbs/Bandai - WonderSwan/Named_Titles/Wasabi Produce - Street Dancer (Japan).png</image>
    <video>/recalbox/share/videos/No-Intro/Bandai - WonderSwan/Wasabi Produce - Street Dancer (Japan).mp4</video>
  </game>
  <game>
    <path>/recalbox/share/roms/readystream/wswan/Wave Q (World) (Ja) (WonderWitch) (Unl).zip</path>
    <name>Wave Q (World) (Ja) (WonderWitch) (Unl)</name>
    <image>/recalbox/share/thumbs/Bandai - WonderSwan/Named_Titles/Wave Q (World) (Ja) (WonderWitch) (Unl).png</image>
    <video>/recalbox/share/videos/No-Intro/Bandai - WonderSwan/Wave Q (World) (Ja) (WonderWitch) (Unl).mp4</video>
  </game>
  <game>
    <path>/recalbox/share/roms/readystream/wswan/Wave R (World) (v1.0) (WonderWitch) (WWGP2003) (Unl).zip</path>
    <name>Wave R (World) (v1.0) (WonderWitch) (WWGP2003) (Unl)</name>
    <image>/recalbox/share/thumbs/Bandai - WonderSwan/Named_Titles/Wave R (World) (v1.0) (WonderWitch) (WWGP2003) (Unl).png</image>
    <video>/recalbox/share/videos/No-Intro/Bandai - WonderSwan/Wave R (World) (v1.0) (WonderWitch) (WWGP2003) (Unl).mp4</video>
  </game>
  <game>
    <path>/recalbox/share/roms/readystream/wswan/With a Dory (World) (Ja) (Proto) (WonderWitch) (Unl).zip</path>
    <name>With a Dory (World) (Ja) (Proto) (WonderWitch) (Unl)</name>
    <image>/recalbox/share/thumbs/Bandai - WonderSwan/Named_Titles/With a Dory (World) (Ja) (Proto) (WonderWitch) (Unl).png</image>
    <video>/recalbox/share/videos/No-Intro/Bandai - WonderSwan/With a Dory (World) (Ja) (Proto) (WonderWitch) (Unl).mp4</video>
  </game>
  <game>
    <path>/recalbox/share/roms/readystream/wswan/Wonder Recorder (World) (Ja) (v1.00) (WonderWitch) (WWGP2001) (Unl).zip</path>
    <name>Wonder Recorder (World) (Ja) (v1.00) (WonderWitch) (WWGP2001) (Unl)</name>
    <image>/recalbox/share/thumbs/Bandai - WonderSwan/Named_Titles/Wonder Recorder (World) (Ja) (v1.00) (WonderWitch) (WWGP2001) (Unl).png</image>
    <video>/recalbox/share/videos/No-Intro/Bandai - WonderSwan/Wonder Recorder (World) (Ja) (v1.00) (WonderWitch) (WWGP2001) (Unl).mp4</video>
  </game>
  <game>
    <path>/recalbox/share/roms/readystream/wswan/Wonder Recorder (World) (Ja) (v1.01) (WonderWitch) (Unl).zip</path>
    <name>Wonder Recorder (World) (Ja) (v1.01) (WonderWitch) (Unl)</name>
    <image>/recalbox/share/thumbs/Bandai - WonderSwan/Named_Titles/Wonder Recorder (World) (Ja) (v1.01) (WonderWitch) (Unl).png</image>
    <video>/recalbox/share/videos/No-Intro/Bandai - WonderSwan/Wonder Recorder (World) (Ja) (v1.01) (WonderWitch) (Unl).mp4</video>
  </game>
  <game>
    <path>/recalbox/share/roms/readystream/wswan/Wonder Stadium '99 (Japan).zip</path>
    <name>Wonder Stadium &apos;99 (Japan)</name>
    <image>/recalbox/share/thumbs/Bandai - WonderSwan/Named_Titles/Wonder Stadium &apos;99 (Japan).png</image>
    <video>/recalbox/share/videos/No-Intro/Bandai - WonderSwan/Wonder Stadium &apos;99 (Japan).mp4</video>
  </game>
  <game>
    <path>/recalbox/share/roms/readystream/wswan/Wonder Stadium (Japan).zip</path>
    <name>Wonder Stadium (Japan)</name>
    <image>/recalbox/share/thumbs/Bandai - WonderSwan/Named_Titles/Wonder Stadium (Japan).png</image>
    <video>/recalbox/share/videos/No-Intro/Bandai - WonderSwan/Wonder Stadium (Japan).mp4</video>
  </game>
  <game>
    <path>/recalbox/share/roms/readystream/wswan/Wonder Su-Zi- (World) (WonderWitch) (Unl).zip</path>
    <name>Wonder Su-Zi- (World) (WonderWitch) (Unl)</name>
    <image>/recalbox/share/thumbs/Bandai - WonderSwan/Named_Titles/Wonder Su-Zi- (World) (WonderWitch) (Unl).png</image>
    <video>/recalbox/share/videos/No-Intro/Bandai - WonderSwan/Wonder Su-Zi- (World) (WonderWitch) (Unl).mp4</video>
  </game>
  <game>
    <path>/recalbox/share/roms/readystream/wswan/WonderSwan Handy Sonar (Japan) (Rev 1).zip</path>
    <name>WonderSwan Handy Sonar (Japan) (Rev 1)</name>
    <image>/recalbox/share/thumbs/Bandai - WonderSwan/Named_Titles/WonderSwan Handy Sonar (Japan) (Rev 1).png</image>
    <video>/recalbox/share/videos/No-Intro/Bandai - WonderSwan/WonderSwan Handy Sonar (Japan) (Rev 1).mp4</video>
  </game>
  <game>
    <path>/recalbox/share/roms/readystream/wswan/WonderSwan Handy Sonar (Japan) (Rev 2).zip</path>
    <name>WonderSwan Handy Sonar (Japan) (Rev 2)</name>
    <image>/recalbox/share/thumbs/Bandai - WonderSwan/Named_Titles/WonderSwan Handy Sonar (Japan) (Rev 2).png</image>
    <video>/recalbox/share/videos/No-Intro/Bandai - WonderSwan/WonderSwan Handy Sonar (Japan) (Rev 2).mp4</video>
  </game>
  <game>
    <path>/recalbox/share/roms/readystream/wswan/WonderWitch (Japan) (FreyaOS 1.0.2) (Program).zip</path>
    <name>WonderWitch (Japan) (FreyaOS 1.0.2) (Program)</name>
    <image>/recalbox/share/thumbs/Bandai - WonderSwan/Named_Titles/WonderWitch (Japan) (FreyaOS 1.0.2) (Program).png</image>
    <video>/recalbox/share/videos/No-Intro/Bandai - WonderSwan/WonderWitch (Japan) (FreyaOS 1.0.2) (Program).mp4</video>
  </game>
  <game>
    <path>/recalbox/share/roms/readystream/wswan/WonderWitch (Japan) (FreyaOS 1.1.2) (Program).zip</path>
    <name>WonderWitch (Japan) (FreyaOS 1.1.2) (Program)</name>
    <image>/recalbox/share/thumbs/Bandai - WonderSwan/Named_Titles/WonderWitch (Japan) (FreyaOS 1.1.2) (Program).png</image>
    <video>/recalbox/share/videos/No-Intro/Bandai - WonderSwan/WonderWitch (Japan) (FreyaOS 1.1.2) (Program).mp4</video>
  </game>
  <game>
    <path>/recalbox/share/roms/readystream/wswan/WonderWitch (Japan) (FreyaOS 1.1.3) (Program).zip</path>
    <name>WonderWitch (Japan) (FreyaOS 1.1.3) (Program)</name>
    <image>/recalbox/share/thumbs/Bandai - WonderSwan/Named_Titles/WonderWitch (Japan) (FreyaOS 1.1.3) (Program).png</image>
    <video>/recalbox/share/videos/No-Intro/Bandai - WonderSwan/WonderWitch (Japan) (FreyaOS 1.1.3) (Program).mp4</video>
  </game>
  <game>
    <path>/recalbox/share/roms/readystream/wswan/WonderWitch (Japan) (FreyaOS 1.1.4) (Program).zip</path>
    <name>WonderWitch (Japan) (FreyaOS 1.1.4) (Program)</name>
    <image>/recalbox/share/thumbs/Bandai - WonderSwan/Named_Titles/WonderWitch (Japan) (FreyaOS 1.1.4) (Program).png</image>
    <video>/recalbox/share/videos/No-Intro/Bandai - WonderSwan/WonderWitch (Japan) (FreyaOS 1.1.4) (Program).mp4</video>
  </game>
  <game>
    <path>/recalbox/share/roms/readystream/wswan/WonderWitch (Japan) (FreyaOS 1.1.5) (Program).zip</path>
    <name>WonderWitch (Japan) (FreyaOS 1.1.5) (Program)</name>
    <image>/recalbox/share/thumbs/Bandai - WonderSwan/Named_Titles/WonderWitch (Japan) (FreyaOS 1.1.5) (Program).png</image>
    <video>/recalbox/share/videos/No-Intro/Bandai - WonderSwan/WonderWitch (Japan) (FreyaOS 1.1.5) (Program).mp4</video>
  </game>
  <game>
    <path>/recalbox/share/roms/readystream/wswan/WonderWitch (Japan) (FreyaOS 1.2.0) (Program).zip</path>
    <name>WonderWitch (Japan) (FreyaOS 1.2.0) (Program)</name>
    <image>/recalbox/share/thumbs/Bandai - WonderSwan/Named_Titles/WonderWitch (Japan) (FreyaOS 1.2.0) (Program).png</image>
    <video>/recalbox/share/videos/No-Intro/Bandai - WonderSwan/WonderWitch (Japan) (FreyaOS 1.2.0) (Program).mp4</video>
  </game>
  <game>
    <path>/recalbox/share/roms/readystream/wswan/WonderWitch EP-NET (World) (Ja) (WonderWitch) (Program) (Unl).zip</path>
    <name>WonderWitch EP-NET (World) (Ja) (WonderWitch) (Program) (Unl)</name>
    <image>/recalbox/share/thumbs/Bandai - WonderSwan/Named_Titles/WonderWitch EP-NET (World) (Ja) (WonderWitch) (Program) (Unl).png</image>
    <video>/recalbox/share/videos/No-Intro/Bandai - WonderSwan/WonderWitch EP-NET (World) (Ja) (WonderWitch) (Program) (Unl).mp4</video>
  </game>
  <game>
    <path>/recalbox/share/roms/readystream/wswan/Yoneshichi Note TR2 (World) (Ja) (WonderWitch) (Program) (Unl).zip</path>
    <name>Yoneshichi Note TR2 (World) (Ja) (WonderWitch) (Program) (Unl)</name>
    <image>/recalbox/share/thumbs/Bandai - WonderSwan/Named_Titles/Yoneshichi Note TR2 (World) (Ja) (WonderWitch) (Program) (Unl).png</image>
    <video>/recalbox/share/videos/No-Intro/Bandai - WonderSwan/Yoneshichi Note TR2 (World) (Ja) (WonderWitch) (Program) (Unl).mp4</video>
  </game>
  <game>
    <path>/recalbox/share/roms/readystream/wswan/Yopparau Game for WonderWitch (World) (WonderWitch) (Unl).zip</path>
    <name>Yopparau Game for WonderWitch (World) (WonderWitch) (Unl)</name>
    <image>/recalbox/share/thumbs/Bandai - WonderSwan/Named_Titles/Yopparau Game for WonderWitch (World) (WonderWitch) (Unl).png</image>
    <video>/recalbox/share/videos/No-Intro/Bandai - WonderSwan/Yopparau Game for WonderWitch (World) (WonderWitch) (Unl).mp4</video>
  </game>
  <game>
    <path>/recalbox/share/roms/readystream/wswan/Ze Sound Player + Sample Music (World) (WonderWitch) (Program) (Unl).zip</path>
    <name>Ze Sound Player + Sample Music (World) (WonderWitch) (Program) (Unl)</name>
    <image>/recalbox/share/thumbs/Bandai - WonderSwan/Named_Titles/Ze Sound Player + Sample Music (World) (WonderWitch) (Program) (Unl).png</image>
    <video>/recalbox/share/videos/No-Intro/Bandai - WonderSwan/Ze Sound Player + Sample Music (World) (WonderWitch) (Program) (Unl).mp4</video>
  </game>
  <game>
    <path>/recalbox/share/roms/readystream/wswan/beatmania for WonderSwan (Japan).zip</path>
    <name>beatmania for WonderSwan (Japan)</name>
    <image>/recalbox/share/thumbs/Bandai - WonderSwan/Named_Titles/beatmania for WonderSwan (Japan).png</image>
    <video>/recalbox/share/videos/No-Intro/Bandai - WonderSwan/beatmania for WonderSwan (Japan).mp4</video>
  </game>
  <game>
    <path>/recalbox/share/roms/readystream/wswan/otto (World) (WonderWitch) (Unl).zip</path>
    <name>otto (World) (WonderWitch) (Unl)</name>
    <image>/recalbox/share/thumbs/Bandai - WonderSwan/Named_Titles/otto (World) (WonderWitch) (Unl).png</image>
    <video>/recalbox/share/videos/No-Intro/Bandai - WonderSwan/otto (World) (WonderWitch) (Unl).mp4</video>
  </game>
  <game>
    <path>/recalbox/share/roms/readystream/wswan/vs-shooting (World) (Demo) (WonderWitch) (Unl).zip</path>
    <name>vs-shooting (World) (Demo) (WonderWitch) (Unl)</name>
    <image>/recalbox/share/thumbs/Bandai - WonderSwan/Named_Titles/vs-shooting (World) (Demo) (WonderWitch) (Unl).png</image>
    <video>/recalbox/share/videos/No-Intro/Bandai - WonderSwan/vs-shooting (World) (Demo) (WonderWitch) (Unl).mp4</video>
  </game>
</gamelist>