<gamelist>
  <game>
    <path>/recalbox/share/roms/readystream/ngpc/Baseball Stars Color - Pocket Sports Series (World) (En,Ja).zip</path>
    <name>Baseball Stars Color - Pocket Sports Series (World) (En,Ja)</name>
    <image>/recalbox/share/thumbs/SNK - Neo Geo Pocket Color/Named_Titles/Baseball Stars Color - Pocket Sports Series (World) (En,Ja).png</image>
    <video>/recalbox/share/videos/No-Intro/SNK - NeoGeo Pocket Color/Baseball Stars Color - Pocket Sports Series (World) (En,Ja).mp4</video>
  </game>
  <game>
    <path>/recalbox/share/roms/readystream/ngpc/Big Bang Pro Wrestling (Japan) (En,Ja).zip</path>
    <name>Big Bang Pro Wrestling (Japan) (En,Ja)</name>
    <image>/recalbox/share/thumbs/SNK - Neo Geo Pocket Color/Named_Titles/Big Bang Pro Wrestling (Japan) (En,Ja).png</image>
    <video>/recalbox/share/videos/No-Intro/SNK - NeoGeo Pocket Color/Big Bang Pro Wrestling (Japan) (En,Ja).mp4</video>
  </game>
  <game>
    <path>/recalbox/share/roms/readystream/ngpc/Biomotor Unitron (Japan) (Demo).zip</path>
    <name>Biomotor Unitron (Japan) (Demo)</name>
    <image>/recalbox/share/thumbs/SNK - Neo Geo Pocket Color/Named_Titles/Biomotor Unitron (Japan) (Demo).png</image>
    <video>/recalbox/share/videos/No-Intro/SNK - NeoGeo Pocket Color/Biomotor Unitron (Japan) (Demo).mp4</video>
  </game>
  <game>
    <path>/recalbox/share/roms/readystream/ngpc/Biomotor Unitron (USA, Europe).zip</path>
    <name>Biomotor Unitron (USA, Europe)</name>
    <image>/recalbox/share/thumbs/SNK - Neo Geo Pocket Color/Named_Titles/Biomotor Unitron (USA, Europe).png</image>
    <video>/recalbox/share/videos/No-Intro/SNK - NeoGeo Pocket Color/Biomotor Unitron (USA, Europe).mp4</video>
  </game>
  <game>
    <path>/recalbox/share/roms/readystream/ngpc/Bust-A-Move Pocket (USA) (Beta).zip</path>
    <name>Bust-A-Move Pocket (USA) (Beta)</name>
    <image>/recalbox/share/thumbs/SNK - Neo Geo Pocket Color/Named_Titles/Bust-A-Move Pocket (USA) (Beta).png</image>
    <video>/recalbox/share/videos/No-Intro/SNK - NeoGeo Pocket Color/Bust-A-Move Pocket (USA) (Beta).mp4</video>
  </game>
  <game>
    <path>/recalbox/share/roms/readystream/ngpc/Cool Boarders Pocket (Japan, Europe) (En,Ja).zip</path>
    <name>Cool Boarders Pocket (Japan, Europe) (En,Ja)</name>
    <image>/recalbox/share/thumbs/SNK - Neo Geo Pocket Color/Named_Titles/Cool Boarders Pocket (Japan, Europe) (En,Ja).png</image>
    <video>/recalbox/share/videos/No-Intro/SNK - NeoGeo Pocket Color/Cool Boarders Pocket (Japan, Europe) (En,Ja).mp4</video>
  </game>
  <game>
    <path>/recalbox/share/roms/readystream/ngpc/Cool Cool Jam (Japan).zip</path>
    <name>Cool Cool Jam (Japan)</name>
    <image>/recalbox/share/thumbs/SNK - Neo Geo Pocket Color/Named_Titles/Cool Cool Jam (Japan).png</image>
    <video>/recalbox/share/videos/No-Intro/SNK - NeoGeo Pocket Color/Cool Cool Jam (Japan).mp4</video>
  </game>
  <game>
    <path>/recalbox/share/roms/readystream/ngpc/Cool Cool Jam (USA) (Proto).zip</path>
    <name>Cool Cool Jam (USA) (Proto)</name>
    <image>/recalbox/share/thumbs/SNK - Neo Geo Pocket Color/Named_Titles/Cool Cool Jam (USA) (Proto).png</image>
    <video>/recalbox/share/videos/No-Intro/SNK - NeoGeo Pocket Color/Cool Cool Jam (USA) (Proto).mp4</video>
  </game>
  <game>
    <path>/recalbox/share/roms/readystream/ngpc/Crush Roller (World) (En,Ja).zip</path>
    <name>Crush Roller (World) (En,Ja)</name>
    <image>/recalbox/share/thumbs/SNK - Neo Geo Pocket Color/Named_Titles/Crush Roller (World) (En,Ja).png</image>
    <video>/recalbox/share/videos/No-Intro/SNK - NeoGeo Pocket Color/Crush Roller (World) (En,Ja).mp4</video>
  </game>
  <game>
    <path>/recalbox/share/roms/readystream/ngpc/Delta Warp (Japan) (Demo).zip</path>
    <name>Delta Warp (Japan) (Demo)</name>
    <image>/recalbox/share/thumbs/SNK - Neo Geo Pocket Color/Named_Titles/Delta Warp (Japan) (Demo).png</image>
    <video>/recalbox/share/videos/No-Intro/SNK - NeoGeo Pocket Color/Delta Warp (Japan) (Demo).mp4</video>
  </game>
  <game>
    <path>/recalbox/share/roms/readystream/ngpc/Densetsu no Ogre Battle Gaiden - Zenobia no Ouji (Japan).zip</path>
    <name>Densetsu no Ogre Battle Gaiden - Zenobia no Ouji (Japan)</name>
    <image>/recalbox/share/thumbs/SNK - Neo Geo Pocket Color/Named_Titles/Densetsu no Ogre Battle Gaiden - Zenobia no Ouji (Japan).png</image>
    <video>/recalbox/share/videos/No-Intro/SNK - NeoGeo Pocket Color/Densetsu no Ogre Battle Gaiden - Zenobia no Ouji (Japan).mp4</video>
  </game>
  <game>
    <path>/recalbox/share/roms/readystream/ngpc/Densha de Go! 2 on NeoGeo Pocket (Japan) (Demo).zip</path>
    <name>Densha de Go! 2 on NeoGeo Pocket (Japan) (Demo)</name>
    <image>/recalbox/share/thumbs/SNK - Neo Geo Pocket Color/Named_Titles/Densha de Go! 2 on NeoGeo Pocket (Japan) (Demo).png</image>
    <video>/recalbox/share/videos/No-Intro/SNK - NeoGeo Pocket Color/Densha de Go! 2 on NeoGeo Pocket (Japan) (Demo).mp4</video>
  </game>
  <game>
    <path>/recalbox/share/roms/readystream/ngpc/Densha de Go! 2 on NeoGeo Pocket (Japan).zip</path>
    <name>Densha de Go! 2 on NeoGeo Pocket (Japan)</name>
    <image>/recalbox/share/thumbs/SNK - Neo Geo Pocket Color/Named_Titles/Densha de Go! 2 on NeoGeo Pocket (Japan).png</image>
    <video>/recalbox/share/videos/No-Intro/SNK - NeoGeo Pocket Color/Densha de Go! 2 on NeoGeo Pocket (Japan).mp4</video>
  </game>
  <game>
    <path>/recalbox/share/roms/readystream/ngpc/Dive Alert - Becky's Version (USA, Europe).zip</path>
    <name>Dive Alert - Becky&apos;s Version (USA, Europe)</name>
    <image>/recalbox/share/thumbs/SNK - Neo Geo Pocket Color/Named_Titles/Dive Alert - Becky&apos;s Version (USA, Europe).png</image>
    <video>/recalbox/share/videos/No-Intro/SNK - NeoGeo Pocket Color/Dive Alert - Becky&apos;s Version (USA, Europe).mp4</video>
  </game>
  <game>
    <path>/recalbox/share/roms/readystream/ngpc/Dive Alert - Burn Hen (Japan) (Beta).zip</path>
    <name>Dive Alert - Burn Hen (Japan) (Beta)</name>
    <image>/recalbox/share/thumbs/SNK - Neo Geo Pocket Color/Named_Titles/Dive Alert - Burn Hen (Japan) (Beta).png</image>
    <video>/recalbox/share/videos/No-Intro/SNK - NeoGeo Pocket Color/Dive Alert - Burn Hen (Japan) (Beta).mp4</video>
  </game>
  <game>
    <path>/recalbox/share/roms/readystream/ngpc/Dive Alert - Matt's Version (USA, Europe).zip</path>
    <name>Dive Alert - Matt&apos;s Version (USA, Europe)</name>
    <image>/recalbox/share/thumbs/SNK - Neo Geo Pocket Color/Named_Titles/Dive Alert - Matt&apos;s Version (USA, Europe).png</image>
    <video>/recalbox/share/videos/No-Intro/SNK - NeoGeo Pocket Color/Dive Alert - Matt&apos;s Version (USA, Europe).mp4</video>
  </game>
  <game>
    <path>/recalbox/share/roms/readystream/ngpc/Dynamite Slugger (Japan, Europe) (En,Ja).zip</path>
    <name>Dynamite Slugger (Japan, Europe) (En,Ja)</name>
    <image>/recalbox/share/thumbs/SNK - Neo Geo Pocket Color/Named_Titles/Dynamite Slugger (Japan, Europe) (En,Ja).png</image>
    <video>/recalbox/share/videos/No-Intro/SNK - NeoGeo Pocket Color/Dynamite Slugger (Japan, Europe) (En,Ja).mp4</video>
  </game>
  <game>
    <path>/recalbox/share/roms/readystream/ngpc/Evolution - Eternal Dungeons (Europe) (vA1).zip</path>
    <name>Evolution - Eternal Dungeons (Europe) (vA1)</name>
    <image>/recalbox/share/thumbs/SNK - Neo Geo Pocket Color/Named_Titles/Evolution - Eternal Dungeons (Europe) (vA1).png</image>
    <video>/recalbox/share/videos/No-Intro/SNK - NeoGeo Pocket Color/Evolution - Eternal Dungeons (Europe) (vA1).mp4</video>
  </game>
  <game>
    <path>/recalbox/share/roms/readystream/ngpc/Fantastic Night Dreams - Cotton (Europe).zip</path>
    <name>Fantastic Night Dreams - Cotton (Europe)</name>
    <image>/recalbox/share/thumbs/SNK - Neo Geo Pocket Color/Named_Titles/Fantastic Night Dreams - Cotton (Europe).png</image>
    <video>/recalbox/share/videos/No-Intro/SNK - NeoGeo Pocket Color/Fantastic Night Dreams - Cotton (Europe).mp4</video>
  </game>
  <game>
    <path>/recalbox/share/roms/readystream/ngpc/Faselei! (USA, Europe).zip</path>
    <name>Faselei! (USA, Europe)</name>
    <image>/recalbox/share/thumbs/SNK - Neo Geo Pocket Color/Named_Titles/Faselei! (USA, Europe).png</image>
    <video>/recalbox/share/videos/No-Intro/SNK - NeoGeo Pocket Color/Faselei! (USA, Europe).mp4</video>
  </game>
  <game>
    <path>/recalbox/share/roms/readystream/ngpc/Fatal Fury F-Contact - Pocket Fighting Series (World) (En,Ja).zip</path>
    <name>Fatal Fury F-Contact - Pocket Fighting Series (World) (En,Ja)</name>
    <image>/recalbox/share/thumbs/SNK - Neo Geo Pocket Color/Named_Titles/Fatal Fury F-Contact - Pocket Fighting Series (World) (En,Ja).png</image>
    <video>/recalbox/share/videos/No-Intro/SNK - NeoGeo Pocket Color/Fatal Fury F-Contact - Pocket Fighting Series (World) (En,Ja).mp4</video>
  </game>
  <game>
    <path>/recalbox/share/roms/readystream/ngpc/Infinity Cure (Japan).zip</path>
    <name>Infinity Cure (Japan)</name>
    <image>/recalbox/share/thumbs/SNK - Neo Geo Pocket Color/Named_Titles/Infinity Cure (Japan).png</image>
    <video>/recalbox/share/videos/No-Intro/SNK - NeoGeo Pocket Color/Infinity Cure (Japan).mp4</video>
  </game>
  <game>
    <path>/recalbox/share/roms/readystream/ngpc/Kikou Seiki Unitron - Sono Tsuide. Hikari Umareru Chi Yori. (Japan).zip</path>
    <name>Kikou Seiki Unitron - Sono Tsuide. Hikari Umareru Chi Yori. (Japan)</name>
    <image>/recalbox/share/thumbs/SNK - Neo Geo Pocket Color/Named_Titles/Kikou Seiki Unitron - Sono Tsuide. Hikari Umareru Chi Yori. (Japan).png</image>
    <video>/recalbox/share/videos/No-Intro/SNK - NeoGeo Pocket Color/Kikou Seiki Unitron - Sono Tsuide. Hikari Umareru Chi Yori. (Japan).mp4</video>
  </game>
  <game>
    <path>/recalbox/share/roms/readystream/ngpc/King of Fighters, The - Battle de Paradise (Japan).zip</path>
    <name>King of Fighters, The - Battle de Paradise (Japan)</name>
    <image>/recalbox/share/thumbs/SNK - Neo Geo Pocket Color/Named_Titles/King of Fighters, The - Battle de Paradise (Japan).png</image>
    <video>/recalbox/share/videos/No-Intro/SNK - NeoGeo Pocket Color/King of Fighters, The - Battle de Paradise (Japan).mp4</video>
  </game>
  <game>
    <path>/recalbox/share/roms/readystream/ngpc/Koi Koi Mahjong (Japan) (v0B).zip</path>
    <name>Koi Koi Mahjong (Japan) (v0B)</name>
    <image>/recalbox/share/thumbs/SNK - Neo Geo Pocket Color/Named_Titles/Koi Koi Mahjong (Japan) (v0B).png</image>
    <video>/recalbox/share/videos/No-Intro/SNK - NeoGeo Pocket Color/Koi Koi Mahjong (Japan) (v0B).mp4</video>
  </game>
  <game>
    <path>/recalbox/share/roms/readystream/ngpc/Last Blade, The - Beyond the Destiny (USA, Europe).zip</path>
    <name>Last Blade, The - Beyond the Destiny (USA, Europe)</name>
    <image>/recalbox/share/thumbs/SNK - Neo Geo Pocket Color/Named_Titles/Last Blade, The - Beyond the Destiny (USA, Europe).png</image>
    <video>/recalbox/share/videos/No-Intro/SNK - NeoGeo Pocket Color/Last Blade, The - Beyond the Destiny (USA, Europe).mp4</video>
  </game>
  <game>
    <path>/recalbox/share/roms/readystream/ngpc/Metal Slug - 1st Mission (World) (En,Ja).zip</path>
    <name>Metal Slug - 1st Mission (World) (En,Ja)</name>
    <image>/recalbox/share/thumbs/SNK - Neo Geo Pocket Color/Named_Titles/Metal Slug - 1st Mission (World) (En,Ja).png</image>
    <video>/recalbox/share/videos/No-Intro/SNK - NeoGeo Pocket Color/Metal Slug - 1st Mission (World) (En,Ja).mp4</video>
  </game>
  <game>
    <path>/recalbox/share/roms/readystream/ngpc/Mezase! Kanji Ou (Japan).zip</path>
    <name>Mezase! Kanji Ou (Japan)</name>
    <image>/recalbox/share/thumbs/SNK - Neo Geo Pocket Color/Named_Titles/Mezase! Kanji Ou (Japan).png</image>
    <video>/recalbox/share/videos/No-Intro/SNK - NeoGeo Pocket Color/Mezase! Kanji Ou (Japan).mp4</video>
  </game>
  <game>
    <path>/recalbox/share/roms/readystream/ngpc/Mizuki Shigeru no Youkai Shashinkan (Japan).zip</path>
    <name>Mizuki Shigeru no Youkai Shashinkan (Japan)</name>
    <image>/recalbox/share/thumbs/SNK - Neo Geo Pocket Color/Named_Titles/Mizuki Shigeru no Youkai Shashinkan (Japan).png</image>
    <video>/recalbox/share/videos/No-Intro/SNK - NeoGeo Pocket Color/Mizuki Shigeru no Youkai Shashinkan (Japan).mp4</video>
  </game>
  <game>
    <path>/recalbox/share/roms/readystream/ngpc/Neo 21 - Pocket Casino Series (World).zip</path>
    <name>Neo 21 - Pocket Casino Series (World)</name>
    <image>/recalbox/share/thumbs/SNK - Neo Geo Pocket Color/Named_Titles/Neo 21 - Pocket Casino Series (World).png</image>
    <video>/recalbox/share/videos/No-Intro/SNK - NeoGeo Pocket Color/Neo 21 - Pocket Casino Series (World).mp4</video>
  </game>
  <game>
    <path>/recalbox/share/roms/readystream/ngpc/Neo Baccarat - Pocket Casino Series (Japan, Europe) (En) (Beta).zip</path>
    <name>Neo Baccarat - Pocket Casino Series (Japan, Europe) (En) (Beta)</name>
    <image>/recalbox/share/thumbs/SNK - Neo Geo Pocket Color/Named_Titles/Neo Baccarat - Pocket Casino Series (Japan, Europe) (En) (Beta).png</image>
    <video>/recalbox/share/videos/No-Intro/SNK - NeoGeo Pocket Color/Neo Baccarat - Pocket Casino Series (Japan, Europe) (En) (Beta).mp4</video>
  </game>
  <game>
    <path>/recalbox/share/roms/readystream/ngpc/Neo Baccarat - Pocket Casino Series (Japan, Europe) (En) (v11).zip</path>
    <name>Neo Baccarat - Pocket Casino Series (Japan, Europe) (En) (v11)</name>
    <image>/recalbox/share/thumbs/SNK - Neo Geo Pocket Color/Named_Titles/Neo Baccarat - Pocket Casino Series (Japan, Europe) (En) (v11).png</image>
    <video>/recalbox/share/videos/No-Intro/SNK - NeoGeo Pocket Color/Neo Baccarat - Pocket Casino Series (Japan, Europe) (En) (v11).mp4</video>
  </game>
  <game>
    <path>/recalbox/share/roms/readystream/ngpc/Neo Baccarat - Pocket Casino Series (Japan, Europe) (En) (v16).zip</path>
    <name>Neo Baccarat - Pocket Casino Series (Japan, Europe) (En) (v16)</name>
    <image>/recalbox/share/thumbs/SNK - Neo Geo Pocket Color/Named_Titles/Neo Baccarat - Pocket Casino Series (Japan, Europe) (En) (v16).png</image>
    <video>/recalbox/share/videos/No-Intro/SNK - NeoGeo Pocket Color/Neo Baccarat - Pocket Casino Series (Japan, Europe) (En) (v16).mp4</video>
  </game>
  <game>
    <path>/recalbox/share/roms/readystream/ngpc/Neo Cherry Master Color - Pocket Casino Series (World) (En,Ja) (Demo).zip</path>
    <name>Neo Cherry Master Color - Pocket Casino Series (World) (En,Ja) (Demo)</name>
    <image>/recalbox/share/thumbs/SNK - Neo Geo Pocket Color/Named_Titles/Neo Cherry Master Color - Pocket Casino Series (World) (En,Ja) (Demo).png</image>
    <video>/recalbox/share/videos/No-Intro/SNK - NeoGeo Pocket Color/Neo Cherry Master Color - Pocket Casino Series (World) (En,Ja) (Demo).mp4</video>
  </game>
  <game>
    <path>/recalbox/share/roms/readystream/ngpc/Neo Dragon's Wild - Real Casino Series (World) (En,Ja) (v13).zip</path>
    <name>Neo Dragon&apos;s Wild - Real Casino Series (World) (En,Ja) (v13)</name>
    <image>/recalbox/share/thumbs/SNK - Neo Geo Pocket Color/Named_Titles/Neo Dragon&apos;s Wild - Real Casino Series (World) (En,Ja) (v13).png</image>
    <video>/recalbox/share/videos/No-Intro/SNK - NeoGeo Pocket Color/Neo Dragon&apos;s Wild - Real Casino Series (World) (En,Ja) (v13).mp4</video>
  </game>
  <game>
    <path>/recalbox/share/roms/readystream/ngpc/Neo Poke Pro Yakyuu (Japan) (v1F).zip</path>
    <name>Neo Poke Pro Yakyuu (Japan) (v1F)</name>
    <image>/recalbox/share/thumbs/SNK - Neo Geo Pocket Color/Named_Titles/Neo Poke Pro Yakyuu (Japan) (v1F).png</image>
    <video>/recalbox/share/videos/No-Intro/SNK - NeoGeo Pocket Color/Neo Poke Pro Yakyuu (Japan) (v1F).mp4</video>
  </game>
  <game>
    <path>/recalbox/share/roms/readystream/ngpc/Neo Poke Pro Yakyuu (Japan) (v32).zip</path>
    <name>Neo Poke Pro Yakyuu (Japan) (v32)</name>
    <image>/recalbox/share/thumbs/SNK - Neo Geo Pocket Color/Named_Titles/Neo Poke Pro Yakyuu (Japan) (v32).png</image>
    <video>/recalbox/share/videos/No-Intro/SNK - NeoGeo Pocket Color/Neo Poke Pro Yakyuu (Japan) (v32).mp4</video>
  </game>
  <game>
    <path>/recalbox/share/roms/readystream/ngpc/Neo Turf Masters (World) (En,Ja).zip</path>
    <name>Neo Turf Masters (World) (En,Ja)</name>
    <image>/recalbox/share/thumbs/SNK - Neo Geo Pocket Color/Named_Titles/Neo Turf Masters (World) (En,Ja).png</image>
    <video>/recalbox/share/videos/No-Intro/SNK - NeoGeo Pocket Color/Neo Turf Masters (World) (En,Ja).mp4</video>
  </game>
  <game>
    <path>/recalbox/share/roms/readystream/ngpc/PP-AA01 - Pusher - Program - Hontai Controller Gawa (Japan).zip</path>
    <name>PP-AA01 - Pusher - Program - Hontai Controller Gawa (Japan)</name>
    <image>/recalbox/share/thumbs/SNK - Neo Geo Pocket Color/Named_Titles/PP-AA01 - Pusher - Program - Hontai Controller Gawa (Japan).png</image>
    <video>/recalbox/share/videos/No-Intro/SNK - NeoGeo Pocket Color/PP-AA01 - Pusher - Program - Hontai Controller Gawa (Japan).mp4</video>
  </game>
  <game>
    <path>/recalbox/share/roms/readystream/ngpc/Pac-Man (World) (En,Ja).zip</path>
    <name>Pac-Man (World) (En,Ja)</name>
    <image>/recalbox/share/thumbs/SNK - Neo Geo Pocket Color/Named_Titles/Pac-Man (World) (En,Ja).png</image>
    <video>/recalbox/share/videos/No-Intro/SNK - NeoGeo Pocket Color/Pac-Man (World) (En,Ja).mp4</video>
  </game>
  <game>
    <path>/recalbox/share/roms/readystream/ngpc/Pachi-Slot Aruze Oukoku Pocket - Azteca (Japan) (v06).zip</path>
    <name>Pachi-Slot Aruze Oukoku Pocket - Azteca (Japan) (v06)</name>
    <image>/recalbox/share/thumbs/SNK - Neo Geo Pocket Color/Named_Titles/Pachi-Slot Aruze Oukoku Pocket - Azteca (Japan) (v06).png</image>
    <video>/recalbox/share/videos/No-Intro/SNK - NeoGeo Pocket Color/Pachi-Slot Aruze Oukoku Pocket - Azteca (Japan) (v06).mp4</video>
  </game>
  <game>
    <path>/recalbox/share/roms/readystream/ngpc/Pachi-Slot Aruze Oukoku Pocket - Hanabi (Japan) (v03).zip</path>
    <name>Pachi-Slot Aruze Oukoku Pocket - Hanabi (Japan) (v03)</name>
    <image>/recalbox/share/thumbs/SNK - Neo Geo Pocket Color/Named_Titles/Pachi-Slot Aruze Oukoku Pocket - Hanabi (Japan) (v03).png</image>
    <video>/recalbox/share/videos/No-Intro/SNK - NeoGeo Pocket Color/Pachi-Slot Aruze Oukoku Pocket - Hanabi (Japan) (v03).mp4</video>
  </game>
  <game>
    <path>/recalbox/share/roms/readystream/ngpc/Pachi-Slot Aruze Oukoku Pocket - Hanabi (Japan) (v04).zip</path>
    <name>Pachi-Slot Aruze Oukoku Pocket - Hanabi (Japan) (v04)</name>
    <image>/recalbox/share/thumbs/SNK - Neo Geo Pocket Color/Named_Titles/Pachi-Slot Aruze Oukoku Pocket - Hanabi (Japan) (v04).png</image>
    <video>/recalbox/share/videos/No-Intro/SNK - NeoGeo Pocket Color/Pachi-Slot Aruze Oukoku Pocket - Hanabi (Japan) (v04).mp4</video>
  </game>
  <game>
    <path>/recalbox/share/roms/readystream/ngpc/Pachi-Slot Aruze Oukoku Pocket - Hanabi (Japan) (v05).zip</path>
    <name>Pachi-Slot Aruze Oukoku Pocket - Hanabi (Japan) (v05)</name>
    <image>/recalbox/share/thumbs/SNK - Neo Geo Pocket Color/Named_Titles/Pachi-Slot Aruze Oukoku Pocket - Hanabi (Japan) (v05).png</image>
    <video>/recalbox/share/videos/No-Intro/SNK - NeoGeo Pocket Color/Pachi-Slot Aruze Oukoku Pocket - Hanabi (Japan) (v05).mp4</video>
  </game>
  <game>
    <path>/recalbox/share/roms/readystream/ngpc/Pachi-Slot Aruze Oukoku Pocket - Ward of Lights (Japan) (v03).zip</path>
    <name>Pachi-Slot Aruze Oukoku Pocket - Ward of Lights (Japan) (v03)</name>
    <image>/recalbox/share/thumbs/SNK - Neo Geo Pocket Color/Named_Titles/Pachi-Slot Aruze Oukoku Pocket - Ward of Lights (Japan) (v03).png</image>
    <video>/recalbox/share/videos/No-Intro/SNK - NeoGeo Pocket Color/Pachi-Slot Aruze Oukoku Pocket - Ward of Lights (Japan) (v03).mp4</video>
  </game>
  <game>
    <path>/recalbox/share/roms/readystream/ngpc/Pachi-Slot Aruze Oukoku Pocket - Ward of Lights (Japan) (v04).zip</path>
    <name>Pachi-Slot Aruze Oukoku Pocket - Ward of Lights (Japan) (v04)</name>
    <image>/recalbox/share/thumbs/SNK - Neo Geo Pocket Color/Named_Titles/Pachi-Slot Aruze Oukoku Pocket - Ward of Lights (Japan) (v04).png</image>
    <video>/recalbox/share/videos/No-Intro/SNK - NeoGeo Pocket Color/Pachi-Slot Aruze Oukoku Pocket - Ward of Lights (Japan) (v04).mp4</video>
  </game>
  <game>
    <path>/recalbox/share/roms/readystream/ngpc/Pachi-Slot Aruze Oukoku Pocket - e-CUP (Japan) (v04).zip</path>
    <name>Pachi-Slot Aruze Oukoku Pocket - e-CUP (Japan) (v04)</name>
    <image>/recalbox/share/thumbs/SNK - Neo Geo Pocket Color/Named_Titles/Pachi-Slot Aruze Oukoku Pocket - e-CUP (Japan) (v04).png</image>
    <video>/recalbox/share/videos/No-Intro/SNK - NeoGeo Pocket Color/Pachi-Slot Aruze Oukoku Pocket - e-CUP (Japan) (v04).mp4</video>
  </game>
  <game>
    <path>/recalbox/share/roms/readystream/ngpc/Picture Puzzle (Europe).zip</path>
    <name>Picture Puzzle (Europe)</name>
    <image>/recalbox/share/thumbs/SNK - Neo Geo Pocket Color/Named_Titles/Picture Puzzle (Europe).png</image>
    <video>/recalbox/share/videos/No-Intro/SNK - NeoGeo Pocket Color/Picture Puzzle (Europe).mp4</video>
  </game>
  <game>
    <path>/recalbox/share/roms/readystream/ngpc/Pocket Reversi (Europe) (v03).zip</path>
    <name>Pocket Reversi (Europe) (v03)</name>
    <image>/recalbox/share/thumbs/SNK - Neo Geo Pocket Color/Named_Titles/Pocket Reversi (Europe) (v03).png</image>
    <video>/recalbox/share/videos/No-Intro/SNK - NeoGeo Pocket Color/Pocket Reversi (Europe) (v03).mp4</video>
  </game>
  <game>
    <path>/recalbox/share/roms/readystream/ngpc/Pocket Reversi (Europe) (vA1).zip</path>
    <name>Pocket Reversi (Europe) (vA1)</name>
    <image>/recalbox/share/thumbs/SNK - Neo Geo Pocket Color/Named_Titles/Pocket Reversi (Europe) (vA1).png</image>
    <video>/recalbox/share/videos/No-Intro/SNK - NeoGeo Pocket Color/Pocket Reversi (Europe) (vA1).mp4</video>
  </game>
  <game>
    <path>/recalbox/share/roms/readystream/ngpc/Pocket Reversi (Japan).zip</path>
    <name>Pocket Reversi (Japan)</name>
    <image>/recalbox/share/thumbs/SNK - Neo Geo Pocket Color/Named_Titles/Pocket Reversi (Japan).png</image>
    <video>/recalbox/share/videos/No-Intro/SNK - NeoGeo Pocket Color/Pocket Reversi (Japan).mp4</video>
  </game>
  <game>
    <path>/recalbox/share/roms/readystream/ngpc/Puyo Pop (World) (En,Ja) (v05).zip</path>
    <name>Puyo Pop (World) (En,Ja) (v05)</name>
    <image>/recalbox/share/thumbs/SNK - Neo Geo Pocket Color/Named_Titles/Puyo Pop (World) (En,Ja) (v05).png</image>
    <video>/recalbox/share/videos/No-Intro/SNK - NeoGeo Pocket Color/Puyo Pop (World) (En,Ja) (v05).mp4</video>
  </game>
  <game>
    <path>/recalbox/share/roms/readystream/ngpc/Puyo Pop (World) (En,Ja) (v06).zip</path>
    <name>Puyo Pop (World) (En,Ja) (v06)</name>
    <image>/recalbox/share/thumbs/SNK - Neo Geo Pocket Color/Named_Titles/Puyo Pop (World) (En,Ja) (v06).png</image>
    <video>/recalbox/share/videos/No-Intro/SNK - NeoGeo Pocket Color/Puyo Pop (World) (En,Ja) (v06).mp4</video>
  </game>
  <game>
    <path>/recalbox/share/roms/readystream/ngpc/Puzzle Bobble Mini (Europe).zip</path>
    <name>Puzzle Bobble Mini (Europe)</name>
    <image>/recalbox/share/thumbs/SNK - Neo Geo Pocket Color/Named_Titles/Puzzle Bobble Mini (Europe).png</image>
    <video>/recalbox/share/videos/No-Intro/SNK - NeoGeo Pocket Color/Puzzle Bobble Mini (Europe).mp4</video>
  </game>
  <game>
    <path>/recalbox/share/roms/readystream/ngpc/Puzzle Bobble Mini (Japan) (En).zip</path>
    <name>Puzzle Bobble Mini (Japan) (En)</name>
    <image>/recalbox/share/thumbs/SNK - Neo Geo Pocket Color/Named_Titles/Puzzle Bobble Mini (Japan) (En).png</image>
    <video>/recalbox/share/videos/No-Intro/SNK - NeoGeo Pocket Color/Puzzle Bobble Mini (Japan) (En).mp4</video>
  </game>
  <game>
    <path>/recalbox/share/roms/readystream/ngpc/Rockman - Battle &amp; Fighters (Japan).zip</path>
    <name>Rockman - Battle &amp; Fighters (Japan)</name>
    <image>/recalbox/share/thumbs/SNK - Neo Geo Pocket Color/Named_Titles/Rockman - Battle &amp; Fighters (Japan).png</image>
    <video>/recalbox/share/videos/No-Intro/SNK - NeoGeo Pocket Color/Rockman - Battle &amp; Fighters (Japan).mp4</video>
  </game>
  <game>
    <path>/recalbox/share/roms/readystream/ngpc/SNK Gals' Fighters (Japan).zip</path>
    <name>SNK Gals&apos; Fighters (Japan)</name>
    <image>/recalbox/share/thumbs/SNK - Neo Geo Pocket Color/Named_Titles/SNK Gals&apos; Fighters (Japan).png</image>
    <video>/recalbox/share/videos/No-Intro/SNK - NeoGeo Pocket Color/SNK Gals&apos; Fighters (Japan).mp4</video>
  </game>
  <game>
    <path>/recalbox/share/roms/readystream/ngpc/SNK Gals' Fighters (USA, Europe).zip</path>
    <name>SNK Gals&apos; Fighters (USA, Europe)</name>
    <image>/recalbox/share/thumbs/SNK - Neo Geo Pocket Color/Named_Titles/SNK Gals&apos; Fighters (USA, Europe).png</image>
    <video>/recalbox/share/videos/No-Intro/SNK - NeoGeo Pocket Color/SNK Gals&apos; Fighters (USA, Europe).mp4</video>
  </game>
  <game>
    <path>/recalbox/share/roms/readystream/ngpc/SNK vs. Capcom - Card Fighters 2 - Expand Edition (Japan).zip</path>
    <name>SNK vs. Capcom - Card Fighters 2 - Expand Edition (Japan)</name>
    <image>/recalbox/share/thumbs/SNK - Neo Geo Pocket Color/Named_Titles/SNK vs. Capcom - Card Fighters 2 - Expand Edition (Japan).png</image>
    <video>/recalbox/share/videos/No-Intro/SNK - NeoGeo Pocket Color/SNK vs. Capcom - Card Fighters 2 - Expand Edition (Japan).mp4</video>
  </game>
  <game>
    <path>/recalbox/share/roms/readystream/ngpc/SNK vs. Capcom - The Match of the Millennium (World) (En,Ja).zip</path>
    <name>SNK vs. Capcom - The Match of the Millennium (World) (En,Ja)</name>
    <image>/recalbox/share/thumbs/SNK - Neo Geo Pocket Color/Named_Titles/SNK vs. Capcom - The Match of the Millennium (World) (En,Ja).png</image>
    <video>/recalbox/share/videos/No-Intro/SNK - NeoGeo Pocket Color/SNK vs. Capcom - The Match of the Millennium (World) (En,Ja).mp4</video>
  </game>
  <game>
    <path>/recalbox/share/roms/readystream/ngpc/Samurai Shodown! 2 - Pocket Fighting Series (World) (En,Ja).zip</path>
    <name>Samurai Shodown! 2 - Pocket Fighting Series (World) (En,Ja)</name>
    <image>/recalbox/share/thumbs/SNK - Neo Geo Pocket Color/Named_Titles/Samurai Shodown! 2 - Pocket Fighting Series (World) (En,Ja).png</image>
    <video>/recalbox/share/videos/No-Intro/SNK - NeoGeo Pocket Color/Samurai Shodown! 2 - Pocket Fighting Series (World) (En,Ja).mp4</video>
  </game>
  <game>
    <path>/recalbox/share/roms/readystream/ngpc/Shanghai Mini (World) (En,Ja) (Beta 1).zip</path>
    <name>Shanghai Mini (World) (En,Ja) (Beta 1)</name>
    <image>/recalbox/share/thumbs/SNK - Neo Geo Pocket Color/Named_Titles/Shanghai Mini (World) (En,Ja) (Beta 1).png</image>
    <video>/recalbox/share/videos/No-Intro/SNK - NeoGeo Pocket Color/Shanghai Mini (World) (En,Ja) (Beta 1).mp4</video>
  </game>
  <game>
    <path>/recalbox/share/roms/readystream/ngpc/Shanghai Mini (World) (En,Ja) (Beta 2).zip</path>
    <name>Shanghai Mini (World) (En,Ja) (Beta 2)</name>
    <image>/recalbox/share/thumbs/SNK - Neo Geo Pocket Color/Named_Titles/Shanghai Mini (World) (En,Ja) (Beta 2).png</image>
    <video>/recalbox/share/videos/No-Intro/SNK - NeoGeo Pocket Color/Shanghai Mini (World) (En,Ja) (Beta 2).mp4</video>
  </game>
  <game>
    <path>/recalbox/share/roms/readystream/ngpc/Shanghai Mini (World) (En,Ja).zip</path>
    <name>Shanghai Mini (World) (En,Ja)</name>
    <image>/recalbox/share/thumbs/SNK - Neo Geo Pocket Color/Named_Titles/Shanghai Mini (World) (En,Ja).png</image>
    <video>/recalbox/share/videos/No-Intro/SNK - NeoGeo Pocket Color/Shanghai Mini (World) (En,Ja).mp4</video>
  </game>
  <game>
    <path>/recalbox/share/roms/readystream/ngpc/Shougi no Tatsujin Color (Japan).zip</path>
    <name>Shougi no Tatsujin Color (Japan)</name>
    <image>/recalbox/share/thumbs/SNK - Neo Geo Pocket Color/Named_Titles/Shougi no Tatsujin Color (Japan).png</image>
    <video>/recalbox/share/videos/No-Intro/SNK - NeoGeo Pocket Color/Shougi no Tatsujin Color (Japan).mp4</video>
  </game>
  <game>
    <path>/recalbox/share/roms/readystream/ngpc/Sonic The Hedgehog - Pocket Adventure (World) (Beta) (1999-10-22).zip</path>
    <name>Sonic The Hedgehog - Pocket Adventure (World) (Beta) (1999-10-22)</name>
    <image>/recalbox/share/thumbs/SNK - Neo Geo Pocket Color/Named_Titles/Sonic The Hedgehog - Pocket Adventure (World) (Beta) (1999-10-22).png</image>
    <video>/recalbox/share/videos/No-Intro/SNK - NeoGeo Pocket Color/Sonic The Hedgehog - Pocket Adventure (World) (Beta) (1999-10-22).mp4</video>
  </game>
  <game>
    <path>/recalbox/share/roms/readystream/ngpc/Sonic The Hedgehog - Pocket Adventure (World) (Demo).zip</path>
    <name>Sonic The Hedgehog - Pocket Adventure (World) (Demo)</name>
    <image>/recalbox/share/thumbs/SNK - Neo Geo Pocket Color/Named_Titles/Sonic The Hedgehog - Pocket Adventure (World) (Demo).png</image>
    <video>/recalbox/share/videos/No-Intro/SNK - NeoGeo Pocket Color/Sonic The Hedgehog - Pocket Adventure (World) (Demo).mp4</video>
  </game>
  <game>
    <path>/recalbox/share/roms/readystream/ngpc/Sonic The Hedgehog - Pocket Adventure (World) (En,Ja).zip</path>
    <name>Sonic The Hedgehog - Pocket Adventure (World) (En,Ja)</name>
    <image>/recalbox/share/thumbs/SNK - Neo Geo Pocket Color/Named_Titles/Sonic The Hedgehog - Pocket Adventure (World) (En,Ja).png</image>
    <video>/recalbox/share/videos/No-Intro/SNK - NeoGeo Pocket Color/Sonic The Hedgehog - Pocket Adventure (World) (En,Ja).mp4</video>
  </game>
  <game>
    <path>/recalbox/share/roms/readystream/ngpc/Super Real Mahjong - Premium Collection (Japan).zip</path>
    <name>Super Real Mahjong - Premium Collection (Japan)</name>
    <image>/recalbox/share/thumbs/SNK - Neo Geo Pocket Color/Named_Titles/Super Real Mahjong - Premium Collection (Japan).png</image>
    <video>/recalbox/share/videos/No-Intro/SNK - NeoGeo Pocket Color/Super Real Mahjong - Premium Collection (Japan).mp4</video>
  </game>
  <game>
    <path>/recalbox/share/roms/readystream/ngpc/Tsunagete Pon! 2 (Japan).zip</path>
    <name>Tsunagete Pon! 2 (Japan)</name>
    <image>/recalbox/share/thumbs/SNK - Neo Geo Pocket Color/Named_Titles/Tsunagete Pon! 2 (Japan).png</image>
    <video>/recalbox/share/videos/No-Intro/SNK - NeoGeo Pocket Color/Tsunagete Pon! 2 (Japan).mp4</video>
  </game>
  <game>
    <path>/recalbox/share/roms/readystream/ngpc/Wrestling Madness (Japan) (En) (Beta).zip</path>
    <name>Wrestling Madness (Japan) (En) (Beta)</name>
    <image>/recalbox/share/thumbs/SNK - Neo Geo Pocket Color/Named_Titles/Wrestling Madness (Japan) (En) (Beta).png</image>
    <video>/recalbox/share/videos/No-Intro/SNK - NeoGeo Pocket Color/Wrestling Madness (Japan) (En) (Beta).mp4</video>
  </game>
</gamelist>